celebrity_name,ballroom_partner,celebrity_industry,celebrity_homestate,celebrity_homecountry/region,celebrity_age_during_season,season,results,placement,week,judge_score_avg
Evander Holyfield,Edyta Sliwinska,Athlete,Alabama,United States,42,1,Eliminated Week 3,5,1,6.0
Evander Holyfield,Edyta Sliwinska,Athlete,Alabama,United States,42,1,Eliminated Week 3,5,2,4.6667
Evander Holyfield,Edyta Sliwinska,Athlete,Alabama,United States,42,1,Eliminated Week 3,5,3,4.3333
Evander Holyfield,Edyta Sliwinska,Athlete,Alabama,United States,42,1,Eliminated Week 3,5,4,
Evander Holyfield,Edyta Sliwinska,Athlete,Alabama,United States,42,1,Eliminated Week 3,5,5,
Evander Holyfield,Edyta Sliwinska,Athlete,Alabama,United States,42,1,Eliminated Week 3,5,6,
Evander Holyfield,Edyta Sliwinska,Athlete,Alabama,United States,42,1,Eliminated Week 3,5,7,
Evander Holyfield,Edyta Sliwinska,Athlete,Alabama,United States,42,1,Eliminated Week 3,5,8,
Evander Holyfield,Edyta Sliwinska,Athlete,Alabama,United States,42,1,Eliminated Week 3,5,9,
Evander Holyfield,Edyta Sliwinska,Athlete,Alabama,United States,42,1,Eliminated Week 3,5,10,
Evander Holyfield,Edyta Sliwinska,Athlete,Alabama,United States,42,1,Eliminated Week 3,5,11,
Joey McIntyre,Ashly DelGrosso,Singer/Rapper,Massachusetts,United States,32,1,3rd Place,3,1,6.6667
Joey McIntyre,Ashly DelGrosso,Singer/Rapper,Massachusetts,United States,32,1,3rd Place,3,2,7.0
Joey McIntyre,Ashly DelGrosso,Singer/Rapper,Massachusetts,United States,32,1,3rd Place,3,3,7.3333
Joey McIntyre,Ashly DelGrosso,Singer/Rapper,Massachusetts,United States,32,1,3rd Place,3,4,6.6667
Joey McIntyre,Ashly DelGrosso,Singer/Rapper,Massachusetts,United States,32,1,3rd Place,3,5,7.5
Joey McIntyre,Ashly DelGrosso,Singer/Rapper,Massachusetts,United States,32,1,3rd Place,3,6,
Joey McIntyre,Ashly DelGrosso,Singer/Rapper,Massachusetts,United States,32,1,3rd Place,3,7,
Joey McIntyre,Ashly DelGrosso,Singer/Rapper,Massachusetts,United States,32,1,3rd Place,3,8,
Joey McIntyre,Ashly DelGrosso,Singer/Rapper,Massachusetts,United States,32,1,3rd Place,3,9,
Joey McIntyre,Ashly DelGrosso,Singer/Rapper,Massachusetts,United States,32,1,3rd Place,3,10,
Joey McIntyre,Ashly DelGrosso,Singer/Rapper,Massachusetts,United States,32,1,3rd Place,3,11,
John O'Hurley,Charlotte Jorgensen,Actor/Actress,Maine,United States,50,1,2nd Place,2,1,6.6667
John O'Hurley,Charlotte Jorgensen,Actor/Actress,Maine,United States,50,1,2nd Place,2,2,8.6667
John O'Hurley,Charlotte Jorgensen,Actor/Actress,Maine,United States,50,1,2nd Place,2,3,8.0
John O'Hurley,Charlotte Jorgensen,Actor/Actress,Maine,United States,50,1,2nd Place,2,4,7.0
John O'Hurley,Charlotte Jorgensen,Actor/Actress,Maine,United States,50,1,2nd Place,2,5,9.0
John O'Hurley,Charlotte Jorgensen,Actor/Actress,Maine,United States,50,1,2nd Place,2,6,9.0
John O'Hurley,Charlotte Jorgensen,Actor/Actress,Maine,United States,50,1,2nd Place,2,7,
John O'Hurley,Charlotte Jorgensen,Actor/Actress,Maine,United States,50,1,2nd Place,2,8,
John O'Hurley,Charlotte Jorgensen,Actor/Actress,Maine,United States,50,1,2nd Place,2,9,
John O'Hurley,Charlotte Jorgensen,Actor/Actress,Maine,United States,50,1,2nd Place,2,10,
John O'Hurley,Charlotte Jorgensen,Actor/Actress,Maine,United States,50,1,2nd Place,2,11,
Kelly Monaco,Alec Mazo,Actor/Actress,Pennsylvania,United States,29,1,1st Place,1,1,4.3333
Kelly Monaco,Alec Mazo,Actor/Actress,Pennsylvania,United States,29,1,1st Place,1,2,5.6667
Kelly Monaco,Alec Mazo,Actor/Actress,Pennsylvania,United States,29,1,1st Place,1,3,7.0
Kelly Monaco,Alec Mazo,Actor/Actress,Pennsylvania,United States,29,1,1st Place,1,4,8.6667
Kelly Monaco,Alec Mazo,Actor/Actress,Pennsylvania,United States,29,1,1st Place,1,5,7.8333
Kelly Monaco,Alec Mazo,Actor/Actress,Pennsylvania,United States,29,1,1st Place,1,6,9.1667
Kelly Monaco,Alec Mazo,Actor/Actress,Pennsylvania,United States,29,1,1st Place,1,7,
Kelly Monaco,Alec Mazo,Actor/Actress,Pennsylvania,United States,29,1,1st Place,1,8,
Kelly Monaco,Alec Mazo,Actor/Actress,Pennsylvania,United States,29,1,1st Place,1,9,
Kelly Monaco,Alec Mazo,Actor/Actress,Pennsylvania,United States,29,1,1st Place,1,10,
Kelly Monaco,Alec Mazo,Actor/Actress,Pennsylvania,United States,29,1,1st Place,1,11,
Rachel Hunter,Jonathan Roberts,Model,New Zealand,New Zealand,35,1,Eliminated Week 4,4,1,6.6667
Rachel Hunter,Jonathan Roberts,Model,New Zealand,New Zealand,35,1,Eliminated Week 4,4,2,8.0
Rachel Hunter,Jonathan Roberts,Model,New Zealand,New Zealand,35,1,Eliminated Week 4,4,3,8.6667
Rachel Hunter,Jonathan Roberts,Model,New Zealand,New Zealand,35,1,Eliminated Week 4,4,4,8.3333
Rachel Hunter,Jonathan Roberts,Model,New Zealand,New Zealand,35,1,Eliminated Week 4,4,5,
Rachel Hunter,Jonathan Roberts,Model,New Zealand,New Zealand,35,1,Eliminated Week 4,4,6,
Rachel Hunter,Jonathan Roberts,Model,New Zealand,New Zealand,35,1,Eliminated Week 4,4,7,
Rachel Hunter,Jonathan Roberts,Model,New Zealand,New Zealand,35,1,Eliminated Week 4,4,8,
Rachel Hunter,Jonathan Roberts,Model,New Zealand,New Zealand,35,1,Eliminated Week 4,4,9,
Rachel Hunter,Jonathan Roberts,Model,New Zealand,New Zealand,35,1,Eliminated Week 4,4,10,
Rachel Hunter,Jonathan Roberts,Model,New Zealand,New Zealand,35,1,Eliminated Week 4,4,11,
Trista Sutter,Louis van Amstel,TV Personality,Indiana,United States,32,1,Eliminated Week 2,6,1,6.0
Trista Sutter,Louis van Amstel,TV Personality,Indiana,United States,32,1,Eliminated Week 2,6,2,6.3333
Trista Sutter,Louis van Amstel,TV Personality,Indiana,United States,32,1,Eliminated Week 2,6,3,
Trista Sutter,Louis van Amstel,TV Personality,Indiana,United States,32,1,Eliminated Week 2,6,4,
Trista Sutter,Louis van Amstel,TV Personality,Indiana,United States,32,1,Eliminated Week 2,6,5,
Trista Sutter,Louis van Amstel,TV Personality,Indiana,United States,32,1,Eliminated Week 2,6,6,
Trista Sutter,Louis van Amstel,TV Personality,Indiana,United States,32,1,Eliminated Week 2,6,7,
Trista Sutter,Louis van Amstel,TV Personality,Indiana,United States,32,1,Eliminated Week 2,6,8,
Trista Sutter,Louis van Amstel,TV Personality,Indiana,United States,32,1,Eliminated Week 2,6,9,
Trista Sutter,Louis van Amstel,TV Personality,Indiana,United States,32,1,Eliminated Week 2,6,10,
Trista Sutter,Louis van Amstel,TV Personality,Indiana,United States,32,1,Eliminated Week 2,6,11,
Drew Lachey,Cheryl Burke,Singer/Rapper,Ohio,United States,29,2,1st Place,1,1,8.0
Drew Lachey,Cheryl Burke,Singer/Rapper,Ohio,United States,29,2,1st Place,1,2,9.0
Drew Lachey,Cheryl Burke,Singer/Rapper,Ohio,United States,29,2,1st Place,1,3,9.0
Drew Lachey,Cheryl Burke,Singer/Rapper,Ohio,United States,29,2,1st Place,1,4,9.3333
Drew Lachey,Cheryl Burke,Singer/Rapper,Ohio,United States,29,2,1st Place,1,5,9.0
Drew Lachey,Cheryl Burke,Singer/Rapper,Ohio,United States,29,2,1st Place,1,6,10.0
Drew Lachey,Cheryl Burke,Singer/Rapper,Ohio,United States,29,2,1st Place,1,7,9.1667
Drew Lachey,Cheryl Burke,Singer/Rapper,Ohio,United States,29,2,1st Place,1,8,9.6666
Drew Lachey,Cheryl Burke,Singer/Rapper,Ohio,United States,29,2,1st Place,1,9,
Drew Lachey,Cheryl Burke,Singer/Rapper,Ohio,United States,29,2,1st Place,1,10,
Drew Lachey,Cheryl Burke,Singer/Rapper,Ohio,United States,29,2,1st Place,1,11,
George Hamilton,Edyta Sliwinska,Actor/Actress,Tennessee,United States,66,2,Eliminated Week 6,5,1,6.0
George Hamilton,Edyta Sliwinska,Actor/Actress,Tennessee,United States,66,2,Eliminated Week 6,5,2,7.3333
George Hamilton,Edyta Sliwinska,Actor/Actress,Tennessee,United States,66,2,Eliminated Week 6,5,3,7.3333
George Hamilton,Edyta Sliwinska,Actor/Actress,Tennessee,United States,66,2,Eliminated Week 6,5,4,7.0
George Hamilton,Edyta Sliwinska,Actor/Actress,Tennessee,United States,66,2,Eliminated Week 6,5,5,8.0
George Hamilton,Edyta Sliwinska,Actor/Actress,Tennessee,United States,66,2,Eliminated Week 6,5,6,7.6667
George Hamilton,Edyta Sliwinska,Actor/Actress,Tennessee,United States,66,2,Eliminated Week 6,5,7,
George Hamilton,Edyta Sliwinska,Actor/Actress,Tennessee,United States,66,2,Eliminated Week 6,5,8,
George Hamilton,Edyta Sliwinska,Actor/Actress,Tennessee,United States,66,2,Eliminated Week 6,5,9,
George Hamilton,Edyta Sliwinska,Actor/Actress,Tennessee,United States,66,2,Eliminated Week 6,5,10,
George Hamilton,Edyta Sliwinska,Actor/Actress,Tennessee,United States,66,2,Eliminated Week 6,5,11,
Giselle Fernandez,Jonathan Roberts,News Anchor,Mexico,Mexico,44,2,Eliminated Week 3,8,1,7.6667
Giselle Fernandez,Jonathan Roberts,News Anchor,Mexico,Mexico,44,2,Eliminated Week 3,8,2,8.0
Giselle Fernandez,Jonathan Roberts,News Anchor,Mexico,Mexico,44,2,Eliminated Week 3,8,3,7.3333
Giselle Fernandez,Jonathan Roberts,News Anchor,Mexico,Mexico,44,2,Eliminated Week 3,8,4,
Giselle Fernandez,Jonathan Roberts,News Anchor,Mexico,Mexico,44,2,Eliminated Week 3,8,5,
Giselle Fernandez,Jonathan Roberts,News Anchor,Mexico,Mexico,44,2,Eliminated Week 3,8,6,
Giselle Fernandez,Jonathan Roberts,News Anchor,Mexico,Mexico,44,2,Eliminated Week 3,8,7,
Giselle Fernandez,Jonathan Roberts,News Anchor,Mexico,Mexico,44,2,Eliminated Week 3,8,8,
Giselle Fernandez,Jonathan Roberts,News Anchor,Mexico,Mexico,44,2,Eliminated Week 3,8,9,
Giselle Fernandez,Jonathan Roberts,News Anchor,Mexico,Mexico,44,2,Eliminated Week 3,8,10,
Giselle Fernandez,Jonathan Roberts,News Anchor,Mexico,Mexico,44,2,Eliminated Week 3,8,11,
Jerry Rice,Anna Trebunskaya,Athlete,Mississippi,United States,43,2,2nd Place,2,1,7.0
Jerry Rice,Anna Trebunskaya,Athlete,Mississippi,United States,43,2,2nd Place,2,2,7.6667
Jerry Rice,Anna Trebunskaya,Athlete,Mississippi,United States,43,2,2nd Place,2,3,6.3333
Jerry Rice,Anna Trebunskaya,Athlete,Mississippi,United States,43,2,2nd Place,2,4,8.0
Jerry Rice,Anna Trebunskaya,Athlete,Mississippi,United States,43,2,2nd Place,2,5,7.6667
Jerry Rice,Anna Trebunskaya,Athlete,Mississippi,United States,43,2,2nd Place,2,6,7.6667
Jerry Rice,Anna Trebunskaya,Athlete,Mississippi,United States,43,2,2nd Place,2,7,6.8333
Jerry Rice,Anna Trebunskaya,Athlete,Mississippi,United States,43,2,2nd Place,2,8,8.8889
Jerry Rice,Anna Trebunskaya,Athlete,Mississippi,United States,43,2,2nd Place,2,9,
Jerry Rice,Anna Trebunskaya,Athlete,Mississippi,United States,43,2,2nd Place,2,10,
Jerry Rice,Anna Trebunskaya,Athlete,Mississippi,United States,43,2,2nd Place,2,11,
Kenny Mayne,Andrea Hale,Sports Broadcaster,Washington,United States,46,2,Eliminated Week 1,10,1,4.3333
Kenny Mayne,Andrea Hale,Sports Broadcaster,Washington,United States,46,2,Eliminated Week 1,10,2,
Kenny Mayne,Andrea Hale,Sports Broadcaster,Washington,United States,46,2,Eliminated Week 1,10,3,
Kenny Mayne,Andrea Hale,Sports Broadcaster,Washington,United States,46,2,Eliminated Week 1,10,4,
Kenny Mayne,Andrea Hale,Sports Broadcaster,Washington,United States,46,2,Eliminated Week 1,10,5,
Kenny Mayne,Andrea Hale,Sports Broadcaster,Washington,United States,46,2,Eliminated Week 1,10,6,
Kenny Mayne,Andrea Hale,Sports Broadcaster,Washington,United States,46,2,Eliminated Week 1,10,7,
Kenny Mayne,Andrea Hale,Sports Broadcaster,Washington,United States,46,2,Eliminated Week 1,10,8,
Kenny Mayne,Andrea Hale,Sports Broadcaster,Washington,United States,46,2,Eliminated Week 1,10,9,
Kenny Mayne,Andrea Hale,Sports Broadcaster,Washington,United States,46,2,Eliminated Week 1,10,10,
Kenny Mayne,Andrea Hale,Sports Broadcaster,Washington,United States,46,2,Eliminated Week 1,10,11,
Lisa Rinna,Louis van Amstel,Actor/Actress,California,United States,42,2,Eliminated Week 7,4,1,6.3333
Lisa Rinna,Louis van Amstel,Actor/Actress,California,United States,42,2,Eliminated Week 7,4,2,6.6667
Lisa Rinna,Louis van Amstel,Actor/Actress,California,United States,42,2,Eliminated Week 7,4,3,8.3333
Lisa Rinna,Louis van Amstel,Actor/Actress,California,United States,42,2,Eliminated Week 7,4,4,8.6667
Lisa Rinna,Louis van Amstel,Actor/Actress,California,United States,42,2,Eliminated Week 7,4,5,8.3333
Lisa Rinna,Louis van Amstel,Actor/Actress,California,United States,42,2,Eliminated Week 7,4,6,9.0
Lisa Rinna,Louis van Amstel,Actor/Actress,California,United States,42,2,Eliminated Week 7,4,7,8.8333
Lisa Rinna,Louis van Amstel,Actor/Actress,California,United States,42,2,Eliminated Week 7,4,8,
Lisa Rinna,Louis van Amstel,Actor/Actress,California,United States,42,2,Eliminated Week 7,4,9,
Lisa Rinna,Louis van Amstel,Actor/Actress,California,United States,42,2,Eliminated Week 7,4,10,
Lisa Rinna,Louis van Amstel,Actor/Actress,California,United States,42,2,Eliminated Week 7,4,11,
Master P,Ashly DelGrosso,Singer/Rapper,Louisiana,United States,35,2,Eliminated Week 4,7,1,4.0
Master P,Ashly DelGrosso,Singer/Rapper,Louisiana,United States,35,2,Eliminated Week 4,7,2,5.3333
Master P,Ashly DelGrosso,Singer/Rapper,Louisiana,United States,35,2,Eliminated Week 4,7,3,4.6667
Master P,Ashly DelGrosso,Singer/Rapper,Louisiana,United States,35,2,Eliminated Week 4,7,4,2.6667
Master P,Ashly DelGrosso,Singer/Rapper,Louisiana,United States,35,2,Eliminated Week 4,7,5,
Master P,Ashly DelGrosso,Singer/Rapper,Louisiana,United States,35,2,Eliminated Week 4,7,6,
Master P,Ashly DelGrosso,Singer/Rapper,Louisiana,United States,35,2,Eliminated Week 4,7,7,
Master P,Ashly DelGrosso,Singer/Rapper,Louisiana,United States,35,2,Eliminated Week 4,7,8,
Master P,Ashly DelGrosso,Singer/Rapper,Louisiana,United States,35,2,Eliminated Week 4,7,9,
Master P,Ashly DelGrosso,Singer/Rapper,Louisiana,United States,35,2,Eliminated Week 4,7,10,
Master P,Ashly DelGrosso,Singer/Rapper,Louisiana,United States,35,2,Eliminated Week 4,7,11,
Stacy Keibler,Tony Dovolani,Athlete,Maryland,United States,26,2,3rd Place,3,1,7.3333
Stacy Keibler,Tony Dovolani,Athlete,Maryland,United States,26,2,3rd Place,3,2,9.6667
Stacy Keibler,Tony Dovolani,Athlete,Maryland,United States,26,2,3rd Place,3,3,9.0
Stacy Keibler,Tony Dovolani,Athlete,Maryland,United States,26,2,3rd Place,3,4,8.6667
Stacy Keibler,Tony Dovolani,Athlete,Maryland,United States,26,2,3rd Place,3,5,10.0
Stacy Keibler,Tony Dovolani,Athlete,Maryland,United States,26,2,3rd Place,3,6,10.0
Stacy Keibler,Tony Dovolani,Athlete,Maryland,United States,26,2,3rd Place,3,7,9.1667
Stacy Keibler,Tony Dovolani,Athlete,Maryland,United States,26,2,3rd Place,3,8,9.5555
Stacy Keibler,Tony Dovolani,Athlete,Maryland,United States,26,2,3rd Place,3,9,
Stacy Keibler,Tony Dovolani,Athlete,Maryland,United States,26,2,3rd Place,3,10,
Stacy Keibler,Tony Dovolani,Athlete,Maryland,United States,26,2,3rd Place,3,11,
Tatum O'Neal,Nick Kosovich,Actor/Actress,California,United States,42,2,Eliminated Week 2,9,1,7.6667
Tatum O'Neal,Nick Kosovich,Actor/Actress,California,United States,42,2,Eliminated Week 2,9,2,5.6667
Tatum O'Neal,Nick Kosovich,Actor/Actress,California,United States,42,2,Eliminated Week 2,9,3,
Tatum O'Neal,Nick Kosovich,Actor/Actress,California,United States,42,2,Eliminated Week 2,9,4,
Tatum O'Neal,Nick Kosovich,Actor/Actress,California,United States,42,2,Eliminated Week 2,9,5,
Tatum O'Neal,Nick Kosovich,Actor/Actress,California,United States,42,2,Eliminated Week 2,9,6,
Tatum O'Neal,Nick Kosovich,Actor/Actress,California,United States,42,2,Eliminated Week 2,9,7,
Tatum O'Neal,Nick Kosovich,Actor/Actress,California,United States,42,2,Eliminated Week 2,9,8,
Tatum O'Neal,Nick Kosovich,Actor/Actress,California,United States,42,2,Eliminated Week 2,9,9,
Tatum O'Neal,Nick Kosovich,Actor/Actress,California,United States,42,2,Eliminated Week 2,9,10,
Tatum O'Neal,Nick Kosovich,Actor/Actress,California,United States,42,2,Eliminated Week 2,9,11,
Tia Carrere,Maksim Chmerkoskiy,Actor/Actress,Hawaii,United States,39,2,Eliminated Week 5,6,1,6.6667
Tia Carrere,Maksim Chmerkoskiy,Actor/Actress,Hawaii,United States,39,2,Eliminated Week 5,6,2,7.3333
Tia Carrere,Maksim Chmerkoskiy,Actor/Actress,Hawaii,United States,39,2,Eliminated Week 5,6,3,8.6667
Tia Carrere,Maksim Chmerkoskiy,Actor/Actress,Hawaii,United States,39,2,Eliminated Week 5,6,4,8.3333
Tia Carrere,Maksim Chmerkoskiy,Actor/Actress,Hawaii,United States,39,2,Eliminated Week 5,6,5,7.3333
Tia Carrere,Maksim Chmerkoskiy,Actor/Actress,Hawaii,United States,39,2,Eliminated Week 5,6,6,
Tia Carrere,Maksim Chmerkoskiy,Actor/Actress,Hawaii,United States,39,2,Eliminated Week 5,6,7,
Tia Carrere,Maksim Chmerkoskiy,Actor/Actress,Hawaii,United States,39,2,Eliminated Week 5,6,8,
Tia Carrere,Maksim Chmerkoskiy,Actor/Actress,Hawaii,United States,39,2,Eliminated Week 5,6,9,
Tia Carrere,Maksim Chmerkoskiy,Actor/Actress,Hawaii,United States,39,2,Eliminated Week 5,6,10,
Tia Carrere,Maksim Chmerkoskiy,Actor/Actress,Hawaii,United States,39,2,Eliminated Week 5,6,11,
Emmitt Smith,Cheryl Burke,Athlete,Florida,United States,37,3,1st Place,1,1,8.0
Emmitt Smith,Cheryl Burke,Athlete,Florida,United States,37,3,1st Place,1,2,8.0
Emmitt Smith,Cheryl Burke,Athlete,Florida,United States,37,3,1st Place,1,3,6.3333
Emmitt Smith,Cheryl Burke,Athlete,Florida,United States,37,3,1st Place,1,4,8.0
Emmitt Smith,Cheryl Burke,Athlete,Florida,United States,37,3,1st Place,1,5,9.0
Emmitt Smith,Cheryl Burke,Athlete,Florida,United States,37,3,1st Place,1,6,8.3333
Emmitt Smith,Cheryl Burke,Athlete,Florida,United States,37,3,1st Place,1,7,9.5
Emmitt Smith,Cheryl Burke,Athlete,Florida,United States,37,3,1st Place,1,8,9.0
Emmitt Smith,Cheryl Burke,Athlete,Florida,United States,37,3,1st Place,1,9,9.8333
Emmitt Smith,Cheryl Burke,Athlete,Florida,United States,37,3,1st Place,1,10,9.8889
Emmitt Smith,Cheryl Burke,Athlete,Florida,United States,37,3,1st Place,1,11,
Harry Hamlin,Ashly DelGrosso,Actor/Actress,California,United States,54,3,Eliminated Week 3,9,1,5.6667
Harry Hamlin,Ashly DelGrosso,Actor/Actress,California,United States,54,3,Eliminated Week 3,9,2,7.0
Harry Hamlin,Ashly DelGrosso,Actor/Actress,California,United States,54,3,Eliminated Week 3,9,3,7.3333
Harry Hamlin,Ashly DelGrosso,Actor/Actress,California,United States,54,3,Eliminated Week 3,9,4,
Harry Hamlin,Ashly DelGrosso,Actor/Actress,California,United States,54,3,Eliminated Week 3,9,5,
Harry Hamlin,Ashly DelGrosso,Actor/Actress,California,United States,54,3,Eliminated Week 3,9,6,
Harry Hamlin,Ashly DelGrosso,Actor/Actress,California,United States,54,3,Eliminated Week 3,9,7,
Harry Hamlin,Ashly DelGrosso,Actor/Actress,California,United States,54,3,Eliminated Week 3,9,8,
Harry Hamlin,Ashly DelGrosso,Actor/Actress,California,United States,54,3,Eliminated Week 3,9,9,
Harry Hamlin,Ashly DelGrosso,Actor/Actress,California,United States,54,3,Eliminated Week 3,9,10,
Harry Hamlin,Ashly DelGrosso,Actor/Actress,California,United States,54,3,Eliminated Week 3,9,11,
Jerry Springer,Kym Johnson,TV Personality,England,England,62,3,Eliminated Week 7,5,1,5.3333
Jerry Springer,Kym Johnson,TV Personality,England,England,62,3,Eliminated Week 7,5,2,6.3333
Jerry Springer,Kym Johnson,TV Personality,England,England,62,3,Eliminated Week 7,5,3,7.0
Jerry Springer,Kym Johnson,TV Personality,England,England,62,3,Eliminated Week 7,5,4,7.3333
Jerry Springer,Kym Johnson,TV Personality,England,England,62,3,Eliminated Week 7,5,5,8.0
Jerry Springer,Kym Johnson,TV Personality,England,England,62,3,Eliminated Week 7,5,6,6.0
Jerry Springer,Kym Johnson,TV Personality,England,England,62,3,Eliminated Week 7,5,7,7.6667
Jerry Springer,Kym Johnson,TV Personality,England,England,62,3,Eliminated Week 7,5,8,
Jerry Springer,Kym Johnson,TV Personality,England,England,62,3,Eliminated Week 7,5,9,
Jerry Springer,Kym Johnson,TV Personality,England,England,62,3,Eliminated Week 7,5,10,
Jerry Springer,Kym Johnson,TV Personality,England,England,62,3,Eliminated Week 7,5,11,
Joey Lawrence,Edyta Sliwinska,Actor/Actress,Pennsylvania,United States,30,3,3rd Place,3,1,7.0
Joey Lawrence,Edyta Sliwinska,Actor/Actress,Pennsylvania,United States,30,3,3rd Place,3,2,9.6667
Joey Lawrence,Edyta Sliwinska,Actor/Actress,Pennsylvania,United States,30,3,3rd Place,3,3,7.3333
Joey Lawrence,Edyta Sliwinska,Actor/Actress,Pennsylvania,United States,30,3,3rd Place,3,4,9.0
Joey Lawrence,Edyta Sliwinska,Actor/Actress,Pennsylvania,United States,30,3,3rd Place,3,5,8.3333
Joey Lawrence,Edyta Sliwinska,Actor/Actress,Pennsylvania,United States,30,3,3rd Place,3,6,8.0
Joey Lawrence,Edyta Sliwinska,Actor/Actress,Pennsylvania,United States,30,3,3rd Place,3,7,9.5
Joey Lawrence,Edyta Sliwinska,Actor/Actress,Pennsylvania,United States,30,3,3rd Place,3,8,9.0
Joey Lawrence,Edyta Sliwinska,Actor/Actress,Pennsylvania,United States,30,3,3rd Place,3,9,9.8333
Joey Lawrence,Edyta Sliwinska,Actor/Actress,Pennsylvania,United States,30,3,3rd Place,3,10,
Joey Lawrence,Edyta Sliwinska,Actor/Actress,Pennsylvania,United States,30,3,3rd Place,3,11,
Mario Lopez,Karina Smirnoff,Actor/Actress,California,United States,32,3,2nd Place,2,1,8.6667
Mario Lopez,Karina Smirnoff,Actor/Actress,California,United States,32,3,2nd Place,2,2,7.0
Mario Lopez,Karina Smirnoff,Actor/Actress,California,United States,32,3,2nd Place,2,3,7.3333
Mario Lopez,Karina Smirnoff,Actor/Actress,California,United States,32,3,2nd Place,2,4,9.6667
Mario Lopez,Karina Smirnoff,Actor/Actress,California,United States,32,3,2nd Place,2,5,9.0
Mario Lopez,Karina Smirnoff,Actor/Actress,California,United States,32,3,2nd Place,2,6,9.3333
Mario Lopez,Karina Smirnoff,Actor/Actress,California,United States,32,3,2nd Place,2,7,9.3333
Mario Lopez,Karina Smirnoff,Actor/Actress,California,United States,32,3,2nd Place,2,8,9.5
Mario Lopez,Karina Smirnoff,Actor/Actress,California,United States,32,3,2nd Place,2,9,9.8333
Mario Lopez,Karina Smirnoff,Actor/Actress,California,United States,32,3,2nd Place,2,10,9.8889
Mario Lopez,Karina Smirnoff,Actor/Actress,California,United States,32,3,2nd Place,2,11,
Monique Coleman,Louis van Amstel,Actor/Actress,South Carolina,United States,25,3,Eliminated Week 8,4,1,6.3333
Monique Coleman,Louis van Amstel,Actor/Actress,South Carolina,United States,25,3,Eliminated Week 8,4,2,8.6667
Monique Coleman,Louis van Amstel,Actor/Actress,South Carolina,United States,25,3,Eliminated Week 8,4,3,9.0
Monique Coleman,Louis van Amstel,Actor/Actress,South Carolina,United States,25,3,Eliminated Week 8,4,4,8.0
Monique Coleman,Louis van Amstel,Actor/Actress,South Carolina,United States,25,3,Eliminated Week 8,4,5,9.0
Monique Coleman,Louis van Amstel,Actor/Actress,South Carolina,United States,25,3,Eliminated Week 8,4,6,7.6667
Monique Coleman,Louis van Amstel,Actor/Actress,South Carolina,United States,25,3,Eliminated Week 8,4,7,9.0
Monique Coleman,Louis van Amstel,Actor/Actress,South Carolina,United States,25,3,Eliminated Week 8,4,8,8.8333
Monique Coleman,Louis van Amstel,Actor/Actress,South Carolina,United States,25,3,Eliminated Week 8,4,9,
Monique Coleman,Louis van Amstel,Actor/Actress,South Carolina,United States,25,3,Eliminated Week 8,4,10,
Monique Coleman,Louis van Amstel,Actor/Actress,South Carolina,United States,25,3,Eliminated Week 8,4,11,
Sara Evans,Tony Dovolani,Singer/Rapper,Missouri,United States,35,3,Withdrew,6,1,5.0
Sara Evans,Tony Dovolani,Singer/Rapper,Missouri,United States,35,3,Withdrew,6,2,7.0
Sara Evans,Tony Dovolani,Singer/Rapper,Missouri,United States,35,3,Withdrew,6,3,8.3333
Sara Evans,Tony Dovolani,Singer/Rapper,Missouri,United States,35,3,Withdrew,6,4,6.6667
Sara Evans,Tony Dovolani,Singer/Rapper,Missouri,United States,35,3,Withdrew,6,5,8.0
Sara Evans,Tony Dovolani,Singer/Rapper,Missouri,United States,35,3,Withdrew,6,6,
Sara Evans,Tony Dovolani,Singer/Rapper,Missouri,United States,35,3,Withdrew,6,7,
Sara Evans,Tony Dovolani,Singer/Rapper,Missouri,United States,35,3,Withdrew,6,8,
Sara Evans,Tony Dovolani,Singer/Rapper,Missouri,United States,35,3,Withdrew,6,9,
Sara Evans,Tony Dovolani,Singer/Rapper,Missouri,United States,35,3,Withdrew,6,10,
Sara Evans,Tony Dovolani,Singer/Rapper,Missouri,United States,35,3,Withdrew,6,11,
Shanna Moakler,Jesse DeSoto,Model,Rhode Island,United States,31,3,Eliminated Week 2,10,1,6.0
Shanna Moakler,Jesse DeSoto,Model,Rhode Island,United States,31,3,Eliminated Week 2,10,2,7.3333
Shanna Moakler,Jesse DeSoto,Model,Rhode Island,United States,31,3,Eliminated Week 2,10,3,
Shanna Moakler,Jesse DeSoto,Model,Rhode Island,United States,31,3,Eliminated Week 2,10,4,
Shanna Moakler,Jesse DeSoto,Model,Rhode Island,United States,31,3,Eliminated Week 2,10,5,
Shanna Moakler,Jesse DeSoto,Model,Rhode Island,United States,31,3,Eliminated Week 2,10,6,
Shanna Moakler,Jesse DeSoto,Model,Rhode Island,United States,31,3,Eliminated Week 2,10,7,
Shanna Moakler,Jesse DeSoto,Model,Rhode Island,United States,31,3,Eliminated Week 2,10,8,
Shanna Moakler,Jesse DeSoto,Model,Rhode Island,United States,31,3,Eliminated Week 2,10,9,
Shanna Moakler,Jesse DeSoto,Model,Rhode Island,United States,31,3,Eliminated Week 2,10,10,
Shanna Moakler,Jesse DeSoto,Model,Rhode Island,United States,31,3,Eliminated Week 2,10,11,
Tucker Carlson,Elena Grinenko,TV Personality,California,United States,37,3,Eliminated Week 1,11,1,4.0
Tucker Carlson,Elena Grinenko,TV Personality,California,United States,37,3,Eliminated Week 1,11,2,
Tucker Carlson,Elena Grinenko,TV Personality,California,United States,37,3,Eliminated Week 1,11,3,
Tucker Carlson,Elena Grinenko,TV Personality,California,United States,37,3,Eliminated Week 1,11,4,
Tucker Carlson,Elena Grinenko,TV Personality,California,United States,37,3,Eliminated Week 1,11,5,
Tucker Carlson,Elena Grinenko,TV Personality,California,United States,37,3,Eliminated Week 1,11,6,
Tucker Carlson,Elena Grinenko,TV Personality,California,United States,37,3,Eliminated Week 1,11,7,
Tucker Carlson,Elena Grinenko,TV Personality,California,United States,37,3,Eliminated Week 1,11,8,
Tucker Carlson,Elena Grinenko,TV Personality,California,United States,37,3,Eliminated Week 1,11,9,
Tucker Carlson,Elena Grinenko,TV Personality,California,United States,37,3,Eliminated Week 1,11,10,
Tucker Carlson,Elena Grinenko,TV Personality,California,United States,37,3,Eliminated Week 1,11,11,
Vivica A. Fox,Nick Kosovich,Actor/Actress,Indiana,United States,42,3,Eliminated Week 4,8,1,7.3333
Vivica A. Fox,Nick Kosovich,Actor/Actress,Indiana,United States,42,3,Eliminated Week 4,8,2,8.0
Vivica A. Fox,Nick Kosovich,Actor/Actress,Indiana,United States,42,3,Eliminated Week 4,8,3,9.0
Vivica A. Fox,Nick Kosovich,Actor/Actress,Indiana,United States,42,3,Eliminated Week 4,8,4,8.0
Vivica A. Fox,Nick Kosovich,Actor/Actress,Indiana,United States,42,3,Eliminated Week 4,8,5,
Vivica A. Fox,Nick Kosovich,Actor/Actress,Indiana,United States,42,3,Eliminated Week 4,8,6,
Vivica A. Fox,Nick Kosovich,Actor/Actress,Indiana,United States,42,3,Eliminated Week 4,8,7,
Vivica A. Fox,Nick Kosovich,Actor/Actress,Indiana,United States,42,3,Eliminated Week 4,8,8,
Vivica A. Fox,Nick Kosovich,Actor/Actress,Indiana,United States,42,3,Eliminated Week 4,8,9,
Vivica A. Fox,Nick Kosovich,Actor/Actress,Indiana,United States,42,3,Eliminated Week 4,8,10,
Vivica A. Fox,Nick Kosovich,Actor/Actress,Indiana,United States,42,3,Eliminated Week 4,8,11,
Willa Ford,Maksim Chmerkoskiy,Singer/Rapper,Florida,United States,25,3,Eliminated Week 5,7,1,7.3333
Willa Ford,Maksim Chmerkoskiy,Singer/Rapper,Florida,United States,25,3,Eliminated Week 5,7,2,7.6667
Willa Ford,Maksim Chmerkoskiy,Singer/Rapper,Florida,United States,25,3,Eliminated Week 5,7,3,7.3333
Willa Ford,Maksim Chmerkoskiy,Singer/Rapper,Florida,United States,25,3,Eliminated Week 5,7,4,9.3333
Willa Ford,Maksim Chmerkoskiy,Singer/Rapper,Florida,United States,25,3,Eliminated Week 5,7,5,9.0
Willa Ford,Maksim Chmerkoskiy,Singer/Rapper,Florida,United States,25,3,Eliminated Week 5,7,6,
Willa Ford,Maksim Chmerkoskiy,Singer/Rapper,Florida,United States,25,3,Eliminated Week 5,7,7,
Willa Ford,Maksim Chmerkoskiy,Singer/Rapper,Florida,United States,25,3,Eliminated Week 5,7,8,
Willa Ford,Maksim Chmerkoskiy,Singer/Rapper,Florida,United States,25,3,Eliminated Week 5,7,9,
Willa Ford,Maksim Chmerkoskiy,Singer/Rapper,Florida,United States,25,3,Eliminated Week 5,7,10,
Willa Ford,Maksim Chmerkoskiy,Singer/Rapper,Florida,United States,25,3,Eliminated Week 5,7,11,
Apolo Anton Ohno,Julianne Hough,Athlete,Washington,United States,24,4,1st Place,1,1,7.0
Apolo Anton Ohno,Julianne Hough,Athlete,Washington,United States,24,4,1st Place,1,2,8.6667
Apolo Anton Ohno,Julianne Hough,Athlete,Washington,United States,24,4,1st Place,1,3,7.6667
Apolo Anton Ohno,Julianne Hough,Athlete,Washington,United States,24,4,1st Place,1,4,8.6667
Apolo Anton Ohno,Julianne Hough,Athlete,Washington,United States,24,4,1st Place,1,5,10.0
Apolo Anton Ohno,Julianne Hough,Athlete,Washington,United States,24,4,1st Place,1,6,9.3333
Apolo Anton Ohno,Julianne Hough,Athlete,Washington,United States,24,4,1st Place,1,7,9.0
Apolo Anton Ohno,Julianne Hough,Athlete,Washington,United States,24,4,1st Place,1,8,9.6667
Apolo Anton Ohno,Julianne Hough,Athlete,Washington,United States,24,4,1st Place,1,9,9.8333
Apolo Anton Ohno,Julianne Hough,Athlete,Washington,United States,24,4,1st Place,1,10,9.7777
Apolo Anton Ohno,Julianne Hough,Athlete,Washington,United States,24,4,1st Place,1,11,
Billy Ray Cyrus,Karina Smirnoff,Singer/Rapper,Kentucky,United States,45,4,Eliminated Week 8,5,1,4.3333
Billy Ray Cyrus,Karina Smirnoff,Singer/Rapper,Kentucky,United States,45,4,Eliminated Week 8,5,2,7.0
Billy Ray Cyrus,Karina Smirnoff,Singer/Rapper,Kentucky,United States,45,4,Eliminated Week 8,5,3,7.0
Billy Ray Cyrus,Karina Smirnoff,Singer/Rapper,Kentucky,United States,45,4,Eliminated Week 8,5,4,7.0
Billy Ray Cyrus,Karina Smirnoff,Singer/Rapper,Kentucky,United States,45,4,Eliminated Week 8,5,5,5.6667
Billy Ray Cyrus,Karina Smirnoff,Singer/Rapper,Kentucky,United States,45,4,Eliminated Week 8,5,6,7.0
Billy Ray Cyrus,Karina Smirnoff,Singer/Rapper,Kentucky,United States,45,4,Eliminated Week 8,5,7,6.3333
Billy Ray Cyrus,Karina Smirnoff,Singer/Rapper,Kentucky,United States,45,4,Eliminated Week 8,5,8,6.3333
Billy Ray Cyrus,Karina Smirnoff,Singer/Rapper,Kentucky,United States,45,4,Eliminated Week 8,5,9,
Billy Ray Cyrus,Karina Smirnoff,Singer/Rapper,Kentucky,United States,45,4,Eliminated Week 8,5,10,
Billy Ray Cyrus,Karina Smirnoff,Singer/Rapper,Kentucky,United States,45,4,Eliminated Week 8,5,11,
Clyde Drexler,Elena Grinenko,Athlete,Louisiana,United States,44,4,Eliminated Week 5,8,1,5.3333
Clyde Drexler,Elena Grinenko,Athlete,Louisiana,United States,44,4,Eliminated Week 5,8,2,6.0
Clyde Drexler,Elena Grinenko,Athlete,Louisiana,United States,44,4,Eliminated Week 5,8,3,5.3333
Clyde Drexler,Elena Grinenko,Athlete,Louisiana,United States,44,4,Eliminated Week 5,8,4,5.0
Clyde Drexler,Elena Grinenko,Athlete,Louisiana,United States,44,4,Eliminated Week 5,8,5,4.3333
Clyde Drexler,Elena Grinenko,Athlete,Louisiana,United States,44,4,Eliminated Week 5,8,6,
Clyde Drexler,Elena Grinenko,Athlete,Louisiana,United States,44,4,Eliminated Week 5,8,7,
Clyde Drexler,Elena Grinenko,Athlete,Louisiana,United States,44,4,Eliminated Week 5,8,8,
Clyde Drexler,Elena Grinenko,Athlete,Louisiana,United States,44,4,Eliminated Week 5,8,9,
Clyde Drexler,Elena Grinenko,Athlete,Louisiana,United States,44,4,Eliminated Week 5,8,10,
Clyde Drexler,Elena Grinenko,Athlete,Louisiana,United States,44,4,Eliminated Week 5,8,11,
Heather Mills,Jonathan Roberts,Model,England,England,39,4,Eliminated Week 6,7,1,6.0
Heather Mills,Jonathan Roberts,Model,England,England,39,4,Eliminated Week 6,7,2,8.0
Heather Mills,Jonathan Roberts,Model,England,England,39,4,Eliminated Week 6,7,3,8.0
Heather Mills,Jonathan Roberts,Model,England,England,39,4,Eliminated Week 6,7,4,7.6667
Heather Mills,Jonathan Roberts,Model,England,England,39,4,Eliminated Week 6,7,5,7.0
Heather Mills,Jonathan Roberts,Model,England,England,39,4,Eliminated Week 6,7,6,7.6667
Heather Mills,Jonathan Roberts,Model,England,England,39,4,Eliminated Week 6,7,7,
Heather Mills,Jonathan Roberts,Model,England,England,39,4,Eliminated Week 6,7,8,
Heather Mills,Jonathan Roberts,Model,England,England,39,4,Eliminated Week 6,7,9,
Heather Mills,Jonathan Roberts,Model,England,England,39,4,Eliminated Week 6,7,10,
Heather Mills,Jonathan Roberts,Model,England,England,39,4,Eliminated Week 6,7,11,
Ian Ziering,Cheryl Burke,Actor/Actress,New Jersey,United States,42,4,Eliminated Week 9,4,1,7.0
Ian Ziering,Cheryl Burke,Actor/Actress,New Jersey,United States,42,4,Eliminated Week 9,4,2,7.3333
Ian Ziering,Cheryl Burke,Actor/Actress,New Jersey,United States,42,4,Eliminated Week 9,4,3,8.0
Ian Ziering,Cheryl Burke,Actor/Actress,New Jersey,United States,42,4,Eliminated Week 9,4,4,8.0
Ian Ziering,Cheryl Burke,Actor/Actress,New Jersey,United States,42,4,Eliminated Week 9,4,5,8.0
Ian Ziering,Cheryl Burke,Actor/Actress,New Jersey,United States,42,4,Eliminated Week 9,4,6,8.0
Ian Ziering,Cheryl Burke,Actor/Actress,New Jersey,United States,42,4,Eliminated Week 9,4,7,9.0
Ian Ziering,Cheryl Burke,Actor/Actress,New Jersey,United States,42,4,Eliminated Week 9,4,8,7.8333
Ian Ziering,Cheryl Burke,Actor/Actress,New Jersey,United States,42,4,Eliminated Week 9,4,9,9.6667
Ian Ziering,Cheryl Burke,Actor/Actress,New Jersey,United States,42,4,Eliminated Week 9,4,10,
Ian Ziering,Cheryl Burke,Actor/Actress,New Jersey,United States,42,4,Eliminated Week 9,4,11,
Joey Fatone,Kym Johnson,Singer/Rapper,New York,United States,30,4,2nd Place,2,1,8.0
Joey Fatone,Kym Johnson,Singer/Rapper,New York,United States,30,4,2nd Place,2,2,8.0
Joey Fatone,Kym Johnson,Singer/Rapper,New York,United States,30,4,2nd Place,2,3,8.0
Joey Fatone,Kym Johnson,Singer/Rapper,New York,United States,30,4,2nd Place,2,4,9.3333
Joey Fatone,Kym Johnson,Singer/Rapper,New York,United States,30,4,2nd Place,2,5,8.3333
Joey Fatone,Kym Johnson,Singer/Rapper,New York,United States,30,4,2nd Place,2,6,9.0
Joey Fatone,Kym Johnson,Singer/Rapper,New York,United States,30,4,2nd Place,2,7,9.8333
Joey Fatone,Kym Johnson,Singer/Rapper,New York,United States,30,4,2nd Place,2,8,9.1667
Joey Fatone,Kym Johnson,Singer/Rapper,New York,United States,30,4,2nd Place,2,9,10.0
Joey Fatone,Kym Johnson,Singer/Rapper,New York,United States,30,4,2nd Place,2,10,9.5555
Joey Fatone,Kym Johnson,Singer/Rapper,New York,United States,30,4,2nd Place,2,11,
John Ratzenberger,Edyta Sliwinska,Actor/Actress,Connecticut,United States,59,4,Eliminated Week 7,6,1,5.6667
John Ratzenberger,Edyta Sliwinska,Actor/Actress,Connecticut,United States,59,4,Eliminated Week 7,6,2,7.0
John Ratzenberger,Edyta Sliwinska,Actor/Actress,Connecticut,United States,59,4,Eliminated Week 7,6,3,6.6667
John Ratzenberger,Edyta Sliwinska,Actor/Actress,Connecticut,United States,59,4,Eliminated Week 7,6,4,5.3333
John Ratzenberger,Edyta Sliwinska,Actor/Actress,Connecticut,United States,59,4,Eliminated Week 7,6,5,6.0
John Ratzenberger,Edyta Sliwinska,Actor/Actress,Connecticut,United States,59,4,Eliminated Week 7,6,6,6.3333
John Ratzenberger,Edyta Sliwinska,Actor/Actress,Connecticut,United States,59,4,Eliminated Week 7,6,7,7.5
John Ratzenberger,Edyta Sliwinska,Actor/Actress,Connecticut,United States,59,4,Eliminated Week 7,6,8,
John Ratzenberger,Edyta Sliwinska,Actor/Actress,Connecticut,United States,59,4,Eliminated Week 7,6,9,
John Ratzenberger,Edyta Sliwinska,Actor/Actress,Connecticut,United States,59,4,Eliminated Week 7,6,10,
John Ratzenberger,Edyta Sliwinska,Actor/Actress,Connecticut,United States,59,4,Eliminated Week 7,6,11,
Laila Ali,Maksim Chmerkoskiy,Athlete,Florida,United States,29,4,3rd Place,3,1,7.6667
Laila Ali,Maksim Chmerkoskiy,Athlete,Florida,United States,29,4,3rd Place,3,2,9.0
Laila Ali,Maksim Chmerkoskiy,Athlete,Florida,United States,29,4,3rd Place,3,3,7.0
Laila Ali,Maksim Chmerkoskiy,Athlete,Florida,United States,29,4,3rd Place,3,4,7.0
Laila Ali,Maksim Chmerkoskiy,Athlete,Florida,United States,29,4,3rd Place,3,5,9.3333
Laila Ali,Maksim Chmerkoskiy,Athlete,Florida,United States,29,4,3rd Place,3,6,9.3333
Laila Ali,Maksim Chmerkoskiy,Athlete,Florida,United States,29,4,3rd Place,3,7,9.8333
Laila Ali,Maksim Chmerkoskiy,Athlete,Florida,United States,29,4,3rd Place,3,8,8.8333
Laila Ali,Maksim Chmerkoskiy,Athlete,Florida,United States,29,4,3rd Place,3,9,10.0
Laila Ali,Maksim Chmerkoskiy,Athlete,Florida,United States,29,4,3rd Place,3,10,9.4444
Laila Ali,Maksim Chmerkoskiy,Athlete,Florida,United States,29,4,3rd Place,3,11,
Leeza Gibbons,Tony Dovolani,TV Personality,South Carolina,United States,50,4,Eliminated Week 4,9,1,5.0
Leeza Gibbons,Tony Dovolani,TV Personality,South Carolina,United States,50,4,Eliminated Week 4,9,2,7.0
Leeza Gibbons,Tony Dovolani,TV Personality,South Carolina,United States,50,4,Eliminated Week 4,9,3,8.0
Leeza Gibbons,Tony Dovolani,TV Personality,South Carolina,United States,50,4,Eliminated Week 4,9,4,5.3333
Leeza Gibbons,Tony Dovolani,TV Personality,South Carolina,United States,50,4,Eliminated Week 4,9,5,
Leeza Gibbons,Tony Dovolani,TV Personality,South Carolina,United States,50,4,Eliminated Week 4,9,6,
Leeza Gibbons,Tony Dovolani,TV Personality,South Carolina,United States,50,4,Eliminated Week 4,9,7,
Leeza Gibbons,Tony Dovolani,TV Personality,South Carolina,United States,50,4,Eliminated Week 4,9,8,
Leeza Gibbons,Tony Dovolani,TV Personality,South Carolina,United States,50,4,Eliminated Week 4,9,9,
Leeza Gibbons,Tony Dovolani,TV Personality,South Carolina,United States,50,4,Eliminated Week 4,9,10,
Leeza Gibbons,Tony Dovolani,TV Personality,South Carolina,United States,50,4,Eliminated Week 4,9,11,
Paulina Porizkova,Alec Mazo,Model,Czechoslovakia,Czechoslovakia,41,4,Eliminated Week 2,11,1,6.3333
Paulina Porizkova,Alec Mazo,Model,Czechoslovakia,Czechoslovakia,41,4,Eliminated Week 2,11,2,7.0
Paulina Porizkova,Alec Mazo,Model,Czechoslovakia,Czechoslovakia,41,4,Eliminated Week 2,11,3,
Paulina Porizkova,Alec Mazo,Model,Czechoslovakia,Czechoslovakia,41,4,Eliminated Week 2,11,4,
Paulina Porizkova,Alec Mazo,Model,Czechoslovakia,Czechoslovakia,41,4,Eliminated Week 2,11,5,
Paulina Porizkova,Alec Mazo,Model,Czechoslovakia,Czechoslovakia,41,4,Eliminated Week 2,11,6,
Paulina Porizkova,Alec Mazo,Model,Czechoslovakia,Czechoslovakia,41,4,Eliminated Week 2,11,7,
Paulina Porizkova,Alec Mazo,Model,Czechoslovakia,Czechoslovakia,41,4,Eliminated Week 2,11,8,
Paulina Porizkova,Alec Mazo,Model,Czechoslovakia,Czechoslovakia,41,4,Eliminated Week 2,11,9,
Paulina Porizkova,Alec Mazo,Model,Czechoslovakia,Czechoslovakia,41,4,Eliminated Week 2,11,10,
Paulina Porizkova,Alec Mazo,Model,Czechoslovakia,Czechoslovakia,41,4,Eliminated Week 2,11,11,
Shandi Finnessey,Brian Fortuna,Beauty Pagent,Missouri,United States,28,4,Eliminated Week 3,10,1,6.3333
Shandi Finnessey,Brian Fortuna,Beauty Pagent,Missouri,United States,28,4,Eliminated Week 3,10,2,6.6667
Shandi Finnessey,Brian Fortuna,Beauty Pagent,Missouri,United States,28,4,Eliminated Week 3,10,3,7.0
Shandi Finnessey,Brian Fortuna,Beauty Pagent,Missouri,United States,28,4,Eliminated Week 3,10,4,
Shandi Finnessey,Brian Fortuna,Beauty Pagent,Missouri,United States,28,4,Eliminated Week 3,10,5,
Shandi Finnessey,Brian Fortuna,Beauty Pagent,Missouri,United States,28,4,Eliminated Week 3,10,6,
Shandi Finnessey,Brian Fortuna,Beauty Pagent,Missouri,United States,28,4,Eliminated Week 3,10,7,
Shandi Finnessey,Brian Fortuna,Beauty Pagent,Missouri,United States,28,4,Eliminated Week 3,10,8,
Shandi Finnessey,Brian Fortuna,Beauty Pagent,Missouri,United States,28,4,Eliminated Week 3,10,9,
Shandi Finnessey,Brian Fortuna,Beauty Pagent,Missouri,United States,28,4,Eliminated Week 3,10,10,
Shandi Finnessey,Brian Fortuna,Beauty Pagent,Missouri,United States,28,4,Eliminated Week 3,10,11,
Albert Reed,Anna Trebunskaya,Model,Florida,United States,22,5,Eliminated Week 2,11,1,7.0
Albert Reed,Anna Trebunskaya,Model,Florida,United States,22,5,Eliminated Week 2,11,2,7.0
Albert Reed,Anna Trebunskaya,Model,Florida,United States,22,5,Eliminated Week 2,11,3,
Albert Reed,Anna Trebunskaya,Model,Florida,United States,22,5,Eliminated Week 2,11,4,
Albert Reed,Anna Trebunskaya,Model,Florida,United States,22,5,Eliminated Week 2,11,5,
Albert Reed,Anna Trebunskaya,Model,Florida,United States,22,5,Eliminated Week 2,11,6,
Albert Reed,Anna Trebunskaya,Model,Florida,United States,22,5,Eliminated Week 2,11,7,
Albert Reed,Anna Trebunskaya,Model,Florida,United States,22,5,Eliminated Week 2,11,8,
Albert Reed,Anna Trebunskaya,Model,Florida,United States,22,5,Eliminated Week 2,11,9,
Albert Reed,Anna Trebunskaya,Model,Florida,United States,22,5,Eliminated Week 2,11,10,
Albert Reed,Anna Trebunskaya,Model,Florida,United States,22,5,Eliminated Week 2,11,11,
Cameron Mathison,Edyta Sliwinska,Actor/Actress,Canada,Canada,38,5,Eliminated Week 8,5,1,7.0
Cameron Mathison,Edyta Sliwinska,Actor/Actress,Canada,Canada,38,5,Eliminated Week 8,5,2,7.0
Cameron Mathison,Edyta Sliwinska,Actor/Actress,Canada,Canada,38,5,Eliminated Week 8,5,3,7.6667
Cameron Mathison,Edyta Sliwinska,Actor/Actress,Canada,Canada,38,5,Eliminated Week 8,5,4,9.0
Cameron Mathison,Edyta Sliwinska,Actor/Actress,Canada,Canada,38,5,Eliminated Week 8,5,5,8.6667
Cameron Mathison,Edyta Sliwinska,Actor/Actress,Canada,Canada,38,5,Eliminated Week 8,5,6,8.3333
Cameron Mathison,Edyta Sliwinska,Actor/Actress,Canada,Canada,38,5,Eliminated Week 8,5,7,8.5
Cameron Mathison,Edyta Sliwinska,Actor/Actress,Canada,Canada,38,5,Eliminated Week 8,5,8,8.5
Cameron Mathison,Edyta Sliwinska,Actor/Actress,Canada,Canada,38,5,Eliminated Week 8,5,9,
Cameron Mathison,Edyta Sliwinska,Actor/Actress,Canada,Canada,38,5,Eliminated Week 8,5,10,
Cameron Mathison,Edyta Sliwinska,Actor/Actress,Canada,Canada,38,5,Eliminated Week 8,5,11,
Floyd Mayweather Jr. ,Karina Smirnoff,Athlete,Michigan,United States,30,5,Eliminated Week 4,9,1,6.0
Floyd Mayweather Jr. ,Karina Smirnoff,Athlete,Michigan,United States,30,5,Eliminated Week 4,9,2,7.0
Floyd Mayweather Jr. ,Karina Smirnoff,Athlete,Michigan,United States,30,5,Eliminated Week 4,9,3,7.0
Floyd Mayweather Jr. ,Karina Smirnoff,Athlete,Michigan,United States,30,5,Eliminated Week 4,9,4,7.6667
Floyd Mayweather Jr. ,Karina Smirnoff,Athlete,Michigan,United States,30,5,Eliminated Week 4,9,5,
Floyd Mayweather Jr. ,Karina Smirnoff,Athlete,Michigan,United States,30,5,Eliminated Week 4,9,6,
Floyd Mayweather Jr. ,Karina Smirnoff,Athlete,Michigan,United States,30,5,Eliminated Week 4,9,7,
Floyd Mayweather Jr. ,Karina Smirnoff,Athlete,Michigan,United States,30,5,Eliminated Week 4,9,8,
Floyd Mayweather Jr. ,Karina Smirnoff,Athlete,Michigan,United States,30,5,Eliminated Week 4,9,9,
Floyd Mayweather Jr. ,Karina Smirnoff,Athlete,Michigan,United States,30,5,Eliminated Week 4,9,10,
Floyd Mayweather Jr. ,Karina Smirnoff,Athlete,Michigan,United States,30,5,Eliminated Week 4,9,11,
Helio Castroneves,Julianne Hough,Racing Driver,Brazil,Brazil,32,5,1st Place,1,1,8.3333
Helio Castroneves,Julianne Hough,Racing Driver,Brazil,Brazil,32,5,1st Place,1,2,9.0
Helio Castroneves,Julianne Hough,Racing Driver,Brazil,Brazil,32,5,1st Place,1,3,8.0
Helio Castroneves,Julianne Hough,Racing Driver,Brazil,Brazil,32,5,1st Place,1,4,9.0
Helio Castroneves,Julianne Hough,Racing Driver,Brazil,Brazil,32,5,1st Place,1,5,7.6667
Helio Castroneves,Julianne Hough,Racing Driver,Brazil,Brazil,32,5,1st Place,1,6,9.3333
Helio Castroneves,Julianne Hough,Racing Driver,Brazil,Brazil,32,5,1st Place,1,7,8.6667
Helio Castroneves,Julianne Hough,Racing Driver,Brazil,Brazil,32,5,1st Place,1,8,9.5
Helio Castroneves,Julianne Hough,Racing Driver,Brazil,Brazil,32,5,1st Place,1,9,10.0
Helio Castroneves,Julianne Hough,Racing Driver,Brazil,Brazil,32,5,1st Place,1,10,9.3333
Helio Castroneves,Julianne Hough,Racing Driver,Brazil,Brazil,32,5,1st Place,1,11,
Jane Seymour,Tony Dovolani,Actor/Actress,England,England,56,5,Eliminated Week 7,6,1,8.0
Jane Seymour,Tony Dovolani,Actor/Actress,England,England,56,5,Eliminated Week 7,6,2,7.0
Jane Seymour,Tony Dovolani,Actor/Actress,England,England,56,5,Eliminated Week 7,6,3,9.0
Jane Seymour,Tony Dovolani,Actor/Actress,England,England,56,5,Eliminated Week 7,6,4,8.6667
Jane Seymour,Tony Dovolani,Actor/Actress,England,England,56,5,Eliminated Week 7,6,5,8.6667
Jane Seymour,Tony Dovolani,Actor/Actress,England,England,56,5,Eliminated Week 7,6,6,7.3333
Jane Seymour,Tony Dovolani,Actor/Actress,England,England,56,5,Eliminated Week 7,6,7,8.3333
Jane Seymour,Tony Dovolani,Actor/Actress,England,England,56,5,Eliminated Week 7,6,8,
Jane Seymour,Tony Dovolani,Actor/Actress,England,England,56,5,Eliminated Week 7,6,9,
Jane Seymour,Tony Dovolani,Actor/Actress,England,England,56,5,Eliminated Week 7,6,10,
Jane Seymour,Tony Dovolani,Actor/Actress,England,England,56,5,Eliminated Week 7,6,11,
Jennie Garth,Derek Hough,Actor/Actress,Illinois,United States,35,5,Eliminated Week 9,4,1,7.0
Jennie Garth,Derek Hough,Actor/Actress,Illinois,United States,35,5,Eliminated Week 9,4,2,7.0
Jennie Garth,Derek Hough,Actor/Actress,Illinois,United States,35,5,Eliminated Week 9,4,3,8.6667
Jennie Garth,Derek Hough,Actor/Actress,Illinois,United States,35,5,Eliminated Week 9,4,4,9.0
Jennie Garth,Derek Hough,Actor/Actress,Illinois,United States,35,5,Eliminated Week 9,4,5,8.3333
Jennie Garth,Derek Hough,Actor/Actress,Illinois,United States,35,5,Eliminated Week 9,4,6,9.0
Jennie Garth,Derek Hough,Actor/Actress,Illinois,United States,35,5,Eliminated Week 9,4,7,8.8333
Jennie Garth,Derek Hough,Actor/Actress,Illinois,United States,35,5,Eliminated Week 9,4,8,8.3333
Jennie Garth,Derek Hough,Actor/Actress,Illinois,United States,35,5,Eliminated Week 9,4,9,9.6667
Jennie Garth,Derek Hough,Actor/Actress,Illinois,United States,35,5,Eliminated Week 9,4,10,
Jennie Garth,Derek Hough,Actor/Actress,Illinois,United States,35,5,Eliminated Week 9,4,11,
Josie Maran,Alec Mazo,Model,California,United States,29,5,Eliminated Week 1,12,1,5.3333
Josie Maran,Alec Mazo,Model,California,United States,29,5,Eliminated Week 1,12,2,
Josie Maran,Alec Mazo,Model,California,United States,29,5,Eliminated Week 1,12,3,
Josie Maran,Alec Mazo,Model,California,United States,29,5,Eliminated Week 1,12,4,
Josie Maran,Alec Mazo,Model,California,United States,29,5,Eliminated Week 1,12,5,
Josie Maran,Alec Mazo,Model,California,United States,29,5,Eliminated Week 1,12,6,
Josie Maran,Alec Mazo,Model,California,United States,29,5,Eliminated Week 1,12,7,
Josie Maran,Alec Mazo,Model,California,United States,29,5,Eliminated Week 1,12,8,
Josie Maran,Alec Mazo,Model,California,United States,29,5,Eliminated Week 1,12,9,
Josie Maran,Alec Mazo,Model,California,United States,29,5,Eliminated Week 1,12,10,
Josie Maran,Alec Mazo,Model,California,United States,29,5,Eliminated Week 1,12,11,
Marie Osmond,Jonathan Roberts,Singer/Rapper,Utah,United States,47,5,3rd Place,3,1,7.0
Marie Osmond,Jonathan Roberts,Singer/Rapper,Utah,United States,47,5,3rd Place,3,2,8.0
Marie Osmond,Jonathan Roberts,Singer/Rapper,Utah,United States,47,5,3rd Place,3,3,8.6667
Marie Osmond,Jonathan Roberts,Singer/Rapper,Utah,United States,47,5,3rd Place,3,4,8.6667
Marie Osmond,Jonathan Roberts,Singer/Rapper,Utah,United States,47,5,3rd Place,3,5,7.0
Marie Osmond,Jonathan Roberts,Singer/Rapper,Utah,United States,47,5,3rd Place,3,6,7.6667
Marie Osmond,Jonathan Roberts,Singer/Rapper,Utah,United States,47,5,3rd Place,3,7,8.6667
Marie Osmond,Jonathan Roberts,Singer/Rapper,Utah,United States,47,5,3rd Place,3,8,8.1667
Marie Osmond,Jonathan Roberts,Singer/Rapper,Utah,United States,47,5,3rd Place,3,9,9.3333
Marie Osmond,Jonathan Roberts,Singer/Rapper,Utah,United States,47,5,3rd Place,3,10,7.6667
Marie Osmond,Jonathan Roberts,Singer/Rapper,Utah,United States,47,5,3rd Place,3,11,
Mark Cuban,Kym Johnson,TV Personality,Pennsylvania,United States,49,5,Eliminated Week 5,8,1,7.0
Mark Cuban,Kym Johnson,TV Personality,Pennsylvania,United States,49,5,Eliminated Week 5,8,2,6.0
Mark Cuban,Kym Johnson,TV Personality,Pennsylvania,United States,49,5,Eliminated Week 5,8,3,6.6667
Mark Cuban,Kym Johnson,TV Personality,Pennsylvania,United States,49,5,Eliminated Week 5,8,4,7.3333
Mark Cuban,Kym Johnson,TV Personality,Pennsylvania,United States,49,5,Eliminated Week 5,8,5,7.0
Mark Cuban,Kym Johnson,TV Personality,Pennsylvania,United States,49,5,Eliminated Week 5,8,6,
Mark Cuban,Kym Johnson,TV Personality,Pennsylvania,United States,49,5,Eliminated Week 5,8,7,
Mark Cuban,Kym Johnson,TV Personality,Pennsylvania,United States,49,5,Eliminated Week 5,8,8,
Mark Cuban,Kym Johnson,TV Personality,Pennsylvania,United States,49,5,Eliminated Week 5,8,9,
Mark Cuban,Kym Johnson,TV Personality,Pennsylvania,United States,49,5,Eliminated Week 5,8,10,
Mark Cuban,Kym Johnson,TV Personality,Pennsylvania,United States,49,5,Eliminated Week 5,8,11,
Mel B,Maksim Chmerkoskiy,Singer/Rapper,England,England,32,5,2nd Place,2,1,8.0
Mel B,Maksim Chmerkoskiy,Singer/Rapper,England,England,32,5,2nd Place,2,2,7.6667
Mel B,Maksim Chmerkoskiy,Singer/Rapper,England,England,32,5,2nd Place,2,3,9.0
Mel B,Maksim Chmerkoskiy,Singer/Rapper,England,England,32,5,2nd Place,2,4,8.6667
Mel B,Maksim Chmerkoskiy,Singer/Rapper,England,England,32,5,2nd Place,2,5,9.6667
Mel B,Maksim Chmerkoskiy,Singer/Rapper,England,England,32,5,2nd Place,2,6,10.0
Mel B,Maksim Chmerkoskiy,Singer/Rapper,England,England,32,5,2nd Place,2,7,9.0
Mel B,Maksim Chmerkoskiy,Singer/Rapper,England,England,32,5,2nd Place,2,8,9.3333
Mel B,Maksim Chmerkoskiy,Singer/Rapper,England,England,32,5,2nd Place,2,9,10.0
Mel B,Maksim Chmerkoskiy,Singer/Rapper,England,England,32,5,2nd Place,2,10,9.4444
Mel B,Maksim Chmerkoskiy,Singer/Rapper,England,England,32,5,2nd Place,2,11,
Sabrina Bryan,Mark Ballas,Actor/Actress,California,United States,23,5,Eliminated Week 6,7,1,8.6667
Sabrina Bryan,Mark Ballas,Actor/Actress,California,United States,23,5,Eliminated Week 6,7,2,8.6667
Sabrina Bryan,Mark Ballas,Actor/Actress,California,United States,23,5,Eliminated Week 6,7,3,9.0
Sabrina Bryan,Mark Ballas,Actor/Actress,California,United States,23,5,Eliminated Week 6,7,4,10.0
Sabrina Bryan,Mark Ballas,Actor/Actress,California,United States,23,5,Eliminated Week 6,7,5,9.3333
Sabrina Bryan,Mark Ballas,Actor/Actress,California,United States,23,5,Eliminated Week 6,7,6,8.3333
Sabrina Bryan,Mark Ballas,Actor/Actress,California,United States,23,5,Eliminated Week 6,7,7,
Sabrina Bryan,Mark Ballas,Actor/Actress,California,United States,23,5,Eliminated Week 6,7,8,
Sabrina Bryan,Mark Ballas,Actor/Actress,California,United States,23,5,Eliminated Week 6,7,9,
Sabrina Bryan,Mark Ballas,Actor/Actress,California,United States,23,5,Eliminated Week 6,7,10,
Sabrina Bryan,Mark Ballas,Actor/Actress,California,United States,23,5,Eliminated Week 6,7,11,
Wayne Newton,Cheryl Burke,Singer/Rapper,Virginia,United States,65,5,Eliminated Week 3,10,1,6.3333
Wayne Newton,Cheryl Burke,Singer/Rapper,Virginia,United States,65,5,Eliminated Week 3,10,2,5.0
Wayne Newton,Cheryl Burke,Singer/Rapper,Virginia,United States,65,5,Eliminated Week 3,10,3,6.0
Wayne Newton,Cheryl Burke,Singer/Rapper,Virginia,United States,65,5,Eliminated Week 3,10,4,
Wayne Newton,Cheryl Burke,Singer/Rapper,Virginia,United States,65,5,Eliminated Week 3,10,5,
Wayne Newton,Cheryl Burke,Singer/Rapper,Virginia,United States,65,5,Eliminated Week 3,10,6,
Wayne Newton,Cheryl Burke,Singer/Rapper,Virginia,United States,65,5,Eliminated Week 3,10,7,
Wayne Newton,Cheryl Burke,Singer/Rapper,Virginia,United States,65,5,Eliminated Week 3,10,8,
Wayne Newton,Cheryl Burke,Singer/Rapper,Virginia,United States,65,5,Eliminated Week 3,10,9,
Wayne Newton,Cheryl Burke,Singer/Rapper,Virginia,United States,65,5,Eliminated Week 3,10,10,
Wayne Newton,Cheryl Burke,Singer/Rapper,Virginia,United States,65,5,Eliminated Week 3,10,11,
Adam Carolla,Julianne Hough,Radio Personality,California,United States,43,6,Eliminated Week 4,9,1,5.0
Adam Carolla,Julianne Hough,Radio Personality,California,United States,43,6,Eliminated Week 4,9,2,6.3333
Adam Carolla,Julianne Hough,Radio Personality,California,United States,43,6,Eliminated Week 4,9,3,7.0
Adam Carolla,Julianne Hough,Radio Personality,California,United States,43,6,Eliminated Week 4,9,4,6.3333
Adam Carolla,Julianne Hough,Radio Personality,California,United States,43,6,Eliminated Week 4,9,5,
Adam Carolla,Julianne Hough,Radio Personality,California,United States,43,6,Eliminated Week 4,9,6,
Adam Carolla,Julianne Hough,Radio Personality,California,United States,43,6,Eliminated Week 4,9,7,
Adam Carolla,Julianne Hough,Radio Personality,California,United States,43,6,Eliminated Week 4,9,8,
Adam Carolla,Julianne Hough,Radio Personality,California,United States,43,6,Eliminated Week 4,9,9,
Adam Carolla,Julianne Hough,Radio Personality,California,United States,43,6,Eliminated Week 4,9,10,
Adam Carolla,Julianne Hough,Radio Personality,California,United States,43,6,Eliminated Week 4,9,11,
Cristian de la Fuente,Cheryl Burke,Actor/Actress,Chile,Chile,34,6,3rd Place,3,1,7.0
Cristian de la Fuente,Cheryl Burke,Actor/Actress,Chile,Chile,34,6,3rd Place,3,2,6.6667
Cristian de la Fuente,Cheryl Burke,Actor/Actress,Chile,Chile,34,6,3rd Place,3,3,8.3333
Cristian de la Fuente,Cheryl Burke,Actor/Actress,Chile,Chile,34,6,3rd Place,3,4,8.6667
Cristian de la Fuente,Cheryl Burke,Actor/Actress,Chile,Chile,34,6,3rd Place,3,5,7.6667
Cristian de la Fuente,Cheryl Burke,Actor/Actress,Chile,Chile,34,6,3rd Place,3,6,9.0
Cristian de la Fuente,Cheryl Burke,Actor/Actress,Chile,Chile,34,6,3rd Place,3,7,7.6667
Cristian de la Fuente,Cheryl Burke,Actor/Actress,Chile,Chile,34,6,3rd Place,3,8,9.5
Cristian de la Fuente,Cheryl Burke,Actor/Actress,Chile,Chile,34,6,3rd Place,3,9,9.3333
Cristian de la Fuente,Cheryl Burke,Actor/Actress,Chile,Chile,34,6,3rd Place,3,10,8.6667
Cristian de la Fuente,Cheryl Burke,Actor/Actress,Chile,Chile,34,6,3rd Place,3,11,
Jason Taylor,Edyta Sliwinska,Athlete,Pennsylvania,United States,33,6,2nd Place,2,1,7.3333
Jason Taylor,Edyta Sliwinska,Athlete,Pennsylvania,United States,33,6,2nd Place,2,2,9.0
Jason Taylor,Edyta Sliwinska,Athlete,Pennsylvania,United States,33,6,2nd Place,2,3,7.6667
Jason Taylor,Edyta Sliwinska,Athlete,Pennsylvania,United States,33,6,2nd Place,2,4,9.6667
Jason Taylor,Edyta Sliwinska,Athlete,Pennsylvania,United States,33,6,2nd Place,2,5,9.0
Jason Taylor,Edyta Sliwinska,Athlete,Pennsylvania,United States,33,6,2nd Place,2,6,8.0
Jason Taylor,Edyta Sliwinska,Athlete,Pennsylvania,United States,33,6,2nd Place,2,7,9.1667
Jason Taylor,Edyta Sliwinska,Athlete,Pennsylvania,United States,33,6,2nd Place,2,8,8.6667
Jason Taylor,Edyta Sliwinska,Athlete,Pennsylvania,United States,33,6,2nd Place,2,9,9.1667
Jason Taylor,Edyta Sliwinska,Athlete,Pennsylvania,United States,33,6,2nd Place,2,10,9.5
Jason Taylor,Edyta Sliwinska,Athlete,Pennsylvania,United States,33,6,2nd Place,2,11,
Kristi Yamaguchi,Mark Ballas,Athlete,California,United States,36,6,1st Place,1,1,9.0
Kristi Yamaguchi,Mark Ballas,Athlete,California,United States,36,6,1st Place,1,2,9.0
Kristi Yamaguchi,Mark Ballas,Athlete,California,United States,36,6,1st Place,1,3,9.0
Kristi Yamaguchi,Mark Ballas,Athlete,California,United States,36,6,1st Place,1,4,9.6667
Kristi Yamaguchi,Mark Ballas,Athlete,California,United States,36,6,1st Place,1,5,9.6667
Kristi Yamaguchi,Mark Ballas,Athlete,California,United States,36,6,1st Place,1,6,10.0
Kristi Yamaguchi,Mark Ballas,Athlete,California,United States,36,6,1st Place,1,7,9.0
Kristi Yamaguchi,Mark Ballas,Athlete,California,United States,36,6,1st Place,1,8,9.1667
Kristi Yamaguchi,Mark Ballas,Athlete,California,United States,36,6,1st Place,1,9,9.5
Kristi Yamaguchi,Mark Ballas,Athlete,California,United States,36,6,1st Place,1,10,10.0
Kristi Yamaguchi,Mark Ballas,Athlete,California,United States,36,6,1st Place,1,11,
Mario,Karina Smirnoff,Singer/Rapper,Maryland,United States,21,6,Eliminated Week 8,5,1,8.0
Mario,Karina Smirnoff,Singer/Rapper,Maryland,United States,21,6,Eliminated Week 8,5,2,8.6667
Mario,Karina Smirnoff,Singer/Rapper,Maryland,United States,21,6,Eliminated Week 8,5,3,7.0
Mario,Karina Smirnoff,Singer/Rapper,Maryland,United States,21,6,Eliminated Week 8,5,4,8.0
Mario,Karina Smirnoff,Singer/Rapper,Maryland,United States,21,6,Eliminated Week 8,5,5,9.0
Mario,Karina Smirnoff,Singer/Rapper,Maryland,United States,21,6,Eliminated Week 8,5,6,9.3333
Mario,Karina Smirnoff,Singer/Rapper,Maryland,United States,21,6,Eliminated Week 8,5,7,8.5
Mario,Karina Smirnoff,Singer/Rapper,Maryland,United States,21,6,Eliminated Week 8,5,8,8.8333
Mario,Karina Smirnoff,Singer/Rapper,Maryland,United States,21,6,Eliminated Week 8,5,9,
Mario,Karina Smirnoff,Singer/Rapper,Maryland,United States,21,6,Eliminated Week 8,5,10,
Mario,Karina Smirnoff,Singer/Rapper,Maryland,United States,21,6,Eliminated Week 8,5,11,
Marissa Jaret Winokur,Tony Dovolani,Actor/Actress,New York,United States,35,6,Eliminated Week 9,4,1,6.0
Marissa Jaret Winokur,Tony Dovolani,Actor/Actress,New York,United States,35,6,Eliminated Week 9,4,2,7.0
Marissa Jaret Winokur,Tony Dovolani,Actor/Actress,New York,United States,35,6,Eliminated Week 9,4,3,6.3333
Marissa Jaret Winokur,Tony Dovolani,Actor/Actress,New York,United States,35,6,Eliminated Week 9,4,4,8.0
Marissa Jaret Winokur,Tony Dovolani,Actor/Actress,New York,United States,35,6,Eliminated Week 9,4,5,8.0
Marissa Jaret Winokur,Tony Dovolani,Actor/Actress,New York,United States,35,6,Eliminated Week 9,4,6,8.6667
Marissa Jaret Winokur,Tony Dovolani,Actor/Actress,New York,United States,35,6,Eliminated Week 9,4,7,8.6667
Marissa Jaret Winokur,Tony Dovolani,Actor/Actress,New York,United States,35,6,Eliminated Week 9,4,8,8.3333
Marissa Jaret Winokur,Tony Dovolani,Actor/Actress,New York,United States,35,6,Eliminated Week 9,4,9,8.6667
Marissa Jaret Winokur,Tony Dovolani,Actor/Actress,New York,United States,35,6,Eliminated Week 9,4,10,
Marissa Jaret Winokur,Tony Dovolani,Actor/Actress,New York,United States,35,6,Eliminated Week 9,4,11,
Marlee Matlin,Fabian Sanchez,Actor/Actress,Illinois,United States,42,6,Eliminated Week 6,7,1,7.3333
Marlee Matlin,Fabian Sanchez,Actor/Actress,Illinois,United States,42,6,Eliminated Week 6,7,2,8.0
Marlee Matlin,Fabian Sanchez,Actor/Actress,Illinois,United States,42,6,Eliminated Week 6,7,3,7.0
Marlee Matlin,Fabian Sanchez,Actor/Actress,Illinois,United States,42,6,Eliminated Week 6,7,4,8.0
Marlee Matlin,Fabian Sanchez,Actor/Actress,Illinois,United States,42,6,Eliminated Week 6,7,5,7.3333
Marlee Matlin,Fabian Sanchez,Actor/Actress,Illinois,United States,42,6,Eliminated Week 6,7,6,7.0
Marlee Matlin,Fabian Sanchez,Actor/Actress,Illinois,United States,42,6,Eliminated Week 6,7,7,
Marlee Matlin,Fabian Sanchez,Actor/Actress,Illinois,United States,42,6,Eliminated Week 6,7,8,
Marlee Matlin,Fabian Sanchez,Actor/Actress,Illinois,United States,42,6,Eliminated Week 6,7,9,
Marlee Matlin,Fabian Sanchez,Actor/Actress,Illinois,United States,42,6,Eliminated Week 6,7,10,
Marlee Matlin,Fabian Sanchez,Actor/Actress,Illinois,United States,42,6,Eliminated Week 6,7,11,
Monica Seles,Jonathan Roberts,Athlete,Yugoslavia,Yugoslavia,34,6,Eliminated Week 2,11,1,5.0
Monica Seles,Jonathan Roberts,Athlete,Yugoslavia,Yugoslavia,34,6,Eliminated Week 2,11,2,5.0
Monica Seles,Jonathan Roberts,Athlete,Yugoslavia,Yugoslavia,34,6,Eliminated Week 2,11,3,
Monica Seles,Jonathan Roberts,Athlete,Yugoslavia,Yugoslavia,34,6,Eliminated Week 2,11,4,
Monica Seles,Jonathan Roberts,Athlete,Yugoslavia,Yugoslavia,34,6,Eliminated Week 2,11,5,
Monica Seles,Jonathan Roberts,Athlete,Yugoslavia,Yugoslavia,34,6,Eliminated Week 2,11,6,
Monica Seles,Jonathan Roberts,Athlete,Yugoslavia,Yugoslavia,34,6,Eliminated Week 2,11,7,
Monica Seles,Jonathan Roberts,Athlete,Yugoslavia,Yugoslavia,34,6,Eliminated Week 2,11,8,
Monica Seles,Jonathan Roberts,Athlete,Yugoslavia,Yugoslavia,34,6,Eliminated Week 2,11,9,
Monica Seles,Jonathan Roberts,Athlete,Yugoslavia,Yugoslavia,34,6,Eliminated Week 2,11,10,
Monica Seles,Jonathan Roberts,Athlete,Yugoslavia,Yugoslavia,34,6,Eliminated Week 2,11,11,
Penn Jillette,Kym Johnson,Magician,Massachusetts,United States,53,6,Eliminated Week 2,12,1,5.3333
Penn Jillette,Kym Johnson,Magician,Massachusetts,United States,53,6,Eliminated Week 2,12,2,5.6667
Penn Jillette,Kym Johnson,Magician,Massachusetts,United States,53,6,Eliminated Week 2,12,3,
Penn Jillette,Kym Johnson,Magician,Massachusetts,United States,53,6,Eliminated Week 2,12,4,
Penn Jillette,Kym Johnson,Magician,Massachusetts,United States,53,6,Eliminated Week 2,12,5,
Penn Jillette,Kym Johnson,Magician,Massachusetts,United States,53,6,Eliminated Week 2,12,6,
Penn Jillette,Kym Johnson,Magician,Massachusetts,United States,53,6,Eliminated Week 2,12,7,
Penn Jillette,Kym Johnson,Magician,Massachusetts,United States,53,6,Eliminated Week 2,12,8,
Penn Jillette,Kym Johnson,Magician,Massachusetts,United States,53,6,Eliminated Week 2,12,9,
Penn Jillette,Kym Johnson,Magician,Massachusetts,United States,53,6,Eliminated Week 2,12,10,
Penn Jillette,Kym Johnson,Magician,Massachusetts,United States,53,6,Eliminated Week 2,12,11,
Priscilla Presley,Louis van Amstel,Actor/Actress,New York,United States,62,6,Eliminated Week 5,8,1,8.0
Priscilla Presley,Louis van Amstel,Actor/Actress,New York,United States,62,6,Eliminated Week 5,8,2,7.0
Priscilla Presley,Louis van Amstel,Actor/Actress,New York,United States,62,6,Eliminated Week 5,8,3,8.6667
Priscilla Presley,Louis van Amstel,Actor/Actress,New York,United States,62,6,Eliminated Week 5,8,4,7.3333
Priscilla Presley,Louis van Amstel,Actor/Actress,New York,United States,62,6,Eliminated Week 5,8,5,7.0
Priscilla Presley,Louis van Amstel,Actor/Actress,New York,United States,62,6,Eliminated Week 5,8,6,
Priscilla Presley,Louis van Amstel,Actor/Actress,New York,United States,62,6,Eliminated Week 5,8,7,
Priscilla Presley,Louis van Amstel,Actor/Actress,New York,United States,62,6,Eliminated Week 5,8,8,
Priscilla Presley,Louis van Amstel,Actor/Actress,New York,United States,62,6,Eliminated Week 5,8,9,
Priscilla Presley,Louis van Amstel,Actor/Actress,New York,United States,62,6,Eliminated Week 5,8,10,
Priscilla Presley,Louis van Amstel,Actor/Actress,New York,United States,62,6,Eliminated Week 5,8,11,
Shannon Elizabeth,Derek Hough,Actor/Actress,Texas,United States,34,6,Eliminated Week 7,6,1,7.0
Shannon Elizabeth,Derek Hough,Actor/Actress,Texas,United States,34,6,Eliminated Week 7,6,2,8.0
Shannon Elizabeth,Derek Hough,Actor/Actress,Texas,United States,34,6,Eliminated Week 7,6,3,8.0
Shannon Elizabeth,Derek Hough,Actor/Actress,Texas,United States,34,6,Eliminated Week 7,6,4,9.3333
Shannon Elizabeth,Derek Hough,Actor/Actress,Texas,United States,34,6,Eliminated Week 7,6,5,7.6667
Shannon Elizabeth,Derek Hough,Actor/Actress,Texas,United States,34,6,Eliminated Week 7,6,6,8.0
Shannon Elizabeth,Derek Hough,Actor/Actress,Texas,United States,34,6,Eliminated Week 7,6,7,8.5
Shannon Elizabeth,Derek Hough,Actor/Actress,Texas,United States,34,6,Eliminated Week 7,6,8,
Shannon Elizabeth,Derek Hough,Actor/Actress,Texas,United States,34,6,Eliminated Week 7,6,9,
Shannon Elizabeth,Derek Hough,Actor/Actress,Texas,United States,34,6,Eliminated Week 7,6,10,
Shannon Elizabeth,Derek Hough,Actor/Actress,Texas,United States,34,6,Eliminated Week 7,6,11,
Steve Guttenberg,Anna Trebunskaya,Actor/Actress,New York,United States,49,6,Eliminated Week 3,10,1,6.0
Steve Guttenberg,Anna Trebunskaya,Actor/Actress,New York,United States,49,6,Eliminated Week 3,10,2,5.3333
Steve Guttenberg,Anna Trebunskaya,Actor/Actress,New York,United States,49,6,Eliminated Week 3,10,3,7.0
Steve Guttenberg,Anna Trebunskaya,Actor/Actress,New York,United States,49,6,Eliminated Week 3,10,4,
Steve Guttenberg,Anna Trebunskaya,Actor/Actress,New York,United States,49,6,Eliminated Week 3,10,5,
Steve Guttenberg,Anna Trebunskaya,Actor/Actress,New York,United States,49,6,Eliminated Week 3,10,6,
Steve Guttenberg,Anna Trebunskaya,Actor/Actress,New York,United States,49,6,Eliminated Week 3,10,7,
Steve Guttenberg,Anna Trebunskaya,Actor/Actress,New York,United States,49,6,Eliminated Week 3,10,8,
Steve Guttenberg,Anna Trebunskaya,Actor/Actress,New York,United States,49,6,Eliminated Week 3,10,9,
Steve Guttenberg,Anna Trebunskaya,Actor/Actress,New York,United States,49,6,Eliminated Week 3,10,10,
Steve Guttenberg,Anna Trebunskaya,Actor/Actress,New York,United States,49,6,Eliminated Week 3,10,11,
Brooke Burke,Derek Hough,TV Personality,Connecticut,United States,37,7,1st Place,1,1,8.1667
Brooke Burke,Derek Hough,TV Personality,Connecticut,United States,37,7,1st Place,1,2,8.0
Brooke Burke,Derek Hough,TV Personality,Connecticut,United States,37,7,1st Place,1,3,9.3333
Brooke Burke,Derek Hough,TV Personality,Connecticut,United States,37,7,1st Place,1,4,8.6667
Brooke Burke,Derek Hough,TV Personality,Connecticut,United States,37,7,1st Place,1,5,9.6667
Brooke Burke,Derek Hough,TV Personality,Connecticut,United States,37,7,1st Place,1,6,8.6667
Brooke Burke,Derek Hough,TV Personality,Connecticut,United States,37,7,1st Place,1,7,10.0
Brooke Burke,Derek Hough,TV Personality,Connecticut,United States,37,7,1st Place,1,8,9.1667
Brooke Burke,Derek Hough,TV Personality,Connecticut,United States,37,7,1st Place,1,9,8.1667
Brooke Burke,Derek Hough,TV Personality,Connecticut,United States,37,7,1st Place,1,10,10.0
Brooke Burke,Derek Hough,TV Personality,Connecticut,United States,37,7,1st Place,1,11,
Cloris Leachman,Corky Ballas,Actor/Actress,Iowa,United States,82,7,Eliminated Week 6,7,1,5.3333
Cloris Leachman,Corky Ballas,Actor/Actress,Iowa,United States,82,7,Eliminated Week 6,7,2,5.0
Cloris Leachman,Corky Ballas,Actor/Actress,Iowa,United States,82,7,Eliminated Week 6,7,3,5.3333
Cloris Leachman,Corky Ballas,Actor/Actress,Iowa,United States,82,7,Eliminated Week 6,7,4,7.3333
Cloris Leachman,Corky Ballas,Actor/Actress,Iowa,United States,82,7,Eliminated Week 6,7,5,7.0
Cloris Leachman,Corky Ballas,Actor/Actress,Iowa,United States,82,7,Eliminated Week 6,7,6,5.0
Cloris Leachman,Corky Ballas,Actor/Actress,Iowa,United States,82,7,Eliminated Week 6,7,7,
Cloris Leachman,Corky Ballas,Actor/Actress,Iowa,United States,82,7,Eliminated Week 6,7,8,
Cloris Leachman,Corky Ballas,Actor/Actress,Iowa,United States,82,7,Eliminated Week 6,7,9,
Cloris Leachman,Corky Ballas,Actor/Actress,Iowa,United States,82,7,Eliminated Week 6,7,10,
Cloris Leachman,Corky Ballas,Actor/Actress,Iowa,United States,82,7,Eliminated Week 6,7,11,
Cody Linley,Julianne Hough,Actor/Actress,Texas,United States,18,7,Eliminated Week 9,4,1,6.8333
Cody Linley,Julianne Hough,Actor/Actress,Texas,United States,18,7,Eliminated Week 9,4,2,7.0
Cody Linley,Julianne Hough,Actor/Actress,Texas,United States,18,7,Eliminated Week 9,4,3,7.0
Cody Linley,Julianne Hough,Actor/Actress,Texas,United States,18,7,Eliminated Week 9,4,4,7.6667
Cody Linley,Julianne Hough,Actor/Actress,Texas,United States,18,7,Eliminated Week 9,4,5,9.3333
Cody Linley,Julianne Hough,Actor/Actress,Texas,United States,18,7,Eliminated Week 9,4,6,7.6667
Cody Linley,Julianne Hough,Actor/Actress,Texas,United States,18,7,Eliminated Week 9,4,7,7.3333
Cody Linley,Julianne Hough,Actor/Actress,Texas,United States,18,7,Eliminated Week 9,4,8,8.0
Cody Linley,Julianne Hough,Actor/Actress,Texas,United States,18,7,Eliminated Week 9,4,9,7.6667
Cody Linley,Julianne Hough,Actor/Actress,Texas,United States,18,7,Eliminated Week 9,4,10,
Cody Linley,Julianne Hough,Actor/Actress,Texas,United States,18,7,Eliminated Week 9,4,11,
Jeffrey Ross,Edyta Sliwinska,Comedian,New Jersey,United States,43,7,Eliminated Week 1,13,1,4.0
Jeffrey Ross,Edyta Sliwinska,Comedian,New Jersey,United States,43,7,Eliminated Week 1,13,2,
Jeffrey Ross,Edyta Sliwinska,Comedian,New Jersey,United States,43,7,Eliminated Week 1,13,3,
Jeffrey Ross,Edyta Sliwinska,Comedian,New Jersey,United States,43,7,Eliminated Week 1,13,4,
Jeffrey Ross,Edyta Sliwinska,Comedian,New Jersey,United States,43,7,Eliminated Week 1,13,5,
Jeffrey Ross,Edyta Sliwinska,Comedian,New Jersey,United States,43,7,Eliminated Week 1,13,6,
Jeffrey Ross,Edyta Sliwinska,Comedian,New Jersey,United States,43,7,Eliminated Week 1,13,7,
Jeffrey Ross,Edyta Sliwinska,Comedian,New Jersey,United States,43,7,Eliminated Week 1,13,8,
Jeffrey Ross,Edyta Sliwinska,Comedian,New Jersey,United States,43,7,Eliminated Week 1,13,9,
Jeffrey Ross,Edyta Sliwinska,Comedian,New Jersey,United States,43,7,Eliminated Week 1,13,10,
Jeffrey Ross,Edyta Sliwinska,Comedian,New Jersey,United States,43,7,Eliminated Week 1,13,11,
Kim Kardashian,Mark Ballas,TV Personality,California,United States,27,7,Eliminated Week 2,11,1,6.1667
Kim Kardashian,Mark Ballas,TV Personality,California,United States,27,7,Eliminated Week 2,11,2,5.6667
Kim Kardashian,Mark Ballas,TV Personality,California,United States,27,7,Eliminated Week 2,11,3,
Kim Kardashian,Mark Ballas,TV Personality,California,United States,27,7,Eliminated Week 2,11,4,
Kim Kardashian,Mark Ballas,TV Personality,California,United States,27,7,Eliminated Week 2,11,5,
Kim Kardashian,Mark Ballas,TV Personality,California,United States,27,7,Eliminated Week 2,11,6,
Kim Kardashian,Mark Ballas,TV Personality,California,United States,27,7,Eliminated Week 2,11,7,
Kim Kardashian,Mark Ballas,TV Personality,California,United States,27,7,Eliminated Week 2,11,8,
Kim Kardashian,Mark Ballas,TV Personality,California,United States,27,7,Eliminated Week 2,11,9,
Kim Kardashian,Mark Ballas,TV Personality,California,United States,27,7,Eliminated Week 2,11,10,
Kim Kardashian,Mark Ballas,TV Personality,California,United States,27,7,Eliminated Week 2,11,11,
Lance Bass,Lacey Schwimmer,Singer/Rapper,Mississippi,United States,29,7,3rd Place,3,1,7.1667
Lance Bass,Lacey Schwimmer,Singer/Rapper,Mississippi,United States,29,7,3rd Place,3,2,6.6667
Lance Bass,Lacey Schwimmer,Singer/Rapper,Mississippi,United States,29,7,3rd Place,3,3,7.3333
Lance Bass,Lacey Schwimmer,Singer/Rapper,Mississippi,United States,29,7,3rd Place,3,4,8.6667
Lance Bass,Lacey Schwimmer,Singer/Rapper,Mississippi,United States,29,7,3rd Place,3,5,7.0
Lance Bass,Lacey Schwimmer,Singer/Rapper,Mississippi,United States,29,7,3rd Place,3,6,9.0
Lance Bass,Lacey Schwimmer,Singer/Rapper,Mississippi,United States,29,7,3rd Place,3,7,8.3333
Lance Bass,Lacey Schwimmer,Singer/Rapper,Mississippi,United States,29,7,3rd Place,3,8,8.3333
Lance Bass,Lacey Schwimmer,Singer/Rapper,Mississippi,United States,29,7,3rd Place,3,9,9.5
Lance Bass,Lacey Schwimmer,Singer/Rapper,Mississippi,United States,29,7,3rd Place,3,10,9.1667
Lance Bass,Lacey Schwimmer,Singer/Rapper,Mississippi,United States,29,7,3rd Place,3,11,
Maurice Greene,Cheryl Burke,Athlete,Kansas,United States,34,7,Eliminated Week 8,5,1,6.5
Maurice Greene,Cheryl Burke,Athlete,Kansas,United States,34,7,Eliminated Week 8,5,2,6.3333
Maurice Greene,Cheryl Burke,Athlete,Kansas,United States,34,7,Eliminated Week 8,5,3,8.0
Maurice Greene,Cheryl Burke,Athlete,Kansas,United States,34,7,Eliminated Week 8,5,4,6.6667
Maurice Greene,Cheryl Burke,Athlete,Kansas,United States,34,7,Eliminated Week 8,5,5,9.0
Maurice Greene,Cheryl Burke,Athlete,Kansas,United States,34,7,Eliminated Week 8,5,6,7.0
Maurice Greene,Cheryl Burke,Athlete,Kansas,United States,34,7,Eliminated Week 8,5,7,8.3333
Maurice Greene,Cheryl Burke,Athlete,Kansas,United States,34,7,Eliminated Week 8,5,8,8.0
Maurice Greene,Cheryl Burke,Athlete,Kansas,United States,34,7,Eliminated Week 8,5,9,
Maurice Greene,Cheryl Burke,Athlete,Kansas,United States,34,7,Eliminated Week 8,5,10,
Maurice Greene,Cheryl Burke,Athlete,Kansas,United States,34,7,Eliminated Week 8,5,11,
Misty May-Treanor,Maksim Chmerkoskiy,Athlete,California,United States,31,7,Withdrew,10,1,7.0
Misty May-Treanor,Maksim Chmerkoskiy,Athlete,California,United States,31,7,Withdrew,10,2,7.0
Misty May-Treanor,Maksim Chmerkoskiy,Athlete,California,United States,31,7,Withdrew,10,3,
Misty May-Treanor,Maksim Chmerkoskiy,Athlete,California,United States,31,7,Withdrew,10,4,
Misty May-Treanor,Maksim Chmerkoskiy,Athlete,California,United States,31,7,Withdrew,10,5,
Misty May-Treanor,Maksim Chmerkoskiy,Athlete,California,United States,31,7,Withdrew,10,6,
Misty May-Treanor,Maksim Chmerkoskiy,Athlete,California,United States,31,7,Withdrew,10,7,
Misty May-Treanor,Maksim Chmerkoskiy,Athlete,California,United States,31,7,Withdrew,10,8,
Misty May-Treanor,Maksim Chmerkoskiy,Athlete,California,United States,31,7,Withdrew,10,9,
Misty May-Treanor,Maksim Chmerkoskiy,Athlete,California,United States,31,7,Withdrew,10,10,
Misty May-Treanor,Maksim Chmerkoskiy,Athlete,California,United States,31,7,Withdrew,10,11,
Rocco DiSpirito,Karina Smirnoff,TV Personality,New York,United States,41,7,Eliminated Week 4,9,1,5.8333
Rocco DiSpirito,Karina Smirnoff,TV Personality,New York,United States,41,7,Eliminated Week 4,9,2,5.3333
Rocco DiSpirito,Karina Smirnoff,TV Personality,New York,United States,41,7,Eliminated Week 4,9,3,6.6667
Rocco DiSpirito,Karina Smirnoff,TV Personality,New York,United States,41,7,Eliminated Week 4,9,4,6.0
Rocco DiSpirito,Karina Smirnoff,TV Personality,New York,United States,41,7,Eliminated Week 4,9,5,
Rocco DiSpirito,Karina Smirnoff,TV Personality,New York,United States,41,7,Eliminated Week 4,9,6,
Rocco DiSpirito,Karina Smirnoff,TV Personality,New York,United States,41,7,Eliminated Week 4,9,7,
Rocco DiSpirito,Karina Smirnoff,TV Personality,New York,United States,41,7,Eliminated Week 4,9,8,
Rocco DiSpirito,Karina Smirnoff,TV Personality,New York,United States,41,7,Eliminated Week 4,9,9,
Rocco DiSpirito,Karina Smirnoff,TV Personality,New York,United States,41,7,Eliminated Week 4,9,10,
Rocco DiSpirito,Karina Smirnoff,TV Personality,New York,United States,41,7,Eliminated Week 4,9,11,
Susan Lucci,Tony Dovolani,Actor/Actress,New York,United States,61,7,Eliminated Week 7,6,1,6.1667
Susan Lucci,Tony Dovolani,Actor/Actress,New York,United States,61,7,Eliminated Week 7,6,2,7.0
Susan Lucci,Tony Dovolani,Actor/Actress,New York,United States,61,7,Eliminated Week 7,6,3,7.0
Susan Lucci,Tony Dovolani,Actor/Actress,New York,United States,61,7,Eliminated Week 7,6,4,8.0
Susan Lucci,Tony Dovolani,Actor/Actress,New York,United States,61,7,Eliminated Week 7,6,5,7.3333
Susan Lucci,Tony Dovolani,Actor/Actress,New York,United States,61,7,Eliminated Week 7,6,6,7.6667
Susan Lucci,Tony Dovolani,Actor/Actress,New York,United States,61,7,Eliminated Week 7,6,7,8.0
Susan Lucci,Tony Dovolani,Actor/Actress,New York,United States,61,7,Eliminated Week 7,6,8,
Susan Lucci,Tony Dovolani,Actor/Actress,New York,United States,61,7,Eliminated Week 7,6,9,
Susan Lucci,Tony Dovolani,Actor/Actress,New York,United States,61,7,Eliminated Week 7,6,10,
Susan Lucci,Tony Dovolani,Actor/Actress,New York,United States,61,7,Eliminated Week 7,6,11,
Ted McGinley,Inna Brayer,Actor/Actress,California,United States,50,7,Eliminated Week 1,12,1,6.1667
Ted McGinley,Inna Brayer,Actor/Actress,California,United States,50,7,Eliminated Week 1,12,2,
Ted McGinley,Inna Brayer,Actor/Actress,California,United States,50,7,Eliminated Week 1,12,3,
Ted McGinley,Inna Brayer,Actor/Actress,California,United States,50,7,Eliminated Week 1,12,4,
Ted McGinley,Inna Brayer,Actor/Actress,California,United States,50,7,Eliminated Week 1,12,5,
Ted McGinley,Inna Brayer,Actor/Actress,California,United States,50,7,Eliminated Week 1,12,6,
Ted McGinley,Inna Brayer,Actor/Actress,California,United States,50,7,Eliminated Week 1,12,7,
Ted McGinley,Inna Brayer,Actor/Actress,California,United States,50,7,Eliminated Week 1,12,8,
Ted McGinley,Inna Brayer,Actor/Actress,California,United States,50,7,Eliminated Week 1,12,9,
Ted McGinley,Inna Brayer,Actor/Actress,California,United States,50,7,Eliminated Week 1,12,10,
Ted McGinley,Inna Brayer,Actor/Actress,California,United States,50,7,Eliminated Week 1,12,11,
Toni Braxton,Alec Mazo,Singer/Rapper,Maryland,United States,40,7,Eliminated Week 5,8,1,7.5
Toni Braxton,Alec Mazo,Singer/Rapper,Maryland,United States,40,7,Eliminated Week 5,8,2,7.6667
Toni Braxton,Alec Mazo,Singer/Rapper,Maryland,United States,40,7,Eliminated Week 5,8,3,7.3333
Toni Braxton,Alec Mazo,Singer/Rapper,Maryland,United States,40,7,Eliminated Week 5,8,4,7.3333
Toni Braxton,Alec Mazo,Singer/Rapper,Maryland,United States,40,7,Eliminated Week 5,8,5,7.3333
Toni Braxton,Alec Mazo,Singer/Rapper,Maryland,United States,40,7,Eliminated Week 5,8,6,
Toni Braxton,Alec Mazo,Singer/Rapper,Maryland,United States,40,7,Eliminated Week 5,8,7,
Toni Braxton,Alec Mazo,Singer/Rapper,Maryland,United States,40,7,Eliminated Week 5,8,8,
Toni Braxton,Alec Mazo,Singer/Rapper,Maryland,United States,40,7,Eliminated Week 5,8,9,
Toni Braxton,Alec Mazo,Singer/Rapper,Maryland,United States,40,7,Eliminated Week 5,8,10,
Toni Braxton,Alec Mazo,Singer/Rapper,Maryland,United States,40,7,Eliminated Week 5,8,11,
Warren Sapp,Kym Johnson,Athlete,Florida,United States,35,7,2nd Place,2,1,7.1667
Warren Sapp,Kym Johnson,Athlete,Florida,United States,35,7,2nd Place,2,2,8.0
Warren Sapp,Kym Johnson,Athlete,Florida,United States,35,7,2nd Place,2,3,8.3333
Warren Sapp,Kym Johnson,Athlete,Florida,United States,35,7,2nd Place,2,4,7.3333
Warren Sapp,Kym Johnson,Athlete,Florida,United States,35,7,2nd Place,2,5,8.3333
Warren Sapp,Kym Johnson,Athlete,Florida,United States,35,7,2nd Place,2,6,8.3333
Warren Sapp,Kym Johnson,Athlete,Florida,United States,35,7,2nd Place,2,7,7.0
Warren Sapp,Kym Johnson,Athlete,Florida,United States,35,7,2nd Place,2,8,9.0
Warren Sapp,Kym Johnson,Athlete,Florida,United States,35,7,2nd Place,2,9,8.1667
Warren Sapp,Kym Johnson,Athlete,Florida,United States,35,7,2nd Place,2,10,9.1667
Warren Sapp,Kym Johnson,Athlete,Florida,United States,35,7,2nd Place,2,11,
Belinda Carlisle,Jonathan Roberts,Singer/Rapper,California,United States,50,8,Eliminated Week 2,13,1,5.6667
Belinda Carlisle,Jonathan Roberts,Singer/Rapper,California,United States,50,8,Eliminated Week 2,13,2,6.0
Belinda Carlisle,Jonathan Roberts,Singer/Rapper,California,United States,50,8,Eliminated Week 2,13,3,
Belinda Carlisle,Jonathan Roberts,Singer/Rapper,California,United States,50,8,Eliminated Week 2,13,4,
Belinda Carlisle,Jonathan Roberts,Singer/Rapper,California,United States,50,8,Eliminated Week 2,13,5,
Belinda Carlisle,Jonathan Roberts,Singer/Rapper,California,United States,50,8,Eliminated Week 2,13,6,
Belinda Carlisle,Jonathan Roberts,Singer/Rapper,California,United States,50,8,Eliminated Week 2,13,7,
Belinda Carlisle,Jonathan Roberts,Singer/Rapper,California,United States,50,8,Eliminated Week 2,13,8,
Belinda Carlisle,Jonathan Roberts,Singer/Rapper,California,United States,50,8,Eliminated Week 2,13,9,
Belinda Carlisle,Jonathan Roberts,Singer/Rapper,California,United States,50,8,Eliminated Week 2,13,10,
Belinda Carlisle,Jonathan Roberts,Singer/Rapper,California,United States,50,8,Eliminated Week 2,13,11,
Chuck Wicks,Julianne Hough,Singer/Rapper,Delaware,United States,29,8,Eliminated Week 8,6,1,6.6667
Chuck Wicks,Julianne Hough,Singer/Rapper,Delaware,United States,29,8,Eliminated Week 8,6,2,6.6667
Chuck Wicks,Julianne Hough,Singer/Rapper,Delaware,United States,29,8,Eliminated Week 8,6,3,7.6667
Chuck Wicks,Julianne Hough,Singer/Rapper,Delaware,United States,29,8,Eliminated Week 8,6,4,7.3333
Chuck Wicks,Julianne Hough,Singer/Rapper,Delaware,United States,29,8,Eliminated Week 8,6,5,7.6667
Chuck Wicks,Julianne Hough,Singer/Rapper,Delaware,United States,29,8,Eliminated Week 8,6,6,7.6667
Chuck Wicks,Julianne Hough,Singer/Rapper,Delaware,United States,29,8,Eliminated Week 8,6,7,9.0
Chuck Wicks,Julianne Hough,Singer/Rapper,Delaware,United States,29,8,Eliminated Week 8,6,8,8.5
Chuck Wicks,Julianne Hough,Singer/Rapper,Delaware,United States,29,8,Eliminated Week 8,6,9,
Chuck Wicks,Julianne Hough,Singer/Rapper,Delaware,United States,29,8,Eliminated Week 8,6,10,
Chuck Wicks,Julianne Hough,Singer/Rapper,Delaware,United States,29,8,Eliminated Week 8,6,11,
David Alan Grier,Kym Johnson,Actor/Actress,Michigan,United States,52,8,Eliminated Week 5,9,1,6.3333
David Alan Grier,Kym Johnson,Actor/Actress,Michigan,United States,52,8,Eliminated Week 5,9,2,5.6667
David Alan Grier,Kym Johnson,Actor/Actress,Michigan,United States,52,8,Eliminated Week 5,9,3,8.0
David Alan Grier,Kym Johnson,Actor/Actress,Michigan,United States,52,8,Eliminated Week 5,9,4,7.3333
David Alan Grier,Kym Johnson,Actor/Actress,Michigan,United States,52,8,Eliminated Week 5,9,5,7.3333
David Alan Grier,Kym Johnson,Actor/Actress,Michigan,United States,52,8,Eliminated Week 5,9,6,
David Alan Grier,Kym Johnson,Actor/Actress,Michigan,United States,52,8,Eliminated Week 5,9,7,
David Alan Grier,Kym Johnson,Actor/Actress,Michigan,United States,52,8,Eliminated Week 5,9,8,
David Alan Grier,Kym Johnson,Actor/Actress,Michigan,United States,52,8,Eliminated Week 5,9,9,
David Alan Grier,Kym Johnson,Actor/Actress,Michigan,United States,52,8,Eliminated Week 5,9,10,
David Alan Grier,Kym Johnson,Actor/Actress,Michigan,United States,52,8,Eliminated Week 5,9,11,
Denise Richards,Maksim Chmerkoskiy,Actor/Actress,Illinois,United States,38,8,Eliminated Week 3,12,1,6.0
Denise Richards,Maksim Chmerkoskiy,Actor/Actress,Illinois,United States,38,8,Eliminated Week 3,12,2,7.0
Denise Richards,Maksim Chmerkoskiy,Actor/Actress,Illinois,United States,38,8,Eliminated Week 3,12,3,5.3333
Denise Richards,Maksim Chmerkoskiy,Actor/Actress,Illinois,United States,38,8,Eliminated Week 3,12,4,
Denise Richards,Maksim Chmerkoskiy,Actor/Actress,Illinois,United States,38,8,Eliminated Week 3,12,5,
Denise Richards,Maksim Chmerkoskiy,Actor/Actress,Illinois,United States,38,8,Eliminated Week 3,12,6,
Denise Richards,Maksim Chmerkoskiy,Actor/Actress,Illinois,United States,38,8,Eliminated Week 3,12,7,
Denise Richards,Maksim Chmerkoskiy,Actor/Actress,Illinois,United States,38,8,Eliminated Week 3,12,8,
Denise Richards,Maksim Chmerkoskiy,Actor/Actress,Illinois,United States,38,8,Eliminated Week 3,12,9,
Denise Richards,Maksim Chmerkoskiy,Actor/Actress,Illinois,United States,38,8,Eliminated Week 3,12,10,
Denise Richards,Maksim Chmerkoskiy,Actor/Actress,Illinois,United States,38,8,Eliminated Week 3,12,11,
Gilles Marini,Cheryl Burke,Actor/Actress,France,France,33,8,2nd Place,2,1,8.0
Gilles Marini,Cheryl Burke,Actor/Actress,France,France,33,8,2nd Place,2,2,9.0
Gilles Marini,Cheryl Burke,Actor/Actress,France,France,33,8,2nd Place,2,3,9.0
Gilles Marini,Cheryl Burke,Actor/Actress,France,France,33,8,2nd Place,2,4,10.0
Gilles Marini,Cheryl Burke,Actor/Actress,France,France,33,8,2nd Place,2,5,9.6667
Gilles Marini,Cheryl Burke,Actor/Actress,France,France,33,8,2nd Place,2,6,8.6667
Gilles Marini,Cheryl Burke,Actor/Actress,France,France,33,8,2nd Place,2,7,9.0
Gilles Marini,Cheryl Burke,Actor/Actress,France,France,33,8,2nd Place,2,8,9.1667
Gilles Marini,Cheryl Burke,Actor/Actress,France,France,33,8,2nd Place,2,9,9.3333
Gilles Marini,Cheryl Burke,Actor/Actress,France,France,33,8,2nd Place,2,10,10.0
Gilles Marini,Cheryl Burke,Actor/Actress,France,France,33,8,2nd Place,2,11,9.6667
Holly Madison,Dmitry Chaplin,TV Personality,Oregon,United States,30,8,Eliminated Week 4,11,1,6.0
Holly Madison,Dmitry Chaplin,TV Personality,Oregon,United States,30,8,Eliminated Week 4,11,2,6.0
Holly Madison,Dmitry Chaplin,TV Personality,Oregon,United States,30,8,Eliminated Week 4,11,3,5.6667
Holly Madison,Dmitry Chaplin,TV Personality,Oregon,United States,30,8,Eliminated Week 4,11,4,5.3333
Holly Madison,Dmitry Chaplin,TV Personality,Oregon,United States,30,8,Eliminated Week 4,11,5,
Holly Madison,Dmitry Chaplin,TV Personality,Oregon,United States,30,8,Eliminated Week 4,11,6,
Holly Madison,Dmitry Chaplin,TV Personality,Oregon,United States,30,8,Eliminated Week 4,11,7,
Holly Madison,Dmitry Chaplin,TV Personality,Oregon,United States,30,8,Eliminated Week 4,11,8,
Holly Madison,Dmitry Chaplin,TV Personality,Oregon,United States,30,8,Eliminated Week 4,11,9,
Holly Madison,Dmitry Chaplin,TV Personality,Oregon,United States,30,8,Eliminated Week 4,11,10,
Holly Madison,Dmitry Chaplin,TV Personality,Oregon,United States,30,8,Eliminated Week 4,11,11,
Lawrence Taylor,Edyta Sliwinska,Athlete,Virginia,United States,50,8,Eliminated Week 7,7,1,5.3333
Lawrence Taylor,Edyta Sliwinska,Athlete,Virginia,United States,50,8,Eliminated Week 7,7,2,6.6667
Lawrence Taylor,Edyta Sliwinska,Athlete,Virginia,United States,50,8,Eliminated Week 7,7,3,6.6667
Lawrence Taylor,Edyta Sliwinska,Athlete,Virginia,United States,50,8,Eliminated Week 7,7,4,6.3333
Lawrence Taylor,Edyta Sliwinska,Athlete,Virginia,United States,50,8,Eliminated Week 7,7,5,6.6667
Lawrence Taylor,Edyta Sliwinska,Athlete,Virginia,United States,50,8,Eliminated Week 7,7,6,7.3333
Lawrence Taylor,Edyta Sliwinska,Athlete,Virginia,United States,50,8,Eliminated Week 7,7,7,7.0
Lawrence Taylor,Edyta Sliwinska,Athlete,Virginia,United States,50,8,Eliminated Week 7,7,8,
Lawrence Taylor,Edyta Sliwinska,Athlete,Virginia,United States,50,8,Eliminated Week 7,7,9,
Lawrence Taylor,Edyta Sliwinska,Athlete,Virginia,United States,50,8,Eliminated Week 7,7,10,
Lawrence Taylor,Edyta Sliwinska,Athlete,Virginia,United States,50,8,Eliminated Week 7,7,11,
Lil' Kim,Derek Hough,Singer/Rapper,New York,United States,34,8,Eliminated Week 9,5,1,7.0
Lil' Kim,Derek Hough,Singer/Rapper,New York,United States,34,8,Eliminated Week 9,5,2,7.6667
Lil' Kim,Derek Hough,Singer/Rapper,New York,United States,34,8,Eliminated Week 9,5,3,8.3333
Lil' Kim,Derek Hough,Singer/Rapper,New York,United States,34,8,Eliminated Week 9,5,4,9.0
Lil' Kim,Derek Hough,Singer/Rapper,New York,United States,34,8,Eliminated Week 9,5,5,8.6667
Lil' Kim,Derek Hough,Singer/Rapper,New York,United States,34,8,Eliminated Week 9,5,6,9.3333
Lil' Kim,Derek Hough,Singer/Rapper,New York,United States,34,8,Eliminated Week 9,5,7,8.6667
Lil' Kim,Derek Hough,Singer/Rapper,New York,United States,34,8,Eliminated Week 9,5,8,9.3333
Lil' Kim,Derek Hough,Singer/Rapper,New York,United States,34,8,Eliminated Week 9,5,9,8.6667
Lil' Kim,Derek Hough,Singer/Rapper,New York,United States,34,8,Eliminated Week 9,5,10,
Lil' Kim,Derek Hough,Singer/Rapper,New York,United States,34,8,Eliminated Week 9,5,11,
Melissa Rycroft,Tony Dovolani,TV Personality,Texas,United States,26,8,3rd Place,3,1,7.6667
Melissa Rycroft,Tony Dovolani,TV Personality,Texas,United States,26,8,3rd Place,3,2,8.6667
Melissa Rycroft,Tony Dovolani,TV Personality,Texas,United States,26,8,3rd Place,3,3,9.0
Melissa Rycroft,Tony Dovolani,TV Personality,Texas,United States,26,8,3rd Place,3,4,9.6667
Melissa Rycroft,Tony Dovolani,TV Personality,Texas,United States,26,8,3rd Place,3,5,8.3333
Melissa Rycroft,Tony Dovolani,TV Personality,Texas,United States,26,8,3rd Place,3,6,9.0
Melissa Rycroft,Tony Dovolani,TV Personality,Texas,United States,26,8,3rd Place,3,7,9.6667
Melissa Rycroft,Tony Dovolani,TV Personality,Texas,United States,26,8,3rd Place,3,8,7.6667
Melissa Rycroft,Tony Dovolani,TV Personality,Texas,United States,26,8,3rd Place,3,9,9.5
Melissa Rycroft,Tony Dovolani,TV Personality,Texas,United States,26,8,3rd Place,3,10,9.1667
Melissa Rycroft,Tony Dovolani,TV Personality,Texas,United States,26,8,3rd Place,3,11,9.5
Shawn Johnson,Mark Ballas,Athlete,Iowa,United States,17,8,1st Place,1,1,7.6667
Shawn Johnson,Mark Ballas,Athlete,Iowa,United States,17,8,1st Place,1,2,8.0
Shawn Johnson,Mark Ballas,Athlete,Iowa,United States,17,8,1st Place,1,3,9.0
Shawn Johnson,Mark Ballas,Athlete,Iowa,United States,17,8,1st Place,1,4,8.3333
Shawn Johnson,Mark Ballas,Athlete,Iowa,United States,17,8,1st Place,1,5,8.6667
Shawn Johnson,Mark Ballas,Athlete,Iowa,United States,17,8,1st Place,1,6,8.6667
Shawn Johnson,Mark Ballas,Athlete,Iowa,United States,17,8,1st Place,1,7,9.3333
Shawn Johnson,Mark Ballas,Athlete,Iowa,United States,17,8,1st Place,1,8,8.6667
Shawn Johnson,Mark Ballas,Athlete,Iowa,United States,17,8,1st Place,1,9,9.3333
Shawn Johnson,Mark Ballas,Athlete,Iowa,United States,17,8,1st Place,1,10,9.3333
Shawn Johnson,Mark Ballas,Athlete,Iowa,United States,17,8,1st Place,1,11,10.0
Steve Wozniak,Karina Smirnoff,Entrepreneur,California,United States,58,8,Eliminated Week 4,10,1,4.3333
Steve Wozniak,Karina Smirnoff,Entrepreneur,California,United States,58,8,Eliminated Week 4,10,2,5.6667
Steve Wozniak,Karina Smirnoff,Entrepreneur,California,United States,58,8,Eliminated Week 4,10,3,3.3333
Steve Wozniak,Karina Smirnoff,Entrepreneur,California,United States,58,8,Eliminated Week 4,10,4,4.0
Steve Wozniak,Karina Smirnoff,Entrepreneur,California,United States,58,8,Eliminated Week 4,10,5,
Steve Wozniak,Karina Smirnoff,Entrepreneur,California,United States,58,8,Eliminated Week 4,10,6,
Steve Wozniak,Karina Smirnoff,Entrepreneur,California,United States,58,8,Eliminated Week 4,10,7,
Steve Wozniak,Karina Smirnoff,Entrepreneur,California,United States,58,8,Eliminated Week 4,10,8,
Steve Wozniak,Karina Smirnoff,Entrepreneur,California,United States,58,8,Eliminated Week 4,10,9,
Steve Wozniak,Karina Smirnoff,Entrepreneur,California,United States,58,8,Eliminated Week 4,10,10,
Steve Wozniak,Karina Smirnoff,Entrepreneur,California,United States,58,8,Eliminated Week 4,10,11,
Steve-O,Lacey Schwimmer,TV Personality,England,England,34,8,Eliminated Week 6,8,1,5.6667
Steve-O,Lacey Schwimmer,TV Personality,England,England,34,8,Eliminated Week 6,8,2,4.6667
Steve-O,Lacey Schwimmer,TV Personality,England,England,34,8,Eliminated Week 6,8,3,5.0
Steve-O,Lacey Schwimmer,TV Personality,England,England,34,8,Eliminated Week 6,8,4,5.0
Steve-O,Lacey Schwimmer,TV Personality,England,England,34,8,Eliminated Week 6,8,5,6.0
Steve-O,Lacey Schwimmer,TV Personality,England,England,34,8,Eliminated Week 6,8,6,5.3333
Steve-O,Lacey Schwimmer,TV Personality,England,England,34,8,Eliminated Week 6,8,7,
Steve-O,Lacey Schwimmer,TV Personality,England,England,34,8,Eliminated Week 6,8,8,
Steve-O,Lacey Schwimmer,TV Personality,England,England,34,8,Eliminated Week 6,8,9,
Steve-O,Lacey Schwimmer,TV Personality,England,England,34,8,Eliminated Week 6,8,10,
Steve-O,Lacey Schwimmer,TV Personality,England,England,34,8,Eliminated Week 6,8,11,
Ty Murray,Chelsie Hightower,Athlete,Arizona,United States,39,8,Eliminated Week 10,4,1,4.6667
Ty Murray,Chelsie Hightower,Athlete,Arizona,United States,39,8,Eliminated Week 10,4,2,6.6667
Ty Murray,Chelsie Hightower,Athlete,Arizona,United States,39,8,Eliminated Week 10,4,3,7.6667
Ty Murray,Chelsie Hightower,Athlete,Arizona,United States,39,8,Eliminated Week 10,4,4,8.3333
Ty Murray,Chelsie Hightower,Athlete,Arizona,United States,39,8,Eliminated Week 10,4,5,7.0
Ty Murray,Chelsie Hightower,Athlete,Arizona,United States,39,8,Eliminated Week 10,4,6,6.0
Ty Murray,Chelsie Hightower,Athlete,Arizona,United States,39,8,Eliminated Week 10,4,7,8.0
Ty Murray,Chelsie Hightower,Athlete,Arizona,United States,39,8,Eliminated Week 10,4,8,8.6667
Ty Murray,Chelsie Hightower,Athlete,Arizona,United States,39,8,Eliminated Week 10,4,9,7.6667
Ty Murray,Chelsie Hightower,Athlete,Arizona,United States,39,8,Eliminated Week 10,4,10,8.0
Ty Murray,Chelsie Hightower,Athlete,Arizona,United States,39,8,Eliminated Week 10,4,11,
Aaron Carter,Karina Smirnoff,Singer/Rapper,Florida,United States,21,9,Eliminated Week 8,5,1,10.6666
Aaron Carter,Karina Smirnoff,Singer/Rapper,Florida,United States,21,9,Eliminated Week 8,5,2,9.0
Aaron Carter,Karina Smirnoff,Singer/Rapper,Florida,United States,21,9,Eliminated Week 8,5,3,7.0
Aaron Carter,Karina Smirnoff,Singer/Rapper,Florida,United States,21,9,Eliminated Week 8,5,4,6.0
Aaron Carter,Karina Smirnoff,Singer/Rapper,Florida,United States,21,9,Eliminated Week 8,5,5,8.0
Aaron Carter,Karina Smirnoff,Singer/Rapper,Florida,United States,21,9,Eliminated Week 8,5,6,10.9999
Aaron Carter,Karina Smirnoff,Singer/Rapper,Florida,United States,21,9,Eliminated Week 8,5,7,8.8333
Aaron Carter,Karina Smirnoff,Singer/Rapper,Florida,United States,21,9,Eliminated Week 8,5,8,8.3333
Aaron Carter,Karina Smirnoff,Singer/Rapper,Florida,United States,21,9,Eliminated Week 8,5,9,
Aaron Carter,Karina Smirnoff,Singer/Rapper,Florida,United States,21,9,Eliminated Week 8,5,10,
Aaron Carter,Karina Smirnoff,Singer/Rapper,Florida,United States,21,9,Eliminated Week 8,5,11,
Ashley Hamiliton,Edyta Sliwinska,Actor/Actress,California,United States,34,9,Eliminated Week 1,16,1,6.3333
Ashley Hamiliton,Edyta Sliwinska,Actor/Actress,California,United States,34,9,Eliminated Week 1,16,2,
Ashley Hamiliton,Edyta Sliwinska,Actor/Actress,California,United States,34,9,Eliminated Week 1,16,3,
Ashley Hamiliton,Edyta Sliwinska,Actor/Actress,California,United States,34,9,Eliminated Week 1,16,4,
Ashley Hamiliton,Edyta Sliwinska,Actor/Actress,California,United States,34,9,Eliminated Week 1,16,5,
Ashley Hamiliton,Edyta Sliwinska,Actor/Actress,California,United States,34,9,Eliminated Week 1,16,6,
Ashley Hamiliton,Edyta Sliwinska,Actor/Actress,California,United States,34,9,Eliminated Week 1,16,7,
Ashley Hamiliton,Edyta Sliwinska,Actor/Actress,California,United States,34,9,Eliminated Week 1,16,8,
Ashley Hamiliton,Edyta Sliwinska,Actor/Actress,California,United States,34,9,Eliminated Week 1,16,9,
Ashley Hamiliton,Edyta Sliwinska,Actor/Actress,California,United States,34,9,Eliminated Week 1,16,10,
Ashley Hamiliton,Edyta Sliwinska,Actor/Actress,California,United States,34,9,Eliminated Week 1,16,11,
Chuck Liddell,Anna Trebunskaya,Athlete,California,United States,39,9,Eliminated Week 4,11,1,7.3333
Chuck Liddell,Anna Trebunskaya,Athlete,California,United States,39,9,Eliminated Week 4,11,2,6.3333
Chuck Liddell,Anna Trebunskaya,Athlete,California,United States,39,9,Eliminated Week 4,11,3,5.6667
Chuck Liddell,Anna Trebunskaya,Athlete,California,United States,39,9,Eliminated Week 4,11,4,5.6667
Chuck Liddell,Anna Trebunskaya,Athlete,California,United States,39,9,Eliminated Week 4,11,5,
Chuck Liddell,Anna Trebunskaya,Athlete,California,United States,39,9,Eliminated Week 4,11,6,
Chuck Liddell,Anna Trebunskaya,Athlete,California,United States,39,9,Eliminated Week 4,11,7,
Chuck Liddell,Anna Trebunskaya,Athlete,California,United States,39,9,Eliminated Week 4,11,8,
Chuck Liddell,Anna Trebunskaya,Athlete,California,United States,39,9,Eliminated Week 4,11,9,
Chuck Liddell,Anna Trebunskaya,Athlete,California,United States,39,9,Eliminated Week 4,11,10,
Chuck Liddell,Anna Trebunskaya,Athlete,California,United States,39,9,Eliminated Week 4,11,11,
Debi Mazar,Maksim Chmerkoskiy,Actor/Actress,New York,United States,45,9,Eliminated Week 3,12,1,7.3333
Debi Mazar,Maksim Chmerkoskiy,Actor/Actress,New York,United States,45,9,Eliminated Week 3,12,2,7.0
Debi Mazar,Maksim Chmerkoskiy,Actor/Actress,New York,United States,45,9,Eliminated Week 3,12,3,5.6667
Debi Mazar,Maksim Chmerkoskiy,Actor/Actress,New York,United States,45,9,Eliminated Week 3,12,4,
Debi Mazar,Maksim Chmerkoskiy,Actor/Actress,New York,United States,45,9,Eliminated Week 3,12,5,
Debi Mazar,Maksim Chmerkoskiy,Actor/Actress,New York,United States,45,9,Eliminated Week 3,12,6,
Debi Mazar,Maksim Chmerkoskiy,Actor/Actress,New York,United States,45,9,Eliminated Week 3,12,7,
Debi Mazar,Maksim Chmerkoskiy,Actor/Actress,New York,United States,45,9,Eliminated Week 3,12,8,
Debi Mazar,Maksim Chmerkoskiy,Actor/Actress,New York,United States,45,9,Eliminated Week 3,12,9,
Debi Mazar,Maksim Chmerkoskiy,Actor/Actress,New York,United States,45,9,Eliminated Week 3,12,10,
Debi Mazar,Maksim Chmerkoskiy,Actor/Actress,New York,United States,45,9,Eliminated Week 3,12,11,
Donny Osmond,Kym Johnson,Singer/Rapper,Utah,United States,51,9,1st Place,1,1,10.0
Donny Osmond,Kym Johnson,Singer/Rapper,Utah,United States,51,9,1st Place,1,2,8.3333
Donny Osmond,Kym Johnson,Singer/Rapper,Utah,United States,51,9,1st Place,1,3,7.0
Donny Osmond,Kym Johnson,Singer/Rapper,Utah,United States,51,9,1st Place,1,4,8.0
Donny Osmond,Kym Johnson,Singer/Rapper,Utah,United States,51,9,1st Place,1,5,9.6667
Donny Osmond,Kym Johnson,Singer/Rapper,Utah,United States,51,9,1st Place,1,6,10.3333
Donny Osmond,Kym Johnson,Singer/Rapper,Utah,United States,51,9,1st Place,1,7,8.6667
Donny Osmond,Kym Johnson,Singer/Rapper,Utah,United States,51,9,1st Place,1,8,8.3333
Donny Osmond,Kym Johnson,Singer/Rapper,Utah,United States,51,9,1st Place,1,9,8.2222
Donny Osmond,Kym Johnson,Singer/Rapper,Utah,United States,51,9,1st Place,1,10,9.6666
Donny Osmond,Kym Johnson,Singer/Rapper,Utah,United States,51,9,1st Place,1,11,
Joanna Krupa,Derek Hough,Model,Poland,Poland,30,9,Eliminated Week 9,4,1,11.3333
Joanna Krupa,Derek Hough,Model,Poland,Poland,30,9,Eliminated Week 9,4,2,6.6667
Joanna Krupa,Derek Hough,Model,Poland,Poland,30,9,Eliminated Week 9,4,3,7.6667
Joanna Krupa,Derek Hough,Model,Poland,Poland,30,9,Eliminated Week 9,4,4,8.6667
Joanna Krupa,Derek Hough,Model,Poland,Poland,30,9,Eliminated Week 9,4,5,8.0
Joanna Krupa,Derek Hough,Model,Poland,Poland,30,9,Eliminated Week 9,4,6,12.0
Joanna Krupa,Derek Hough,Model,Poland,Poland,30,9,Eliminated Week 9,4,7,9.1667
Joanna Krupa,Derek Hough,Model,Poland,Poland,30,9,Eliminated Week 9,4,8,8.6667
Joanna Krupa,Derek Hough,Model,Poland,Poland,30,9,Eliminated Week 9,4,9,9.0
Joanna Krupa,Derek Hough,Model,Poland,Poland,30,9,Eliminated Week 9,4,10,
Joanna Krupa,Derek Hough,Model,Poland,Poland,30,9,Eliminated Week 9,4,11,
Kathy Ireland,Tony Dovolani,Model,California,United States,46,9,Eliminated Week 2,14,1,6.6666
Kathy Ireland,Tony Dovolani,Model,California,United States,46,9,Eliminated Week 2,14,2,6.0
Kathy Ireland,Tony Dovolani,Model,California,United States,46,9,Eliminated Week 2,14,3,
Kathy Ireland,Tony Dovolani,Model,California,United States,46,9,Eliminated Week 2,14,4,
Kathy Ireland,Tony Dovolani,Model,California,United States,46,9,Eliminated Week 2,14,5,
Kathy Ireland,Tony Dovolani,Model,California,United States,46,9,Eliminated Week 2,14,6,
Kathy Ireland,Tony Dovolani,Model,California,United States,46,9,Eliminated Week 2,14,7,
Kathy Ireland,Tony Dovolani,Model,California,United States,46,9,Eliminated Week 2,14,8,
Kathy Ireland,Tony Dovolani,Model,California,United States,46,9,Eliminated Week 2,14,9,
Kathy Ireland,Tony Dovolani,Model,California,United States,46,9,Eliminated Week 2,14,10,
Kathy Ireland,Tony Dovolani,Model,California,United States,46,9,Eliminated Week 2,14,11,
Kelly Osbourne,Louis van Amstel,TV Personality,England,England,24,9,3rd Place,3,1,10.3333
Kelly Osbourne,Louis van Amstel,TV Personality,England,England,24,9,3rd Place,3,2,6.3333
Kelly Osbourne,Louis van Amstel,TV Personality,England,England,24,9,3rd Place,3,3,6.6667
Kelly Osbourne,Louis van Amstel,TV Personality,England,England,24,9,3rd Place,3,4,7.6667
Kelly Osbourne,Louis van Amstel,TV Personality,England,England,24,9,3rd Place,3,5,8.0
Kelly Osbourne,Louis van Amstel,TV Personality,England,England,24,9,3rd Place,3,6,8.3333
Kelly Osbourne,Louis van Amstel,TV Personality,England,England,24,9,3rd Place,3,7,8.6667
Kelly Osbourne,Louis van Amstel,TV Personality,England,England,24,9,3rd Place,3,8,8.5
Kelly Osbourne,Louis van Amstel,TV Personality,England,England,24,9,3rd Place,3,9,8.6666
Kelly Osbourne,Louis van Amstel,TV Personality,England,England,24,9,3rd Place,3,10,8.4074
Kelly Osbourne,Louis van Amstel,TV Personality,England,England,24,9,3rd Place,3,11,
Louie Vito,Chelsie Hightower,Athlete,Ohio,United States,21,9,Eliminated Week 6,8,1,8.9999
Louie Vito,Chelsie Hightower,Athlete,Ohio,United States,21,9,Eliminated Week 6,8,2,6.3333
Louie Vito,Chelsie Hightower,Athlete,Ohio,United States,21,9,Eliminated Week 6,8,3,6.6667
Louie Vito,Chelsie Hightower,Athlete,Ohio,United States,21,9,Eliminated Week 6,8,4,5.3333
Louie Vito,Chelsie Hightower,Athlete,Ohio,United States,21,9,Eliminated Week 6,8,5,7.3333
Louie Vito,Chelsie Hightower,Athlete,Ohio,United States,21,9,Eliminated Week 6,8,6,8.0
Louie Vito,Chelsie Hightower,Athlete,Ohio,United States,21,9,Eliminated Week 6,8,7,
Louie Vito,Chelsie Hightower,Athlete,Ohio,United States,21,9,Eliminated Week 6,8,8,
Louie Vito,Chelsie Hightower,Athlete,Ohio,United States,21,9,Eliminated Week 6,8,9,
Louie Vito,Chelsie Hightower,Athlete,Ohio,United States,21,9,Eliminated Week 6,8,10,
Louie Vito,Chelsie Hightower,Athlete,Ohio,United States,21,9,Eliminated Week 6,8,11,
Macy Gray,Jonathan Roberts,Singer/Rapper,Ohio,United States,42,9,Eliminated Week 1,15,1,6.3333
Macy Gray,Jonathan Roberts,Singer/Rapper,Ohio,United States,42,9,Eliminated Week 1,15,2,
Macy Gray,Jonathan Roberts,Singer/Rapper,Ohio,United States,42,9,Eliminated Week 1,15,3,
Macy Gray,Jonathan Roberts,Singer/Rapper,Ohio,United States,42,9,Eliminated Week 1,15,4,
Macy Gray,Jonathan Roberts,Singer/Rapper,Ohio,United States,42,9,Eliminated Week 1,15,5,
Macy Gray,Jonathan Roberts,Singer/Rapper,Ohio,United States,42,9,Eliminated Week 1,15,6,
Macy Gray,Jonathan Roberts,Singer/Rapper,Ohio,United States,42,9,Eliminated Week 1,15,7,
Macy Gray,Jonathan Roberts,Singer/Rapper,Ohio,United States,42,9,Eliminated Week 1,15,8,
Macy Gray,Jonathan Roberts,Singer/Rapper,Ohio,United States,42,9,Eliminated Week 1,15,9,
Macy Gray,Jonathan Roberts,Singer/Rapper,Ohio,United States,42,9,Eliminated Week 1,15,10,
Macy Gray,Jonathan Roberts,Singer/Rapper,Ohio,United States,42,9,Eliminated Week 1,15,11,
Mark Dacascos,Lacey Schwimmer,Actor/Actress,Hawaii,United States,45,9,Eliminated Week 7,6,1,9.6666
Mark Dacascos,Lacey Schwimmer,Actor/Actress,Hawaii,United States,45,9,Eliminated Week 7,6,2,7.0
Mark Dacascos,Lacey Schwimmer,Actor/Actress,Hawaii,United States,45,9,Eliminated Week 7,6,3,6.0
Mark Dacascos,Lacey Schwimmer,Actor/Actress,Hawaii,United States,45,9,Eliminated Week 7,6,4,7.3333
Mark Dacascos,Lacey Schwimmer,Actor/Actress,Hawaii,United States,45,9,Eliminated Week 7,6,5,8.6667
Mark Dacascos,Lacey Schwimmer,Actor/Actress,Hawaii,United States,45,9,Eliminated Week 7,6,6,10.6667
Mark Dacascos,Lacey Schwimmer,Actor/Actress,Hawaii,United States,45,9,Eliminated Week 7,6,7,7.1667
Mark Dacascos,Lacey Schwimmer,Actor/Actress,Hawaii,United States,45,9,Eliminated Week 7,6,8,
Mark Dacascos,Lacey Schwimmer,Actor/Actress,Hawaii,United States,45,9,Eliminated Week 7,6,9,
Mark Dacascos,Lacey Schwimmer,Actor/Actress,Hawaii,United States,45,9,Eliminated Week 7,6,10,
Mark Dacascos,Lacey Schwimmer,Actor/Actress,Hawaii,United States,45,9,Eliminated Week 7,6,11,
Melissa Joan Hart,Mark Ballas,Actor/Actress,New York,United States,33,9,Eliminated Week 6,9,1,8.0
Melissa Joan Hart,Mark Ballas,Actor/Actress,New York,United States,33,9,Eliminated Week 6,9,2,6.3333
Melissa Joan Hart,Mark Ballas,Actor/Actress,New York,United States,33,9,Eliminated Week 6,9,3,6.3333
Melissa Joan Hart,Mark Ballas,Actor/Actress,New York,United States,33,9,Eliminated Week 6,9,4,9.3333
Melissa Joan Hart,Mark Ballas,Actor/Actress,New York,United States,33,9,Eliminated Week 6,9,5,7.6667
Melissa Joan Hart,Mark Ballas,Actor/Actress,New York,United States,33,9,Eliminated Week 6,9,6,8.0
Melissa Joan Hart,Mark Ballas,Actor/Actress,New York,United States,33,9,Eliminated Week 6,9,7,
Melissa Joan Hart,Mark Ballas,Actor/Actress,New York,United States,33,9,Eliminated Week 6,9,8,
Melissa Joan Hart,Mark Ballas,Actor/Actress,New York,United States,33,9,Eliminated Week 6,9,9,
Melissa Joan Hart,Mark Ballas,Actor/Actress,New York,United States,33,9,Eliminated Week 6,9,10,
Melissa Joan Hart,Mark Ballas,Actor/Actress,New York,United States,33,9,Eliminated Week 6,9,11,
Michael Irvin,Anna Demidova,Athlete,Florida,United States,43,9,Eliminated Week 7,7,1,6.3333
Michael Irvin,Anna Demidova,Athlete,Florida,United States,43,9,Eliminated Week 7,7,2,6.6667
Michael Irvin,Anna Demidova,Athlete,Florida,United States,43,9,Eliminated Week 7,7,3,4.6667
Michael Irvin,Anna Demidova,Athlete,Florida,United States,43,9,Eliminated Week 7,7,4,5.3333
Michael Irvin,Anna Demidova,Athlete,Florida,United States,43,9,Eliminated Week 7,7,5,7.0
Michael Irvin,Anna Demidova,Athlete,Florida,United States,43,9,Eliminated Week 7,7,6,7.3333
Michael Irvin,Anna Demidova,Athlete,Florida,United States,43,9,Eliminated Week 7,7,7,7.8333
Michael Irvin,Anna Demidova,Athlete,Florida,United States,43,9,Eliminated Week 7,7,8,
Michael Irvin,Anna Demidova,Athlete,Florida,United States,43,9,Eliminated Week 7,7,9,
Michael Irvin,Anna Demidova,Athlete,Florida,United States,43,9,Eliminated Week 7,7,10,
Michael Irvin,Anna Demidova,Athlete,Florida,United States,43,9,Eliminated Week 7,7,11,
Mya,Dmitry Chaplin,Singer/Rapper,Washington D.C.,United States,29,9,2nd Place,2,1,10.3333
Mya,Dmitry Chaplin,Singer/Rapper,Washington D.C.,United States,29,9,2nd Place,2,2,9.0
Mya,Dmitry Chaplin,Singer/Rapper,Washington D.C.,United States,29,9,2nd Place,2,3,9.0
Mya,Dmitry Chaplin,Singer/Rapper,Washington D.C.,United States,29,9,2nd Place,2,4,9.3333
Mya,Dmitry Chaplin,Singer/Rapper,Washington D.C.,United States,29,9,2nd Place,2,5,9.0
Mya,Dmitry Chaplin,Singer/Rapper,Washington D.C.,United States,29,9,2nd Place,2,6,11.0
Mya,Dmitry Chaplin,Singer/Rapper,Washington D.C.,United States,29,9,2nd Place,2,7,8.1667
Mya,Dmitry Chaplin,Singer/Rapper,Washington D.C.,United States,29,9,2nd Place,2,8,9.8333
Mya,Dmitry Chaplin,Singer/Rapper,Washington D.C.,United States,29,9,2nd Place,2,9,9.6666
Mya,Dmitry Chaplin,Singer/Rapper,Washington D.C.,United States,29,9,2nd Place,2,10,9.4444
Mya,Dmitry Chaplin,Singer/Rapper,Washington D.C.,United States,29,9,2nd Place,2,11,
Natalie Coughlin,Alec Mazo,Athlete,California,United States,27,9,Eliminated Week 5,10,1,8.9999
Natalie Coughlin,Alec Mazo,Athlete,California,United States,27,9,Eliminated Week 5,10,2,7.0
Natalie Coughlin,Alec Mazo,Athlete,California,United States,27,9,Eliminated Week 5,10,3,8.6667
Natalie Coughlin,Alec Mazo,Athlete,California,United States,27,9,Eliminated Week 5,10,4,8.0
Natalie Coughlin,Alec Mazo,Athlete,California,United States,27,9,Eliminated Week 5,10,5,7.3333
Natalie Coughlin,Alec Mazo,Athlete,California,United States,27,9,Eliminated Week 5,10,6,
Natalie Coughlin,Alec Mazo,Athlete,California,United States,27,9,Eliminated Week 5,10,7,
Natalie Coughlin,Alec Mazo,Athlete,California,United States,27,9,Eliminated Week 5,10,8,
Natalie Coughlin,Alec Mazo,Athlete,California,United States,27,9,Eliminated Week 5,10,9,
Natalie Coughlin,Alec Mazo,Athlete,California,United States,27,9,Eliminated Week 5,10,10,
Natalie Coughlin,Alec Mazo,Athlete,California,United States,27,9,Eliminated Week 5,10,11,
Tom DeLay,Cheryl Burke,Politician,Texas,United States,62,9,Withdrew,13,1,6.6666
Tom DeLay,Cheryl Burke,Politician,Texas,United States,62,9,Withdrew,13,2,6.0
Tom DeLay,Cheryl Burke,Politician,Texas,United States,62,9,Withdrew,13,3,5.0
Tom DeLay,Cheryl Burke,Politician,Texas,United States,62,9,Withdrew,13,4,
Tom DeLay,Cheryl Burke,Politician,Texas,United States,62,9,Withdrew,13,5,
Tom DeLay,Cheryl Burke,Politician,Texas,United States,62,9,Withdrew,13,6,
Tom DeLay,Cheryl Burke,Politician,Texas,United States,62,9,Withdrew,13,7,
Tom DeLay,Cheryl Burke,Politician,Texas,United States,62,9,Withdrew,13,8,
Tom DeLay,Cheryl Burke,Politician,Texas,United States,62,9,Withdrew,13,9,
Tom DeLay,Cheryl Burke,Politician,Texas,United States,62,9,Withdrew,13,10,
Tom DeLay,Cheryl Burke,Politician,Texas,United States,62,9,Withdrew,13,11,
Aiden Turner,Edyta Sliwinska,Actor/Actress,England,England,32,10,Eliminated Week 4,9,1,5.0
Aiden Turner,Edyta Sliwinska,Actor/Actress,England,England,32,10,Eliminated Week 4,9,2,6.3333
Aiden Turner,Edyta Sliwinska,Actor/Actress,England,England,32,10,Eliminated Week 4,9,3,6.6667
Aiden Turner,Edyta Sliwinska,Actor/Actress,England,England,32,10,Eliminated Week 4,9,4,5.5
Aiden Turner,Edyta Sliwinska,Actor/Actress,England,England,32,10,Eliminated Week 4,9,5,
Aiden Turner,Edyta Sliwinska,Actor/Actress,England,England,32,10,Eliminated Week 4,9,6,
Aiden Turner,Edyta Sliwinska,Actor/Actress,England,England,32,10,Eliminated Week 4,9,7,
Aiden Turner,Edyta Sliwinska,Actor/Actress,England,England,32,10,Eliminated Week 4,9,8,
Aiden Turner,Edyta Sliwinska,Actor/Actress,England,England,32,10,Eliminated Week 4,9,9,
Aiden Turner,Edyta Sliwinska,Actor/Actress,England,England,32,10,Eliminated Week 4,9,10,
Aiden Turner,Edyta Sliwinska,Actor/Actress,England,England,32,10,Eliminated Week 4,9,11,
Buzz Aldrin,Ashly DelGrosso,Astronaut,New Jersey,United States,80,10,Eliminated Week 3,10,1,4.6667
Buzz Aldrin,Ashly DelGrosso,Astronaut,New Jersey,United States,80,10,Eliminated Week 3,10,2,4.0
Buzz Aldrin,Ashly DelGrosso,Astronaut,New Jersey,United States,80,10,Eliminated Week 3,10,3,4.3333
Buzz Aldrin,Ashly DelGrosso,Astronaut,New Jersey,United States,80,10,Eliminated Week 3,10,4,
Buzz Aldrin,Ashly DelGrosso,Astronaut,New Jersey,United States,80,10,Eliminated Week 3,10,5,
Buzz Aldrin,Ashly DelGrosso,Astronaut,New Jersey,United States,80,10,Eliminated Week 3,10,6,
Buzz Aldrin,Ashly DelGrosso,Astronaut,New Jersey,United States,80,10,Eliminated Week 3,10,7,
Buzz Aldrin,Ashly DelGrosso,Astronaut,New Jersey,United States,80,10,Eliminated Week 3,10,8,
Buzz Aldrin,Ashly DelGrosso,Astronaut,New Jersey,United States,80,10,Eliminated Week 3,10,9,
Buzz Aldrin,Ashly DelGrosso,Astronaut,New Jersey,United States,80,10,Eliminated Week 3,10,10,
Buzz Aldrin,Ashly DelGrosso,Astronaut,New Jersey,United States,80,10,Eliminated Week 3,10,11,
Chad Ochocinco,Cheryl Burke,Athlete,Florida,United States,32,10,Eliminated Week 9,4,1,6.0
Chad Ochocinco,Cheryl Burke,Athlete,Florida,United States,32,10,Eliminated Week 9,4,2,5.3333
Chad Ochocinco,Cheryl Burke,Athlete,Florida,United States,32,10,Eliminated Week 9,4,3,6.6667
Chad Ochocinco,Cheryl Burke,Athlete,Florida,United States,32,10,Eliminated Week 9,4,4,7.3333
Chad Ochocinco,Cheryl Burke,Athlete,Florida,United States,32,10,Eliminated Week 9,4,5,6.0
Chad Ochocinco,Cheryl Burke,Athlete,Florida,United States,32,10,Eliminated Week 9,4,6,10.3333
Chad Ochocinco,Cheryl Burke,Athlete,Florida,United States,32,10,Eliminated Week 9,4,7,8.6667
Chad Ochocinco,Cheryl Burke,Athlete,Florida,United States,32,10,Eliminated Week 9,4,8,7.5
Chad Ochocinco,Cheryl Burke,Athlete,Florida,United States,32,10,Eliminated Week 9,4,9,8.6667
Chad Ochocinco,Cheryl Burke,Athlete,Florida,United States,32,10,Eliminated Week 9,4,10,
Chad Ochocinco,Cheryl Burke,Athlete,Florida,United States,32,10,Eliminated Week 9,4,11,
Erin Andrews,Maksim Chmerkoskiy,Sports Broadcaster,Maine,United States,32,10,3rd Place,3,1,7.0
Erin Andrews,Maksim Chmerkoskiy,Sports Broadcaster,Maine,United States,32,10,3rd Place,3,2,7.6667
Erin Andrews,Maksim Chmerkoskiy,Sports Broadcaster,Maine,United States,32,10,3rd Place,3,3,7.6667
Erin Andrews,Maksim Chmerkoskiy,Sports Broadcaster,Maine,United States,32,10,3rd Place,3,4,6.5
Erin Andrews,Maksim Chmerkoskiy,Sports Broadcaster,Maine,United States,32,10,3rd Place,3,5,7.3333
Erin Andrews,Maksim Chmerkoskiy,Sports Broadcaster,Maine,United States,32,10,3rd Place,3,6,11.3333
Erin Andrews,Maksim Chmerkoskiy,Sports Broadcaster,Maine,United States,32,10,3rd Place,3,7,8.5
Erin Andrews,Maksim Chmerkoskiy,Sports Broadcaster,Maine,United States,32,10,3rd Place,3,8,8.8333
Erin Andrews,Maksim Chmerkoskiy,Sports Broadcaster,Maine,United States,32,10,3rd Place,3,9,9.3333
Erin Andrews,Maksim Chmerkoskiy,Sports Broadcaster,Maine,United States,32,10,3rd Place,3,10,8.9999
Erin Andrews,Maksim Chmerkoskiy,Sports Broadcaster,Maine,United States,32,10,3rd Place,3,11,
Evan Lysacek,Anna Trebunskaya,Athlete,Illinois,United States,24,10,2nd Place,2,1,7.6667
Evan Lysacek,Anna Trebunskaya,Athlete,Illinois,United States,24,10,2nd Place,2,2,8.0
Evan Lysacek,Anna Trebunskaya,Athlete,Illinois,United States,24,10,2nd Place,2,3,8.6667
Evan Lysacek,Anna Trebunskaya,Athlete,Illinois,United States,24,10,2nd Place,2,4,8.6667
Evan Lysacek,Anna Trebunskaya,Athlete,Illinois,United States,24,10,2nd Place,2,5,9.0
Evan Lysacek,Anna Trebunskaya,Athlete,Illinois,United States,24,10,2nd Place,2,6,9.0
Evan Lysacek,Anna Trebunskaya,Athlete,Illinois,United States,24,10,2nd Place,2,7,9.0
Evan Lysacek,Anna Trebunskaya,Athlete,Illinois,United States,24,10,2nd Place,2,8,8.8333
Evan Lysacek,Anna Trebunskaya,Athlete,Illinois,United States,24,10,2nd Place,2,9,9.8333
Evan Lysacek,Anna Trebunskaya,Athlete,Illinois,United States,24,10,2nd Place,2,10,8.9629
Evan Lysacek,Anna Trebunskaya,Athlete,Illinois,United States,24,10,2nd Place,2,11,
Jake Pavelka,Chelsie Hightower,TV Personality,Texas,United States,32,10,Eliminated Week 6,7,1,6.6667
Jake Pavelka,Chelsie Hightower,TV Personality,Texas,United States,32,10,Eliminated Week 6,7,2,6.6667
Jake Pavelka,Chelsie Hightower,TV Personality,Texas,United States,32,10,Eliminated Week 6,7,3,7.0
Jake Pavelka,Chelsie Hightower,TV Personality,Texas,United States,32,10,Eliminated Week 6,7,4,6.3333
Jake Pavelka,Chelsie Hightower,TV Personality,Texas,United States,32,10,Eliminated Week 6,7,5,7.6667
Jake Pavelka,Chelsie Hightower,TV Personality,Texas,United States,32,10,Eliminated Week 6,7,6,8.3333
Jake Pavelka,Chelsie Hightower,TV Personality,Texas,United States,32,10,Eliminated Week 6,7,7,
Jake Pavelka,Chelsie Hightower,TV Personality,Texas,United States,32,10,Eliminated Week 6,7,8,
Jake Pavelka,Chelsie Hightower,TV Personality,Texas,United States,32,10,Eliminated Week 6,7,9,
Jake Pavelka,Chelsie Hightower,TV Personality,Texas,United States,32,10,Eliminated Week 6,7,10,
Jake Pavelka,Chelsie Hightower,TV Personality,Texas,United States,32,10,Eliminated Week 6,7,11,
Kate Gosselin,Tony Dovolani,TV Personality,Pennsylvania,United States,35,10,Eliminated Week 5,8,1,5.3333
Kate Gosselin,Tony Dovolani,TV Personality,Pennsylvania,United States,35,10,Eliminated Week 5,8,2,5.0
Kate Gosselin,Tony Dovolani,TV Personality,Pennsylvania,United States,35,10,Eliminated Week 5,8,3,5.0
Kate Gosselin,Tony Dovolani,TV Personality,Pennsylvania,United States,35,10,Eliminated Week 5,8,4,5.3333
Kate Gosselin,Tony Dovolani,TV Personality,Pennsylvania,United States,35,10,Eliminated Week 5,8,5,5.0
Kate Gosselin,Tony Dovolani,TV Personality,Pennsylvania,United States,35,10,Eliminated Week 5,8,6,
Kate Gosselin,Tony Dovolani,TV Personality,Pennsylvania,United States,35,10,Eliminated Week 5,8,7,
Kate Gosselin,Tony Dovolani,TV Personality,Pennsylvania,United States,35,10,Eliminated Week 5,8,8,
Kate Gosselin,Tony Dovolani,TV Personality,Pennsylvania,United States,35,10,Eliminated Week 5,8,9,
Kate Gosselin,Tony Dovolani,TV Personality,Pennsylvania,United States,35,10,Eliminated Week 5,8,10,
Kate Gosselin,Tony Dovolani,TV Personality,Pennsylvania,United States,35,10,Eliminated Week 5,8,11,
Nicole Scherzinger,Derek Hough,Singer/Rapper,Hawaii,United States,31,10,1st Place,1,1,8.3333
Nicole Scherzinger,Derek Hough,Singer/Rapper,Hawaii,United States,31,10,1st Place,1,2,9.3333
Nicole Scherzinger,Derek Hough,Singer/Rapper,Hawaii,United States,31,10,1st Place,1,3,7.6667
Nicole Scherzinger,Derek Hough,Singer/Rapper,Hawaii,United States,31,10,1st Place,1,4,8.3333
Nicole Scherzinger,Derek Hough,Singer/Rapper,Hawaii,United States,31,10,1st Place,1,5,9.6667
Nicole Scherzinger,Derek Hough,Singer/Rapper,Hawaii,United States,31,10,1st Place,1,6,12.0
Nicole Scherzinger,Derek Hough,Singer/Rapper,Hawaii,United States,31,10,1st Place,1,7,9.0
Nicole Scherzinger,Derek Hough,Singer/Rapper,Hawaii,United States,31,10,1st Place,1,8,9.8333
Nicole Scherzinger,Derek Hough,Singer/Rapper,Hawaii,United States,31,10,1st Place,1,9,9.8333
Nicole Scherzinger,Derek Hough,Singer/Rapper,Hawaii,United States,31,10,1st Place,1,10,9.5926
Nicole Scherzinger,Derek Hough,Singer/Rapper,Hawaii,United States,31,10,1st Place,1,11,
Niecy Nash,Louis van Amstel,Actor/Actress,California,United States,40,10,Eliminated Week 8,5,1,6.0
Niecy Nash,Louis van Amstel,Actor/Actress,California,United States,40,10,Eliminated Week 8,5,2,7.0
Niecy Nash,Louis van Amstel,Actor/Actress,California,United States,40,10,Eliminated Week 8,5,3,7.0
Niecy Nash,Louis van Amstel,Actor/Actress,California,United States,40,10,Eliminated Week 8,5,4,6.0
Niecy Nash,Louis van Amstel,Actor/Actress,California,United States,40,10,Eliminated Week 8,5,5,6.0
Niecy Nash,Louis van Amstel,Actor/Actress,California,United States,40,10,Eliminated Week 8,5,6,8.6666
Niecy Nash,Louis van Amstel,Actor/Actress,California,United States,40,10,Eliminated Week 8,5,7,8.1667
Niecy Nash,Louis van Amstel,Actor/Actress,California,United States,40,10,Eliminated Week 8,5,8,7.1667
Niecy Nash,Louis van Amstel,Actor/Actress,California,United States,40,10,Eliminated Week 8,5,9,
Niecy Nash,Louis van Amstel,Actor/Actress,California,United States,40,10,Eliminated Week 8,5,10,
Niecy Nash,Louis van Amstel,Actor/Actress,California,United States,40,10,Eliminated Week 8,5,11,
Pamela Anderson,Damian Whitewood,Model,Canada,Canada,42,10,Eliminated Week 7,6,1,7.0
Pamela Anderson,Damian Whitewood,Model,Canada,Canada,42,10,Eliminated Week 7,6,2,7.3333
Pamela Anderson,Damian Whitewood,Model,Canada,Canada,42,10,Eliminated Week 7,6,3,7.0
Pamela Anderson,Damian Whitewood,Model,Canada,Canada,42,10,Eliminated Week 7,6,4,7.8333
Pamela Anderson,Damian Whitewood,Model,Canada,Canada,42,10,Eliminated Week 7,6,5,7.0
Pamela Anderson,Damian Whitewood,Model,Canada,Canada,42,10,Eliminated Week 7,6,6,9.9999
Pamela Anderson,Damian Whitewood,Model,Canada,Canada,42,10,Eliminated Week 7,6,7,8.5
Pamela Anderson,Damian Whitewood,Model,Canada,Canada,42,10,Eliminated Week 7,6,8,
Pamela Anderson,Damian Whitewood,Model,Canada,Canada,42,10,Eliminated Week 7,6,9,
Pamela Anderson,Damian Whitewood,Model,Canada,Canada,42,10,Eliminated Week 7,6,10,
Pamela Anderson,Damian Whitewood,Model,Canada,Canada,42,10,Eliminated Week 7,6,11,
Shannen Doherty,Mark Ballas,Actor/Actress,Tennessee,United States,38,10,Eliminated Week 2,11,1,6.0
Shannen Doherty,Mark Ballas,Actor/Actress,Tennessee,United States,38,10,Eliminated Week 2,11,2,6.6667
Shannen Doherty,Mark Ballas,Actor/Actress,Tennessee,United States,38,10,Eliminated Week 2,11,3,
Shannen Doherty,Mark Ballas,Actor/Actress,Tennessee,United States,38,10,Eliminated Week 2,11,4,
Shannen Doherty,Mark Ballas,Actor/Actress,Tennessee,United States,38,10,Eliminated Week 2,11,5,
Shannen Doherty,Mark Ballas,Actor/Actress,Tennessee,United States,38,10,Eliminated Week 2,11,6,
Shannen Doherty,Mark Ballas,Actor/Actress,Tennessee,United States,38,10,Eliminated Week 2,11,7,
Shannen Doherty,Mark Ballas,Actor/Actress,Tennessee,United States,38,10,Eliminated Week 2,11,8,
Shannen Doherty,Mark Ballas,Actor/Actress,Tennessee,United States,38,10,Eliminated Week 2,11,9,
Shannen Doherty,Mark Ballas,Actor/Actress,Tennessee,United States,38,10,Eliminated Week 2,11,10,
Shannen Doherty,Mark Ballas,Actor/Actress,Tennessee,United States,38,10,Eliminated Week 2,11,11,
Audrina Patridge,Tony Dovolani,TV Personality,California,United States,25,11,Eliminated Week 6,7,1,6.3333
Audrina Patridge,Tony Dovolani,TV Personality,California,United States,25,11,Eliminated Week 6,7,2,7.6667
Audrina Patridge,Tony Dovolani,TV Personality,California,United States,25,11,Eliminated Week 6,7,3,8.6667
Audrina Patridge,Tony Dovolani,TV Personality,California,United States,25,11,Eliminated Week 6,7,4,7.6667
Audrina Patridge,Tony Dovolani,TV Personality,California,United States,25,11,Eliminated Week 6,7,5,7.6667
Audrina Patridge,Tony Dovolani,TV Personality,California,United States,25,11,Eliminated Week 6,7,6,10.6666
Audrina Patridge,Tony Dovolani,TV Personality,California,United States,25,11,Eliminated Week 6,7,7,
Audrina Patridge,Tony Dovolani,TV Personality,California,United States,25,11,Eliminated Week 6,7,8,
Audrina Patridge,Tony Dovolani,TV Personality,California,United States,25,11,Eliminated Week 6,7,9,
Audrina Patridge,Tony Dovolani,TV Personality,California,United States,25,11,Eliminated Week 6,7,10,
Audrina Patridge,Tony Dovolani,TV Personality,California,United States,25,11,Eliminated Week 6,7,11,
Brandy,Maksim Chmerkoskiy,Singer/Rapper,Mississippi,United States,31,11,Eliminated Week 9,4,1,7.6667
Brandy,Maksim Chmerkoskiy,Singer/Rapper,Mississippi,United States,31,11,Eliminated Week 9,4,2,7.0
Brandy,Maksim Chmerkoskiy,Singer/Rapper,Mississippi,United States,31,11,Eliminated Week 9,4,3,8.0
Brandy,Maksim Chmerkoskiy,Singer/Rapper,Mississippi,United States,31,11,Eliminated Week 9,4,4,8.0
Brandy,Maksim Chmerkoskiy,Singer/Rapper,Mississippi,United States,31,11,Eliminated Week 9,4,5,9.0
Brandy,Maksim Chmerkoskiy,Singer/Rapper,Mississippi,United States,31,11,Eliminated Week 9,4,6,12.0
Brandy,Maksim Chmerkoskiy,Singer/Rapper,Mississippi,United States,31,11,Eliminated Week 9,4,7,9.125
Brandy,Maksim Chmerkoskiy,Singer/Rapper,Mississippi,United States,31,11,Eliminated Week 9,4,8,9.5
Brandy,Maksim Chmerkoskiy,Singer/Rapper,Mississippi,United States,31,11,Eliminated Week 9,4,9,9.5
Brandy,Maksim Chmerkoskiy,Singer/Rapper,Mississippi,United States,31,11,Eliminated Week 9,4,10,
Brandy,Maksim Chmerkoskiy,Singer/Rapper,Mississippi,United States,31,11,Eliminated Week 9,4,11,
Bristol Palin,Mark Ballas,TV Personality,Alaska,United States,19,11,3rd Place,3,1,6.0
Bristol Palin,Mark Ballas,TV Personality,Alaska,United States,19,11,3rd Place,3,2,7.3333
Bristol Palin,Mark Ballas,TV Personality,Alaska,United States,19,11,3rd Place,3,3,6.3333
Bristol Palin,Mark Ballas,TV Personality,Alaska,United States,19,11,3rd Place,3,4,5.3333
Bristol Palin,Mark Ballas,TV Personality,Alaska,United States,19,11,3rd Place,3,5,6.0
Bristol Palin,Mark Ballas,TV Personality,Alaska,United States,19,11,3rd Place,3,6,9.3333
Bristol Palin,Mark Ballas,TV Personality,Alaska,United States,19,11,3rd Place,3,7,8.125
Bristol Palin,Mark Ballas,TV Personality,Alaska,United States,19,11,3rd Place,3,8,7.8333
Bristol Palin,Mark Ballas,TV Personality,Alaska,United States,19,11,3rd Place,3,9,8.8333
Bristol Palin,Mark Ballas,TV Personality,Alaska,United States,19,11,3rd Place,3,10,8.5555
Bristol Palin,Mark Ballas,TV Personality,Alaska,United States,19,11,3rd Place,3,11,
David Hasselhoff,Kym Johnson,Actor/Actress,Maryland,United States,58,11,Eliminated Week 1,12,1,5.0
David Hasselhoff,Kym Johnson,Actor/Actress,Maryland,United States,58,11,Eliminated Week 1,12,2,
David Hasselhoff,Kym Johnson,Actor/Actress,Maryland,United States,58,11,Eliminated Week 1,12,3,
David Hasselhoff,Kym Johnson,Actor/Actress,Maryland,United States,58,11,Eliminated Week 1,12,4,
David Hasselhoff,Kym Johnson,Actor/Actress,Maryland,United States,58,11,Eliminated Week 1,12,5,
David Hasselhoff,Kym Johnson,Actor/Actress,Maryland,United States,58,11,Eliminated Week 1,12,6,
David Hasselhoff,Kym Johnson,Actor/Actress,Maryland,United States,58,11,Eliminated Week 1,12,7,
David Hasselhoff,Kym Johnson,Actor/Actress,Maryland,United States,58,11,Eliminated Week 1,12,8,
David Hasselhoff,Kym Johnson,Actor/Actress,Maryland,United States,58,11,Eliminated Week 1,12,9,
David Hasselhoff,Kym Johnson,Actor/Actress,Maryland,United States,58,11,Eliminated Week 1,12,10,
David Hasselhoff,Kym Johnson,Actor/Actress,Maryland,United States,58,11,Eliminated Week 1,12,11,
Florence Henderson,Corky Ballas,Actor/Actress,Indiana,United States,76,11,Eliminated Week 5,8,1,6.0
Florence Henderson,Corky Ballas,Actor/Actress,Indiana,United States,76,11,Eliminated Week 5,8,2,6.3333
Florence Henderson,Corky Ballas,Actor/Actress,Indiana,United States,76,11,Eliminated Week 5,8,3,6.6667
Florence Henderson,Corky Ballas,Actor/Actress,Indiana,United States,76,11,Eliminated Week 5,8,4,5.8333
Florence Henderson,Corky Ballas,Actor/Actress,Indiana,United States,76,11,Eliminated Week 5,8,5,7.0
Florence Henderson,Corky Ballas,Actor/Actress,Indiana,United States,76,11,Eliminated Week 5,8,6,
Florence Henderson,Corky Ballas,Actor/Actress,Indiana,United States,76,11,Eliminated Week 5,8,7,
Florence Henderson,Corky Ballas,Actor/Actress,Indiana,United States,76,11,Eliminated Week 5,8,8,
Florence Henderson,Corky Ballas,Actor/Actress,Indiana,United States,76,11,Eliminated Week 5,8,9,
Florence Henderson,Corky Ballas,Actor/Actress,Indiana,United States,76,11,Eliminated Week 5,8,10,
Florence Henderson,Corky Ballas,Actor/Actress,Indiana,United States,76,11,Eliminated Week 5,8,11,
Jennifer Grey,Derek Hough,Actor/Actress,New York,United States,50,11,1st Place,1,1,8.0
Jennifer Grey,Derek Hough,Actor/Actress,New York,United States,50,11,1st Place,1,2,8.0
Jennifer Grey,Derek Hough,Actor/Actress,New York,United States,50,11,1st Place,1,3,8.0
Jennifer Grey,Derek Hough,Actor/Actress,New York,United States,50,11,1st Place,1,4,9.3333
Jennifer Grey,Derek Hough,Actor/Actress,New York,United States,50,11,1st Place,1,5,8.3333
Jennifer Grey,Derek Hough,Actor/Actress,New York,United States,50,11,1st Place,1,6,9.6667
Jennifer Grey,Derek Hough,Actor/Actress,New York,United States,50,11,1st Place,1,7,9.125
Jennifer Grey,Derek Hough,Actor/Actress,New York,United States,50,11,1st Place,1,8,9.5
Jennifer Grey,Derek Hough,Actor/Actress,New York,United States,50,11,1st Place,1,9,10.0
Jennifer Grey,Derek Hough,Actor/Actress,New York,United States,50,11,1st Place,1,10,10.0
Jennifer Grey,Derek Hough,Actor/Actress,New York,United States,50,11,1st Place,1,11,
Kurt Warner,Anna Trebunskaya,Athlete,Iowa,United States,39,11,Eliminated Week 8,5,1,6.3333
Kurt Warner,Anna Trebunskaya,Athlete,Iowa,United States,39,11,Eliminated Week 8,5,2,7.0
Kurt Warner,Anna Trebunskaya,Athlete,Iowa,United States,39,11,Eliminated Week 8,5,3,7.6667
Kurt Warner,Anna Trebunskaya,Athlete,Iowa,United States,39,11,Eliminated Week 8,5,4,5.6667
Kurt Warner,Anna Trebunskaya,Athlete,Iowa,United States,39,11,Eliminated Week 8,5,5,8.0
Kurt Warner,Anna Trebunskaya,Athlete,Iowa,United States,39,11,Eliminated Week 8,5,6,7.3333
Kurt Warner,Anna Trebunskaya,Athlete,Iowa,United States,39,11,Eliminated Week 8,5,7,8.75
Kurt Warner,Anna Trebunskaya,Athlete,Iowa,United States,39,11,Eliminated Week 8,5,8,8.0
Kurt Warner,Anna Trebunskaya,Athlete,Iowa,United States,39,11,Eliminated Week 8,5,9,
Kurt Warner,Anna Trebunskaya,Athlete,Iowa,United States,39,11,Eliminated Week 8,5,10,
Kurt Warner,Anna Trebunskaya,Athlete,Iowa,United States,39,11,Eliminated Week 8,5,11,
Kyle Massey,Lacey Schwimmer,Actor/Actress,Georgia,United States,19,11,2nd Place,2,1,7.6667
Kyle Massey,Lacey Schwimmer,Actor/Actress,Georgia,United States,19,11,2nd Place,2,2,7.3333
Kyle Massey,Lacey Schwimmer,Actor/Actress,Georgia,United States,19,11,2nd Place,2,3,7.6667
Kyle Massey,Lacey Schwimmer,Actor/Actress,Georgia,United States,19,11,2nd Place,2,4,6.6667
Kyle Massey,Lacey Schwimmer,Actor/Actress,Georgia,United States,19,11,2nd Place,2,5,6.6667
Kyle Massey,Lacey Schwimmer,Actor/Actress,Georgia,United States,19,11,2nd Place,2,6,10.0
Kyle Massey,Lacey Schwimmer,Actor/Actress,Georgia,United States,19,11,2nd Place,2,7,8.375
Kyle Massey,Lacey Schwimmer,Actor/Actress,Georgia,United States,19,11,2nd Place,2,8,9.3333
Kyle Massey,Lacey Schwimmer,Actor/Actress,Georgia,United States,19,11,2nd Place,2,9,9.6667
Kyle Massey,Lacey Schwimmer,Actor/Actress,Georgia,United States,19,11,2nd Place,2,10,9.1111
Kyle Massey,Lacey Schwimmer,Actor/Actress,Georgia,United States,19,11,2nd Place,2,11,
Margaret Cho,Louis van Amstel,Comedian,California,United States,41,11,Eliminated Week 3,10,1,5.0
Margaret Cho,Louis van Amstel,Comedian,California,United States,41,11,Eliminated Week 3,10,2,6.0
Margaret Cho,Louis van Amstel,Comedian,California,United States,41,11,Eliminated Week 3,10,3,6.0
Margaret Cho,Louis van Amstel,Comedian,California,United States,41,11,Eliminated Week 3,10,4,
Margaret Cho,Louis van Amstel,Comedian,California,United States,41,11,Eliminated Week 3,10,5,
Margaret Cho,Louis van Amstel,Comedian,California,United States,41,11,Eliminated Week 3,10,6,
Margaret Cho,Louis van Amstel,Comedian,California,United States,41,11,Eliminated Week 3,10,7,
Margaret Cho,Louis van Amstel,Comedian,California,United States,41,11,Eliminated Week 3,10,8,
Margaret Cho,Louis van Amstel,Comedian,California,United States,41,11,Eliminated Week 3,10,9,
Margaret Cho,Louis van Amstel,Comedian,California,United States,41,11,Eliminated Week 3,10,10,
Margaret Cho,Louis van Amstel,Comedian,California,United States,41,11,Eliminated Week 3,10,11,
Michael Bolton,Chelsie Hightower,Singer/Rapper,Connecticut,United States,57,11,Eliminated Week 2,11,1,5.3333
Michael Bolton,Chelsie Hightower,Singer/Rapper,Connecticut,United States,57,11,Eliminated Week 2,11,2,4.0
Michael Bolton,Chelsie Hightower,Singer/Rapper,Connecticut,United States,57,11,Eliminated Week 2,11,3,
Michael Bolton,Chelsie Hightower,Singer/Rapper,Connecticut,United States,57,11,Eliminated Week 2,11,4,
Michael Bolton,Chelsie Hightower,Singer/Rapper,Connecticut,United States,57,11,Eliminated Week 2,11,5,
Michael Bolton,Chelsie Hightower,Singer/Rapper,Connecticut,United States,57,11,Eliminated Week 2,11,6,
Michael Bolton,Chelsie Hightower,Singer/Rapper,Connecticut,United States,57,11,Eliminated Week 2,11,7,
Michael Bolton,Chelsie Hightower,Singer/Rapper,Connecticut,United States,57,11,Eliminated Week 2,11,8,
Michael Bolton,Chelsie Hightower,Singer/Rapper,Connecticut,United States,57,11,Eliminated Week 2,11,9,
Michael Bolton,Chelsie Hightower,Singer/Rapper,Connecticut,United States,57,11,Eliminated Week 2,11,10,
Michael Bolton,Chelsie Hightower,Singer/Rapper,Connecticut,United States,57,11,Eliminated Week 2,11,11,
Rick Fox,Cheryl Burke,Athlete,Canada,Canada,41,11,Eliminated Week 7,6,1,7.3333
Rick Fox,Cheryl Burke,Athlete,Canada,Canada,41,11,Eliminated Week 7,6,2,7.0
Rick Fox,Cheryl Burke,Athlete,Canada,Canada,41,11,Eliminated Week 7,6,3,8.0
Rick Fox,Cheryl Burke,Athlete,Canada,Canada,41,11,Eliminated Week 7,6,4,6.5
Rick Fox,Cheryl Burke,Athlete,Canada,Canada,41,11,Eliminated Week 7,6,5,8.0
Rick Fox,Cheryl Burke,Athlete,Canada,Canada,41,11,Eliminated Week 7,6,6,10.0
Rick Fox,Cheryl Burke,Athlete,Canada,Canada,41,11,Eliminated Week 7,6,7,8.625
Rick Fox,Cheryl Burke,Athlete,Canada,Canada,41,11,Eliminated Week 7,6,8,
Rick Fox,Cheryl Burke,Athlete,Canada,Canada,41,11,Eliminated Week 7,6,9,
Rick Fox,Cheryl Burke,Athlete,Canada,Canada,41,11,Eliminated Week 7,6,10,
Rick Fox,Cheryl Burke,Athlete,Canada,Canada,41,11,Eliminated Week 7,6,11,
The Situation,Karina Smirnoff,TV Personality,New York,United States,28,11,Eliminated Week 4,9,1,5.0
The Situation,Karina Smirnoff,TV Personality,New York,United States,28,11,Eliminated Week 4,9,2,6.0
The Situation,Karina Smirnoff,TV Personality,New York,United States,28,11,Eliminated Week 4,9,3,6.6667
The Situation,Karina Smirnoff,TV Personality,New York,United States,28,11,Eliminated Week 4,9,4,4.6667
The Situation,Karina Smirnoff,TV Personality,New York,United States,28,11,Eliminated Week 4,9,5,
The Situation,Karina Smirnoff,TV Personality,New York,United States,28,11,Eliminated Week 4,9,6,
The Situation,Karina Smirnoff,TV Personality,New York,United States,28,11,Eliminated Week 4,9,7,
The Situation,Karina Smirnoff,TV Personality,New York,United States,28,11,Eliminated Week 4,9,8,
The Situation,Karina Smirnoff,TV Personality,New York,United States,28,11,Eliminated Week 4,9,9,
The Situation,Karina Smirnoff,TV Personality,New York,United States,28,11,Eliminated Week 4,9,10,
The Situation,Karina Smirnoff,TV Personality,New York,United States,28,11,Eliminated Week 4,9,11,
Chelsea Kane,Mark Ballas,Actor/Actress,Arizona,United States,22,12,3rd Place,3,1,7.0
Chelsea Kane,Mark Ballas,Actor/Actress,Arizona,United States,22,12,3rd Place,3,2,6.0
Chelsea Kane,Mark Ballas,Actor/Actress,Arizona,United States,22,12,3rd Place,3,3,7.6667
Chelsea Kane,Mark Ballas,Actor/Actress,Arizona,United States,22,12,3rd Place,3,4,8.6667
Chelsea Kane,Mark Ballas,Actor/Actress,Arizona,United States,22,12,3rd Place,3,5,8.6667
Chelsea Kane,Mark Ballas,Actor/Actress,Arizona,United States,22,12,3rd Place,3,6,9.3333
Chelsea Kane,Mark Ballas,Actor/Actress,Arizona,United States,22,12,3rd Place,3,7,8.0
Chelsea Kane,Mark Ballas,Actor/Actress,Arizona,United States,22,12,3rd Place,3,8,9.1667
Chelsea Kane,Mark Ballas,Actor/Actress,Arizona,United States,22,12,3rd Place,3,9,12.1667
Chelsea Kane,Mark Ballas,Actor/Actress,Arizona,United States,22,12,3rd Place,3,10,9.8889
Chelsea Kane,Mark Ballas,Actor/Actress,Arizona,United States,22,12,3rd Place,3,11,
Chris Jericho,Cheryl Burke,Athlete,New York,United States,40,12,Eliminated Week 6,7,1,6.3333
Chris Jericho,Cheryl Burke,Athlete,New York,United States,40,12,Eliminated Week 6,7,2,7.6667
Chris Jericho,Cheryl Burke,Athlete,New York,United States,40,12,Eliminated Week 6,7,3,7.0
Chris Jericho,Cheryl Burke,Athlete,New York,United States,40,12,Eliminated Week 6,7,4,7.6667
Chris Jericho,Cheryl Burke,Athlete,New York,United States,40,12,Eliminated Week 6,7,5,8.6667
Chris Jericho,Cheryl Burke,Athlete,New York,United States,40,12,Eliminated Week 6,7,6,7.3333
Chris Jericho,Cheryl Burke,Athlete,New York,United States,40,12,Eliminated Week 6,7,7,
Chris Jericho,Cheryl Burke,Athlete,New York,United States,40,12,Eliminated Week 6,7,8,
Chris Jericho,Cheryl Burke,Athlete,New York,United States,40,12,Eliminated Week 6,7,9,
Chris Jericho,Cheryl Burke,Athlete,New York,United States,40,12,Eliminated Week 6,7,10,
Chris Jericho,Cheryl Burke,Athlete,New York,United States,40,12,Eliminated Week 6,7,11,
Hines Ward,Kym Johnson,Athlete,South Korea,South Korea,35,12,1st Place,1,1,7.0
Hines Ward,Kym Johnson,Athlete,South Korea,South Korea,35,12,1st Place,1,2,7.6667
Hines Ward,Kym Johnson,Athlete,South Korea,South Korea,35,12,1st Place,1,3,8.3333
Hines Ward,Kym Johnson,Athlete,South Korea,South Korea,35,12,1st Place,1,4,8.3333
Hines Ward,Kym Johnson,Athlete,South Korea,South Korea,35,12,1st Place,1,5,9.0
Hines Ward,Kym Johnson,Athlete,South Korea,South Korea,35,12,1st Place,1,6,9.0
Hines Ward,Kym Johnson,Athlete,South Korea,South Korea,35,12,1st Place,1,7,8.25
Hines Ward,Kym Johnson,Athlete,South Korea,South Korea,35,12,1st Place,1,8,9.0
Hines Ward,Kym Johnson,Athlete,South Korea,South Korea,35,12,1st Place,1,9,10.0
Hines Ward,Kym Johnson,Athlete,South Korea,South Korea,35,12,1st Place,1,10,9.8889
Hines Ward,Kym Johnson,Athlete,South Korea,South Korea,35,12,1st Place,1,11,
Kendra Wilkinson,Louis van Amstel,TV Personality,California,United States,25,12,Eliminated Week 7,6,1,6.0
Kendra Wilkinson,Louis van Amstel,TV Personality,California,United States,25,12,Eliminated Week 7,6,2,6.3333
Kendra Wilkinson,Louis van Amstel,TV Personality,California,United States,25,12,Eliminated Week 7,6,3,7.6667
Kendra Wilkinson,Louis van Amstel,TV Personality,California,United States,25,12,Eliminated Week 7,6,4,6.0
Kendra Wilkinson,Louis van Amstel,TV Personality,California,United States,25,12,Eliminated Week 7,6,5,7.3333
Kendra Wilkinson,Louis van Amstel,TV Personality,California,United States,25,12,Eliminated Week 7,6,6,8.3333
Kendra Wilkinson,Louis van Amstel,TV Personality,California,United States,25,12,Eliminated Week 7,6,7,7.625
Kendra Wilkinson,Louis van Amstel,TV Personality,California,United States,25,12,Eliminated Week 7,6,8,
Kendra Wilkinson,Louis van Amstel,TV Personality,California,United States,25,12,Eliminated Week 7,6,9,
Kendra Wilkinson,Louis van Amstel,TV Personality,California,United States,25,12,Eliminated Week 7,6,10,
Kendra Wilkinson,Louis van Amstel,TV Personality,California,United States,25,12,Eliminated Week 7,6,11,
Kirstie Alley,Maksim Chmerkoskiy,Actor/Actress,Kansas,United States,60,12,2nd Place,2,1,7.6667
Kirstie Alley,Maksim Chmerkoskiy,Actor/Actress,Kansas,United States,60,12,2nd Place,2,2,6.6667
Kirstie Alley,Maksim Chmerkoskiy,Actor/Actress,Kansas,United States,60,12,2nd Place,2,3,7.0
Kirstie Alley,Maksim Chmerkoskiy,Actor/Actress,Kansas,United States,60,12,2nd Place,2,4,7.3333
Kirstie Alley,Maksim Chmerkoskiy,Actor/Actress,Kansas,United States,60,12,2nd Place,2,5,7.6667
Kirstie Alley,Maksim Chmerkoskiy,Actor/Actress,Kansas,United States,60,12,2nd Place,2,6,8.6667
Kirstie Alley,Maksim Chmerkoskiy,Actor/Actress,Kansas,United States,60,12,2nd Place,2,7,7.5
Kirstie Alley,Maksim Chmerkoskiy,Actor/Actress,Kansas,United States,60,12,2nd Place,2,8,8.8333
Kirstie Alley,Maksim Chmerkoskiy,Actor/Actress,Kansas,United States,60,12,2nd Place,2,9,9.0
Kirstie Alley,Maksim Chmerkoskiy,Actor/Actress,Kansas,United States,60,12,2nd Place,2,10,9.3333
Kirstie Alley,Maksim Chmerkoskiy,Actor/Actress,Kansas,United States,60,12,2nd Place,2,11,
Mike Catherwood,Lacey Schwimmer,Radio Personality,California,United States,32,12,Eliminated Week 2,11,1,4.3333
Mike Catherwood,Lacey Schwimmer,Radio Personality,California,United States,32,12,Eliminated Week 2,11,2,5.6667
Mike Catherwood,Lacey Schwimmer,Radio Personality,California,United States,32,12,Eliminated Week 2,11,3,
Mike Catherwood,Lacey Schwimmer,Radio Personality,California,United States,32,12,Eliminated Week 2,11,4,
Mike Catherwood,Lacey Schwimmer,Radio Personality,California,United States,32,12,Eliminated Week 2,11,5,
Mike Catherwood,Lacey Schwimmer,Radio Personality,California,United States,32,12,Eliminated Week 2,11,6,
Mike Catherwood,Lacey Schwimmer,Radio Personality,California,United States,32,12,Eliminated Week 2,11,7,
Mike Catherwood,Lacey Schwimmer,Radio Personality,California,United States,32,12,Eliminated Week 2,11,8,
Mike Catherwood,Lacey Schwimmer,Radio Personality,California,United States,32,12,Eliminated Week 2,11,9,
Mike Catherwood,Lacey Schwimmer,Radio Personality,California,United States,32,12,Eliminated Week 2,11,10,
Mike Catherwood,Lacey Schwimmer,Radio Personality,California,United States,32,12,Eliminated Week 2,11,11,
Petra Nemcova,Dmitry Chaplin,Model,Czechoslovakia,Czechoslovakia,31,12,Eliminated Week 5,8,1,6.0
Petra Nemcova,Dmitry Chaplin,Model,Czechoslovakia,Czechoslovakia,31,12,Eliminated Week 5,8,2,6.0
Petra Nemcova,Dmitry Chaplin,Model,Czechoslovakia,Czechoslovakia,31,12,Eliminated Week 5,8,3,8.3333
Petra Nemcova,Dmitry Chaplin,Model,Czechoslovakia,Czechoslovakia,31,12,Eliminated Week 5,8,4,7.6667
Petra Nemcova,Dmitry Chaplin,Model,Czechoslovakia,Czechoslovakia,31,12,Eliminated Week 5,8,5,7.3333
Petra Nemcova,Dmitry Chaplin,Model,Czechoslovakia,Czechoslovakia,31,12,Eliminated Week 5,8,6,
Petra Nemcova,Dmitry Chaplin,Model,Czechoslovakia,Czechoslovakia,31,12,Eliminated Week 5,8,7,
Petra Nemcova,Dmitry Chaplin,Model,Czechoslovakia,Czechoslovakia,31,12,Eliminated Week 5,8,8,
Petra Nemcova,Dmitry Chaplin,Model,Czechoslovakia,Czechoslovakia,31,12,Eliminated Week 5,8,9,
Petra Nemcova,Dmitry Chaplin,Model,Czechoslovakia,Czechoslovakia,31,12,Eliminated Week 5,8,10,
Petra Nemcova,Dmitry Chaplin,Model,Czechoslovakia,Czechoslovakia,31,12,Eliminated Week 5,8,11,
Ralph Macchio,Karina Smirnoff,Actor/Actress,New York,United States,49,12,Eliminated Week 9,4,1,8.0
Ralph Macchio,Karina Smirnoff,Actor/Actress,New York,United States,49,12,Eliminated Week 9,4,2,7.0
Ralph Macchio,Karina Smirnoff,Actor/Actress,New York,United States,49,12,Eliminated Week 9,4,3,7.0
Ralph Macchio,Karina Smirnoff,Actor/Actress,New York,United States,49,12,Eliminated Week 9,4,4,8.3333
Ralph Macchio,Karina Smirnoff,Actor/Actress,New York,United States,49,12,Eliminated Week 9,4,5,7.3333
Ralph Macchio,Karina Smirnoff,Actor/Actress,New York,United States,49,12,Eliminated Week 9,4,6,8.0
Ralph Macchio,Karina Smirnoff,Actor/Actress,New York,United States,49,12,Eliminated Week 9,4,7,8.25
Ralph Macchio,Karina Smirnoff,Actor/Actress,New York,United States,49,12,Eliminated Week 9,4,8,7.6667
Ralph Macchio,Karina Smirnoff,Actor/Actress,New York,United States,49,12,Eliminated Week 9,4,9,8.0
Ralph Macchio,Karina Smirnoff,Actor/Actress,New York,United States,49,12,Eliminated Week 9,4,10,
Ralph Macchio,Karina Smirnoff,Actor/Actress,New York,United States,49,12,Eliminated Week 9,4,11,
Romeo,Chelsie Hightower,Singer/Rapper,Louisiana,United States,21,12,Eliminated Week 8,5,1,6.3333
Romeo,Chelsie Hightower,Singer/Rapper,Louisiana,United States,21,12,Eliminated Week 8,5,2,7.6667
Romeo,Chelsie Hightower,Singer/Rapper,Louisiana,United States,21,12,Eliminated Week 8,5,3,6.6667
Romeo,Chelsie Hightower,Singer/Rapper,Louisiana,United States,21,12,Eliminated Week 8,5,4,7.6667
Romeo,Chelsie Hightower,Singer/Rapper,Louisiana,United States,21,12,Eliminated Week 8,5,5,8.6667
Romeo,Chelsie Hightower,Singer/Rapper,Louisiana,United States,21,12,Eliminated Week 8,5,6,9.3333
Romeo,Chelsie Hightower,Singer/Rapper,Louisiana,United States,21,12,Eliminated Week 8,5,7,7.5
Romeo,Chelsie Hightower,Singer/Rapper,Louisiana,United States,21,12,Eliminated Week 8,5,8,8.6667
Romeo,Chelsie Hightower,Singer/Rapper,Louisiana,United States,21,12,Eliminated Week 8,5,9,
Romeo,Chelsie Hightower,Singer/Rapper,Louisiana,United States,21,12,Eliminated Week 8,5,10,
Romeo,Chelsie Hightower,Singer/Rapper,Louisiana,United States,21,12,Eliminated Week 8,5,11,
Sugar Ray Leonard,Anna Trebunskaya,Athlete,North Carolina,United States,54,12,Eliminated Week 4,9,1,5.6667
Sugar Ray Leonard,Anna Trebunskaya,Athlete,North Carolina,United States,54,12,Eliminated Week 4,9,2,5.6667
Sugar Ray Leonard,Anna Trebunskaya,Athlete,North Carolina,United States,54,12,Eliminated Week 4,9,3,6.6667
Sugar Ray Leonard,Anna Trebunskaya,Athlete,North Carolina,United States,54,12,Eliminated Week 4,9,4,7.0
Sugar Ray Leonard,Anna Trebunskaya,Athlete,North Carolina,United States,54,12,Eliminated Week 4,9,5,
Sugar Ray Leonard,Anna Trebunskaya,Athlete,North Carolina,United States,54,12,Eliminated Week 4,9,6,
Sugar Ray Leonard,Anna Trebunskaya,Athlete,North Carolina,United States,54,12,Eliminated Week 4,9,7,
Sugar Ray Leonard,Anna Trebunskaya,Athlete,North Carolina,United States,54,12,Eliminated Week 4,9,8,
Sugar Ray Leonard,Anna Trebunskaya,Athlete,North Carolina,United States,54,12,Eliminated Week 4,9,9,
Sugar Ray Leonard,Anna Trebunskaya,Athlete,North Carolina,United States,54,12,Eliminated Week 4,9,10,
Sugar Ray Leonard,Anna Trebunskaya,Athlete,North Carolina,United States,54,12,Eliminated Week 4,9,11,
Wendy Williams,Tony Dovolani,TV Personality,New Jersey,United States,46,12,Eliminated Week 3,10,1,4.6667
Wendy Williams,Tony Dovolani,TV Personality,New Jersey,United States,46,12,Eliminated Week 3,10,2,5.6667
Wendy Williams,Tony Dovolani,TV Personality,New Jersey,United States,46,12,Eliminated Week 3,10,3,5.0
Wendy Williams,Tony Dovolani,TV Personality,New Jersey,United States,46,12,Eliminated Week 3,10,4,
Wendy Williams,Tony Dovolani,TV Personality,New Jersey,United States,46,12,Eliminated Week 3,10,5,
Wendy Williams,Tony Dovolani,TV Personality,New Jersey,United States,46,12,Eliminated Week 3,10,6,
Wendy Williams,Tony Dovolani,TV Personality,New Jersey,United States,46,12,Eliminated Week 3,10,7,
Wendy Williams,Tony Dovolani,TV Personality,New Jersey,United States,46,12,Eliminated Week 3,10,8,
Wendy Williams,Tony Dovolani,TV Personality,New Jersey,United States,46,12,Eliminated Week 3,10,9,
Wendy Williams,Tony Dovolani,TV Personality,New Jersey,United States,46,12,Eliminated Week 3,10,10,
Wendy Williams,Tony Dovolani,TV Personality,New Jersey,United States,46,12,Eliminated Week 3,10,11,
Carson Kressley,Anna Trebunskaya,TV Personality,Pennsylvania,United States,41,13,Eliminated Week 5,8,1,5.6667
Carson Kressley,Anna Trebunskaya,TV Personality,Pennsylvania,United States,41,13,Eliminated Week 5,8,2,6.0
Carson Kressley,Anna Trebunskaya,TV Personality,Pennsylvania,United States,41,13,Eliminated Week 5,8,3,7.6667
Carson Kressley,Anna Trebunskaya,TV Personality,Pennsylvania,United States,41,13,Eliminated Week 5,8,4,6.6667
Carson Kressley,Anna Trebunskaya,TV Personality,Pennsylvania,United States,41,13,Eliminated Week 5,8,5,6.3333
Carson Kressley,Anna Trebunskaya,TV Personality,Pennsylvania,United States,41,13,Eliminated Week 5,8,6,
Carson Kressley,Anna Trebunskaya,TV Personality,Pennsylvania,United States,41,13,Eliminated Week 5,8,7,
Carson Kressley,Anna Trebunskaya,TV Personality,Pennsylvania,United States,41,13,Eliminated Week 5,8,8,
Carson Kressley,Anna Trebunskaya,TV Personality,Pennsylvania,United States,41,13,Eliminated Week 5,8,9,
Carson Kressley,Anna Trebunskaya,TV Personality,Pennsylvania,United States,41,13,Eliminated Week 5,8,10,
Carson Kressley,Anna Trebunskaya,TV Personality,Pennsylvania,United States,41,13,Eliminated Week 5,8,11,
Chaz Bono,Lacey Schwimmer,TV Personality,California,United States,42,13,Eliminated Week 6,7,1,5.6667
Chaz Bono,Lacey Schwimmer,TV Personality,California,United States,42,13,Eliminated Week 6,7,2,5.6667
Chaz Bono,Lacey Schwimmer,TV Personality,California,United States,42,13,Eliminated Week 6,7,3,6.0
Chaz Bono,Lacey Schwimmer,TV Personality,California,United States,42,13,Eliminated Week 6,7,4,7.0
Chaz Bono,Lacey Schwimmer,TV Personality,California,United States,42,13,Eliminated Week 6,7,5,7.0
Chaz Bono,Lacey Schwimmer,TV Personality,California,United States,42,13,Eliminated Week 6,7,6,6.3333
Chaz Bono,Lacey Schwimmer,TV Personality,California,United States,42,13,Eliminated Week 6,7,7,
Chaz Bono,Lacey Schwimmer,TV Personality,California,United States,42,13,Eliminated Week 6,7,8,
Chaz Bono,Lacey Schwimmer,TV Personality,California,United States,42,13,Eliminated Week 6,7,9,
Chaz Bono,Lacey Schwimmer,TV Personality,California,United States,42,13,Eliminated Week 6,7,10,
Chaz Bono,Lacey Schwimmer,TV Personality,California,United States,42,13,Eliminated Week 6,7,11,
Chynna Phillips,Tony Dovolani,Singer/Rapper,California,United States,43,13,Eliminated Week 4,9,1,7.3333
Chynna Phillips,Tony Dovolani,Singer/Rapper,California,United States,43,13,Eliminated Week 4,9,2,7.0
Chynna Phillips,Tony Dovolani,Singer/Rapper,California,United States,43,13,Eliminated Week 4,9,3,8.6667
Chynna Phillips,Tony Dovolani,Singer/Rapper,California,United States,43,13,Eliminated Week 4,9,4,7.0
Chynna Phillips,Tony Dovolani,Singer/Rapper,California,United States,43,13,Eliminated Week 4,9,5,
Chynna Phillips,Tony Dovolani,Singer/Rapper,California,United States,43,13,Eliminated Week 4,9,6,
Chynna Phillips,Tony Dovolani,Singer/Rapper,California,United States,43,13,Eliminated Week 4,9,7,
Chynna Phillips,Tony Dovolani,Singer/Rapper,California,United States,43,13,Eliminated Week 4,9,8,
Chynna Phillips,Tony Dovolani,Singer/Rapper,California,United States,43,13,Eliminated Week 4,9,9,
Chynna Phillips,Tony Dovolani,Singer/Rapper,California,United States,43,13,Eliminated Week 4,9,10,
Chynna Phillips,Tony Dovolani,Singer/Rapper,California,United States,43,13,Eliminated Week 4,9,11,
David Arquette,Kym Johnson,Actor/Actress,Virginia,United States,40,13,Eliminated Week 7,6,1,6.0
David Arquette,Kym Johnson,Actor/Actress,Virginia,United States,40,13,Eliminated Week 7,6,2,6.0
David Arquette,Kym Johnson,Actor/Actress,Virginia,United States,40,13,Eliminated Week 7,6,3,8.0
David Arquette,Kym Johnson,Actor/Actress,Virginia,United States,40,13,Eliminated Week 7,6,4,7.6667
David Arquette,Kym Johnson,Actor/Actress,Virginia,United States,40,13,Eliminated Week 7,6,5,8.3333
David Arquette,Kym Johnson,Actor/Actress,Virginia,United States,40,13,Eliminated Week 7,6,6,7.6667
David Arquette,Kym Johnson,Actor/Actress,Virginia,United States,40,13,Eliminated Week 7,6,7,7.8333
David Arquette,Kym Johnson,Actor/Actress,Virginia,United States,40,13,Eliminated Week 7,6,8,
David Arquette,Kym Johnson,Actor/Actress,Virginia,United States,40,13,Eliminated Week 7,6,9,
David Arquette,Kym Johnson,Actor/Actress,Virginia,United States,40,13,Eliminated Week 7,6,10,
David Arquette,Kym Johnson,Actor/Actress,Virginia,United States,40,13,Eliminated Week 7,6,11,
Elisabetta Canalis,Valentin Chmerkovskiy,Actor/Actress,Italy,Italy,33,13,Eliminated Week 2,11,1,5.0
Elisabetta Canalis,Valentin Chmerkovskiy,Actor/Actress,Italy,Italy,33,13,Eliminated Week 2,11,2,7.0
Elisabetta Canalis,Valentin Chmerkovskiy,Actor/Actress,Italy,Italy,33,13,Eliminated Week 2,11,3,
Elisabetta Canalis,Valentin Chmerkovskiy,Actor/Actress,Italy,Italy,33,13,Eliminated Week 2,11,4,
Elisabetta Canalis,Valentin Chmerkovskiy,Actor/Actress,Italy,Italy,33,13,Eliminated Week 2,11,5,
Elisabetta Canalis,Valentin Chmerkovskiy,Actor/Actress,Italy,Italy,33,13,Eliminated Week 2,11,6,
Elisabetta Canalis,Valentin Chmerkovskiy,Actor/Actress,Italy,Italy,33,13,Eliminated Week 2,11,7,
Elisabetta Canalis,Valentin Chmerkovskiy,Actor/Actress,Italy,Italy,33,13,Eliminated Week 2,11,8,
Elisabetta Canalis,Valentin Chmerkovskiy,Actor/Actress,Italy,Italy,33,13,Eliminated Week 2,11,9,
Elisabetta Canalis,Valentin Chmerkovskiy,Actor/Actress,Italy,Italy,33,13,Eliminated Week 2,11,10,
Elisabetta Canalis,Valentin Chmerkovskiy,Actor/Actress,Italy,Italy,33,13,Eliminated Week 2,11,11,
Hope Solo,Maksim Chmerkoskiy,Athlete,Washington,United States,30,13,Eliminated Week 9,4,1,7.0
Hope Solo,Maksim Chmerkoskiy,Athlete,Washington,United States,30,13,Eliminated Week 9,4,2,6.3333
Hope Solo,Maksim Chmerkoskiy,Athlete,Washington,United States,30,13,Eliminated Week 9,4,3,8.0
Hope Solo,Maksim Chmerkoskiy,Athlete,Washington,United States,30,13,Eliminated Week 9,4,4,8.0
Hope Solo,Maksim Chmerkoskiy,Athlete,Washington,United States,30,13,Eliminated Week 9,4,5,8.0
Hope Solo,Maksim Chmerkoskiy,Athlete,Washington,United States,30,13,Eliminated Week 9,4,6,6.6667
Hope Solo,Maksim Chmerkoskiy,Athlete,Washington,United States,30,13,Eliminated Week 9,4,7,8.3333
Hope Solo,Maksim Chmerkoskiy,Athlete,Washington,United States,30,13,Eliminated Week 9,4,8,8.6667
Hope Solo,Maksim Chmerkoskiy,Athlete,Washington,United States,30,13,Eliminated Week 9,4,9,8.1666
Hope Solo,Maksim Chmerkoskiy,Athlete,Washington,United States,30,13,Eliminated Week 9,4,10,
Hope Solo,Maksim Chmerkoskiy,Athlete,Washington,United States,30,13,Eliminated Week 9,4,11,
J.R. Martinez,Karina Smirnoff,Actor/Actress,Louisiana,United States,28,13,1st Place,1,1,7.3333
J.R. Martinez,Karina Smirnoff,Actor/Actress,Louisiana,United States,28,13,1st Place,1,2,7.3333
J.R. Martinez,Karina Smirnoff,Actor/Actress,Louisiana,United States,28,13,1st Place,1,3,8.6667
J.R. Martinez,Karina Smirnoff,Actor/Actress,Louisiana,United States,28,13,1st Place,1,4,8.6667
J.R. Martinez,Karina Smirnoff,Actor/Actress,Louisiana,United States,28,13,1st Place,1,5,9.3333
J.R. Martinez,Karina Smirnoff,Actor/Actress,Louisiana,United States,28,13,1st Place,1,6,9.6667
J.R. Martinez,Karina Smirnoff,Actor/Actress,Louisiana,United States,28,13,1st Place,1,7,8.0
J.R. Martinez,Karina Smirnoff,Actor/Actress,Louisiana,United States,28,13,1st Place,1,8,10.0
J.R. Martinez,Karina Smirnoff,Actor/Actress,Louisiana,United States,28,13,1st Place,1,9,9.3333
J.R. Martinez,Karina Smirnoff,Actor/Actress,Louisiana,United States,28,13,1st Place,1,10,9.3888
J.R. Martinez,Karina Smirnoff,Actor/Actress,Louisiana,United States,28,13,1st Place,1,11,
Kristin Cavallari,Mark Ballas,TV Personality,Colorado,United States,24,13,Eliminated Week 3,10,1,6.3333
Kristin Cavallari,Mark Ballas,TV Personality,Colorado,United States,24,13,Eliminated Week 3,10,2,7.3333
Kristin Cavallari,Mark Ballas,TV Personality,Colorado,United States,24,13,Eliminated Week 3,10,3,8.0
Kristin Cavallari,Mark Ballas,TV Personality,Colorado,United States,24,13,Eliminated Week 3,10,4,
Kristin Cavallari,Mark Ballas,TV Personality,Colorado,United States,24,13,Eliminated Week 3,10,5,
Kristin Cavallari,Mark Ballas,TV Personality,Colorado,United States,24,13,Eliminated Week 3,10,6,
Kristin Cavallari,Mark Ballas,TV Personality,Colorado,United States,24,13,Eliminated Week 3,10,7,
Kristin Cavallari,Mark Ballas,TV Personality,Colorado,United States,24,13,Eliminated Week 3,10,8,
Kristin Cavallari,Mark Ballas,TV Personality,Colorado,United States,24,13,Eliminated Week 3,10,9,
Kristin Cavallari,Mark Ballas,TV Personality,Colorado,United States,24,13,Eliminated Week 3,10,10,
Kristin Cavallari,Mark Ballas,TV Personality,Colorado,United States,24,13,Eliminated Week 3,10,11,
Metta World Peace (Ron),Peta Murgatroyd,Athlete,New York,United States,31,13,Eliminated Week 1,12,1,4.6667
Metta World Peace (Ron),Peta Murgatroyd,Athlete,New York,United States,31,13,Eliminated Week 1,12,2,
Metta World Peace (Ron),Peta Murgatroyd,Athlete,New York,United States,31,13,Eliminated Week 1,12,3,
Metta World Peace (Ron),Peta Murgatroyd,Athlete,New York,United States,31,13,Eliminated Week 1,12,4,
Metta World Peace (Ron),Peta Murgatroyd,Athlete,New York,United States,31,13,Eliminated Week 1,12,5,
Metta World Peace (Ron),Peta Murgatroyd,Athlete,New York,United States,31,13,Eliminated Week 1,12,6,
Metta World Peace (Ron),Peta Murgatroyd,Athlete,New York,United States,31,13,Eliminated Week 1,12,7,
Metta World Peace (Ron),Peta Murgatroyd,Athlete,New York,United States,31,13,Eliminated Week 1,12,8,
Metta World Peace (Ron),Peta Murgatroyd,Athlete,New York,United States,31,13,Eliminated Week 1,12,9,
Metta World Peace (Ron),Peta Murgatroyd,Athlete,New York,United States,31,13,Eliminated Week 1,12,10,
Metta World Peace (Ron),Peta Murgatroyd,Athlete,New York,United States,31,13,Eliminated Week 1,12,11,
Nancy Grace,Tristan MacManus,TV Personality,Georgia,United States,51,13,Eliminated Week 8,5,1,5.3333
Nancy Grace,Tristan MacManus,TV Personality,Georgia,United States,51,13,Eliminated Week 8,5,2,7.0
Nancy Grace,Tristan MacManus,TV Personality,Georgia,United States,51,13,Eliminated Week 8,5,3,7.0
Nancy Grace,Tristan MacManus,TV Personality,Georgia,United States,51,13,Eliminated Week 8,5,4,7.0
Nancy Grace,Tristan MacManus,TV Personality,Georgia,United States,51,13,Eliminated Week 8,5,5,7.3333
Nancy Grace,Tristan MacManus,TV Personality,Georgia,United States,51,13,Eliminated Week 8,5,6,8.0
Nancy Grace,Tristan MacManus,TV Personality,Georgia,United States,51,13,Eliminated Week 8,5,7,7.3333
Nancy Grace,Tristan MacManus,TV Personality,Georgia,United States,51,13,Eliminated Week 8,5,8,7.3333
Nancy Grace,Tristan MacManus,TV Personality,Georgia,United States,51,13,Eliminated Week 8,5,9,
Nancy Grace,Tristan MacManus,TV Personality,Georgia,United States,51,13,Eliminated Week 8,5,10,
Nancy Grace,Tristan MacManus,TV Personality,Georgia,United States,51,13,Eliminated Week 8,5,11,
Ricki Lake,Derek Hough,Actor/Actress,New York,United States,42,13,3rd Place,3,1,6.6667
Ricki Lake,Derek Hough,Actor/Actress,New York,United States,42,13,3rd Place,3,2,7.6667
Ricki Lake,Derek Hough,Actor/Actress,New York,United States,42,13,3rd Place,3,3,9.0
Ricki Lake,Derek Hough,Actor/Actress,New York,United States,42,13,3rd Place,3,4,9.6667
Ricki Lake,Derek Hough,Actor/Actress,New York,United States,42,13,3rd Place,3,5,8.0
Ricki Lake,Derek Hough,Actor/Actress,New York,United States,42,13,3rd Place,3,6,9.6667
Ricki Lake,Derek Hough,Actor/Actress,New York,United States,42,13,3rd Place,3,7,8.8333
Ricki Lake,Derek Hough,Actor/Actress,New York,United States,42,13,3rd Place,3,8,8.6667
Ricki Lake,Derek Hough,Actor/Actress,New York,United States,42,13,3rd Place,3,9,11.1666
Ricki Lake,Derek Hough,Actor/Actress,New York,United States,42,13,3rd Place,3,10,9.3333
Ricki Lake,Derek Hough,Actor/Actress,New York,United States,42,13,3rd Place,3,11,
Rob Kardashian,Cheryl Burke,TV Personality,California,United States,24,13,2nd Place,2,1,5.3333
Rob Kardashian,Cheryl Burke,TV Personality,California,United States,24,13,2nd Place,2,2,7.0
Rob Kardashian,Cheryl Burke,TV Personality,California,United States,24,13,2nd Place,2,3,8.0
Rob Kardashian,Cheryl Burke,TV Personality,California,United States,24,13,2nd Place,2,4,8.0
Rob Kardashian,Cheryl Burke,TV Personality,California,United States,24,13,2nd Place,2,5,8.3333
Rob Kardashian,Cheryl Burke,TV Personality,California,United States,24,13,2nd Place,2,6,7.3333
Rob Kardashian,Cheryl Burke,TV Personality,California,United States,24,13,2nd Place,2,7,8.5
Rob Kardashian,Cheryl Burke,TV Personality,California,United States,24,13,2nd Place,2,8,8.5
Rob Kardashian,Cheryl Burke,TV Personality,California,United States,24,13,2nd Place,2,9,10.8333
Rob Kardashian,Cheryl Burke,TV Personality,California,United States,24,13,2nd Place,2,10,9.4444
Rob Kardashian,Cheryl Burke,TV Personality,California,United States,24,13,2nd Place,2,11,
Donald Driver,Peta Murgatroyd,Athlete,Texas,United States,37,14,1st Place,1,1,7.0
Donald Driver,Peta Murgatroyd,Athlete,Texas,United States,37,14,1st Place,1,2,8.0
Donald Driver,Peta Murgatroyd,Athlete,Texas,United States,37,14,1st Place,1,3,8.6667
Donald Driver,Peta Murgatroyd,Athlete,Texas,United States,37,14,1st Place,1,4,9.0
Donald Driver,Peta Murgatroyd,Athlete,Texas,United States,37,14,1st Place,1,5,9.0
Donald Driver,Peta Murgatroyd,Athlete,Texas,United States,37,14,1st Place,1,6,11.3333
Donald Driver,Peta Murgatroyd,Athlete,Texas,United States,37,14,1st Place,1,7,8.8333
Donald Driver,Peta Murgatroyd,Athlete,Texas,United States,37,14,1st Place,1,8,9.1667
Donald Driver,Peta Murgatroyd,Athlete,Texas,United States,37,14,1st Place,1,9,9.5
Donald Driver,Peta Murgatroyd,Athlete,Texas,United States,37,14,1st Place,1,10,9.8889
Donald Driver,Peta Murgatroyd,Athlete,Texas,United States,37,14,1st Place,1,11,
Gavin DeGraw,Karina Smirnoff,Singer/Rapper,New York,United States,35,14,Eliminated Week 5,9,1,6.6667
Gavin DeGraw,Karina Smirnoff,Singer/Rapper,New York,United States,35,14,Eliminated Week 5,9,2,7.0
Gavin DeGraw,Karina Smirnoff,Singer/Rapper,New York,United States,35,14,Eliminated Week 5,9,3,8.0
Gavin DeGraw,Karina Smirnoff,Singer/Rapper,New York,United States,35,14,Eliminated Week 5,9,4,7.6667
Gavin DeGraw,Karina Smirnoff,Singer/Rapper,New York,United States,35,14,Eliminated Week 5,9,5,6.3333
Gavin DeGraw,Karina Smirnoff,Singer/Rapper,New York,United States,35,14,Eliminated Week 5,9,6,
Gavin DeGraw,Karina Smirnoff,Singer/Rapper,New York,United States,35,14,Eliminated Week 5,9,7,
Gavin DeGraw,Karina Smirnoff,Singer/Rapper,New York,United States,35,14,Eliminated Week 5,9,8,
Gavin DeGraw,Karina Smirnoff,Singer/Rapper,New York,United States,35,14,Eliminated Week 5,9,9,
Gavin DeGraw,Karina Smirnoff,Singer/Rapper,New York,United States,35,14,Eliminated Week 5,9,10,
Gavin DeGraw,Karina Smirnoff,Singer/Rapper,New York,United States,35,14,Eliminated Week 5,9,11,
Gladys Knight,Tristan MacManus,Singer/Rapper,Georgia,United States,67,14,Eliminated Week 6,8,1,7.6667
Gladys Knight,Tristan MacManus,Singer/Rapper,Georgia,United States,67,14,Eliminated Week 6,8,2,6.3333
Gladys Knight,Tristan MacManus,Singer/Rapper,Georgia,United States,67,14,Eliminated Week 6,8,3,8.0
Gladys Knight,Tristan MacManus,Singer/Rapper,Georgia,United States,67,14,Eliminated Week 6,8,4,6.6667
Gladys Knight,Tristan MacManus,Singer/Rapper,Georgia,United States,67,14,Eliminated Week 6,8,5,7.3333
Gladys Knight,Tristan MacManus,Singer/Rapper,Georgia,United States,67,14,Eliminated Week 6,8,6,8.0
Gladys Knight,Tristan MacManus,Singer/Rapper,Georgia,United States,67,14,Eliminated Week 6,8,7,
Gladys Knight,Tristan MacManus,Singer/Rapper,Georgia,United States,67,14,Eliminated Week 6,8,8,
Gladys Knight,Tristan MacManus,Singer/Rapper,Georgia,United States,67,14,Eliminated Week 6,8,9,
Gladys Knight,Tristan MacManus,Singer/Rapper,Georgia,United States,67,14,Eliminated Week 6,8,10,
Gladys Knight,Tristan MacManus,Singer/Rapper,Georgia,United States,67,14,Eliminated Week 6,8,11,
Jack Wagner,Anna Trebunskaya,Actor/Actress,Missouri,United States,52,14,Eliminated Week 3,11,1,7.6667
Jack Wagner,Anna Trebunskaya,Actor/Actress,Missouri,United States,52,14,Eliminated Week 3,11,2,7.0
Jack Wagner,Anna Trebunskaya,Actor/Actress,Missouri,United States,52,14,Eliminated Week 3,11,3,8.0
Jack Wagner,Anna Trebunskaya,Actor/Actress,Missouri,United States,52,14,Eliminated Week 3,11,4,
Jack Wagner,Anna Trebunskaya,Actor/Actress,Missouri,United States,52,14,Eliminated Week 3,11,5,
Jack Wagner,Anna Trebunskaya,Actor/Actress,Missouri,United States,52,14,Eliminated Week 3,11,6,
Jack Wagner,Anna Trebunskaya,Actor/Actress,Missouri,United States,52,14,Eliminated Week 3,11,7,
Jack Wagner,Anna Trebunskaya,Actor/Actress,Missouri,United States,52,14,Eliminated Week 3,11,8,
Jack Wagner,Anna Trebunskaya,Actor/Actress,Missouri,United States,52,14,Eliminated Week 3,11,9,
Jack Wagner,Anna Trebunskaya,Actor/Actress,Missouri,United States,52,14,Eliminated Week 3,11,10,
Jack Wagner,Anna Trebunskaya,Actor/Actress,Missouri,United States,52,14,Eliminated Week 3,11,11,
Jaleel White,Kym Johnson,Actor/Actress,California,United States,35,14,Eliminated Week 7,7,1,8.6667
Jaleel White,Kym Johnson,Actor/Actress,California,United States,35,14,Eliminated Week 7,7,2,7.3333
Jaleel White,Kym Johnson,Actor/Actress,California,United States,35,14,Eliminated Week 7,7,3,8.3333
Jaleel White,Kym Johnson,Actor/Actress,California,United States,35,14,Eliminated Week 7,7,4,7.3333
Jaleel White,Kym Johnson,Actor/Actress,California,United States,35,14,Eliminated Week 7,7,5,8.0
Jaleel White,Kym Johnson,Actor/Actress,California,United States,35,14,Eliminated Week 7,7,6,12.3333
Jaleel White,Kym Johnson,Actor/Actress,California,United States,35,14,Eliminated Week 7,7,7,8.5
Jaleel White,Kym Johnson,Actor/Actress,California,United States,35,14,Eliminated Week 7,7,8,
Jaleel White,Kym Johnson,Actor/Actress,California,United States,35,14,Eliminated Week 7,7,9,
Jaleel White,Kym Johnson,Actor/Actress,California,United States,35,14,Eliminated Week 7,7,10,
Jaleel White,Kym Johnson,Actor/Actress,California,United States,35,14,Eliminated Week 7,7,11,
Katherine Jenkins,Mark Ballas,Singer/Rapper,Wales,Wales,31,14,2nd Place,2,1,8.6667
Katherine Jenkins,Mark Ballas,Singer/Rapper,Wales,Wales,31,14,2nd Place,2,2,8.6667
Katherine Jenkins,Mark Ballas,Singer/Rapper,Wales,Wales,31,14,2nd Place,2,3,9.6667
Katherine Jenkins,Mark Ballas,Singer/Rapper,Wales,Wales,31,14,2nd Place,2,4,8.0
Katherine Jenkins,Mark Ballas,Singer/Rapper,Wales,Wales,31,14,2nd Place,2,5,9.6667
Katherine Jenkins,Mark Ballas,Singer/Rapper,Wales,Wales,31,14,2nd Place,2,6,13.0
Katherine Jenkins,Mark Ballas,Singer/Rapper,Wales,Wales,31,14,2nd Place,2,7,9.0
Katherine Jenkins,Mark Ballas,Singer/Rapper,Wales,Wales,31,14,2nd Place,2,8,9.1667
Katherine Jenkins,Mark Ballas,Singer/Rapper,Wales,Wales,31,14,2nd Place,2,9,9.3333
Katherine Jenkins,Mark Ballas,Singer/Rapper,Wales,Wales,31,14,2nd Place,2,10,10.0
Katherine Jenkins,Mark Ballas,Singer/Rapper,Wales,Wales,31,14,2nd Place,2,11,
Maria Menounos,Derek Hough,TV Personality,Massachusetts,United States,33,14,Eliminated Week 9,4,1,7.0
Maria Menounos,Derek Hough,TV Personality,Massachusetts,United States,33,14,Eliminated Week 9,4,2,8.3333
Maria Menounos,Derek Hough,TV Personality,Massachusetts,United States,33,14,Eliminated Week 9,4,3,9.0
Maria Menounos,Derek Hough,TV Personality,Massachusetts,United States,33,14,Eliminated Week 9,4,4,8.6667
Maria Menounos,Derek Hough,TV Personality,Massachusetts,United States,33,14,Eliminated Week 9,4,5,9.0
Maria Menounos,Derek Hough,TV Personality,Massachusetts,United States,33,14,Eliminated Week 9,4,6,10.0
Maria Menounos,Derek Hough,TV Personality,Massachusetts,United States,33,14,Eliminated Week 9,4,7,9.5
Maria Menounos,Derek Hough,TV Personality,Massachusetts,United States,33,14,Eliminated Week 9,4,8,8.8333
Maria Menounos,Derek Hough,TV Personality,Massachusetts,United States,33,14,Eliminated Week 9,4,9,9.8333
Maria Menounos,Derek Hough,TV Personality,Massachusetts,United States,33,14,Eliminated Week 9,4,10,
Maria Menounos,Derek Hough,TV Personality,Massachusetts,United States,33,14,Eliminated Week 9,4,11,
Martina Navratilova,Tony Dovolani,Athlete,Czechoslovakia,Czechoslovakia,55,14,Eliminated Week 2,12,1,6.6667
Martina Navratilova,Tony Dovolani,Athlete,Czechoslovakia,Czechoslovakia,55,14,Eliminated Week 2,12,2,5.6667
Martina Navratilova,Tony Dovolani,Athlete,Czechoslovakia,Czechoslovakia,55,14,Eliminated Week 2,12,3,
Martina Navratilova,Tony Dovolani,Athlete,Czechoslovakia,Czechoslovakia,55,14,Eliminated Week 2,12,4,
Martina Navratilova,Tony Dovolani,Athlete,Czechoslovakia,Czechoslovakia,55,14,Eliminated Week 2,12,5,
Martina Navratilova,Tony Dovolani,Athlete,Czechoslovakia,Czechoslovakia,55,14,Eliminated Week 2,12,6,
Martina Navratilova,Tony Dovolani,Athlete,Czechoslovakia,Czechoslovakia,55,14,Eliminated Week 2,12,7,
Martina Navratilova,Tony Dovolani,Athlete,Czechoslovakia,Czechoslovakia,55,14,Eliminated Week 2,12,8,
Martina Navratilova,Tony Dovolani,Athlete,Czechoslovakia,Czechoslovakia,55,14,Eliminated Week 2,12,9,
Martina Navratilova,Tony Dovolani,Athlete,Czechoslovakia,Czechoslovakia,55,14,Eliminated Week 2,12,10,
Martina Navratilova,Tony Dovolani,Athlete,Czechoslovakia,Czechoslovakia,55,14,Eliminated Week 2,12,11,
Melissa Gilbert,Maksim Chmerkoskiy,Actor/Actress,California,United States,47,14,Eliminated Week 8,5,1,6.6667
Melissa Gilbert,Maksim Chmerkoskiy,Actor/Actress,California,United States,47,14,Eliminated Week 8,5,2,6.6667
Melissa Gilbert,Maksim Chmerkoskiy,Actor/Actress,California,United States,47,14,Eliminated Week 8,5,3,8.0
Melissa Gilbert,Maksim Chmerkoskiy,Actor/Actress,California,United States,47,14,Eliminated Week 8,5,4,7.3333
Melissa Gilbert,Maksim Chmerkoskiy,Actor/Actress,California,United States,47,14,Eliminated Week 8,5,5,7.0
Melissa Gilbert,Maksim Chmerkoskiy,Actor/Actress,California,United States,47,14,Eliminated Week 8,5,6,10.0
Melissa Gilbert,Maksim Chmerkoskiy,Actor/Actress,California,United States,47,14,Eliminated Week 8,5,7,7.8333
Melissa Gilbert,Maksim Chmerkoskiy,Actor/Actress,California,United States,47,14,Eliminated Week 8,5,8,8.5
Melissa Gilbert,Maksim Chmerkoskiy,Actor/Actress,California,United States,47,14,Eliminated Week 8,5,9,
Melissa Gilbert,Maksim Chmerkoskiy,Actor/Actress,California,United States,47,14,Eliminated Week 8,5,10,
Melissa Gilbert,Maksim Chmerkoskiy,Actor/Actress,California,United States,47,14,Eliminated Week 8,5,11,
Roshon Fegan,Chelsie Hightower,Actor/Actress,California,United States,20,14,Eliminated Week 8,6,1,7.6667
Roshon Fegan,Chelsie Hightower,Actor/Actress,California,United States,20,14,Eliminated Week 8,6,2,8.6667
Roshon Fegan,Chelsie Hightower,Actor/Actress,California,United States,20,14,Eliminated Week 8,6,3,8.3333
Roshon Fegan,Chelsie Hightower,Actor/Actress,California,United States,20,14,Eliminated Week 8,6,4,8.6667
Roshon Fegan,Chelsie Hightower,Actor/Actress,California,United States,20,14,Eliminated Week 8,6,5,8.6667
Roshon Fegan,Chelsie Hightower,Actor/Actress,California,United States,20,14,Eliminated Week 8,6,6,9.3333
Roshon Fegan,Chelsie Hightower,Actor/Actress,California,United States,20,14,Eliminated Week 8,6,7,8.6667
Roshon Fegan,Chelsie Hightower,Actor/Actress,California,United States,20,14,Eliminated Week 8,6,8,9.3333
Roshon Fegan,Chelsie Hightower,Actor/Actress,California,United States,20,14,Eliminated Week 8,6,9,
Roshon Fegan,Chelsie Hightower,Actor/Actress,California,United States,20,14,Eliminated Week 8,6,10,
Roshon Fegan,Chelsie Hightower,Actor/Actress,California,United States,20,14,Eliminated Week 8,6,11,
Sherri Sheperd,Valentin Chmerkovskiy,Actor/Actress,Illinois,United States,44,14,Eliminated Week 4,10,1,7.6667
Sherri Sheperd,Valentin Chmerkovskiy,Actor/Actress,Illinois,United States,44,14,Eliminated Week 4,10,2,7.6667
Sherri Sheperd,Valentin Chmerkovskiy,Actor/Actress,Illinois,United States,44,14,Eliminated Week 4,10,3,8.0
Sherri Sheperd,Valentin Chmerkovskiy,Actor/Actress,Illinois,United States,44,14,Eliminated Week 4,10,4,7.0
Sherri Sheperd,Valentin Chmerkovskiy,Actor/Actress,Illinois,United States,44,14,Eliminated Week 4,10,5,
Sherri Sheperd,Valentin Chmerkovskiy,Actor/Actress,Illinois,United States,44,14,Eliminated Week 4,10,6,
Sherri Sheperd,Valentin Chmerkovskiy,Actor/Actress,Illinois,United States,44,14,Eliminated Week 4,10,7,
Sherri Sheperd,Valentin Chmerkovskiy,Actor/Actress,Illinois,United States,44,14,Eliminated Week 4,10,8,
Sherri Sheperd,Valentin Chmerkovskiy,Actor/Actress,Illinois,United States,44,14,Eliminated Week 4,10,9,
Sherri Sheperd,Valentin Chmerkovskiy,Actor/Actress,Illinois,United States,44,14,Eliminated Week 4,10,10,
Sherri Sheperd,Valentin Chmerkovskiy,Actor/Actress,Illinois,United States,44,14,Eliminated Week 4,10,11,
William Levy,Cheryl Burke,Actor/Actress,Cuba,Cuba,31,14,3rd Place,3,1,8.0
William Levy,Cheryl Burke,Actor/Actress,Cuba,Cuba,31,14,3rd Place,3,2,8.3333
William Levy,Cheryl Burke,Actor/Actress,Cuba,Cuba,31,14,3rd Place,3,3,9.3333
William Levy,Cheryl Burke,Actor/Actress,Cuba,Cuba,31,14,3rd Place,3,4,7.3333
William Levy,Cheryl Burke,Actor/Actress,Cuba,Cuba,31,14,3rd Place,3,5,9.6667
William Levy,Cheryl Burke,Actor/Actress,Cuba,Cuba,31,14,3rd Place,3,6,12.0
William Levy,Cheryl Burke,Actor/Actress,Cuba,Cuba,31,14,3rd Place,3,7,8.8333
William Levy,Cheryl Burke,Actor/Actress,Cuba,Cuba,31,14,3rd Place,3,8,9.5
William Levy,Cheryl Burke,Actor/Actress,Cuba,Cuba,31,14,3rd Place,3,9,9.6667
William Levy,Cheryl Burke,Actor/Actress,Cuba,Cuba,31,14,3rd Place,3,10,9.8889
William Levy,Cheryl Burke,Actor/Actress,Cuba,Cuba,31,14,3rd Place,3,11,
Apolo Anton Ohno,Karina Smirnoff,Athlete,Washington,United States,30,15,Eliminated Week 9,5,1,7.3333
Apolo Anton Ohno,Karina Smirnoff,Athlete,Washington,United States,30,15,Eliminated Week 9,5,2,8.1667
Apolo Anton Ohno,Karina Smirnoff,Athlete,Washington,United States,30,15,Eliminated Week 9,5,3,8.5
Apolo Anton Ohno,Karina Smirnoff,Athlete,Washington,United States,30,15,Eliminated Week 9,5,4,8.625
Apolo Anton Ohno,Karina Smirnoff,Athlete,Washington,United States,30,15,Eliminated Week 9,5,5,9.4167
Apolo Anton Ohno,Karina Smirnoff,Athlete,Washington,United States,30,15,Eliminated Week 9,5,6,10.0
Apolo Anton Ohno,Karina Smirnoff,Athlete,Washington,United States,30,15,Eliminated Week 9,5,7,11.0
Apolo Anton Ohno,Karina Smirnoff,Athlete,Washington,United States,30,15,Eliminated Week 9,5,8,9.7592
Apolo Anton Ohno,Karina Smirnoff,Athlete,Washington,United States,30,15,Eliminated Week 9,5,9,9.537
Apolo Anton Ohno,Karina Smirnoff,Athlete,Washington,United States,30,15,Eliminated Week 9,5,10,
Apolo Anton Ohno,Karina Smirnoff,Athlete,Washington,United States,30,15,Eliminated Week 9,5,11,
Bristol Palin,Mark Ballas,TV Personality,Alaska,United States,21,15,Eliminated Week 4,9,1,6.5
Bristol Palin,Mark Ballas,TV Personality,Alaska,United States,21,15,Eliminated Week 4,9,2,6.0
Bristol Palin,Mark Ballas,TV Personality,Alaska,United States,21,15,Eliminated Week 4,9,3,7.5
Bristol Palin,Mark Ballas,TV Personality,Alaska,United States,21,15,Eliminated Week 4,9,4,8.0
Bristol Palin,Mark Ballas,TV Personality,Alaska,United States,21,15,Eliminated Week 4,9,5,
Bristol Palin,Mark Ballas,TV Personality,Alaska,United States,21,15,Eliminated Week 4,9,6,
Bristol Palin,Mark Ballas,TV Personality,Alaska,United States,21,15,Eliminated Week 4,9,7,
Bristol Palin,Mark Ballas,TV Personality,Alaska,United States,21,15,Eliminated Week 4,9,8,
Bristol Palin,Mark Ballas,TV Personality,Alaska,United States,21,15,Eliminated Week 4,9,9,
Bristol Palin,Mark Ballas,TV Personality,Alaska,United States,21,15,Eliminated Week 4,9,10,
Bristol Palin,Mark Ballas,TV Personality,Alaska,United States,21,15,Eliminated Week 4,9,11,
Drew Lachey,Anna Trebunskaya,Singer/Rapper,Ohio,United States,36,15,Eliminated Week 3,11,1,7.1667
Drew Lachey,Anna Trebunskaya,Singer/Rapper,Ohio,United States,36,15,Eliminated Week 3,11,2,7.5
Drew Lachey,Anna Trebunskaya,Singer/Rapper,Ohio,United States,36,15,Eliminated Week 3,11,3,8.0
Drew Lachey,Anna Trebunskaya,Singer/Rapper,Ohio,United States,36,15,Eliminated Week 3,11,4,
Drew Lachey,Anna Trebunskaya,Singer/Rapper,Ohio,United States,36,15,Eliminated Week 3,11,5,
Drew Lachey,Anna Trebunskaya,Singer/Rapper,Ohio,United States,36,15,Eliminated Week 3,11,6,
Drew Lachey,Anna Trebunskaya,Singer/Rapper,Ohio,United States,36,15,Eliminated Week 3,11,7,
Drew Lachey,Anna Trebunskaya,Singer/Rapper,Ohio,United States,36,15,Eliminated Week 3,11,8,
Drew Lachey,Anna Trebunskaya,Singer/Rapper,Ohio,United States,36,15,Eliminated Week 3,11,9,
Drew Lachey,Anna Trebunskaya,Singer/Rapper,Ohio,United States,36,15,Eliminated Week 3,11,10,
Drew Lachey,Anna Trebunskaya,Singer/Rapper,Ohio,United States,36,15,Eliminated Week 3,11,11,
Emmitt Smith,Cheryl Burke,Athlete,Florida,United States,43,15,Eliminated Week 9,4,1,8.1667
Emmitt Smith,Cheryl Burke,Athlete,Florida,United States,43,15,Eliminated Week 9,4,2,7.5
Emmitt Smith,Cheryl Burke,Athlete,Florida,United States,43,15,Eliminated Week 9,4,3,8.3333
Emmitt Smith,Cheryl Burke,Athlete,Florida,United States,43,15,Eliminated Week 9,4,4,9.0
Emmitt Smith,Cheryl Burke,Athlete,Florida,United States,43,15,Eliminated Week 9,4,5,9.3333
Emmitt Smith,Cheryl Burke,Athlete,Florida,United States,43,15,Eliminated Week 9,4,6,8.8333
Emmitt Smith,Cheryl Burke,Athlete,Florida,United States,43,15,Eliminated Week 9,4,7,11.5
Emmitt Smith,Cheryl Burke,Athlete,Florida,United States,43,15,Eliminated Week 9,4,8,9.6851
Emmitt Smith,Cheryl Burke,Athlete,Florida,United States,43,15,Eliminated Week 9,4,9,9.0
Emmitt Smith,Cheryl Burke,Athlete,Florida,United States,43,15,Eliminated Week 9,4,10,
Emmitt Smith,Cheryl Burke,Athlete,Florida,United States,43,15,Eliminated Week 9,4,11,
Gilles Marini,Peta Murgatroyd,Actor/Actress,France,France,36,15,Eliminated Week 8,6,1,8.0
Gilles Marini,Peta Murgatroyd,Actor/Actress,France,France,36,15,Eliminated Week 8,6,2,8.5
Gilles Marini,Peta Murgatroyd,Actor/Actress,France,France,36,15,Eliminated Week 8,6,3,8.5
Gilles Marini,Peta Murgatroyd,Actor/Actress,France,France,36,15,Eliminated Week 8,6,4,9.875
Gilles Marini,Peta Murgatroyd,Actor/Actress,France,France,36,15,Eliminated Week 8,6,5,9.4167
Gilles Marini,Peta Murgatroyd,Actor/Actress,France,France,36,15,Eliminated Week 8,6,6,9.1667
Gilles Marini,Peta Murgatroyd,Actor/Actress,France,France,36,15,Eliminated Week 8,6,7,11.1666
Gilles Marini,Peta Murgatroyd,Actor/Actress,France,France,36,15,Eliminated Week 8,6,8,9.7592
Gilles Marini,Peta Murgatroyd,Actor/Actress,France,France,36,15,Eliminated Week 8,6,9,
Gilles Marini,Peta Murgatroyd,Actor/Actress,France,France,36,15,Eliminated Week 8,6,10,
Gilles Marini,Peta Murgatroyd,Actor/Actress,France,France,36,15,Eliminated Week 8,6,11,
Helio Castroneves,Chelsie Hightower,Racing Driver,Brazil,Brazil,37,15,Eliminated Week 3,10,1,7.1667
Helio Castroneves,Chelsie Hightower,Racing Driver,Brazil,Brazil,37,15,Eliminated Week 3,10,2,7.6667
Helio Castroneves,Chelsie Hightower,Racing Driver,Brazil,Brazil,37,15,Eliminated Week 3,10,3,8.5
Helio Castroneves,Chelsie Hightower,Racing Driver,Brazil,Brazil,37,15,Eliminated Week 3,10,4,
Helio Castroneves,Chelsie Hightower,Racing Driver,Brazil,Brazil,37,15,Eliminated Week 3,10,5,
Helio Castroneves,Chelsie Hightower,Racing Driver,Brazil,Brazil,37,15,Eliminated Week 3,10,6,
Helio Castroneves,Chelsie Hightower,Racing Driver,Brazil,Brazil,37,15,Eliminated Week 3,10,7,
Helio Castroneves,Chelsie Hightower,Racing Driver,Brazil,Brazil,37,15,Eliminated Week 3,10,8,
Helio Castroneves,Chelsie Hightower,Racing Driver,Brazil,Brazil,37,15,Eliminated Week 3,10,9,
Helio Castroneves,Chelsie Hightower,Racing Driver,Brazil,Brazil,37,15,Eliminated Week 3,10,10,
Helio Castroneves,Chelsie Hightower,Racing Driver,Brazil,Brazil,37,15,Eliminated Week 3,10,11,
Joey Fatone,Kym Johnson,Singer/Rapper,New York,United States,35,15,Eliminated Week 2,12,1,6.8333
Joey Fatone,Kym Johnson,Singer/Rapper,New York,United States,35,15,Eliminated Week 2,12,2,7.5
Joey Fatone,Kym Johnson,Singer/Rapper,New York,United States,35,15,Eliminated Week 2,12,3,
Joey Fatone,Kym Johnson,Singer/Rapper,New York,United States,35,15,Eliminated Week 2,12,4,
Joey Fatone,Kym Johnson,Singer/Rapper,New York,United States,35,15,Eliminated Week 2,12,5,
Joey Fatone,Kym Johnson,Singer/Rapper,New York,United States,35,15,Eliminated Week 2,12,6,
Joey Fatone,Kym Johnson,Singer/Rapper,New York,United States,35,15,Eliminated Week 2,12,7,
Joey Fatone,Kym Johnson,Singer/Rapper,New York,United States,35,15,Eliminated Week 2,12,8,
Joey Fatone,Kym Johnson,Singer/Rapper,New York,United States,35,15,Eliminated Week 2,12,9,
Joey Fatone,Kym Johnson,Singer/Rapper,New York,United States,35,15,Eliminated Week 2,12,10,
Joey Fatone,Kym Johnson,Singer/Rapper,New York,United States,35,15,Eliminated Week 2,12,11,
Kelly Monaco,Valentin Chmerkovskiy,Actor/Actress,Pennsylvania,United States,36,15,3rd Place,3,1,7.1667
Kelly Monaco,Valentin Chmerkovskiy,Actor/Actress,Pennsylvania,United States,36,15,3rd Place,3,2,7.3333
Kelly Monaco,Valentin Chmerkovskiy,Actor/Actress,Pennsylvania,United States,36,15,3rd Place,3,3,9.0
Kelly Monaco,Valentin Chmerkovskiy,Actor/Actress,Pennsylvania,United States,36,15,3rd Place,3,4,9.375
Kelly Monaco,Valentin Chmerkovskiy,Actor/Actress,Pennsylvania,United States,36,15,3rd Place,3,5,8.5833
Kelly Monaco,Valentin Chmerkovskiy,Actor/Actress,Pennsylvania,United States,36,15,3rd Place,3,6,9.0
Kelly Monaco,Valentin Chmerkovskiy,Actor/Actress,Pennsylvania,United States,36,15,3rd Place,3,7,12.0
Kelly Monaco,Valentin Chmerkovskiy,Actor/Actress,Pennsylvania,United States,36,15,3rd Place,3,8,9.4444
Kelly Monaco,Valentin Chmerkovskiy,Actor/Actress,Pennsylvania,United States,36,15,3rd Place,3,9,9.037
Kelly Monaco,Valentin Chmerkovskiy,Actor/Actress,Pennsylvania,United States,36,15,3rd Place,3,10,9.7036
Kelly Monaco,Valentin Chmerkovskiy,Actor/Actress,Pennsylvania,United States,36,15,3rd Place,3,11,
Kirstie Alley,Maksim Chmerkoskiy,Actor/Actress,Kansas,United States,61,15,Eliminated Week 8,7,1,6.3333
Kirstie Alley,Maksim Chmerkoskiy,Actor/Actress,Kansas,United States,61,15,Eliminated Week 8,7,2,7.0
Kirstie Alley,Maksim Chmerkoskiy,Actor/Actress,Kansas,United States,61,15,Eliminated Week 8,7,3,8.0
Kirstie Alley,Maksim Chmerkoskiy,Actor/Actress,Kansas,United States,61,15,Eliminated Week 8,7,4,7.5
Kirstie Alley,Maksim Chmerkoskiy,Actor/Actress,Kansas,United States,61,15,Eliminated Week 8,7,5,8.75
Kirstie Alley,Maksim Chmerkoskiy,Actor/Actress,Kansas,United States,61,15,Eliminated Week 8,7,6,9.1667
Kirstie Alley,Maksim Chmerkoskiy,Actor/Actress,Kansas,United States,61,15,Eliminated Week 8,7,7,9.3333
Kirstie Alley,Maksim Chmerkoskiy,Actor/Actress,Kansas,United States,61,15,Eliminated Week 8,7,8,8.5
Kirstie Alley,Maksim Chmerkoskiy,Actor/Actress,Kansas,United States,61,15,Eliminated Week 8,7,9,
Kirstie Alley,Maksim Chmerkoskiy,Actor/Actress,Kansas,United States,61,15,Eliminated Week 8,7,10,
Kirstie Alley,Maksim Chmerkoskiy,Actor/Actress,Kansas,United States,61,15,Eliminated Week 8,7,11,
Melissa Rycroft,Tony Dovolani,TV Personality,Texas,United States,29,15,1st Place,1,1,7.0
Melissa Rycroft,Tony Dovolani,TV Personality,Texas,United States,29,15,1st Place,1,2,7.8333
Melissa Rycroft,Tony Dovolani,TV Personality,Texas,United States,29,15,1st Place,1,3,9.0
Melissa Rycroft,Tony Dovolani,TV Personality,Texas,United States,29,15,1st Place,1,4,9.25
Melissa Rycroft,Tony Dovolani,TV Personality,Texas,United States,29,15,1st Place,1,5,9.4167
Melissa Rycroft,Tony Dovolani,TV Personality,Texas,United States,29,15,1st Place,1,6,9.8333
Melissa Rycroft,Tony Dovolani,TV Personality,Texas,United States,29,15,1st Place,1,7,13.0
Melissa Rycroft,Tony Dovolani,TV Personality,Texas,United States,29,15,1st Place,1,8,10.0
Melissa Rycroft,Tony Dovolani,TV Personality,Texas,United States,29,15,1st Place,1,9,9.5926
Melissa Rycroft,Tony Dovolani,TV Personality,Texas,United States,29,15,1st Place,1,10,9.7777
Melissa Rycroft,Tony Dovolani,TV Personality,Texas,United States,29,15,1st Place,1,11,
Pamela Anderson,Tristan MacManus,Model,Canada,Canada,45,15,Eliminated Week 1,13,1,5.6667
Pamela Anderson,Tristan MacManus,Model,Canada,Canada,45,15,Eliminated Week 1,13,2,
Pamela Anderson,Tristan MacManus,Model,Canada,Canada,45,15,Eliminated Week 1,13,3,
Pamela Anderson,Tristan MacManus,Model,Canada,Canada,45,15,Eliminated Week 1,13,4,
Pamela Anderson,Tristan MacManus,Model,Canada,Canada,45,15,Eliminated Week 1,13,5,
Pamela Anderson,Tristan MacManus,Model,Canada,Canada,45,15,Eliminated Week 1,13,6,
Pamela Anderson,Tristan MacManus,Model,Canada,Canada,45,15,Eliminated Week 1,13,7,
Pamela Anderson,Tristan MacManus,Model,Canada,Canada,45,15,Eliminated Week 1,13,8,
Pamela Anderson,Tristan MacManus,Model,Canada,Canada,45,15,Eliminated Week 1,13,9,
Pamela Anderson,Tristan MacManus,Model,Canada,Canada,45,15,Eliminated Week 1,13,10,
Pamela Anderson,Tristan MacManus,Model,Canada,Canada,45,15,Eliminated Week 1,13,11,
Sabrina Bryan,Louis van Amstel,Actor/Actress,California,United States,28,15,Eliminated Week 6,8,1,7.5
Sabrina Bryan,Louis van Amstel,Actor/Actress,California,United States,28,15,Eliminated Week 6,8,2,8.6667
Sabrina Bryan,Louis van Amstel,Actor/Actress,California,United States,28,15,Eliminated Week 6,8,3,8.5
Sabrina Bryan,Louis van Amstel,Actor/Actress,California,United States,28,15,Eliminated Week 6,8,4,8.875
Sabrina Bryan,Louis van Amstel,Actor/Actress,California,United States,28,15,Eliminated Week 6,8,5,9.75
Sabrina Bryan,Louis van Amstel,Actor/Actress,California,United States,28,15,Eliminated Week 6,8,6,10.0
Sabrina Bryan,Louis van Amstel,Actor/Actress,California,United States,28,15,Eliminated Week 6,8,7,
Sabrina Bryan,Louis van Amstel,Actor/Actress,California,United States,28,15,Eliminated Week 6,8,8,
Sabrina Bryan,Louis van Amstel,Actor/Actress,California,United States,28,15,Eliminated Week 6,8,9,
Sabrina Bryan,Louis van Amstel,Actor/Actress,California,United States,28,15,Eliminated Week 6,8,10,
Sabrina Bryan,Louis van Amstel,Actor/Actress,California,United States,28,15,Eliminated Week 6,8,11,
Shawn Johnson,Derek Hough,Athlete,Iowa,United States,20,15,2nd Place,2,1,7.3333
Shawn Johnson,Derek Hough,Athlete,Iowa,United States,20,15,2nd Place,2,2,8.3333
Shawn Johnson,Derek Hough,Athlete,Iowa,United States,20,15,2nd Place,2,3,8.8333
Shawn Johnson,Derek Hough,Athlete,Iowa,United States,20,15,2nd Place,2,4,9.875
Shawn Johnson,Derek Hough,Athlete,Iowa,United States,20,15,2nd Place,2,5,9.4167
Shawn Johnson,Derek Hough,Athlete,Iowa,United States,20,15,2nd Place,2,6,9.3333
Shawn Johnson,Derek Hough,Athlete,Iowa,United States,20,15,2nd Place,2,7,12.6666
Shawn Johnson,Derek Hough,Athlete,Iowa,United States,20,15,2nd Place,2,8,9.2778
Shawn Johnson,Derek Hough,Athlete,Iowa,United States,20,15,2nd Place,2,9,9.8333
Shawn Johnson,Derek Hough,Athlete,Iowa,United States,20,15,2nd Place,2,10,9.6481
Shawn Johnson,Derek Hough,Athlete,Iowa,United States,20,15,2nd Place,2,11,
Alexandra Raisman,Mark Ballas,Athlete,Massachusetts,United States,18,16,Eliminated Week 10,4,1,7.0
Alexandra Raisman,Mark Ballas,Athlete,Massachusetts,United States,18,16,Eliminated Week 10,4,2,8.0
Alexandra Raisman,Mark Ballas,Athlete,Massachusetts,United States,18,16,Eliminated Week 10,4,3,7.6667
Alexandra Raisman,Mark Ballas,Athlete,Massachusetts,United States,18,16,Eliminated Week 10,4,4,9.0
Alexandra Raisman,Mark Ballas,Athlete,Massachusetts,United States,18,16,Eliminated Week 10,4,5,8.3333
Alexandra Raisman,Mark Ballas,Athlete,Massachusetts,United States,18,16,Eliminated Week 10,4,6,8.6667
Alexandra Raisman,Mark Ballas,Athlete,Massachusetts,United States,18,16,Eliminated Week 10,4,7,10.6667
Alexandra Raisman,Mark Ballas,Athlete,Massachusetts,United States,18,16,Eliminated Week 10,4,8,9.3333
Alexandra Raisman,Mark Ballas,Athlete,Massachusetts,United States,18,16,Eliminated Week 10,4,9,9.8333
Alexandra Raisman,Mark Ballas,Athlete,Massachusetts,United States,18,16,Eliminated Week 10,4,10,9.6667
Alexandra Raisman,Mark Ballas,Athlete,Massachusetts,United States,18,16,Eliminated Week 10,4,11,
Andy Dick,Sharna Burgess,Comedian,South Carolina,United States,47,16,Eliminated Week 7,7,1,5.6667
Andy Dick,Sharna Burgess,Comedian,South Carolina,United States,47,16,Eliminated Week 7,7,2,6.6667
Andy Dick,Sharna Burgess,Comedian,South Carolina,United States,47,16,Eliminated Week 7,7,3,6.0
Andy Dick,Sharna Burgess,Comedian,South Carolina,United States,47,16,Eliminated Week 7,7,4,7.0
Andy Dick,Sharna Burgess,Comedian,South Carolina,United States,47,16,Eliminated Week 7,7,5,6.0
Andy Dick,Sharna Burgess,Comedian,South Carolina,United States,47,16,Eliminated Week 7,7,6,7.1667
Andy Dick,Sharna Burgess,Comedian,South Carolina,United States,47,16,Eliminated Week 7,7,7,5.6667
Andy Dick,Sharna Burgess,Comedian,South Carolina,United States,47,16,Eliminated Week 7,7,8,
Andy Dick,Sharna Burgess,Comedian,South Carolina,United States,47,16,Eliminated Week 7,7,9,
Andy Dick,Sharna Burgess,Comedian,South Carolina,United States,47,16,Eliminated Week 7,7,10,
Andy Dick,Sharna Burgess,Comedian,South Carolina,United States,47,16,Eliminated Week 7,7,11,
D. L. Hughley,Cheryl Burke,Comedian,Virginia,United States,50,16,Eliminated Week 5,9,1,4.0
D. L. Hughley,Cheryl Burke,Comedian,Virginia,United States,50,16,Eliminated Week 5,9,2,5.3333
D. L. Hughley,Cheryl Burke,Comedian,Virginia,United States,50,16,Eliminated Week 5,9,3,5.3333
D. L. Hughley,Cheryl Burke,Comedian,Virginia,United States,50,16,Eliminated Week 5,9,4,7.0
D. L. Hughley,Cheryl Burke,Comedian,Virginia,United States,50,16,Eliminated Week 5,9,5,6.0
D. L. Hughley,Cheryl Burke,Comedian,Virginia,United States,50,16,Eliminated Week 5,9,6,
D. L. Hughley,Cheryl Burke,Comedian,Virginia,United States,50,16,Eliminated Week 5,9,7,
D. L. Hughley,Cheryl Burke,Comedian,Virginia,United States,50,16,Eliminated Week 5,9,8,
D. L. Hughley,Cheryl Burke,Comedian,Virginia,United States,50,16,Eliminated Week 5,9,9,
D. L. Hughley,Cheryl Burke,Comedian,Virginia,United States,50,16,Eliminated Week 5,9,10,
D. L. Hughley,Cheryl Burke,Comedian,Virginia,United States,50,16,Eliminated Week 5,9,11,
Dorothy Hamill,Tristan MacManus,Athlete,Illinois,United States,56,16,Withdrew,12,1,7.0
Dorothy Hamill,Tristan MacManus,Athlete,Illinois,United States,56,16,Withdrew,12,2,5.0
Dorothy Hamill,Tristan MacManus,Athlete,Illinois,United States,56,16,Withdrew,12,3,
Dorothy Hamill,Tristan MacManus,Athlete,Illinois,United States,56,16,Withdrew,12,4,
Dorothy Hamill,Tristan MacManus,Athlete,Illinois,United States,56,16,Withdrew,12,5,
Dorothy Hamill,Tristan MacManus,Athlete,Illinois,United States,56,16,Withdrew,12,6,
Dorothy Hamill,Tristan MacManus,Athlete,Illinois,United States,56,16,Withdrew,12,7,
Dorothy Hamill,Tristan MacManus,Athlete,Illinois,United States,56,16,Withdrew,12,8,
Dorothy Hamill,Tristan MacManus,Athlete,Illinois,United States,56,16,Withdrew,12,9,
Dorothy Hamill,Tristan MacManus,Athlete,Illinois,United States,56,16,Withdrew,12,10,
Dorothy Hamill,Tristan MacManus,Athlete,Illinois,United States,56,16,Withdrew,12,11,
Ingo Rademacher,Kym Johnson,Actor/Actress,Germany,Germany,41,16,Eliminated Week 9,5,1,6.6667
Ingo Rademacher,Kym Johnson,Actor/Actress,Germany,Germany,41,16,Eliminated Week 9,5,2,6.6667
Ingo Rademacher,Kym Johnson,Actor/Actress,Germany,Germany,41,16,Eliminated Week 9,5,3,7.0
Ingo Rademacher,Kym Johnson,Actor/Actress,Germany,Germany,41,16,Eliminated Week 9,5,4,7.6667
Ingo Rademacher,Kym Johnson,Actor/Actress,Germany,Germany,41,16,Eliminated Week 9,5,5,7.0
Ingo Rademacher,Kym Johnson,Actor/Actress,Germany,Germany,41,16,Eliminated Week 9,5,6,7.6667
Ingo Rademacher,Kym Johnson,Actor/Actress,Germany,Germany,41,16,Eliminated Week 9,5,7,8.3333
Ingo Rademacher,Kym Johnson,Actor/Actress,Germany,Germany,41,16,Eliminated Week 9,5,8,8.0
Ingo Rademacher,Kym Johnson,Actor/Actress,Germany,Germany,41,16,Eliminated Week 9,5,9,8.5
Ingo Rademacher,Kym Johnson,Actor/Actress,Germany,Germany,41,16,Eliminated Week 9,5,10,
Ingo Rademacher,Kym Johnson,Actor/Actress,Germany,Germany,41,16,Eliminated Week 9,5,11,
Jacoby Jones,Karina Smirnoff,Athlete,Louisiana,United States,28,16,3rd Place,3,1,6.6667
Jacoby Jones,Karina Smirnoff,Athlete,Louisiana,United States,28,16,3rd Place,3,2,7.6667
Jacoby Jones,Karina Smirnoff,Athlete,Louisiana,United States,28,16,3rd Place,3,3,8.6666
Jacoby Jones,Karina Smirnoff,Athlete,Louisiana,United States,28,16,3rd Place,3,4,8.0
Jacoby Jones,Karina Smirnoff,Athlete,Louisiana,United States,28,16,3rd Place,3,5,8.6667
Jacoby Jones,Karina Smirnoff,Athlete,Louisiana,United States,28,16,3rd Place,3,6,7.5
Jacoby Jones,Karina Smirnoff,Athlete,Louisiana,United States,28,16,3rd Place,3,7,9.0
Jacoby Jones,Karina Smirnoff,Athlete,Louisiana,United States,28,16,3rd Place,3,8,8.6667
Jacoby Jones,Karina Smirnoff,Athlete,Louisiana,United States,28,16,3rd Place,3,9,9.8333
Jacoby Jones,Karina Smirnoff,Athlete,Louisiana,United States,28,16,3rd Place,3,10,9.3333
Jacoby Jones,Karina Smirnoff,Athlete,Louisiana,United States,28,16,3rd Place,3,11,
Kellie Pickler,Derek Hough,Singer/Rapper,North Carolina,United States,26,16,1st Place,1,1,7.0
Kellie Pickler,Derek Hough,Singer/Rapper,North Carolina,United States,26,16,1st Place,1,2,8.6667
Kellie Pickler,Derek Hough,Singer/Rapper,North Carolina,United States,26,16,1st Place,1,3,8.3333
Kellie Pickler,Derek Hough,Singer/Rapper,North Carolina,United States,26,16,1st Place,1,4,8.6667
Kellie Pickler,Derek Hough,Singer/Rapper,North Carolina,United States,26,16,1st Place,1,5,9.0
Kellie Pickler,Derek Hough,Singer/Rapper,North Carolina,United States,26,16,1st Place,1,6,9.0
Kellie Pickler,Derek Hough,Singer/Rapper,North Carolina,United States,26,16,1st Place,1,7,9.6667
Kellie Pickler,Derek Hough,Singer/Rapper,North Carolina,United States,26,16,1st Place,1,8,9.1667
Kellie Pickler,Derek Hough,Singer/Rapper,North Carolina,United States,26,16,1st Place,1,9,9.6667
Kellie Pickler,Derek Hough,Singer/Rapper,North Carolina,United States,26,16,1st Place,1,10,10.0
Kellie Pickler,Derek Hough,Singer/Rapper,North Carolina,United States,26,16,1st Place,1,11,
Lisa Vanderpump,Gleb Savchenko,TV Personality,England,England,52,16,Eliminated Week 4,10,1,6.0
Lisa Vanderpump,Gleb Savchenko,TV Personality,England,England,52,16,Eliminated Week 4,10,2,6.0
Lisa Vanderpump,Gleb Savchenko,TV Personality,England,England,52,16,Eliminated Week 4,10,3,7.0
Lisa Vanderpump,Gleb Savchenko,TV Personality,England,England,52,16,Eliminated Week 4,10,4,6.0
Lisa Vanderpump,Gleb Savchenko,TV Personality,England,England,52,16,Eliminated Week 4,10,5,
Lisa Vanderpump,Gleb Savchenko,TV Personality,England,England,52,16,Eliminated Week 4,10,6,
Lisa Vanderpump,Gleb Savchenko,TV Personality,England,England,52,16,Eliminated Week 4,10,7,
Lisa Vanderpump,Gleb Savchenko,TV Personality,England,England,52,16,Eliminated Week 4,10,8,
Lisa Vanderpump,Gleb Savchenko,TV Personality,England,England,52,16,Eliminated Week 4,10,9,
Lisa Vanderpump,Gleb Savchenko,TV Personality,England,England,52,16,Eliminated Week 4,10,10,
Lisa Vanderpump,Gleb Savchenko,TV Personality,England,England,52,16,Eliminated Week 4,10,11,
Sean Lowe,Peta Murgatroyd,TV Personality,Texas,United States,29,16,Eliminated Week 8,6,1,6.3333
Sean Lowe,Peta Murgatroyd,TV Personality,Texas,United States,29,16,Eliminated Week 8,6,2,6.6667
Sean Lowe,Peta Murgatroyd,TV Personality,Texas,United States,29,16,Eliminated Week 8,6,3,7.0
Sean Lowe,Peta Murgatroyd,TV Personality,Texas,United States,29,16,Eliminated Week 8,6,4,6.6667
Sean Lowe,Peta Murgatroyd,TV Personality,Texas,United States,29,16,Eliminated Week 8,6,5,8.0
Sean Lowe,Peta Murgatroyd,TV Personality,Texas,United States,29,16,Eliminated Week 8,6,6,7.6667
Sean Lowe,Peta Murgatroyd,TV Personality,Texas,United States,29,16,Eliminated Week 8,6,7,8.0
Sean Lowe,Peta Murgatroyd,TV Personality,Texas,United States,29,16,Eliminated Week 8,6,8,7.0
Sean Lowe,Peta Murgatroyd,TV Personality,Texas,United States,29,16,Eliminated Week 8,6,9,
Sean Lowe,Peta Murgatroyd,TV Personality,Texas,United States,29,16,Eliminated Week 8,6,10,
Sean Lowe,Peta Murgatroyd,TV Personality,Texas,United States,29,16,Eliminated Week 8,6,11,
Victor Ortiz,Lindsay Arnold,Athlete,Kansas,United States,26,16,Eliminated Week 6,8,1,6.0
Victor Ortiz,Lindsay Arnold,Athlete,Kansas,United States,26,16,Eliminated Week 6,8,2,6.0
Victor Ortiz,Lindsay Arnold,Athlete,Kansas,United States,26,16,Eliminated Week 6,8,3,7.6667
Victor Ortiz,Lindsay Arnold,Athlete,Kansas,United States,26,16,Eliminated Week 6,8,4,6.0
Victor Ortiz,Lindsay Arnold,Athlete,Kansas,United States,26,16,Eliminated Week 6,8,5,7.0
Victor Ortiz,Lindsay Arnold,Athlete,Kansas,United States,26,16,Eliminated Week 6,8,6,6.6667
Victor Ortiz,Lindsay Arnold,Athlete,Kansas,United States,26,16,Eliminated Week 6,8,7,
Victor Ortiz,Lindsay Arnold,Athlete,Kansas,United States,26,16,Eliminated Week 6,8,8,
Victor Ortiz,Lindsay Arnold,Athlete,Kansas,United States,26,16,Eliminated Week 6,8,9,
Victor Ortiz,Lindsay Arnold,Athlete,Kansas,United States,26,16,Eliminated Week 6,8,10,
Victor Ortiz,Lindsay Arnold,Athlete,Kansas,United States,26,16,Eliminated Week 6,8,11,
Wynonna Judd,Tony Dovolani,Singer/Rapper,Kentucky,United States,48,16,Eliminated Week 3,11,1,6.0
Wynonna Judd,Tony Dovolani,Singer/Rapper,Kentucky,United States,48,16,Eliminated Week 3,11,2,6.0
Wynonna Judd,Tony Dovolani,Singer/Rapper,Kentucky,United States,48,16,Eliminated Week 3,11,3,5.0
Wynonna Judd,Tony Dovolani,Singer/Rapper,Kentucky,United States,48,16,Eliminated Week 3,11,4,
Wynonna Judd,Tony Dovolani,Singer/Rapper,Kentucky,United States,48,16,Eliminated Week 3,11,5,
Wynonna Judd,Tony Dovolani,Singer/Rapper,Kentucky,United States,48,16,Eliminated Week 3,11,6,
Wynonna Judd,Tony Dovolani,Singer/Rapper,Kentucky,United States,48,16,Eliminated Week 3,11,7,
Wynonna Judd,Tony Dovolani,Singer/Rapper,Kentucky,United States,48,16,Eliminated Week 3,11,8,
Wynonna Judd,Tony Dovolani,Singer/Rapper,Kentucky,United States,48,16,Eliminated Week 3,11,9,
Wynonna Judd,Tony Dovolani,Singer/Rapper,Kentucky,United States,48,16,Eliminated Week 3,11,10,
Wynonna Judd,Tony Dovolani,Singer/Rapper,Kentucky,United States,48,16,Eliminated Week 3,11,11,
Zendaya,Valentin Chmerkovskiy,Actor/Actress,California,United States,16,16,2nd Place,2,1,8.0
Zendaya,Valentin Chmerkovskiy,Actor/Actress,California,United States,16,16,2nd Place,2,2,8.6667
Zendaya,Valentin Chmerkovskiy,Actor/Actress,California,United States,16,16,2nd Place,2,3,8.6666
Zendaya,Valentin Chmerkovskiy,Actor/Actress,California,United States,16,16,2nd Place,2,4,8.6667
Zendaya,Valentin Chmerkovskiy,Actor/Actress,California,United States,16,16,2nd Place,2,5,9.6667
Zendaya,Valentin Chmerkovskiy,Actor/Actress,California,United States,16,16,2nd Place,2,6,8.5
Zendaya,Valentin Chmerkovskiy,Actor/Actress,California,United States,16,16,2nd Place,2,7,10.0
Zendaya,Valentin Chmerkovskiy,Actor/Actress,California,United States,16,16,2nd Place,2,8,9.6667
Zendaya,Valentin Chmerkovskiy,Actor/Actress,California,United States,16,16,2nd Place,2,9,9.1667
Zendaya,Valentin Chmerkovskiy,Actor/Actress,California,United States,16,16,2nd Place,2,10,10.0
Zendaya,Valentin Chmerkovskiy,Actor/Actress,California,United States,16,16,2nd Place,2,11,
Amber Riley,Derek Hough,Actor/Actress,California,United States,27,17,1st Place,1,1,9.0
Amber Riley,Derek Hough,Actor/Actress,California,United States,27,17,1st Place,1,2,8.0
Amber Riley,Derek Hough,Actor/Actress,California,United States,27,17,1st Place,1,3,8.0
Amber Riley,Derek Hough,Actor/Actress,California,United States,27,17,1st Place,1,4,9.0
Amber Riley,Derek Hough,Actor/Actress,California,United States,27,17,1st Place,1,5,8.6667
Amber Riley,Derek Hough,Actor/Actress,California,United States,27,17,1st Place,1,6,10.6666
Amber Riley,Derek Hough,Actor/Actress,California,United States,27,17,1st Place,1,7,9.8333
Amber Riley,Derek Hough,Actor/Actress,California,United States,27,17,1st Place,1,8,9.3333
Amber Riley,Derek Hough,Actor/Actress,California,United States,27,17,1st Place,1,9,8.5
Amber Riley,Derek Hough,Actor/Actress,California,United States,27,17,1st Place,1,10,9.875
Amber Riley,Derek Hough,Actor/Actress,California,United States,27,17,1st Place,1,11,10.4444
Bill Engvall,Emma Slater,Comedian,Texas,United States,56,17,Eliminated Week 11,4,1,6.0
Bill Engvall,Emma Slater,Comedian,Texas,United States,56,17,Eliminated Week 11,4,2,7.0
Bill Engvall,Emma Slater,Comedian,Texas,United States,56,17,Eliminated Week 11,4,3,8.0
Bill Engvall,Emma Slater,Comedian,Texas,United States,56,17,Eliminated Week 11,4,4,7.0
Bill Engvall,Emma Slater,Comedian,Texas,United States,56,17,Eliminated Week 11,4,5,8.0
Bill Engvall,Emma Slater,Comedian,Texas,United States,56,17,Eliminated Week 11,4,6,8.0
Bill Engvall,Emma Slater,Comedian,Texas,United States,56,17,Eliminated Week 11,4,7,8.3333
Bill Engvall,Emma Slater,Comedian,Texas,United States,56,17,Eliminated Week 11,4,8,8.0
Bill Engvall,Emma Slater,Comedian,Texas,United States,56,17,Eliminated Week 11,4,9,7.0
Bill Engvall,Emma Slater,Comedian,Texas,United States,56,17,Eliminated Week 11,4,10,7.5
Bill Engvall,Emma Slater,Comedian,Texas,United States,56,17,Eliminated Week 11,4,11,8.5
Bill Nye,Tyne Stecklein,TV Personality,Washington D.C.,United States,57,17,Eliminated Week 3,11,1,4.6667
Bill Nye,Tyne Stecklein,TV Personality,Washington D.C.,United States,57,17,Eliminated Week 3,11,2,5.6667
Bill Nye,Tyne Stecklein,TV Personality,Washington D.C.,United States,57,17,Eliminated Week 3,11,3,5.3333
Bill Nye,Tyne Stecklein,TV Personality,Washington D.C.,United States,57,17,Eliminated Week 3,11,4,
Bill Nye,Tyne Stecklein,TV Personality,Washington D.C.,United States,57,17,Eliminated Week 3,11,5,
Bill Nye,Tyne Stecklein,TV Personality,Washington D.C.,United States,57,17,Eliminated Week 3,11,6,
Bill Nye,Tyne Stecklein,TV Personality,Washington D.C.,United States,57,17,Eliminated Week 3,11,7,
Bill Nye,Tyne Stecklein,TV Personality,Washington D.C.,United States,57,17,Eliminated Week 3,11,8,
Bill Nye,Tyne Stecklein,TV Personality,Washington D.C.,United States,57,17,Eliminated Week 3,11,9,
Bill Nye,Tyne Stecklein,TV Personality,Washington D.C.,United States,57,17,Eliminated Week 3,11,10,
Bill Nye,Tyne Stecklein,TV Personality,Washington D.C.,United States,57,17,Eliminated Week 3,11,11,
Brant Daugherty,Peta Murgatroyd,Actor/Actress,Ohio,United States,28,17,Eliminated Week 8,7,1,7.3333
Brant Daugherty,Peta Murgatroyd,Actor/Actress,Ohio,United States,28,17,Eliminated Week 8,7,2,7.6667
Brant Daugherty,Peta Murgatroyd,Actor/Actress,Ohio,United States,28,17,Eliminated Week 8,7,3,9.0
Brant Daugherty,Peta Murgatroyd,Actor/Actress,Ohio,United States,28,17,Eliminated Week 8,7,4,7.0
Brant Daugherty,Peta Murgatroyd,Actor/Actress,Ohio,United States,28,17,Eliminated Week 8,7,5,9.0
Brant Daugherty,Peta Murgatroyd,Actor/Actress,Ohio,United States,28,17,Eliminated Week 8,7,6,10.3333
Brant Daugherty,Peta Murgatroyd,Actor/Actress,Ohio,United States,28,17,Eliminated Week 8,7,7,9.5
Brant Daugherty,Peta Murgatroyd,Actor/Actress,Ohio,United States,28,17,Eliminated Week 8,7,8,9.0
Brant Daugherty,Peta Murgatroyd,Actor/Actress,Ohio,United States,28,17,Eliminated Week 8,7,9,
Brant Daugherty,Peta Murgatroyd,Actor/Actress,Ohio,United States,28,17,Eliminated Week 8,7,10,
Brant Daugherty,Peta Murgatroyd,Actor/Actress,Ohio,United States,28,17,Eliminated Week 8,7,11,
Christina Milian,Mark Ballas,Singer/Rapper,New Jersey,United States,31,17,Eliminated Week 5,9,1,7.3333
Christina Milian,Mark Ballas,Singer/Rapper,New Jersey,United States,31,17,Eliminated Week 5,9,2,8.3333
Christina Milian,Mark Ballas,Singer/Rapper,New Jersey,United States,31,17,Eliminated Week 5,9,3,8.6667
Christina Milian,Mark Ballas,Singer/Rapper,New Jersey,United States,31,17,Eliminated Week 5,9,4,8.0
Christina Milian,Mark Ballas,Singer/Rapper,New Jersey,United States,31,17,Eliminated Week 5,9,5,9.3333
Christina Milian,Mark Ballas,Singer/Rapper,New Jersey,United States,31,17,Eliminated Week 5,9,6,
Christina Milian,Mark Ballas,Singer/Rapper,New Jersey,United States,31,17,Eliminated Week 5,9,7,
Christina Milian,Mark Ballas,Singer/Rapper,New Jersey,United States,31,17,Eliminated Week 5,9,8,
Christina Milian,Mark Ballas,Singer/Rapper,New Jersey,United States,31,17,Eliminated Week 5,9,9,
Christina Milian,Mark Ballas,Singer/Rapper,New Jersey,United States,31,17,Eliminated Week 5,9,10,
Christina Milian,Mark Ballas,Singer/Rapper,New Jersey,United States,31,17,Eliminated Week 5,9,11,
Corbin Bleu,Karina Smirnoff,Actor/Actress,New York,United States,24,17,2nd Place,2,1,8.0
Corbin Bleu,Karina Smirnoff,Actor/Actress,New York,United States,24,17,2nd Place,2,2,8.6667
Corbin Bleu,Karina Smirnoff,Actor/Actress,New York,United States,24,17,2nd Place,2,3,8.6667
Corbin Bleu,Karina Smirnoff,Actor/Actress,New York,United States,24,17,2nd Place,2,4,9.0
Corbin Bleu,Karina Smirnoff,Actor/Actress,New York,United States,24,17,2nd Place,2,5,9.3333
Corbin Bleu,Karina Smirnoff,Actor/Actress,New York,United States,24,17,2nd Place,2,6,9.0
Corbin Bleu,Karina Smirnoff,Actor/Actress,New York,United States,24,17,2nd Place,2,7,9.8333
Corbin Bleu,Karina Smirnoff,Actor/Actress,New York,United States,24,17,2nd Place,2,8,10.0
Corbin Bleu,Karina Smirnoff,Actor/Actress,New York,United States,24,17,2nd Place,2,9,9.6667
Corbin Bleu,Karina Smirnoff,Actor/Actress,New York,United States,24,17,2nd Place,2,10,9.375
Corbin Bleu,Karina Smirnoff,Actor/Actress,New York,United States,24,17,2nd Place,2,11,9.8888
Elizabeth Berkley Lauren,Valentin Chmerkovskiy,Actor/Actress,Michigan,United States,39,17,Eliminated Week 9,6,1,8.0
Elizabeth Berkley Lauren,Valentin Chmerkovskiy,Actor/Actress,Michigan,United States,39,17,Eliminated Week 9,6,2,8.3333
Elizabeth Berkley Lauren,Valentin Chmerkovskiy,Actor/Actress,Michigan,United States,39,17,Eliminated Week 9,6,3,8.3333
Elizabeth Berkley Lauren,Valentin Chmerkovskiy,Actor/Actress,Michigan,United States,39,17,Eliminated Week 9,6,4,9.0
Elizabeth Berkley Lauren,Valentin Chmerkovskiy,Actor/Actress,Michigan,United States,39,17,Eliminated Week 9,6,5,8.6667
Elizabeth Berkley Lauren,Valentin Chmerkovskiy,Actor/Actress,Michigan,United States,39,17,Eliminated Week 9,6,6,10.6666
Elizabeth Berkley Lauren,Valentin Chmerkovskiy,Actor/Actress,Michigan,United States,39,17,Eliminated Week 9,6,7,9.0
Elizabeth Berkley Lauren,Valentin Chmerkovskiy,Actor/Actress,Michigan,United States,39,17,Eliminated Week 9,6,8,8.3333
Elizabeth Berkley Lauren,Valentin Chmerkovskiy,Actor/Actress,Michigan,United States,39,17,Eliminated Week 9,6,9,9.3333
Elizabeth Berkley Lauren,Valentin Chmerkovskiy,Actor/Actress,Michigan,United States,39,17,Eliminated Week 9,6,10,
Elizabeth Berkley Lauren,Valentin Chmerkovskiy,Actor/Actress,Michigan,United States,39,17,Eliminated Week 9,6,11,
Jack Osbourne,Cheryl Burke,TV Personality,England,England,27,17,3rd Place,3,1,7.6667
Jack Osbourne,Cheryl Burke,TV Personality,England,England,27,17,3rd Place,3,2,8.0
Jack Osbourne,Cheryl Burke,TV Personality,England,England,27,17,3rd Place,3,3,7.3333
Jack Osbourne,Cheryl Burke,TV Personality,England,England,27,17,3rd Place,3,4,8.0
Jack Osbourne,Cheryl Burke,TV Personality,England,England,27,17,3rd Place,3,5,9.0
Jack Osbourne,Cheryl Burke,TV Personality,England,England,27,17,3rd Place,3,6,8.9999
Jack Osbourne,Cheryl Burke,TV Personality,England,England,27,17,3rd Place,3,7,9.5
Jack Osbourne,Cheryl Burke,TV Personality,England,England,27,17,3rd Place,3,8,10.0
Jack Osbourne,Cheryl Burke,TV Personality,England,England,27,17,3rd Place,3,9,9.0
Jack Osbourne,Cheryl Burke,TV Personality,England,England,27,17,3rd Place,3,10,8.875
Jack Osbourne,Cheryl Burke,TV Personality,England,England,27,17,3rd Place,3,11,9.3333
Keyshawn Johnson,Sharna Burgess,Athlete,California,United States,41,17,Eliminated Week 2,12,1,5.6667
Keyshawn Johnson,Sharna Burgess,Athlete,California,United States,41,17,Eliminated Week 2,12,2,6.0
Keyshawn Johnson,Sharna Burgess,Athlete,California,United States,41,17,Eliminated Week 2,12,3,
Keyshawn Johnson,Sharna Burgess,Athlete,California,United States,41,17,Eliminated Week 2,12,4,
Keyshawn Johnson,Sharna Burgess,Athlete,California,United States,41,17,Eliminated Week 2,12,5,
Keyshawn Johnson,Sharna Burgess,Athlete,California,United States,41,17,Eliminated Week 2,12,6,
Keyshawn Johnson,Sharna Burgess,Athlete,California,United States,41,17,Eliminated Week 2,12,7,
Keyshawn Johnson,Sharna Burgess,Athlete,California,United States,41,17,Eliminated Week 2,12,8,
Keyshawn Johnson,Sharna Burgess,Athlete,California,United States,41,17,Eliminated Week 2,12,9,
Keyshawn Johnson,Sharna Burgess,Athlete,California,United States,41,17,Eliminated Week 2,12,10,
Keyshawn Johnson,Sharna Burgess,Athlete,California,United States,41,17,Eliminated Week 2,12,11,
Leah Remini,Tony Dovolani,Actor/Actress,New York,United States,43,17,Eliminated Week 10,5,1,7.0
Leah Remini,Tony Dovolani,Actor/Actress,New York,United States,43,17,Eliminated Week 10,5,2,8.0
Leah Remini,Tony Dovolani,Actor/Actress,New York,United States,43,17,Eliminated Week 10,5,3,8.0
Leah Remini,Tony Dovolani,Actor/Actress,New York,United States,43,17,Eliminated Week 10,5,4,8.0
Leah Remini,Tony Dovolani,Actor/Actress,New York,United States,43,17,Eliminated Week 10,5,5,7.3333
Leah Remini,Tony Dovolani,Actor/Actress,New York,United States,43,17,Eliminated Week 10,5,6,9.3333
Leah Remini,Tony Dovolani,Actor/Actress,New York,United States,43,17,Eliminated Week 10,5,7,8.8333
Leah Remini,Tony Dovolani,Actor/Actress,New York,United States,43,17,Eliminated Week 10,5,8,9.3333
Leah Remini,Tony Dovolani,Actor/Actress,New York,United States,43,17,Eliminated Week 10,5,9,9.0
Leah Remini,Tony Dovolani,Actor/Actress,New York,United States,43,17,Eliminated Week 10,5,10,8.125
Leah Remini,Tony Dovolani,Actor/Actress,New York,United States,43,17,Eliminated Week 10,5,11,
"Nicole ""Snooki"" Polizzi",Sasha Farber,TV Personality,Chile,Chile,25,17,Eliminated Week 7,8,1,7.6667
"Nicole ""Snooki"" Polizzi",Sasha Farber,TV Personality,Chile,Chile,25,17,Eliminated Week 7,8,2,6.6667
"Nicole ""Snooki"" Polizzi",Sasha Farber,TV Personality,Chile,Chile,25,17,Eliminated Week 7,8,3,8.3333
"Nicole ""Snooki"" Polizzi",Sasha Farber,TV Personality,Chile,Chile,25,17,Eliminated Week 7,8,4,8.0
"Nicole ""Snooki"" Polizzi",Sasha Farber,TV Personality,Chile,Chile,25,17,Eliminated Week 7,8,5,9.0
"Nicole ""Snooki"" Polizzi",Sasha Farber,TV Personality,Chile,Chile,25,17,Eliminated Week 7,8,6,10.0
"Nicole ""Snooki"" Polizzi",Sasha Farber,TV Personality,Chile,Chile,25,17,Eliminated Week 7,8,7,9.0
"Nicole ""Snooki"" Polizzi",Sasha Farber,TV Personality,Chile,Chile,25,17,Eliminated Week 7,8,8,
"Nicole ""Snooki"" Polizzi",Sasha Farber,TV Personality,Chile,Chile,25,17,Eliminated Week 7,8,9,
"Nicole ""Snooki"" Polizzi",Sasha Farber,TV Personality,Chile,Chile,25,17,Eliminated Week 7,8,10,
"Nicole ""Snooki"" Polizzi",Sasha Farber,TV Personality,Chile,Chile,25,17,Eliminated Week 7,8,11,
Valerie Harper,Tristan MacManus,Actor/Actress,New York,United States,74,17,Eliminated Week 4,10,1,7.0
Valerie Harper,Tristan MacManus,Actor/Actress,New York,United States,74,17,Eliminated Week 4,10,2,6.3333
Valerie Harper,Tristan MacManus,Actor/Actress,New York,United States,74,17,Eliminated Week 4,10,3,5.3333
Valerie Harper,Tristan MacManus,Actor/Actress,New York,United States,74,17,Eliminated Week 4,10,4,6.0
Valerie Harper,Tristan MacManus,Actor/Actress,New York,United States,74,17,Eliminated Week 4,10,5,
Valerie Harper,Tristan MacManus,Actor/Actress,New York,United States,74,17,Eliminated Week 4,10,6,
Valerie Harper,Tristan MacManus,Actor/Actress,New York,United States,74,17,Eliminated Week 4,10,7,
Valerie Harper,Tristan MacManus,Actor/Actress,New York,United States,74,17,Eliminated Week 4,10,8,
Valerie Harper,Tristan MacManus,Actor/Actress,New York,United States,74,17,Eliminated Week 4,10,9,
Valerie Harper,Tristan MacManus,Actor/Actress,New York,United States,74,17,Eliminated Week 4,10,10,
Valerie Harper,Tristan MacManus,Actor/Actress,New York,United States,74,17,Eliminated Week 4,10,11,
Amy Purdy,Derek Hough,Athlete,Nevada,United States,34,18,2nd Place,2,1,8.0
Amy Purdy,Derek Hough,Athlete,Nevada,United States,34,18,2nd Place,2,2,8.0
Amy Purdy,Derek Hough,Athlete,Nevada,United States,34,18,2nd Place,2,3,9.0
Amy Purdy,Derek Hough,Athlete,Nevada,United States,34,18,2nd Place,2,4,8.5
Amy Purdy,Derek Hough,Athlete,Nevada,United States,34,18,2nd Place,2,5,9.25
Amy Purdy,Derek Hough,Athlete,Nevada,United States,34,18,2nd Place,2,6,9.5
Amy Purdy,Derek Hough,Athlete,Nevada,United States,34,18,2nd Place,2,7,9.375
Amy Purdy,Derek Hough,Athlete,Nevada,United States,34,18,2nd Place,2,8,10.0
Amy Purdy,Derek Hough,Athlete,Nevada,United States,34,18,2nd Place,2,9,9.75
Amy Purdy,Derek Hough,Athlete,Nevada,United States,34,18,2nd Place,2,10,9.8889
Amy Purdy,Derek Hough,Athlete,Nevada,United States,34,18,2nd Place,2,11,
Billy Dee Williams,Emma Slater,Actor/Actress,New York,United States,76,18,Withdrew,10,1,5.0
Billy Dee Williams,Emma Slater,Actor/Actress,New York,United States,76,18,Withdrew,10,2,5.0
Billy Dee Williams,Emma Slater,Actor/Actress,New York,United States,76,18,Withdrew,10,3,
Billy Dee Williams,Emma Slater,Actor/Actress,New York,United States,76,18,Withdrew,10,4,
Billy Dee Williams,Emma Slater,Actor/Actress,New York,United States,76,18,Withdrew,10,5,
Billy Dee Williams,Emma Slater,Actor/Actress,New York,United States,76,18,Withdrew,10,6,
Billy Dee Williams,Emma Slater,Actor/Actress,New York,United States,76,18,Withdrew,10,7,
Billy Dee Williams,Emma Slater,Actor/Actress,New York,United States,76,18,Withdrew,10,8,
Billy Dee Williams,Emma Slater,Actor/Actress,New York,United States,76,18,Withdrew,10,9,
Billy Dee Williams,Emma Slater,Actor/Actress,New York,United States,76,18,Withdrew,10,10,
Billy Dee Williams,Emma Slater,Actor/Actress,New York,United States,76,18,Withdrew,10,11,
Candace Cameron Bure,Mark Ballas,Actor/Actress,California,United States,37,18,3rd Place,3,1,8.3333
Candace Cameron Bure,Mark Ballas,Actor/Actress,California,United States,37,18,3rd Place,3,2,7.0
Candace Cameron Bure,Mark Ballas,Actor/Actress,California,United States,37,18,3rd Place,3,3,8.0
Candace Cameron Bure,Mark Ballas,Actor/Actress,California,United States,37,18,3rd Place,3,4,7.0
Candace Cameron Bure,Mark Ballas,Actor/Actress,California,United States,37,18,3rd Place,3,5,8.75
Candace Cameron Bure,Mark Ballas,Actor/Actress,California,United States,37,18,3rd Place,3,6,8.0
Candace Cameron Bure,Mark Ballas,Actor/Actress,California,United States,37,18,3rd Place,3,7,9.25
Candace Cameron Bure,Mark Ballas,Actor/Actress,California,United States,37,18,3rd Place,3,8,9.0
Candace Cameron Bure,Mark Ballas,Actor/Actress,California,United States,37,18,3rd Place,3,9,9.0
Candace Cameron Bure,Mark Ballas,Actor/Actress,California,United States,37,18,3rd Place,3,10,8.6666
Candace Cameron Bure,Mark Ballas,Actor/Actress,California,United States,37,18,3rd Place,3,11,
Charlie White,Sharna Burgess,Athlete,Michigan,United States,26,18,Eliminated Week 9,5,1,9.0
Charlie White,Sharna Burgess,Athlete,Michigan,United States,26,18,Eliminated Week 9,5,2,8.3333
Charlie White,Sharna Burgess,Athlete,Michigan,United States,26,18,Eliminated Week 9,5,3,9.0
Charlie White,Sharna Burgess,Athlete,Michigan,United States,26,18,Eliminated Week 9,5,4,8.25
Charlie White,Sharna Burgess,Athlete,Michigan,United States,26,18,Eliminated Week 9,5,5,9.25
Charlie White,Sharna Burgess,Athlete,Michigan,United States,26,18,Eliminated Week 9,5,6,9.0
Charlie White,Sharna Burgess,Athlete,Michigan,United States,26,18,Eliminated Week 9,5,7,8.875
Charlie White,Sharna Burgess,Athlete,Michigan,United States,26,18,Eliminated Week 9,5,8,10.0
Charlie White,Sharna Burgess,Athlete,Michigan,United States,26,18,Eliminated Week 9,5,9,9.5
Charlie White,Sharna Burgess,Athlete,Michigan,United States,26,18,Eliminated Week 9,5,10,
Charlie White,Sharna Burgess,Athlete,Michigan,United States,26,18,Eliminated Week 9,5,11,
Cody Simpson,Witney Carson,Singer/Rapper,Australia,Australia,17,18,Eliminated Week 5,9,1,7.3333
Cody Simpson,Witney Carson,Singer/Rapper,Australia,Australia,17,18,Eliminated Week 5,9,2,7.3333
Cody Simpson,Witney Carson,Singer/Rapper,Australia,Australia,17,18,Eliminated Week 5,9,3,8.75
Cody Simpson,Witney Carson,Singer/Rapper,Australia,Australia,17,18,Eliminated Week 5,9,4,7.75
Cody Simpson,Witney Carson,Singer/Rapper,Australia,Australia,17,18,Eliminated Week 5,9,5,8.5
Cody Simpson,Witney Carson,Singer/Rapper,Australia,Australia,17,18,Eliminated Week 5,9,6,
Cody Simpson,Witney Carson,Singer/Rapper,Australia,Australia,17,18,Eliminated Week 5,9,7,
Cody Simpson,Witney Carson,Singer/Rapper,Australia,Australia,17,18,Eliminated Week 5,9,8,
Cody Simpson,Witney Carson,Singer/Rapper,Australia,Australia,17,18,Eliminated Week 5,9,9,
Cody Simpson,Witney Carson,Singer/Rapper,Australia,Australia,17,18,Eliminated Week 5,9,10,
Cody Simpson,Witney Carson,Singer/Rapper,Australia,Australia,17,18,Eliminated Week 5,9,11,
Danica McKellar,Valentin Chmerkovskiy,Actor/Actress,California,United States,39,18,Eliminated Week 8,6,1,8.0
Danica McKellar,Valentin Chmerkovskiy,Actor/Actress,California,United States,39,18,Eliminated Week 8,6,2,8.0
Danica McKellar,Valentin Chmerkovskiy,Actor/Actress,California,United States,39,18,Eliminated Week 8,6,3,9.0
Danica McKellar,Valentin Chmerkovskiy,Actor/Actress,California,United States,39,18,Eliminated Week 8,6,4,8.0
Danica McKellar,Valentin Chmerkovskiy,Actor/Actress,California,United States,39,18,Eliminated Week 8,6,5,9.75
Danica McKellar,Valentin Chmerkovskiy,Actor/Actress,California,United States,39,18,Eliminated Week 8,6,6,9.0
Danica McKellar,Valentin Chmerkovskiy,Actor/Actress,California,United States,39,18,Eliminated Week 8,6,7,9.0
Danica McKellar,Valentin Chmerkovskiy,Actor/Actress,California,United States,39,18,Eliminated Week 8,6,8,9.5
Danica McKellar,Valentin Chmerkovskiy,Actor/Actress,California,United States,39,18,Eliminated Week 8,6,9,
Danica McKellar,Valentin Chmerkovskiy,Actor/Actress,California,United States,39,18,Eliminated Week 8,6,10,
Danica McKellar,Valentin Chmerkovskiy,Actor/Actress,California,United States,39,18,Eliminated Week 8,6,11,
Diana Nyad,Henry Byalikov,Athlete,New York,United States,64,18,Eliminated Week 2,12,1,6.0
Diana Nyad,Henry Byalikov,Athlete,New York,United States,64,18,Eliminated Week 2,12,2,
Diana Nyad,Henry Byalikov,Athlete,New York,United States,64,18,Eliminated Week 2,12,3,
Diana Nyad,Henry Byalikov,Athlete,New York,United States,64,18,Eliminated Week 2,12,4,
Diana Nyad,Henry Byalikov,Athlete,New York,United States,64,18,Eliminated Week 2,12,5,
Diana Nyad,Henry Byalikov,Athlete,New York,United States,64,18,Eliminated Week 2,12,6,
Diana Nyad,Henry Byalikov,Athlete,New York,United States,64,18,Eliminated Week 2,12,7,
Diana Nyad,Henry Byalikov,Athlete,New York,United States,64,18,Eliminated Week 2,12,8,
Diana Nyad,Henry Byalikov,Athlete,New York,United States,64,18,Eliminated Week 2,12,9,
Diana Nyad,Henry Byalikov,Athlete,New York,United States,64,18,Eliminated Week 2,12,10,
Diana Nyad,Henry Byalikov,Athlete,New York,United States,64,18,Eliminated Week 2,12,11,
Drew Carey,Cheryl Burke,Comedian,Ohio,United States,55,18,Eliminated Week 6,8,1,7.0
Drew Carey,Cheryl Burke,Comedian,Ohio,United States,55,18,Eliminated Week 6,8,2,7.0
Drew Carey,Cheryl Burke,Comedian,Ohio,United States,55,18,Eliminated Week 6,8,3,7.5
Drew Carey,Cheryl Burke,Comedian,Ohio,United States,55,18,Eliminated Week 6,8,4,8.25
Drew Carey,Cheryl Burke,Comedian,Ohio,United States,55,18,Eliminated Week 6,8,5,7.0
Drew Carey,Cheryl Burke,Comedian,Ohio,United States,55,18,Eliminated Week 6,8,6,8.0
Drew Carey,Cheryl Burke,Comedian,Ohio,United States,55,18,Eliminated Week 6,8,7,
Drew Carey,Cheryl Burke,Comedian,Ohio,United States,55,18,Eliminated Week 6,8,8,
Drew Carey,Cheryl Burke,Comedian,Ohio,United States,55,18,Eliminated Week 6,8,9,
Drew Carey,Cheryl Burke,Comedian,Ohio,United States,55,18,Eliminated Week 6,8,10,
Drew Carey,Cheryl Burke,Comedian,Ohio,United States,55,18,Eliminated Week 6,8,11,
James Maslow,Peta Murgatroyd,Actor/Actress,New York,United States,23,18,Eliminated Week 10,4,1,7.0
James Maslow,Peta Murgatroyd,Actor/Actress,New York,United States,23,18,Eliminated Week 10,4,2,8.3333
James Maslow,Peta Murgatroyd,Actor/Actress,New York,United States,23,18,Eliminated Week 10,4,3,9.0
James Maslow,Peta Murgatroyd,Actor/Actress,New York,United States,23,18,Eliminated Week 10,4,4,8.75
James Maslow,Peta Murgatroyd,Actor/Actress,New York,United States,23,18,Eliminated Week 10,4,5,10.0
James Maslow,Peta Murgatroyd,Actor/Actress,New York,United States,23,18,Eliminated Week 10,4,6,8.75
James Maslow,Peta Murgatroyd,Actor/Actress,New York,United States,23,18,Eliminated Week 10,4,7,8.75
James Maslow,Peta Murgatroyd,Actor/Actress,New York,United States,23,18,Eliminated Week 10,4,8,9.0
James Maslow,Peta Murgatroyd,Actor/Actress,New York,United States,23,18,Eliminated Week 10,4,9,9.5
James Maslow,Peta Murgatroyd,Actor/Actress,New York,United States,23,18,Eliminated Week 10,4,10,9.6667
James Maslow,Peta Murgatroyd,Actor/Actress,New York,United States,23,18,Eliminated Week 10,4,11,
Meryl Davis,Maksim Chmerkoskiy,Athlete,Michigan,United States,27,18,1st Place,1,1,8.0
Meryl Davis,Maksim Chmerkoskiy,Athlete,Michigan,United States,27,18,1st Place,1,2,8.3333
Meryl Davis,Maksim Chmerkoskiy,Athlete,Michigan,United States,27,18,1st Place,1,3,9.75
Meryl Davis,Maksim Chmerkoskiy,Athlete,Michigan,United States,27,18,1st Place,1,4,9.75
Meryl Davis,Maksim Chmerkoskiy,Athlete,Michigan,United States,27,18,1st Place,1,5,9.0
Meryl Davis,Maksim Chmerkoskiy,Athlete,Michigan,United States,27,18,1st Place,1,6,10.0
Meryl Davis,Maksim Chmerkoskiy,Athlete,Michigan,United States,27,18,1st Place,1,7,9.75
Meryl Davis,Maksim Chmerkoskiy,Athlete,Michigan,United States,27,18,1st Place,1,8,9.0
Meryl Davis,Maksim Chmerkoskiy,Athlete,Michigan,United States,27,18,1st Place,1,9,10.0
Meryl Davis,Maksim Chmerkoskiy,Athlete,Michigan,United States,27,18,1st Place,1,10,10.0
Meryl Davis,Maksim Chmerkoskiy,Athlete,Michigan,United States,27,18,1st Place,1,11,
NeNe Leakes,Tony Dovolani,TV Personality,New York,United States,46,18,Eliminated Week 7,7,1,7.0
NeNe Leakes,Tony Dovolani,TV Personality,New York,United States,46,18,Eliminated Week 7,7,2,7.0
NeNe Leakes,Tony Dovolani,TV Personality,New York,United States,46,18,Eliminated Week 7,7,3,7.75
NeNe Leakes,Tony Dovolani,TV Personality,New York,United States,46,18,Eliminated Week 7,7,4,8.0
NeNe Leakes,Tony Dovolani,TV Personality,New York,United States,46,18,Eliminated Week 7,7,5,9.0
NeNe Leakes,Tony Dovolani,TV Personality,New York,United States,46,18,Eliminated Week 7,7,6,8.25
NeNe Leakes,Tony Dovolani,TV Personality,New York,United States,46,18,Eliminated Week 7,7,7,8.25
NeNe Leakes,Tony Dovolani,TV Personality,New York,United States,46,18,Eliminated Week 7,7,8,
NeNe Leakes,Tony Dovolani,TV Personality,New York,United States,46,18,Eliminated Week 7,7,9,
NeNe Leakes,Tony Dovolani,TV Personality,New York,United States,46,18,Eliminated Week 7,7,10,
NeNe Leakes,Tony Dovolani,TV Personality,New York,United States,46,18,Eliminated Week 7,7,11,
Sean Avery,Karina Smirnoff,Athlete,Canada,Canada,33,18,Eliminated Week 2,11,1,6.6667
Sean Avery,Karina Smirnoff,Athlete,Canada,Canada,33,18,Eliminated Week 2,11,2,7.0
Sean Avery,Karina Smirnoff,Athlete,Canada,Canada,33,18,Eliminated Week 2,11,3,
Sean Avery,Karina Smirnoff,Athlete,Canada,Canada,33,18,Eliminated Week 2,11,4,
Sean Avery,Karina Smirnoff,Athlete,Canada,Canada,33,18,Eliminated Week 2,11,5,
Sean Avery,Karina Smirnoff,Athlete,Canada,Canada,33,18,Eliminated Week 2,11,6,
Sean Avery,Karina Smirnoff,Athlete,Canada,Canada,33,18,Eliminated Week 2,11,7,
Sean Avery,Karina Smirnoff,Athlete,Canada,Canada,33,18,Eliminated Week 2,11,8,
Sean Avery,Karina Smirnoff,Athlete,Canada,Canada,33,18,Eliminated Week 2,11,9,
Sean Avery,Karina Smirnoff,Athlete,Canada,Canada,33,18,Eliminated Week 2,11,10,
Sean Avery,Karina Smirnoff,Athlete,Canada,Canada,33,18,Eliminated Week 2,11,11,
Alfonso Ribeiro,Witney Carson,Actor/Actress,New York,United States,42,19,1st Place,1,1,9.0
Alfonso Ribeiro,Witney Carson,Actor/Actress,New York,United States,42,19,1st Place,1,2,8.0
Alfonso Ribeiro,Witney Carson,Actor/Actress,New York,United States,42,19,1st Place,1,3,8.0
Alfonso Ribeiro,Witney Carson,Actor/Actress,New York,United States,42,19,1st Place,1,4,10.0
Alfonso Ribeiro,Witney Carson,Actor/Actress,New York,United States,42,19,1st Place,1,5,8.5
Alfonso Ribeiro,Witney Carson,Actor/Actress,New York,United States,42,19,1st Place,1,6,9.75
Alfonso Ribeiro,Witney Carson,Actor/Actress,New York,United States,42,19,1st Place,1,7,8.5
Alfonso Ribeiro,Witney Carson,Actor/Actress,New York,United States,42,19,1st Place,1,8,10.25
Alfonso Ribeiro,Witney Carson,Actor/Actress,New York,United States,42,19,1st Place,1,9,9.625
Alfonso Ribeiro,Witney Carson,Actor/Actress,New York,United States,42,19,1st Place,1,10,9.375
Alfonso Ribeiro,Witney Carson,Actor/Actress,New York,United States,42,19,1st Place,1,11,10.0
Antonio Sabato Jr.,Cheryl Burke,Actor/Actress,Italy,Italy,42,19,Eliminated Week 7,8,1,6.25
Antonio Sabato Jr.,Cheryl Burke,Actor/Actress,Italy,Italy,42,19,Eliminated Week 7,8,2,7.75
Antonio Sabato Jr.,Cheryl Burke,Actor/Actress,Italy,Italy,42,19,Eliminated Week 7,8,3,7.25
Antonio Sabato Jr.,Cheryl Burke,Actor/Actress,Italy,Italy,42,19,Eliminated Week 7,8,4,7.25
Antonio Sabato Jr.,Cheryl Burke,Actor/Actress,Italy,Italy,42,19,Eliminated Week 7,8,5,7.0
Antonio Sabato Jr.,Cheryl Burke,Actor/Actress,Italy,Italy,42,19,Eliminated Week 7,8,6,7.0
Antonio Sabato Jr.,Cheryl Burke,Actor/Actress,Italy,Italy,42,19,Eliminated Week 7,8,7,7.375
Antonio Sabato Jr.,Cheryl Burke,Actor/Actress,Italy,Italy,42,19,Eliminated Week 7,8,8,
Antonio Sabato Jr.,Cheryl Burke,Actor/Actress,Italy,Italy,42,19,Eliminated Week 7,8,9,
Antonio Sabato Jr.,Cheryl Burke,Actor/Actress,Italy,Italy,42,19,Eliminated Week 7,8,10,
Antonio Sabato Jr.,Cheryl Burke,Actor/Actress,Italy,Italy,42,19,Eliminated Week 7,8,11,
Bethany Mota,Derek Hough,Social Media Personality,California,United States,18,19,Eliminated Week 11,4,1,8.0
Bethany Mota,Derek Hough,Social Media Personality,California,United States,18,19,Eliminated Week 11,4,2,8.25
Bethany Mota,Derek Hough,Social Media Personality,California,United States,18,19,Eliminated Week 11,4,3,10.0
Bethany Mota,Derek Hough,Social Media Personality,California,United States,18,19,Eliminated Week 11,4,4,8.25
Bethany Mota,Derek Hough,Social Media Personality,California,United States,18,19,Eliminated Week 11,4,5,8.0
Bethany Mota,Derek Hough,Social Media Personality,California,United States,18,19,Eliminated Week 11,4,6,9.0
Bethany Mota,Derek Hough,Social Media Personality,California,United States,18,19,Eliminated Week 11,4,7,9.375
Bethany Mota,Derek Hough,Social Media Personality,California,United States,18,19,Eliminated Week 11,4,8,10.0
Bethany Mota,Derek Hough,Social Media Personality,California,United States,18,19,Eliminated Week 11,4,9,9.25
Bethany Mota,Derek Hough,Social Media Personality,California,United States,18,19,Eliminated Week 11,4,10,9.5
Bethany Mota,Derek Hough,Social Media Personality,California,United States,18,19,Eliminated Week 11,4,11,9.5
Betsey Johnson,Tony Dovolani,Fashion Designer,Connecticut,United States,72,19,Eliminated Week 4,10,1,5.0
Betsey Johnson,Tony Dovolani,Fashion Designer,Connecticut,United States,72,19,Eliminated Week 4,10,2,7.0
Betsey Johnson,Tony Dovolani,Fashion Designer,Connecticut,United States,72,19,Eliminated Week 4,10,3,7.25
Betsey Johnson,Tony Dovolani,Fashion Designer,Connecticut,United States,72,19,Eliminated Week 4,10,4,7.25
Betsey Johnson,Tony Dovolani,Fashion Designer,Connecticut,United States,72,19,Eliminated Week 4,10,5,
Betsey Johnson,Tony Dovolani,Fashion Designer,Connecticut,United States,72,19,Eliminated Week 4,10,6,
Betsey Johnson,Tony Dovolani,Fashion Designer,Connecticut,United States,72,19,Eliminated Week 4,10,7,
Betsey Johnson,Tony Dovolani,Fashion Designer,Connecticut,United States,72,19,Eliminated Week 4,10,8,
Betsey Johnson,Tony Dovolani,Fashion Designer,Connecticut,United States,72,19,Eliminated Week 4,10,9,
Betsey Johnson,Tony Dovolani,Fashion Designer,Connecticut,United States,72,19,Eliminated Week 4,10,10,
Betsey Johnson,Tony Dovolani,Fashion Designer,Connecticut,United States,72,19,Eliminated Week 4,10,11,
Janel Parrish,Valentin Chmerkovskiy,Actor/Actress,Hawaii,United States,25,19,3rd Place,3,1,7.25
Janel Parrish,Valentin Chmerkovskiy,Actor/Actress,Hawaii,United States,25,19,3rd Place,3,2,8.5
Janel Parrish,Valentin Chmerkovskiy,Actor/Actress,Hawaii,United States,25,19,3rd Place,3,3,10.0
Janel Parrish,Valentin Chmerkovskiy,Actor/Actress,Hawaii,United States,25,19,3rd Place,3,4,9.0
Janel Parrish,Valentin Chmerkovskiy,Actor/Actress,Hawaii,United States,25,19,3rd Place,3,5,8.25
Janel Parrish,Valentin Chmerkovskiy,Actor/Actress,Hawaii,United States,25,19,3rd Place,3,6,8.25
Janel Parrish,Valentin Chmerkovskiy,Actor/Actress,Hawaii,United States,25,19,3rd Place,3,7,8.375
Janel Parrish,Valentin Chmerkovskiy,Actor/Actress,Hawaii,United States,25,19,3rd Place,3,8,10.75
Janel Parrish,Valentin Chmerkovskiy,Actor/Actress,Hawaii,United States,25,19,3rd Place,3,9,9.625
Janel Parrish,Valentin Chmerkovskiy,Actor/Actress,Hawaii,United States,25,19,3rd Place,3,10,9.75
Janel Parrish,Valentin Chmerkovskiy,Actor/Actress,Hawaii,United States,25,19,3rd Place,3,11,9.75
Jonathan Bennett,Allison Holker,Actor/Actress,Ohio,United States,33,19,Eliminated Week 6,9,1,7.5
Jonathan Bennett,Allison Holker,Actor/Actress,Ohio,United States,33,19,Eliminated Week 6,9,2,7.5
Jonathan Bennett,Allison Holker,Actor/Actress,Ohio,United States,33,19,Eliminated Week 6,9,3,8.0
Jonathan Bennett,Allison Holker,Actor/Actress,Ohio,United States,33,19,Eliminated Week 6,9,4,6.0
Jonathan Bennett,Allison Holker,Actor/Actress,Ohio,United States,33,19,Eliminated Week 6,9,5,6.0
Jonathan Bennett,Allison Holker,Actor/Actress,Ohio,United States,33,19,Eliminated Week 6,9,6,8.0
Jonathan Bennett,Allison Holker,Actor/Actress,Ohio,United States,33,19,Eliminated Week 6,9,7,
Jonathan Bennett,Allison Holker,Actor/Actress,Ohio,United States,33,19,Eliminated Week 6,9,8,
Jonathan Bennett,Allison Holker,Actor/Actress,Ohio,United States,33,19,Eliminated Week 6,9,9,
Jonathan Bennett,Allison Holker,Actor/Actress,Ohio,United States,33,19,Eliminated Week 6,9,10,
Jonathan Bennett,Allison Holker,Actor/Actress,Ohio,United States,33,19,Eliminated Week 6,9,11,
Lea Thompson,Artem Chigvintsev,Actor/Actress,Minnesota,United States,53,19,Eliminated Week 9,6,1,8.0
Lea Thompson,Artem Chigvintsev,Actor/Actress,Minnesota,United States,53,19,Eliminated Week 9,6,2,8.75
Lea Thompson,Artem Chigvintsev,Actor/Actress,Minnesota,United States,53,19,Eliminated Week 9,6,3,7.75
Lea Thompson,Artem Chigvintsev,Actor/Actress,Minnesota,United States,53,19,Eliminated Week 9,6,4,9.75
Lea Thompson,Artem Chigvintsev,Actor/Actress,Minnesota,United States,53,19,Eliminated Week 9,6,5,8.5
Lea Thompson,Artem Chigvintsev,Actor/Actress,Minnesota,United States,53,19,Eliminated Week 9,6,6,8.0
Lea Thompson,Artem Chigvintsev,Actor/Actress,Minnesota,United States,53,19,Eliminated Week 9,6,7,8.75
Lea Thompson,Artem Chigvintsev,Actor/Actress,Minnesota,United States,53,19,Eliminated Week 9,6,8,8.0
Lea Thompson,Artem Chigvintsev,Actor/Actress,Minnesota,United States,53,19,Eliminated Week 9,6,9,8.75
Lea Thompson,Artem Chigvintsev,Actor/Actress,Minnesota,United States,53,19,Eliminated Week 9,6,10,
Lea Thompson,Artem Chigvintsev,Actor/Actress,Minnesota,United States,53,19,Eliminated Week 9,6,11,
Lolo Jones,Keo Motsepe,Athlete,Iowa,United States,32,19,Eliminated Week 1,13,1,5.5
Lolo Jones,Keo Motsepe,Athlete,Iowa,United States,32,19,Eliminated Week 1,13,2,
Lolo Jones,Keo Motsepe,Athlete,Iowa,United States,32,19,Eliminated Week 1,13,3,
Lolo Jones,Keo Motsepe,Athlete,Iowa,United States,32,19,Eliminated Week 1,13,4,
Lolo Jones,Keo Motsepe,Athlete,Iowa,United States,32,19,Eliminated Week 1,13,5,
Lolo Jones,Keo Motsepe,Athlete,Iowa,United States,32,19,Eliminated Week 1,13,6,
Lolo Jones,Keo Motsepe,Athlete,Iowa,United States,32,19,Eliminated Week 1,13,7,
Lolo Jones,Keo Motsepe,Athlete,Iowa,United States,32,19,Eliminated Week 1,13,8,
Lolo Jones,Keo Motsepe,Athlete,Iowa,United States,32,19,Eliminated Week 1,13,9,
Lolo Jones,Keo Motsepe,Athlete,Iowa,United States,32,19,Eliminated Week 1,13,10,
Lolo Jones,Keo Motsepe,Athlete,Iowa,United States,32,19,Eliminated Week 1,13,11,
Michael Waltrip,Emma Slater,Racing Driver,Kentucky,United States,51,19,Eliminated Week 8,7,1,6.25
Michael Waltrip,Emma Slater,Racing Driver,Kentucky,United States,51,19,Eliminated Week 8,7,2,6.0
Michael Waltrip,Emma Slater,Racing Driver,Kentucky,United States,51,19,Eliminated Week 8,7,3,7.0
Michael Waltrip,Emma Slater,Racing Driver,Kentucky,United States,51,19,Eliminated Week 8,7,4,6.25
Michael Waltrip,Emma Slater,Racing Driver,Kentucky,United States,51,19,Eliminated Week 8,7,5,5.0
Michael Waltrip,Emma Slater,Racing Driver,Kentucky,United States,51,19,Eliminated Week 8,7,6,7.5
Michael Waltrip,Emma Slater,Racing Driver,Kentucky,United States,51,19,Eliminated Week 8,7,7,7.0
Michael Waltrip,Emma Slater,Racing Driver,Kentucky,United States,51,19,Eliminated Week 8,7,8,6.25
Michael Waltrip,Emma Slater,Racing Driver,Kentucky,United States,51,19,Eliminated Week 8,7,9,
Michael Waltrip,Emma Slater,Racing Driver,Kentucky,United States,51,19,Eliminated Week 8,7,10,
Michael Waltrip,Emma Slater,Racing Driver,Kentucky,United States,51,19,Eliminated Week 8,7,11,
Randy Couture,Karina Smirnoff,Athlete,Washington,United States,51,19,Eliminated Week 3,11,1,7.75
Randy Couture,Karina Smirnoff,Athlete,Washington,United States,51,19,Eliminated Week 3,11,2,7.0
Randy Couture,Karina Smirnoff,Athlete,Washington,United States,51,19,Eliminated Week 3,11,3,6.5
Randy Couture,Karina Smirnoff,Athlete,Washington,United States,51,19,Eliminated Week 3,11,4,
Randy Couture,Karina Smirnoff,Athlete,Washington,United States,51,19,Eliminated Week 3,11,5,
Randy Couture,Karina Smirnoff,Athlete,Washington,United States,51,19,Eliminated Week 3,11,6,
Randy Couture,Karina Smirnoff,Athlete,Washington,United States,51,19,Eliminated Week 3,11,7,
Randy Couture,Karina Smirnoff,Athlete,Washington,United States,51,19,Eliminated Week 3,11,8,
Randy Couture,Karina Smirnoff,Athlete,Washington,United States,51,19,Eliminated Week 3,11,9,
Randy Couture,Karina Smirnoff,Athlete,Washington,United States,51,19,Eliminated Week 3,11,10,
Randy Couture,Karina Smirnoff,Athlete,Washington,United States,51,19,Eliminated Week 3,11,11,
Sadie Robertson,Mark Ballas,TV Personality,Louisiana,United States,17,19,2nd Place,2,1,8.5
Sadie Robertson,Mark Ballas,TV Personality,Louisiana,United States,17,19,2nd Place,2,2,7.75
Sadie Robertson,Mark Ballas,TV Personality,Louisiana,United States,17,19,2nd Place,2,3,8.0
Sadie Robertson,Mark Ballas,TV Personality,Louisiana,United States,17,19,2nd Place,2,4,9.25
Sadie Robertson,Mark Ballas,TV Personality,Louisiana,United States,17,19,2nd Place,2,5,9.0
Sadie Robertson,Mark Ballas,TV Personality,Louisiana,United States,17,19,2nd Place,2,6,8.75
Sadie Robertson,Mark Ballas,TV Personality,Louisiana,United States,17,19,2nd Place,2,7,7.75
Sadie Robertson,Mark Ballas,TV Personality,Louisiana,United States,17,19,2nd Place,2,8,9.5
Sadie Robertson,Mark Ballas,TV Personality,Louisiana,United States,17,19,2nd Place,2,9,9.125
Sadie Robertson,Mark Ballas,TV Personality,Louisiana,United States,17,19,2nd Place,2,10,9.25
Sadie Robertson,Mark Ballas,TV Personality,Louisiana,United States,17,19,2nd Place,2,11,9.8333
Tavis Smiley,Sharna Burgess,Radio Personality,Mississippi,United States,50,19,Eliminated Week 2,12,1,7.25
Tavis Smiley,Sharna Burgess,Radio Personality,Mississippi,United States,50,19,Eliminated Week 2,12,2,7.0
Tavis Smiley,Sharna Burgess,Radio Personality,Mississippi,United States,50,19,Eliminated Week 2,12,3,
Tavis Smiley,Sharna Burgess,Radio Personality,Mississippi,United States,50,19,Eliminated Week 2,12,4,
Tavis Smiley,Sharna Burgess,Radio Personality,Mississippi,United States,50,19,Eliminated Week 2,12,5,
Tavis Smiley,Sharna Burgess,Radio Personality,Mississippi,United States,50,19,Eliminated Week 2,12,6,
Tavis Smiley,Sharna Burgess,Radio Personality,Mississippi,United States,50,19,Eliminated Week 2,12,7,
Tavis Smiley,Sharna Burgess,Radio Personality,Mississippi,United States,50,19,Eliminated Week 2,12,8,
Tavis Smiley,Sharna Burgess,Radio Personality,Mississippi,United States,50,19,Eliminated Week 2,12,9,
Tavis Smiley,Sharna Burgess,Radio Personality,Mississippi,United States,50,19,Eliminated Week 2,12,10,
Tavis Smiley,Sharna Burgess,Radio Personality,Mississippi,United States,50,19,Eliminated Week 2,12,11,
Tommy Chong,Peta Murgatroyd,Comedian,Canada,Canada,76,19,Eliminated Week 10,5,1,6.75
Tommy Chong,Peta Murgatroyd,Comedian,Canada,Canada,76,19,Eliminated Week 10,5,2,7.0
Tommy Chong,Peta Murgatroyd,Comedian,Canada,Canada,76,19,Eliminated Week 10,5,3,8.5
Tommy Chong,Peta Murgatroyd,Comedian,Canada,Canada,76,19,Eliminated Week 10,5,4,7.0
Tommy Chong,Peta Murgatroyd,Comedian,Canada,Canada,76,19,Eliminated Week 10,5,5,5.75
Tommy Chong,Peta Murgatroyd,Comedian,Canada,Canada,76,19,Eliminated Week 10,5,6,7.0
Tommy Chong,Peta Murgatroyd,Comedian,Canada,Canada,76,19,Eliminated Week 10,5,7,7.5
Tommy Chong,Peta Murgatroyd,Comedian,Canada,Canada,76,19,Eliminated Week 10,5,8,7.25
Tommy Chong,Peta Murgatroyd,Comedian,Canada,Canada,76,19,Eliminated Week 10,5,9,7.125
Tommy Chong,Peta Murgatroyd,Comedian,Canada,Canada,76,19,Eliminated Week 10,5,10,7.75
Tommy Chong,Peta Murgatroyd,Comedian,Canada,Canada,76,19,Eliminated Week 10,5,11,
Charlotte McKinney,Keo Motsepe,Model,Florida,United States,21,20,Eliminated Week 3,11,1,5.5
Charlotte McKinney,Keo Motsepe,Model,Florida,United States,21,20,Eliminated Week 3,11,2,6.5
Charlotte McKinney,Keo Motsepe,Model,Florida,United States,21,20,Eliminated Week 3,11,3,5.5
Charlotte McKinney,Keo Motsepe,Model,Florida,United States,21,20,Eliminated Week 3,11,4,
Charlotte McKinney,Keo Motsepe,Model,Florida,United States,21,20,Eliminated Week 3,11,5,
Charlotte McKinney,Keo Motsepe,Model,Florida,United States,21,20,Eliminated Week 3,11,6,
Charlotte McKinney,Keo Motsepe,Model,Florida,United States,21,20,Eliminated Week 3,11,7,
Charlotte McKinney,Keo Motsepe,Model,Florida,United States,21,20,Eliminated Week 3,11,8,
Charlotte McKinney,Keo Motsepe,Model,Florida,United States,21,20,Eliminated Week 3,11,9,
Charlotte McKinney,Keo Motsepe,Model,Florida,United States,21,20,Eliminated Week 3,11,10,
Charlotte McKinney,Keo Motsepe,Model,Florida,United States,21,20,Eliminated Week 3,11,11,
Chris Soules,Witney Carson,TV Personality,Iowa,United States,33,20,Eliminated Week 8,5,1,6.5
Chris Soules,Witney Carson,TV Personality,Iowa,United States,33,20,Eliminated Week 8,5,2,5.25
Chris Soules,Witney Carson,TV Personality,Iowa,United States,33,20,Eliminated Week 8,5,3,7.0
Chris Soules,Witney Carson,TV Personality,Iowa,United States,33,20,Eliminated Week 8,5,4,6.75
Chris Soules,Witney Carson,TV Personality,Iowa,United States,33,20,Eliminated Week 8,5,5,6.75
Chris Soules,Witney Carson,TV Personality,Iowa,United States,33,20,Eliminated Week 8,5,6,8.75
Chris Soules,Witney Carson,TV Personality,Iowa,United States,33,20,Eliminated Week 8,5,7,7.75
Chris Soules,Witney Carson,TV Personality,Iowa,United States,33,20,Eliminated Week 8,5,8,8.0
Chris Soules,Witney Carson,TV Personality,Iowa,United States,33,20,Eliminated Week 8,5,9,
Chris Soules,Witney Carson,TV Personality,Iowa,United States,33,20,Eliminated Week 8,5,10,
Chris Soules,Witney Carson,TV Personality,Iowa,United States,33,20,Eliminated Week 8,5,11,
Michael Sam,Peta Murgatroyd,Athlete,Texas,United States,25,20,Eliminated Week 4,10,1,6.5
Michael Sam,Peta Murgatroyd,Athlete,Texas,United States,25,20,Eliminated Week 4,10,2,7.0
Michael Sam,Peta Murgatroyd,Athlete,Texas,United States,25,20,Eliminated Week 4,10,3,6.0
Michael Sam,Peta Murgatroyd,Athlete,Texas,United States,25,20,Eliminated Week 4,10,4,7.5
Michael Sam,Peta Murgatroyd,Athlete,Texas,United States,25,20,Eliminated Week 4,10,5,
Michael Sam,Peta Murgatroyd,Athlete,Texas,United States,25,20,Eliminated Week 4,10,6,
Michael Sam,Peta Murgatroyd,Athlete,Texas,United States,25,20,Eliminated Week 4,10,7,
Michael Sam,Peta Murgatroyd,Athlete,Texas,United States,25,20,Eliminated Week 4,10,8,
Michael Sam,Peta Murgatroyd,Athlete,Texas,United States,25,20,Eliminated Week 4,10,9,
Michael Sam,Peta Murgatroyd,Athlete,Texas,United States,25,20,Eliminated Week 4,10,10,
Michael Sam,Peta Murgatroyd,Athlete,Texas,United States,25,20,Eliminated Week 4,10,11,
Nastia Liukin,Derek Hough,Athlete,Russia,Russia,25,20,Eliminated Week 9,4,1,7.5
Nastia Liukin,Derek Hough,Athlete,Russia,Russia,25,20,Eliminated Week 9,4,2,8.5
Nastia Liukin,Derek Hough,Athlete,Russia,Russia,25,20,Eliminated Week 9,4,3,8.5
Nastia Liukin,Derek Hough,Athlete,Russia,Russia,25,20,Eliminated Week 9,4,4,9.0
Nastia Liukin,Derek Hough,Athlete,Russia,Russia,25,20,Eliminated Week 9,4,5,9.5
Nastia Liukin,Derek Hough,Athlete,Russia,Russia,25,20,Eliminated Week 9,4,6,9.125
Nastia Liukin,Derek Hough,Athlete,Russia,Russia,25,20,Eliminated Week 9,4,7,10.25
Nastia Liukin,Derek Hough,Athlete,Russia,Russia,25,20,Eliminated Week 9,4,8,9.5
Nastia Liukin,Derek Hough,Athlete,Russia,Russia,25,20,Eliminated Week 9,4,9,10.0
Nastia Liukin,Derek Hough,Athlete,Russia,Russia,25,20,Eliminated Week 9,4,10,
Nastia Liukin,Derek Hough,Athlete,Russia,Russia,25,20,Eliminated Week 9,4,11,
Noah Galloway,Sharna Burgess,Motivational Speaker,Alabama,United States,33,20,3rd Place,3,1,6.5
Noah Galloway,Sharna Burgess,Motivational Speaker,Alabama,United States,33,20,3rd Place,3,2,6.75
Noah Galloway,Sharna Burgess,Motivational Speaker,Alabama,United States,33,20,3rd Place,3,3,7.5
Noah Galloway,Sharna Burgess,Motivational Speaker,Alabama,United States,33,20,3rd Place,3,4,8.0
Noah Galloway,Sharna Burgess,Motivational Speaker,Alabama,United States,33,20,3rd Place,3,5,7.0
Noah Galloway,Sharna Burgess,Motivational Speaker,Alabama,United States,33,20,3rd Place,3,6,8.5
Noah Galloway,Sharna Burgess,Motivational Speaker,Alabama,United States,33,20,3rd Place,3,7,9.5
Noah Galloway,Sharna Burgess,Motivational Speaker,Alabama,United States,33,20,3rd Place,3,8,7.875
Noah Galloway,Sharna Burgess,Motivational Speaker,Alabama,United States,33,20,3rd Place,3,9,9.5
Noah Galloway,Sharna Burgess,Motivational Speaker,Alabama,United States,33,20,3rd Place,3,10,9.0
Noah Galloway,Sharna Burgess,Motivational Speaker,Alabama,United States,33,20,3rd Place,3,11,
Patti LaBelle,Artem Chigvintsev,Singer/Rapper,Pennsylvania,United States,70,20,Eliminated Week 6,8,1,6.25
Patti LaBelle,Artem Chigvintsev,Singer/Rapper,Pennsylvania,United States,70,20,Eliminated Week 6,8,2,7.0
Patti LaBelle,Artem Chigvintsev,Singer/Rapper,Pennsylvania,United States,70,20,Eliminated Week 6,8,3,5.5
Patti LaBelle,Artem Chigvintsev,Singer/Rapper,Pennsylvania,United States,70,20,Eliminated Week 6,8,4,7.5
Patti LaBelle,Artem Chigvintsev,Singer/Rapper,Pennsylvania,United States,70,20,Eliminated Week 6,8,5,6.75
Patti LaBelle,Artem Chigvintsev,Singer/Rapper,Pennsylvania,United States,70,20,Eliminated Week 6,8,6,8.5
Patti LaBelle,Artem Chigvintsev,Singer/Rapper,Pennsylvania,United States,70,20,Eliminated Week 6,8,7,
Patti LaBelle,Artem Chigvintsev,Singer/Rapper,Pennsylvania,United States,70,20,Eliminated Week 6,8,8,
Patti LaBelle,Artem Chigvintsev,Singer/Rapper,Pennsylvania,United States,70,20,Eliminated Week 6,8,9,
Patti LaBelle,Artem Chigvintsev,Singer/Rapper,Pennsylvania,United States,70,20,Eliminated Week 6,8,10,
Patti LaBelle,Artem Chigvintsev,Singer/Rapper,Pennsylvania,United States,70,20,Eliminated Week 6,8,11,
Redfoo,Emma Slater,Singer/Rapper,California,United States,39,20,Eliminated Week 2,12,1,5.5
Redfoo,Emma Slater,Singer/Rapper,California,United States,39,20,Eliminated Week 2,12,2,7.75
Redfoo,Emma Slater,Singer/Rapper,California,United States,39,20,Eliminated Week 2,12,3,
Redfoo,Emma Slater,Singer/Rapper,California,United States,39,20,Eliminated Week 2,12,4,
Redfoo,Emma Slater,Singer/Rapper,California,United States,39,20,Eliminated Week 2,12,5,
Redfoo,Emma Slater,Singer/Rapper,California,United States,39,20,Eliminated Week 2,12,6,
Redfoo,Emma Slater,Singer/Rapper,California,United States,39,20,Eliminated Week 2,12,7,
Redfoo,Emma Slater,Singer/Rapper,California,United States,39,20,Eliminated Week 2,12,8,
Redfoo,Emma Slater,Singer/Rapper,California,United States,39,20,Eliminated Week 2,12,9,
Redfoo,Emma Slater,Singer/Rapper,California,United States,39,20,Eliminated Week 2,12,10,
Redfoo,Emma Slater,Singer/Rapper,California,United States,39,20,Eliminated Week 2,12,11,
Riker Lynch,Allison Holker,Actor/Actress,Colorado,United States,23,20,2nd Place,2,1,7.75
Riker Lynch,Allison Holker,Actor/Actress,Colorado,United States,23,20,2nd Place,2,2,8.0
Riker Lynch,Allison Holker,Actor/Actress,Colorado,United States,23,20,2nd Place,2,3,8.5
Riker Lynch,Allison Holker,Actor/Actress,Colorado,United States,23,20,2nd Place,2,4,8.5
Riker Lynch,Allison Holker,Actor/Actress,Colorado,United States,23,20,2nd Place,2,5,9.5
Riker Lynch,Allison Holker,Actor/Actress,Colorado,United States,23,20,2nd Place,2,6,9.5
Riker Lynch,Allison Holker,Actor/Actress,Colorado,United States,23,20,2nd Place,2,7,9.25
Riker Lynch,Allison Holker,Actor/Actress,Colorado,United States,23,20,2nd Place,2,8,9.75
Riker Lynch,Allison Holker,Actor/Actress,Colorado,United States,23,20,2nd Place,2,9,10.0
Riker Lynch,Allison Holker,Actor/Actress,Colorado,United States,23,20,2nd Place,2,10,10.0
Riker Lynch,Allison Holker,Actor/Actress,Colorado,United States,23,20,2nd Place,2,11,
Robert Herjavec,Kym Johnson,Entrepreneur,Croatia,Croatia,52,20,Eliminated Week 8,6,1,7.0
Robert Herjavec,Kym Johnson,Entrepreneur,Croatia,Croatia,52,20,Eliminated Week 8,6,2,7.0
Robert Herjavec,Kym Johnson,Entrepreneur,Croatia,Croatia,52,20,Eliminated Week 8,6,3,7.25
Robert Herjavec,Kym Johnson,Entrepreneur,Croatia,Croatia,52,20,Eliminated Week 8,6,4,8.5
Robert Herjavec,Kym Johnson,Entrepreneur,Croatia,Croatia,52,20,Eliminated Week 8,6,5,6.0
Robert Herjavec,Kym Johnson,Entrepreneur,Croatia,Croatia,52,20,Eliminated Week 8,6,6,8.375
Robert Herjavec,Kym Johnson,Entrepreneur,Croatia,Croatia,52,20,Eliminated Week 8,6,7,7.75
Robert Herjavec,Kym Johnson,Entrepreneur,Croatia,Croatia,52,20,Eliminated Week 8,6,8,7.75
Robert Herjavec,Kym Johnson,Entrepreneur,Croatia,Croatia,52,20,Eliminated Week 8,6,9,
Robert Herjavec,Kym Johnson,Entrepreneur,Croatia,Croatia,52,20,Eliminated Week 8,6,10,
Robert Herjavec,Kym Johnson,Entrepreneur,Croatia,Croatia,52,20,Eliminated Week 8,6,11,
Rumer Willis,Valentin Chmerkovskiy,Actor/Actress,Kentucky,United States,26,20,1st Place,1,1,8.0
Rumer Willis,Valentin Chmerkovskiy,Actor/Actress,Kentucky,United States,26,20,1st Place,1,2,8.0
Rumer Willis,Valentin Chmerkovskiy,Actor/Actress,Kentucky,United States,26,20,1st Place,1,3,8.25
Rumer Willis,Valentin Chmerkovskiy,Actor/Actress,Kentucky,United States,26,20,1st Place,1,4,8.75
Rumer Willis,Valentin Chmerkovskiy,Actor/Actress,Kentucky,United States,26,20,1st Place,1,5,9.75
Rumer Willis,Valentin Chmerkovskiy,Actor/Actress,Kentucky,United States,26,20,1st Place,1,6,8.875
Rumer Willis,Valentin Chmerkovskiy,Actor/Actress,Kentucky,United States,26,20,1st Place,1,7,9.25
Rumer Willis,Valentin Chmerkovskiy,Actor/Actress,Kentucky,United States,26,20,1st Place,1,8,10.0
Rumer Willis,Valentin Chmerkovskiy,Actor/Actress,Kentucky,United States,26,20,1st Place,1,9,9.75
Rumer Willis,Valentin Chmerkovskiy,Actor/Actress,Kentucky,United States,26,20,1st Place,1,10,10.0
Rumer Willis,Valentin Chmerkovskiy,Actor/Actress,Kentucky,United States,26,20,1st Place,1,11,
Suzanne Somers,Tony Dovolani,Actor/Actress,California,United States,68,20,Eliminated Week 5,9,1,6.25
Suzanne Somers,Tony Dovolani,Actor/Actress,California,United States,68,20,Eliminated Week 5,9,2,7.0
Suzanne Somers,Tony Dovolani,Actor/Actress,California,United States,68,20,Eliminated Week 5,9,3,6.25
Suzanne Somers,Tony Dovolani,Actor/Actress,California,United States,68,20,Eliminated Week 5,9,4,7.0
Suzanne Somers,Tony Dovolani,Actor/Actress,California,United States,68,20,Eliminated Week 5,9,5,7.0
Suzanne Somers,Tony Dovolani,Actor/Actress,California,United States,68,20,Eliminated Week 5,9,6,
Suzanne Somers,Tony Dovolani,Actor/Actress,California,United States,68,20,Eliminated Week 5,9,7,
Suzanne Somers,Tony Dovolani,Actor/Actress,California,United States,68,20,Eliminated Week 5,9,8,
Suzanne Somers,Tony Dovolani,Actor/Actress,California,United States,68,20,Eliminated Week 5,9,9,
Suzanne Somers,Tony Dovolani,Actor/Actress,California,United States,68,20,Eliminated Week 5,9,10,
Suzanne Somers,Tony Dovolani,Actor/Actress,California,United States,68,20,Eliminated Week 5,9,11,
Willow Shields,Mark Ballas,Actor/Actress,New Mexico,United States,14,20,Eliminated Week 7,7,1,6.25
Willow Shields,Mark Ballas,Actor/Actress,New Mexico,United States,14,20,Eliminated Week 7,7,2,8.0
Willow Shields,Mark Ballas,Actor/Actress,New Mexico,United States,14,20,Eliminated Week 7,7,3,8.0
Willow Shields,Mark Ballas,Actor/Actress,New Mexico,United States,14,20,Eliminated Week 7,7,4,9.75
Willow Shields,Mark Ballas,Actor/Actress,New Mexico,United States,14,20,Eliminated Week 7,7,5,8.5
Willow Shields,Mark Ballas,Actor/Actress,New Mexico,United States,14,20,Eliminated Week 7,7,6,9.125
Willow Shields,Mark Ballas,Actor/Actress,New Mexico,United States,14,20,Eliminated Week 7,7,7,9.75
Willow Shields,Mark Ballas,Actor/Actress,New Mexico,United States,14,20,Eliminated Week 7,7,8,
Willow Shields,Mark Ballas,Actor/Actress,New Mexico,United States,14,20,Eliminated Week 7,7,9,
Willow Shields,Mark Ballas,Actor/Actress,New Mexico,United States,14,20,Eliminated Week 7,7,10,
Willow Shields,Mark Ballas,Actor/Actress,New Mexico,United States,14,20,Eliminated Week 7,7,11,
Alek Skarlatos,Lindsay Arnold,Military,California,United States,22,21,3rd Place,3,1,7.3333
Alek Skarlatos,Lindsay Arnold,Military,California,United States,22,21,3rd Place,3,2,7.5
Alek Skarlatos,Lindsay Arnold,Military,California,United States,22,21,3rd Place,3,3,8.25
Alek Skarlatos,Lindsay Arnold,Military,California,United States,22,21,3rd Place,3,4,8.0
Alek Skarlatos,Lindsay Arnold,Military,California,United States,22,21,3rd Place,3,5,7.25
Alek Skarlatos,Lindsay Arnold,Military,California,United States,22,21,3rd Place,3,6,7.5
Alek Skarlatos,Lindsay Arnold,Military,California,United States,22,21,3rd Place,3,7,8.8333
Alek Skarlatos,Lindsay Arnold,Military,California,United States,22,21,3rd Place,3,8,8.3333
Alek Skarlatos,Lindsay Arnold,Military,California,United States,22,21,3rd Place,3,9,8.5
Alek Skarlatos,Lindsay Arnold,Military,California,United States,22,21,3rd Place,3,10,9.5
Alek Skarlatos,Lindsay Arnold,Military,California,United States,22,21,3rd Place,3,11,9.3333
Alexa PenaVega,Mark Ballas,Actor/Actress,Florida,United States,27,21,Eliminated Week 9,6,1,7.3333
Alexa PenaVega,Mark Ballas,Actor/Actress,Florida,United States,27,21,Eliminated Week 9,6,2,7.6667
Alexa PenaVega,Mark Ballas,Actor/Actress,Florida,United States,27,21,Eliminated Week 9,6,3,9.0
Alexa PenaVega,Mark Ballas,Actor/Actress,Florida,United States,27,21,Eliminated Week 9,6,4,7.0
Alexa PenaVega,Mark Ballas,Actor/Actress,Florida,United States,27,21,Eliminated Week 9,6,5,10.0
Alexa PenaVega,Mark Ballas,Actor/Actress,Florida,United States,27,21,Eliminated Week 9,6,6,7.5
Alexa PenaVega,Mark Ballas,Actor/Actress,Florida,United States,27,21,Eliminated Week 9,6,7,9.1667
Alexa PenaVega,Mark Ballas,Actor/Actress,Florida,United States,27,21,Eliminated Week 9,6,8,8.9999
Alexa PenaVega,Mark Ballas,Actor/Actress,Florida,United States,27,21,Eliminated Week 9,6,9,10.0
Alexa PenaVega,Mark Ballas,Actor/Actress,Florida,United States,27,21,Eliminated Week 9,6,10,
Alexa PenaVega,Mark Ballas,Actor/Actress,Florida,United States,27,21,Eliminated Week 9,6,11,
Andy Grammer,Allison Holker,Singer/Rapper,California,United States,31,21,Eliminated Week 8,7,1,7.0
Andy Grammer,Allison Holker,Singer/Rapper,California,United States,31,21,Eliminated Week 8,7,2,7.3333
Andy Grammer,Allison Holker,Singer/Rapper,California,United States,31,21,Eliminated Week 8,7,3,7.25
Andy Grammer,Allison Holker,Singer/Rapper,California,United States,31,21,Eliminated Week 8,7,4,7.6667
Andy Grammer,Allison Holker,Singer/Rapper,California,United States,31,21,Eliminated Week 8,7,5,9.0
Andy Grammer,Allison Holker,Singer/Rapper,California,United States,31,21,Eliminated Week 8,7,6,10.0
Andy Grammer,Allison Holker,Singer/Rapper,California,United States,31,21,Eliminated Week 8,7,7,9.3333
Andy Grammer,Allison Holker,Singer/Rapper,California,United States,31,21,Eliminated Week 8,7,8,7.9999
Andy Grammer,Allison Holker,Singer/Rapper,California,United States,31,21,Eliminated Week 8,7,9,
Andy Grammer,Allison Holker,Singer/Rapper,California,United States,31,21,Eliminated Week 8,7,10,
Andy Grammer,Allison Holker,Singer/Rapper,California,United States,31,21,Eliminated Week 8,7,11,
Bindi Irwin,Derek Hough,TV Personality,Australia,Australia,17,21,1st Place,1,1,8.0
Bindi Irwin,Derek Hough,TV Personality,Australia,Australia,17,21,1st Place,1,2,8.0
Bindi Irwin,Derek Hough,TV Personality,Australia,Australia,17,21,1st Place,1,3,8.0
Bindi Irwin,Derek Hough,TV Personality,Australia,Australia,17,21,1st Place,1,4,9.3333
Bindi Irwin,Derek Hough,TV Personality,Australia,Australia,17,21,1st Place,1,5,9.25
Bindi Irwin,Derek Hough,TV Personality,Australia,Australia,17,21,1st Place,1,6,10.0
Bindi Irwin,Derek Hough,TV Personality,Australia,Australia,17,21,1st Place,1,7,9.6667
Bindi Irwin,Derek Hough,TV Personality,Australia,Australia,17,21,1st Place,1,8,9.3333
Bindi Irwin,Derek Hough,TV Personality,Australia,Australia,17,21,1st Place,1,9,10.0
Bindi Irwin,Derek Hough,TV Personality,Australia,Australia,17,21,1st Place,1,10,10.5
Bindi Irwin,Derek Hough,TV Personality,Australia,Australia,17,21,1st Place,1,11,10.0
Carlos PenaVega,Witney Carson,Actor/Actress,Missouri,United States,26,21,Eliminated Week 11,4,1,7.6667
Carlos PenaVega,Witney Carson,Actor/Actress,Missouri,United States,26,21,Eliminated Week 11,4,2,7.5
Carlos PenaVega,Witney Carson,Actor/Actress,Missouri,United States,26,21,Eliminated Week 11,4,3,7.75
Carlos PenaVega,Witney Carson,Actor/Actress,Missouri,United States,26,21,Eliminated Week 11,4,4,8.3333
Carlos PenaVega,Witney Carson,Actor/Actress,Missouri,United States,26,21,Eliminated Week 11,4,5,9.75
Carlos PenaVega,Witney Carson,Actor/Actress,Missouri,United States,26,21,Eliminated Week 11,4,6,9.5
Carlos PenaVega,Witney Carson,Actor/Actress,Missouri,United States,26,21,Eliminated Week 11,4,7,9.3333
Carlos PenaVega,Witney Carson,Actor/Actress,Missouri,United States,26,21,Eliminated Week 11,4,8,9.6666
Carlos PenaVega,Witney Carson,Actor/Actress,Missouri,United States,26,21,Eliminated Week 11,4,9,9.0
Carlos PenaVega,Witney Carson,Actor/Actress,Missouri,United States,26,21,Eliminated Week 11,4,10,10.5
Carlos PenaVega,Witney Carson,Actor/Actress,Missouri,United States,26,21,Eliminated Week 11,4,11,10.0
Chaka Khan,Keo Motsepe,Singer/Rapper,Illinois,United States,62,21,Eliminated Week 2,13,1,4.3333
Chaka Khan,Keo Motsepe,Singer/Rapper,Illinois,United States,62,21,Eliminated Week 2,13,2,5.0
Chaka Khan,Keo Motsepe,Singer/Rapper,Illinois,United States,62,21,Eliminated Week 2,13,3,
Chaka Khan,Keo Motsepe,Singer/Rapper,Illinois,United States,62,21,Eliminated Week 2,13,4,
Chaka Khan,Keo Motsepe,Singer/Rapper,Illinois,United States,62,21,Eliminated Week 2,13,5,
Chaka Khan,Keo Motsepe,Singer/Rapper,Illinois,United States,62,21,Eliminated Week 2,13,6,
Chaka Khan,Keo Motsepe,Singer/Rapper,Illinois,United States,62,21,Eliminated Week 2,13,7,
Chaka Khan,Keo Motsepe,Singer/Rapper,Illinois,United States,62,21,Eliminated Week 2,13,8,
Chaka Khan,Keo Motsepe,Singer/Rapper,Illinois,United States,62,21,Eliminated Week 2,13,9,
Chaka Khan,Keo Motsepe,Singer/Rapper,Illinois,United States,62,21,Eliminated Week 2,13,10,
Chaka Khan,Keo Motsepe,Singer/Rapper,Illinois,United States,62,21,Eliminated Week 2,13,11,
Gary Busey,Anna Trebunskaya,Actor/Actress,Texas,United States,71,21,Eliminated Week 4,10,1,5.0
Gary Busey,Anna Trebunskaya,Actor/Actress,Texas,United States,71,21,Eliminated Week 4,10,2,5.5
Gary Busey,Anna Trebunskaya,Actor/Actress,Texas,United States,71,21,Eliminated Week 4,10,3,6.25
Gary Busey,Anna Trebunskaya,Actor/Actress,Texas,United States,71,21,Eliminated Week 4,10,4,5.3333
Gary Busey,Anna Trebunskaya,Actor/Actress,Texas,United States,71,21,Eliminated Week 4,10,5,
Gary Busey,Anna Trebunskaya,Actor/Actress,Texas,United States,71,21,Eliminated Week 4,10,6,
Gary Busey,Anna Trebunskaya,Actor/Actress,Texas,United States,71,21,Eliminated Week 4,10,7,
Gary Busey,Anna Trebunskaya,Actor/Actress,Texas,United States,71,21,Eliminated Week 4,10,8,
Gary Busey,Anna Trebunskaya,Actor/Actress,Texas,United States,71,21,Eliminated Week 4,10,9,
Gary Busey,Anna Trebunskaya,Actor/Actress,Texas,United States,71,21,Eliminated Week 4,10,10,
Gary Busey,Anna Trebunskaya,Actor/Actress,Texas,United States,71,21,Eliminated Week 4,10,11,
Hayes Grier,Emma Slater,Social Media Personality,North Carolina,United States,15,21,Eliminated Week 7,8,1,7.0
Hayes Grier,Emma Slater,Social Media Personality,North Carolina,United States,15,21,Eliminated Week 7,8,2,7.5
Hayes Grier,Emma Slater,Social Media Personality,North Carolina,United States,15,21,Eliminated Week 7,8,3,7.5
Hayes Grier,Emma Slater,Social Media Personality,North Carolina,United States,15,21,Eliminated Week 7,8,4,9.0
Hayes Grier,Emma Slater,Social Media Personality,North Carolina,United States,15,21,Eliminated Week 7,8,5,7.5
Hayes Grier,Emma Slater,Social Media Personality,North Carolina,United States,15,21,Eliminated Week 7,8,6,8.0
Hayes Grier,Emma Slater,Social Media Personality,North Carolina,United States,15,21,Eliminated Week 7,8,7,9.3333
Hayes Grier,Emma Slater,Social Media Personality,North Carolina,United States,15,21,Eliminated Week 7,8,8,
Hayes Grier,Emma Slater,Social Media Personality,North Carolina,United States,15,21,Eliminated Week 7,8,9,
Hayes Grier,Emma Slater,Social Media Personality,North Carolina,United States,15,21,Eliminated Week 7,8,10,
Hayes Grier,Emma Slater,Social Media Personality,North Carolina,United States,15,21,Eliminated Week 7,8,11,
Kim Zolciak-Biermann,Tony Dovolani,TV Personality,Florida,United States,37,21,Withdrew,11,1,4.0
Kim Zolciak-Biermann,Tony Dovolani,TV Personality,Florida,United States,37,21,Withdrew,11,2,6.1667
Kim Zolciak-Biermann,Tony Dovolani,TV Personality,Florida,United States,37,21,Withdrew,11,3,
Kim Zolciak-Biermann,Tony Dovolani,TV Personality,Florida,United States,37,21,Withdrew,11,4,
Kim Zolciak-Biermann,Tony Dovolani,TV Personality,Florida,United States,37,21,Withdrew,11,5,
Kim Zolciak-Biermann,Tony Dovolani,TV Personality,Florida,United States,37,21,Withdrew,11,6,
Kim Zolciak-Biermann,Tony Dovolani,TV Personality,Florida,United States,37,21,Withdrew,11,7,
Kim Zolciak-Biermann,Tony Dovolani,TV Personality,Florida,United States,37,21,Withdrew,11,8,
Kim Zolciak-Biermann,Tony Dovolani,TV Personality,Florida,United States,37,21,Withdrew,11,9,
Kim Zolciak-Biermann,Tony Dovolani,TV Personality,Florida,United States,37,21,Withdrew,11,10,
Kim Zolciak-Biermann,Tony Dovolani,TV Personality,Florida,United States,37,21,Withdrew,11,11,
Nick Carter,Sharna Burgess,Singer/Rapper,New York,United States,35,21,2nd Place,2,1,8.0
Nick Carter,Sharna Burgess,Singer/Rapper,New York,United States,35,21,2nd Place,2,2,7.5
Nick Carter,Sharna Burgess,Singer/Rapper,New York,United States,35,21,2nd Place,2,3,9.0
Nick Carter,Sharna Burgess,Singer/Rapper,New York,United States,35,21,2nd Place,2,4,9.0
Nick Carter,Sharna Burgess,Singer/Rapper,New York,United States,35,21,2nd Place,2,5,8.75
Nick Carter,Sharna Burgess,Singer/Rapper,New York,United States,35,21,2nd Place,2,6,9.75
Nick Carter,Sharna Burgess,Singer/Rapper,New York,United States,35,21,2nd Place,2,7,9.0
Nick Carter,Sharna Burgess,Singer/Rapper,New York,United States,35,21,2nd Place,2,8,11.0
Nick Carter,Sharna Burgess,Singer/Rapper,New York,United States,35,21,2nd Place,2,9,9.1667
Nick Carter,Sharna Burgess,Singer/Rapper,New York,United States,35,21,2nd Place,2,10,9.0
Nick Carter,Sharna Burgess,Singer/Rapper,New York,United States,35,21,2nd Place,2,11,10.0
Paula Deen,Louis van Amstel,TV Personality,Georgia,United States,68,21,Eliminated Week 6,9,1,5.0
Paula Deen,Louis van Amstel,TV Personality,Georgia,United States,68,21,Eliminated Week 6,9,2,6.1667
Paula Deen,Louis van Amstel,TV Personality,Georgia,United States,68,21,Eliminated Week 6,9,3,5.0
Paula Deen,Louis van Amstel,TV Personality,Georgia,United States,68,21,Eliminated Week 6,9,4,6.0
Paula Deen,Louis van Amstel,TV Personality,Georgia,United States,68,21,Eliminated Week 6,9,5,6.5
Paula Deen,Louis van Amstel,TV Personality,Georgia,United States,68,21,Eliminated Week 6,9,6,6.0
Paula Deen,Louis van Amstel,TV Personality,Georgia,United States,68,21,Eliminated Week 6,9,7,
Paula Deen,Louis van Amstel,TV Personality,Georgia,United States,68,21,Eliminated Week 6,9,8,
Paula Deen,Louis van Amstel,TV Personality,Georgia,United States,68,21,Eliminated Week 6,9,9,
Paula Deen,Louis van Amstel,TV Personality,Georgia,United States,68,21,Eliminated Week 6,9,10,
Paula Deen,Louis van Amstel,TV Personality,Georgia,United States,68,21,Eliminated Week 6,9,11,
Tamar Braxton,Valentin Chmerkovskiy,Singer/Rapper,Maryland,United States,38,21,Withdrew,5,1,7.6667
Tamar Braxton,Valentin Chmerkovskiy,Singer/Rapper,Maryland,United States,38,21,Withdrew,5,2,8.1667
Tamar Braxton,Valentin Chmerkovskiy,Singer/Rapper,Maryland,United States,38,21,Withdrew,5,3,8.25
Tamar Braxton,Valentin Chmerkovskiy,Singer/Rapper,Maryland,United States,38,21,Withdrew,5,4,9.0
Tamar Braxton,Valentin Chmerkovskiy,Singer/Rapper,Maryland,United States,38,21,Withdrew,5,5,7.25
Tamar Braxton,Valentin Chmerkovskiy,Singer/Rapper,Maryland,United States,38,21,Withdrew,5,6,10.0
Tamar Braxton,Valentin Chmerkovskiy,Singer/Rapper,Maryland,United States,38,21,Withdrew,5,7,9.0
Tamar Braxton,Valentin Chmerkovskiy,Singer/Rapper,Maryland,United States,38,21,Withdrew,5,8,9.3333
Tamar Braxton,Valentin Chmerkovskiy,Singer/Rapper,Maryland,United States,38,21,Withdrew,5,9,8.1667
Tamar Braxton,Valentin Chmerkovskiy,Singer/Rapper,Maryland,United States,38,21,Withdrew,5,10,
Tamar Braxton,Valentin Chmerkovskiy,Singer/Rapper,Maryland,United States,38,21,Withdrew,5,11,
Victor Espinoza,Karina Smirnoff,Athlete,Mexico,Mexico,43,21,Eliminated Week 2,12,1,5.0
Victor Espinoza,Karina Smirnoff,Athlete,Mexico,Mexico,43,21,Eliminated Week 2,12,2,6.1667
Victor Espinoza,Karina Smirnoff,Athlete,Mexico,Mexico,43,21,Eliminated Week 2,12,3,
Victor Espinoza,Karina Smirnoff,Athlete,Mexico,Mexico,43,21,Eliminated Week 2,12,4,
Victor Espinoza,Karina Smirnoff,Athlete,Mexico,Mexico,43,21,Eliminated Week 2,12,5,
Victor Espinoza,Karina Smirnoff,Athlete,Mexico,Mexico,43,21,Eliminated Week 2,12,6,
Victor Espinoza,Karina Smirnoff,Athlete,Mexico,Mexico,43,21,Eliminated Week 2,12,7,
Victor Espinoza,Karina Smirnoff,Athlete,Mexico,Mexico,43,21,Eliminated Week 2,12,8,
Victor Espinoza,Karina Smirnoff,Athlete,Mexico,Mexico,43,21,Eliminated Week 2,12,9,
Victor Espinoza,Karina Smirnoff,Athlete,Mexico,Mexico,43,21,Eliminated Week 2,12,10,
Victor Espinoza,Karina Smirnoff,Athlete,Mexico,Mexico,43,21,Eliminated Week 2,12,11,
Antonio Brown,Sharna Burgess,Athlete,Florida,United States,27,22,Eliminated Week 9,5,1,7.0
Antonio Brown,Sharna Burgess,Athlete,Florida,United States,27,22,Eliminated Week 9,5,2,6.3333
Antonio Brown,Sharna Burgess,Athlete,Florida,United States,27,22,Eliminated Week 9,5,3,6.6667
Antonio Brown,Sharna Burgess,Athlete,Florida,United States,27,22,Eliminated Week 9,5,4,8.75
Antonio Brown,Sharna Burgess,Athlete,Florida,United States,27,22,Eliminated Week 9,5,5,6.5
Antonio Brown,Sharna Burgess,Athlete,Florida,United States,27,22,Eliminated Week 9,5,6,9.0
Antonio Brown,Sharna Burgess,Athlete,Florida,United States,27,22,Eliminated Week 9,5,7,8.6667
Antonio Brown,Sharna Burgess,Athlete,Florida,United States,27,22,Eliminated Week 9,5,8,9.0
Antonio Brown,Sharna Burgess,Athlete,Florida,United States,27,22,Eliminated Week 9,5,9,9.1667
Antonio Brown,Sharna Burgess,Athlete,Florida,United States,27,22,Eliminated Week 9,5,10,
Antonio Brown,Sharna Burgess,Athlete,Florida,United States,27,22,Eliminated Week 9,5,11,
Doug Flutie,Karina Smirnoff,Athlete,Maryland,United States,53,22,Eliminated Week 6,9,1,5.0
Doug Flutie,Karina Smirnoff,Athlete,Maryland,United States,53,22,Eliminated Week 6,9,2,6.6667
Doug Flutie,Karina Smirnoff,Athlete,Maryland,United States,53,22,Eliminated Week 6,9,3,6.6667
Doug Flutie,Karina Smirnoff,Athlete,Maryland,United States,53,22,Eliminated Week 6,9,4,6.0
Doug Flutie,Karina Smirnoff,Athlete,Maryland,United States,53,22,Eliminated Week 6,9,5,7.0
Doug Flutie,Karina Smirnoff,Athlete,Maryland,United States,53,22,Eliminated Week 6,9,6,7.0
Doug Flutie,Karina Smirnoff,Athlete,Maryland,United States,53,22,Eliminated Week 6,9,7,
Doug Flutie,Karina Smirnoff,Athlete,Maryland,United States,53,22,Eliminated Week 6,9,8,
Doug Flutie,Karina Smirnoff,Athlete,Maryland,United States,53,22,Eliminated Week 6,9,9,
Doug Flutie,Karina Smirnoff,Athlete,Maryland,United States,53,22,Eliminated Week 6,9,10,
Doug Flutie,Karina Smirnoff,Athlete,Maryland,United States,53,22,Eliminated Week 6,9,11,
Geraldo Rivera,Edyta Sliwinska,Journalist,New York,United States,72,22,Eliminated Week 2,12,1,4.3333
Geraldo Rivera,Edyta Sliwinska,Journalist,New York,United States,72,22,Eliminated Week 2,12,2,4.3333
Geraldo Rivera,Edyta Sliwinska,Journalist,New York,United States,72,22,Eliminated Week 2,12,3,
Geraldo Rivera,Edyta Sliwinska,Journalist,New York,United States,72,22,Eliminated Week 2,12,4,
Geraldo Rivera,Edyta Sliwinska,Journalist,New York,United States,72,22,Eliminated Week 2,12,5,
Geraldo Rivera,Edyta Sliwinska,Journalist,New York,United States,72,22,Eliminated Week 2,12,6,
Geraldo Rivera,Edyta Sliwinska,Journalist,New York,United States,72,22,Eliminated Week 2,12,7,
Geraldo Rivera,Edyta Sliwinska,Journalist,New York,United States,72,22,Eliminated Week 2,12,8,
Geraldo Rivera,Edyta Sliwinska,Journalist,New York,United States,72,22,Eliminated Week 2,12,9,
Geraldo Rivera,Edyta Sliwinska,Journalist,New York,United States,72,22,Eliminated Week 2,12,10,
Geraldo Rivera,Edyta Sliwinska,Journalist,New York,United States,72,22,Eliminated Week 2,12,11,
Ginger Zee,Valentin Chmerkovskiy,News Anchor,California,United States,35,22,3rd Place,3,1,7.6667
Ginger Zee,Valentin Chmerkovskiy,News Anchor,California,United States,35,22,3rd Place,3,2,7.0
Ginger Zee,Valentin Chmerkovskiy,News Anchor,California,United States,35,22,3rd Place,3,3,7.0
Ginger Zee,Valentin Chmerkovskiy,News Anchor,California,United States,35,22,3rd Place,3,4,9.0
Ginger Zee,Valentin Chmerkovskiy,News Anchor,California,United States,35,22,3rd Place,3,5,8.0
Ginger Zee,Valentin Chmerkovskiy,News Anchor,California,United States,35,22,3rd Place,3,6,8.0
Ginger Zee,Valentin Chmerkovskiy,News Anchor,California,United States,35,22,3rd Place,3,7,9.1667
Ginger Zee,Valentin Chmerkovskiy,News Anchor,California,United States,35,22,3rd Place,3,8,10.0
Ginger Zee,Valentin Chmerkovskiy,News Anchor,California,United States,35,22,3rd Place,3,9,9.3333
Ginger Zee,Valentin Chmerkovskiy,News Anchor,California,United States,35,22,3rd Place,3,10,9.4444
Ginger Zee,Valentin Chmerkovskiy,News Anchor,California,United States,35,22,3rd Place,3,11,
Jodie Sweetin,Keo Motsepe,Actor/Actress,California,United States,34,22,Eliminated Week 8,6,1,6.6667
Jodie Sweetin,Keo Motsepe,Actor/Actress,California,United States,34,22,Eliminated Week 8,6,2,7.0
Jodie Sweetin,Keo Motsepe,Actor/Actress,California,United States,34,22,Eliminated Week 8,6,3,7.6667
Jodie Sweetin,Keo Motsepe,Actor/Actress,California,United States,34,22,Eliminated Week 8,6,4,6.75
Jodie Sweetin,Keo Motsepe,Actor/Actress,California,United States,34,22,Eliminated Week 8,6,5,8.75
Jodie Sweetin,Keo Motsepe,Actor/Actress,California,United States,34,22,Eliminated Week 8,6,6,8.3333
Jodie Sweetin,Keo Motsepe,Actor/Actress,California,United States,34,22,Eliminated Week 8,6,7,8.5
Jodie Sweetin,Keo Motsepe,Actor/Actress,California,United States,34,22,Eliminated Week 8,6,8,10.0
Jodie Sweetin,Keo Motsepe,Actor/Actress,California,United States,34,22,Eliminated Week 8,6,9,
Jodie Sweetin,Keo Motsepe,Actor/Actress,California,United States,34,22,Eliminated Week 8,6,10,
Jodie Sweetin,Keo Motsepe,Actor/Actress,California,United States,34,22,Eliminated Week 8,6,11,
Kim Fields,Sasha Farber,Actor/Actress,New York,United States,46,22,Eliminated Week 7,8,1,6.6667
Kim Fields,Sasha Farber,Actor/Actress,New York,United States,46,22,Eliminated Week 7,8,2,6.3333
Kim Fields,Sasha Farber,Actor/Actress,New York,United States,46,22,Eliminated Week 7,8,3,7.3333
Kim Fields,Sasha Farber,Actor/Actress,New York,United States,46,22,Eliminated Week 7,8,4,8.0
Kim Fields,Sasha Farber,Actor/Actress,New York,United States,46,22,Eliminated Week 7,8,5,7.0
Kim Fields,Sasha Farber,Actor/Actress,New York,United States,46,22,Eliminated Week 7,8,6,8.0
Kim Fields,Sasha Farber,Actor/Actress,New York,United States,46,22,Eliminated Week 7,8,7,8.6667
Kim Fields,Sasha Farber,Actor/Actress,New York,United States,46,22,Eliminated Week 7,8,8,
Kim Fields,Sasha Farber,Actor/Actress,New York,United States,46,22,Eliminated Week 7,8,9,
Kim Fields,Sasha Farber,Actor/Actress,New York,United States,46,22,Eliminated Week 7,8,10,
Kim Fields,Sasha Farber,Actor/Actress,New York,United States,46,22,Eliminated Week 7,8,11,
Marla Maples,Tony Dovolani,TV Personality,Georgia,United States,52,22,Eliminated Week 4,10,1,7.0
Marla Maples,Tony Dovolani,TV Personality,Georgia,United States,52,22,Eliminated Week 4,10,2,6.6667
Marla Maples,Tony Dovolani,TV Personality,Georgia,United States,52,22,Eliminated Week 4,10,3,7.0
Marla Maples,Tony Dovolani,TV Personality,Georgia,United States,52,22,Eliminated Week 4,10,4,7.0
Marla Maples,Tony Dovolani,TV Personality,Georgia,United States,52,22,Eliminated Week 4,10,5,
Marla Maples,Tony Dovolani,TV Personality,Georgia,United States,52,22,Eliminated Week 4,10,6,
Marla Maples,Tony Dovolani,TV Personality,Georgia,United States,52,22,Eliminated Week 4,10,7,
Marla Maples,Tony Dovolani,TV Personality,Georgia,United States,52,22,Eliminated Week 4,10,8,
Marla Maples,Tony Dovolani,TV Personality,Georgia,United States,52,22,Eliminated Week 4,10,9,
Marla Maples,Tony Dovolani,TV Personality,Georgia,United States,52,22,Eliminated Week 4,10,10,
Marla Maples,Tony Dovolani,TV Personality,Georgia,United States,52,22,Eliminated Week 4,10,11,
Mischa Barton,Artem Chigvintsev,Actor/Actress,England,England,30,22,Eliminated Week 3,11,1,5.3333
Mischa Barton,Artem Chigvintsev,Actor/Actress,England,England,30,22,Eliminated Week 3,11,2,5.0
Mischa Barton,Artem Chigvintsev,Actor/Actress,England,England,30,22,Eliminated Week 3,11,3,6.0
Mischa Barton,Artem Chigvintsev,Actor/Actress,England,England,30,22,Eliminated Week 3,11,4,
Mischa Barton,Artem Chigvintsev,Actor/Actress,England,England,30,22,Eliminated Week 3,11,5,
Mischa Barton,Artem Chigvintsev,Actor/Actress,England,England,30,22,Eliminated Week 3,11,6,
Mischa Barton,Artem Chigvintsev,Actor/Actress,England,England,30,22,Eliminated Week 3,11,7,
Mischa Barton,Artem Chigvintsev,Actor/Actress,England,England,30,22,Eliminated Week 3,11,8,
Mischa Barton,Artem Chigvintsev,Actor/Actress,England,England,30,22,Eliminated Week 3,11,9,
Mischa Barton,Artem Chigvintsev,Actor/Actress,England,England,30,22,Eliminated Week 3,11,10,
Mischa Barton,Artem Chigvintsev,Actor/Actress,England,England,30,22,Eliminated Week 3,11,11,
Nyle DiMarco,Peta Murgatroyd,Model,New York,United States,26,22,1st Place,1,1,7.6667
Nyle DiMarco,Peta Murgatroyd,Model,New York,United States,26,22,1st Place,1,2,6.6667
Nyle DiMarco,Peta Murgatroyd,Model,New York,United States,26,22,1st Place,1,3,8.3333
Nyle DiMarco,Peta Murgatroyd,Model,New York,United States,26,22,1st Place,1,4,8.5
Nyle DiMarco,Peta Murgatroyd,Model,New York,United States,26,22,1st Place,1,5,9.25
Nyle DiMarco,Peta Murgatroyd,Model,New York,United States,26,22,1st Place,1,6,8.3333
Nyle DiMarco,Peta Murgatroyd,Model,New York,United States,26,22,1st Place,1,7,9.3333
Nyle DiMarco,Peta Murgatroyd,Model,New York,United States,26,22,1st Place,1,8,9.6667
Nyle DiMarco,Peta Murgatroyd,Model,New York,United States,26,22,1st Place,1,9,9.5
Nyle DiMarco,Peta Murgatroyd,Model,New York,United States,26,22,1st Place,1,10,9.6666
Nyle DiMarco,Peta Murgatroyd,Model,New York,United States,26,22,1st Place,1,11,
Paige VanZant,Mark Ballas,Athlete,Oregon,United States,22,22,2nd Place,2,1,7.0
Paige VanZant,Mark Ballas,Athlete,Oregon,United States,22,22,2nd Place,2,2,8.0
Paige VanZant,Mark Ballas,Athlete,Oregon,United States,22,22,2nd Place,2,3,7.6667
Paige VanZant,Mark Ballas,Athlete,Oregon,United States,22,22,2nd Place,2,4,9.0
Paige VanZant,Mark Ballas,Athlete,Oregon,United States,22,22,2nd Place,2,5,7.75
Paige VanZant,Mark Ballas,Athlete,Oregon,United States,22,22,2nd Place,2,6,9.3333
Paige VanZant,Mark Ballas,Athlete,Oregon,United States,22,22,2nd Place,2,7,9.1667
Paige VanZant,Mark Ballas,Athlete,Oregon,United States,22,22,2nd Place,2,8,9.3333
Paige VanZant,Mark Ballas,Athlete,Oregon,United States,22,22,2nd Place,2,9,9.8333
Paige VanZant,Mark Ballas,Athlete,Oregon,United States,22,22,2nd Place,2,10,9.8889
Paige VanZant,Mark Ballas,Athlete,Oregon,United States,22,22,2nd Place,2,11,
Von Miller,Witney Carson,Athlete,Texas,United States,27,22,Eliminated Week 7,7,1,7.0
Von Miller,Witney Carson,Athlete,Texas,United States,27,22,Eliminated Week 7,7,2,6.6667
Von Miller,Witney Carson,Athlete,Texas,United States,27,22,Eliminated Week 7,7,3,6.6667
Von Miller,Witney Carson,Athlete,Texas,United States,27,22,Eliminated Week 7,7,4,8.0
Von Miller,Witney Carson,Athlete,Texas,United States,27,22,Eliminated Week 7,7,5,7.25
Von Miller,Witney Carson,Athlete,Texas,United States,27,22,Eliminated Week 7,7,6,8.0
Von Miller,Witney Carson,Athlete,Texas,United States,27,22,Eliminated Week 7,7,7,8.6667
Von Miller,Witney Carson,Athlete,Texas,United States,27,22,Eliminated Week 7,7,8,
Von Miller,Witney Carson,Athlete,Texas,United States,27,22,Eliminated Week 7,7,9,
Von Miller,Witney Carson,Athlete,Texas,United States,27,22,Eliminated Week 7,7,10,
Von Miller,Witney Carson,Athlete,Texas,United States,27,22,Eliminated Week 7,7,11,
Wanya Morris,Lindsay Arnold,Singer/Rapper,Pennsylvania,United States,42,22,Eliminated Week 9,4,1,7.6667
Wanya Morris,Lindsay Arnold,Singer/Rapper,Pennsylvania,United States,42,22,Eliminated Week 9,4,2,8.0
Wanya Morris,Lindsay Arnold,Singer/Rapper,Pennsylvania,United States,42,22,Eliminated Week 9,4,3,8.0
Wanya Morris,Lindsay Arnold,Singer/Rapper,Pennsylvania,United States,42,22,Eliminated Week 9,4,4,8.75
Wanya Morris,Lindsay Arnold,Singer/Rapper,Pennsylvania,United States,42,22,Eliminated Week 9,4,5,7.5
Wanya Morris,Lindsay Arnold,Singer/Rapper,Pennsylvania,United States,42,22,Eliminated Week 9,4,6,9.6667
Wanya Morris,Lindsay Arnold,Singer/Rapper,Pennsylvania,United States,42,22,Eliminated Week 9,4,7,9.1667
Wanya Morris,Lindsay Arnold,Singer/Rapper,Pennsylvania,United States,42,22,Eliminated Week 9,4,8,8.3333
Wanya Morris,Lindsay Arnold,Singer/Rapper,Pennsylvania,United States,42,22,Eliminated Week 9,4,9,10.0
Wanya Morris,Lindsay Arnold,Singer/Rapper,Pennsylvania,United States,42,22,Eliminated Week 9,4,10,
Wanya Morris,Lindsay Arnold,Singer/Rapper,Pennsylvania,United States,42,22,Eliminated Week 9,4,11,
Amber Rose,Maksim Chmerkoskiy,Model,Pennsylvania,United States,32,23,Eliminated Week 6,9,1,6.0
Amber Rose,Maksim Chmerkoskiy,Model,Pennsylvania,United States,32,23,Eliminated Week 6,9,2,6.0
Amber Rose,Maksim Chmerkoskiy,Model,Pennsylvania,United States,32,23,Eliminated Week 6,9,3,6.25
Amber Rose,Maksim Chmerkoskiy,Model,Pennsylvania,United States,32,23,Eliminated Week 6,9,4,8.0
Amber Rose,Maksim Chmerkoskiy,Model,Pennsylvania,United States,32,23,Eliminated Week 6,9,5,8.0
Amber Rose,Maksim Chmerkoskiy,Model,Pennsylvania,United States,32,23,Eliminated Week 6,9,6,7.0
Amber Rose,Maksim Chmerkoskiy,Model,Pennsylvania,United States,32,23,Eliminated Week 6,9,7,
Amber Rose,Maksim Chmerkoskiy,Model,Pennsylvania,United States,32,23,Eliminated Week 6,9,8,
Amber Rose,Maksim Chmerkoskiy,Model,Pennsylvania,United States,32,23,Eliminated Week 6,9,9,
Amber Rose,Maksim Chmerkoskiy,Model,Pennsylvania,United States,32,23,Eliminated Week 6,9,10,
Amber Rose,Maksim Chmerkoskiy,Model,Pennsylvania,United States,32,23,Eliminated Week 6,9,11,
Babyface,Allison Holker,Singer/Rapper,Indiana,United States,57,23,Eliminated Week 4,11,1,6.5
Babyface,Allison Holker,Singer/Rapper,Indiana,United States,57,23,Eliminated Week 4,11,2,7.5
Babyface,Allison Holker,Singer/Rapper,Indiana,United States,57,23,Eliminated Week 4,11,3,6.25
Babyface,Allison Holker,Singer/Rapper,Indiana,United States,57,23,Eliminated Week 4,11,4,6.0
Babyface,Allison Holker,Singer/Rapper,Indiana,United States,57,23,Eliminated Week 4,11,5,
Babyface,Allison Holker,Singer/Rapper,Indiana,United States,57,23,Eliminated Week 4,11,6,
Babyface,Allison Holker,Singer/Rapper,Indiana,United States,57,23,Eliminated Week 4,11,7,
Babyface,Allison Holker,Singer/Rapper,Indiana,United States,57,23,Eliminated Week 4,11,8,
Babyface,Allison Holker,Singer/Rapper,Indiana,United States,57,23,Eliminated Week 4,11,9,
Babyface,Allison Holker,Singer/Rapper,Indiana,United States,57,23,Eliminated Week 4,11,10,
Babyface,Allison Holker,Singer/Rapper,Indiana,United States,57,23,Eliminated Week 4,11,11,
Calvin Johnson Jr.,Lindsay Arnold,Athlete,Georgia,United States,30,23,3rd Place,3,1,6.5
Calvin Johnson Jr.,Lindsay Arnold,Athlete,Georgia,United States,30,23,3rd Place,3,2,7.0
Calvin Johnson Jr.,Lindsay Arnold,Athlete,Georgia,United States,30,23,3rd Place,3,3,8.0
Calvin Johnson Jr.,Lindsay Arnold,Athlete,Georgia,United States,30,23,3rd Place,3,4,7.6667
Calvin Johnson Jr.,Lindsay Arnold,Athlete,Georgia,United States,30,23,3rd Place,3,5,8.0
Calvin Johnson Jr.,Lindsay Arnold,Athlete,Georgia,United States,30,23,3rd Place,3,6,9.25
Calvin Johnson Jr.,Lindsay Arnold,Athlete,Georgia,United States,30,23,3rd Place,3,7,9.25
Calvin Johnson Jr.,Lindsay Arnold,Athlete,Georgia,United States,30,23,3rd Place,3,8,10.0
Calvin Johnson Jr.,Lindsay Arnold,Athlete,Georgia,United States,30,23,3rd Place,3,9,9.25
Calvin Johnson Jr.,Lindsay Arnold,Athlete,Georgia,United States,30,23,3rd Place,3,10,9.3333
Calvin Johnson Jr.,Lindsay Arnold,Athlete,Georgia,United States,30,23,3rd Place,3,11,9.5833
Jake T. Austin,Jenna Johnson,Actor/Actress,New York,United States,21,23,Eliminated Week 2,13,1,5.5
Jake T. Austin,Jenna Johnson,Actor/Actress,New York,United States,21,23,Eliminated Week 2,13,2,6.0
Jake T. Austin,Jenna Johnson,Actor/Actress,New York,United States,21,23,Eliminated Week 2,13,3,
Jake T. Austin,Jenna Johnson,Actor/Actress,New York,United States,21,23,Eliminated Week 2,13,4,
Jake T. Austin,Jenna Johnson,Actor/Actress,New York,United States,21,23,Eliminated Week 2,13,5,
Jake T. Austin,Jenna Johnson,Actor/Actress,New York,United States,21,23,Eliminated Week 2,13,6,
Jake T. Austin,Jenna Johnson,Actor/Actress,New York,United States,21,23,Eliminated Week 2,13,7,
Jake T. Austin,Jenna Johnson,Actor/Actress,New York,United States,21,23,Eliminated Week 2,13,8,
Jake T. Austin,Jenna Johnson,Actor/Actress,New York,United States,21,23,Eliminated Week 2,13,9,
Jake T. Austin,Jenna Johnson,Actor/Actress,New York,United States,21,23,Eliminated Week 2,13,10,
Jake T. Austin,Jenna Johnson,Actor/Actress,New York,United States,21,23,Eliminated Week 2,13,11,
James Hinchcliffe,Sharna Burgess,Racing Driver,Canada,Canada,29,23,2nd Place,2,1,7.75
James Hinchcliffe,Sharna Burgess,Racing Driver,Canada,Canada,29,23,2nd Place,2,2,7.25
James Hinchcliffe,Sharna Burgess,Racing Driver,Canada,Canada,29,23,2nd Place,2,3,7.25
James Hinchcliffe,Sharna Burgess,Racing Driver,Canada,Canada,29,23,2nd Place,2,4,9.3333
James Hinchcliffe,Sharna Burgess,Racing Driver,Canada,Canada,29,23,2nd Place,2,5,9.6667
James Hinchcliffe,Sharna Burgess,Racing Driver,Canada,Canada,29,23,2nd Place,2,6,9.5
James Hinchcliffe,Sharna Burgess,Racing Driver,Canada,Canada,29,23,2nd Place,2,7,9.25
James Hinchcliffe,Sharna Burgess,Racing Driver,Canada,Canada,29,23,2nd Place,2,8,11.6666
James Hinchcliffe,Sharna Burgess,Racing Driver,Canada,Canada,29,23,2nd Place,2,9,9.0
James Hinchcliffe,Sharna Burgess,Racing Driver,Canada,Canada,29,23,2nd Place,2,10,9.8333
James Hinchcliffe,Sharna Burgess,Racing Driver,Canada,Canada,29,23,2nd Place,2,11,9.75
Jana Kramer,Gleb Savchenko,Singer/Rapper,Michigan,United States,32,23,Eliminated Week 11,4,1,6.75
Jana Kramer,Gleb Savchenko,Singer/Rapper,Michigan,United States,32,23,Eliminated Week 11,4,2,7.25
Jana Kramer,Gleb Savchenko,Singer/Rapper,Michigan,United States,32,23,Eliminated Week 11,4,3,6.5
Jana Kramer,Gleb Savchenko,Singer/Rapper,Michigan,United States,32,23,Eliminated Week 11,4,4,7.6667
Jana Kramer,Gleb Savchenko,Singer/Rapper,Michigan,United States,32,23,Eliminated Week 11,4,5,8.6667
Jana Kramer,Gleb Savchenko,Singer/Rapper,Michigan,United States,32,23,Eliminated Week 11,4,6,10.0
Jana Kramer,Gleb Savchenko,Singer/Rapper,Michigan,United States,32,23,Eliminated Week 11,4,7,8.625
Jana Kramer,Gleb Savchenko,Singer/Rapper,Michigan,United States,32,23,Eliminated Week 11,4,8,10.0
Jana Kramer,Gleb Savchenko,Singer/Rapper,Michigan,United States,32,23,Eliminated Week 11,4,9,10.0
Jana Kramer,Gleb Savchenko,Singer/Rapper,Michigan,United States,32,23,Eliminated Week 11,4,10,9.6667
Jana Kramer,Gleb Savchenko,Singer/Rapper,Michigan,United States,32,23,Eliminated Week 11,4,11,8.875
Laurie Hernandez,Valentin Chmerkovskiy,Athlete,New Jersey,United States,16,23,1st Place,1,1,7.75
Laurie Hernandez,Valentin Chmerkovskiy,Athlete,New Jersey,United States,16,23,1st Place,1,2,8.0
Laurie Hernandez,Valentin Chmerkovskiy,Athlete,New Jersey,United States,16,23,1st Place,1,3,7.75
Laurie Hernandez,Valentin Chmerkovskiy,Athlete,New Jersey,United States,16,23,1st Place,1,4,10.0
Laurie Hernandez,Valentin Chmerkovskiy,Athlete,New Jersey,United States,16,23,1st Place,1,5,8.3333
Laurie Hernandez,Valentin Chmerkovskiy,Athlete,New Jersey,United States,16,23,1st Place,1,6,9.25
Laurie Hernandez,Valentin Chmerkovskiy,Athlete,New Jersey,United States,16,23,1st Place,1,7,8.625
Laurie Hernandez,Valentin Chmerkovskiy,Athlete,New Jersey,United States,16,23,1st Place,1,8,11.0
Laurie Hernandez,Valentin Chmerkovskiy,Athlete,New Jersey,United States,16,23,1st Place,1,9,10.0
Laurie Hernandez,Valentin Chmerkovskiy,Athlete,New Jersey,United States,16,23,1st Place,1,10,10.0
Laurie Hernandez,Valentin Chmerkovskiy,Athlete,New Jersey,United States,16,23,1st Place,1,11,9.8333
Marilu Henner,Derek Hough,Actor/Actress,Illinois,United States,64,23,Eliminated Week 9,6,1,6.75
Marilu Henner,Derek Hough,Actor/Actress,Illinois,United States,64,23,Eliminated Week 9,6,2,6.75
Marilu Henner,Derek Hough,Actor/Actress,Illinois,United States,64,23,Eliminated Week 9,6,3,7.0
Marilu Henner,Derek Hough,Actor/Actress,Illinois,United States,64,23,Eliminated Week 9,6,4,7.0
Marilu Henner,Derek Hough,Actor/Actress,Illinois,United States,64,23,Eliminated Week 9,6,5,9.0
Marilu Henner,Derek Hough,Actor/Actress,Illinois,United States,64,23,Eliminated Week 9,6,6,8.5
Marilu Henner,Derek Hough,Actor/Actress,Illinois,United States,64,23,Eliminated Week 9,6,7,8.0
Marilu Henner,Derek Hough,Actor/Actress,Illinois,United States,64,23,Eliminated Week 9,6,8,7.6667
Marilu Henner,Derek Hough,Actor/Actress,Illinois,United States,64,23,Eliminated Week 9,6,9,9.0
Marilu Henner,Derek Hough,Actor/Actress,Illinois,United States,64,23,Eliminated Week 9,6,10,
Marilu Henner,Derek Hough,Actor/Actress,Illinois,United States,64,23,Eliminated Week 9,6,11,
Maureen McCormick,Artem Chigvintsev,Actor/Actress,California,United States,60,23,Eliminated Week 7,8,1,5.5
Maureen McCormick,Artem Chigvintsev,Actor/Actress,California,United States,60,23,Eliminated Week 7,8,2,6.5
Maureen McCormick,Artem Chigvintsev,Actor/Actress,California,United States,60,23,Eliminated Week 7,8,3,7.0
Maureen McCormick,Artem Chigvintsev,Actor/Actress,California,United States,60,23,Eliminated Week 7,8,4,8.0
Maureen McCormick,Artem Chigvintsev,Actor/Actress,California,United States,60,23,Eliminated Week 7,8,5,8.0
Maureen McCormick,Artem Chigvintsev,Actor/Actress,California,United States,60,23,Eliminated Week 7,8,6,7.75
Maureen McCormick,Artem Chigvintsev,Actor/Actress,California,United States,60,23,Eliminated Week 7,8,7,8.25
Maureen McCormick,Artem Chigvintsev,Actor/Actress,California,United States,60,23,Eliminated Week 7,8,8,
Maureen McCormick,Artem Chigvintsev,Actor/Actress,California,United States,60,23,Eliminated Week 7,8,9,
Maureen McCormick,Artem Chigvintsev,Actor/Actress,California,United States,60,23,Eliminated Week 7,8,10,
Maureen McCormick,Artem Chigvintsev,Actor/Actress,California,United States,60,23,Eliminated Week 7,8,11,
Rick Perry,Emma Slater,Politician,Texas,United States,66,23,Eliminated Week 3,12,1,5.0
Rick Perry,Emma Slater,Politician,Texas,United States,66,23,Eliminated Week 3,12,2,5.5
Rick Perry,Emma Slater,Politician,Texas,United States,66,23,Eliminated Week 3,12,3,5.75
Rick Perry,Emma Slater,Politician,Texas,United States,66,23,Eliminated Week 3,12,4,
Rick Perry,Emma Slater,Politician,Texas,United States,66,23,Eliminated Week 3,12,5,
Rick Perry,Emma Slater,Politician,Texas,United States,66,23,Eliminated Week 3,12,6,
Rick Perry,Emma Slater,Politician,Texas,United States,66,23,Eliminated Week 3,12,7,
Rick Perry,Emma Slater,Politician,Texas,United States,66,23,Eliminated Week 3,12,8,
Rick Perry,Emma Slater,Politician,Texas,United States,66,23,Eliminated Week 3,12,9,
Rick Perry,Emma Slater,Politician,Texas,United States,66,23,Eliminated Week 3,12,10,
Rick Perry,Emma Slater,Politician,Texas,United States,66,23,Eliminated Week 3,12,11,
Ryan Lochte,Cheryl Burke,Athlete,New York,United States,32,23,Eliminated Week 8,7,1,6.0
Ryan Lochte,Cheryl Burke,Athlete,New York,United States,32,23,Eliminated Week 8,7,2,6.0
Ryan Lochte,Cheryl Burke,Athlete,New York,United States,32,23,Eliminated Week 8,7,3,6.25
Ryan Lochte,Cheryl Burke,Athlete,New York,United States,32,23,Eliminated Week 8,7,4,7.3333
Ryan Lochte,Cheryl Burke,Athlete,New York,United States,32,23,Eliminated Week 8,7,5,8.0
Ryan Lochte,Cheryl Burke,Athlete,New York,United States,32,23,Eliminated Week 8,7,6,7.5
Ryan Lochte,Cheryl Burke,Athlete,New York,United States,32,23,Eliminated Week 8,7,7,8.25
Ryan Lochte,Cheryl Burke,Athlete,New York,United States,32,23,Eliminated Week 8,7,8,8.6667
Ryan Lochte,Cheryl Burke,Athlete,New York,United States,32,23,Eliminated Week 8,7,9,
Ryan Lochte,Cheryl Burke,Athlete,New York,United States,32,23,Eliminated Week 8,7,10,
Ryan Lochte,Cheryl Burke,Athlete,New York,United States,32,23,Eliminated Week 8,7,11,
Terra Jole,Sasha Farber,TV Personality,Texas,United States,36,23,Eliminated Week 10,5,1,6.25
Terra Jole,Sasha Farber,TV Personality,Texas,United States,36,23,Eliminated Week 10,5,2,7.75
Terra Jole,Sasha Farber,TV Personality,Texas,United States,36,23,Eliminated Week 10,5,3,7.5
Terra Jole,Sasha Farber,TV Personality,Texas,United States,36,23,Eliminated Week 10,5,4,8.3333
Terra Jole,Sasha Farber,TV Personality,Texas,United States,36,23,Eliminated Week 10,5,5,9.0
Terra Jole,Sasha Farber,TV Personality,Texas,United States,36,23,Eliminated Week 10,5,6,7.5
Terra Jole,Sasha Farber,TV Personality,Texas,United States,36,23,Eliminated Week 10,5,7,8.625
Terra Jole,Sasha Farber,TV Personality,Texas,United States,36,23,Eliminated Week 10,5,8,8.0
Terra Jole,Sasha Farber,TV Personality,Texas,United States,36,23,Eliminated Week 10,5,9,9.5
Terra Jole,Sasha Farber,TV Personality,Texas,United States,36,23,Eliminated Week 10,5,10,10.0
Terra Jole,Sasha Farber,TV Personality,Texas,United States,36,23,Eliminated Week 10,5,11,
Vanilla Ice,Witney Carson,Singer/Rapper,Texas,United States,48,23,Eliminated Week 4,10,1,6.25
Vanilla Ice,Witney Carson,Singer/Rapper,Texas,United States,48,23,Eliminated Week 4,10,2,6.5
Vanilla Ice,Witney Carson,Singer/Rapper,Texas,United States,48,23,Eliminated Week 4,10,3,5.75
Vanilla Ice,Witney Carson,Singer/Rapper,Texas,United States,48,23,Eliminated Week 4,10,4,7.6667
Vanilla Ice,Witney Carson,Singer/Rapper,Texas,United States,48,23,Eliminated Week 4,10,5,
Vanilla Ice,Witney Carson,Singer/Rapper,Texas,United States,48,23,Eliminated Week 4,10,6,
Vanilla Ice,Witney Carson,Singer/Rapper,Texas,United States,48,23,Eliminated Week 4,10,7,
Vanilla Ice,Witney Carson,Singer/Rapper,Texas,United States,48,23,Eliminated Week 4,10,8,
Vanilla Ice,Witney Carson,Singer/Rapper,Texas,United States,48,23,Eliminated Week 4,10,9,
Vanilla Ice,Witney Carson,Singer/Rapper,Texas,United States,48,23,Eliminated Week 4,10,10,
Vanilla Ice,Witney Carson,Singer/Rapper,Texas,United States,48,23,Eliminated Week 4,10,11,
Bonner Bolton,Sharna Burgess,Athlete,Texas,United States,29,24,Eliminated Week 8,5,1,5.5
Bonner Bolton,Sharna Burgess,Athlete,Texas,United States,29,24,Eliminated Week 8,5,2,7.0
Bonner Bolton,Sharna Burgess,Athlete,Texas,United States,29,24,Eliminated Week 8,5,3,6.0
Bonner Bolton,Sharna Burgess,Athlete,Texas,United States,29,24,Eliminated Week 8,5,4,8.0
Bonner Bolton,Sharna Burgess,Athlete,Texas,United States,29,24,Eliminated Week 8,5,5,7.5
Bonner Bolton,Sharna Burgess,Athlete,Texas,United States,29,24,Eliminated Week 8,5,6,7.875
Bonner Bolton,Sharna Burgess,Athlete,Texas,United States,29,24,Eliminated Week 8,5,7,7.75
Bonner Bolton,Sharna Burgess,Athlete,Texas,United States,29,24,Eliminated Week 8,5,8,7.25
Bonner Bolton,Sharna Burgess,Athlete,Texas,United States,29,24,Eliminated Week 8,5,9,
Bonner Bolton,Sharna Burgess,Athlete,Texas,United States,29,24,Eliminated Week 8,5,10,
Bonner Bolton,Sharna Burgess,Athlete,Texas,United States,29,24,Eliminated Week 8,5,11,
Charo,Keo Motsepe,Actor/Actress,Spain,Spain,66,24,Eliminated Week 3,11,1,5.25
Charo,Keo Motsepe,Actor/Actress,Spain,Spain,66,24,Eliminated Week 3,11,2,6.25
Charo,Keo Motsepe,Actor/Actress,Spain,Spain,66,24,Eliminated Week 3,11,3,6.0
Charo,Keo Motsepe,Actor/Actress,Spain,Spain,66,24,Eliminated Week 3,11,4,
Charo,Keo Motsepe,Actor/Actress,Spain,Spain,66,24,Eliminated Week 3,11,5,
Charo,Keo Motsepe,Actor/Actress,Spain,Spain,66,24,Eliminated Week 3,11,6,
Charo,Keo Motsepe,Actor/Actress,Spain,Spain,66,24,Eliminated Week 3,11,7,
Charo,Keo Motsepe,Actor/Actress,Spain,Spain,66,24,Eliminated Week 3,11,8,
Charo,Keo Motsepe,Actor/Actress,Spain,Spain,66,24,Eliminated Week 3,11,9,
Charo,Keo Motsepe,Actor/Actress,Spain,Spain,66,24,Eliminated Week 3,11,10,
Charo,Keo Motsepe,Actor/Actress,Spain,Spain,66,24,Eliminated Week 3,11,11,
Chris Kattan,Witney Carson,Comedian,California,United States,46,24,Eliminated Week 2,12,1,4.25
Chris Kattan,Witney Carson,Comedian,California,United States,46,24,Eliminated Week 2,12,2,5.5
Chris Kattan,Witney Carson,Comedian,California,United States,46,24,Eliminated Week 2,12,3,
Chris Kattan,Witney Carson,Comedian,California,United States,46,24,Eliminated Week 2,12,4,
Chris Kattan,Witney Carson,Comedian,California,United States,46,24,Eliminated Week 2,12,5,
Chris Kattan,Witney Carson,Comedian,California,United States,46,24,Eliminated Week 2,12,6,
Chris Kattan,Witney Carson,Comedian,California,United States,46,24,Eliminated Week 2,12,7,
Chris Kattan,Witney Carson,Comedian,California,United States,46,24,Eliminated Week 2,12,8,
Chris Kattan,Witney Carson,Comedian,California,United States,46,24,Eliminated Week 2,12,9,
Chris Kattan,Witney Carson,Comedian,California,United States,46,24,Eliminated Week 2,12,10,
Chris Kattan,Witney Carson,Comedian,California,United States,46,24,Eliminated Week 2,12,11,
David Ross,Lindsay Arnold,Athlete,Georgia,United States,40,24,2nd Place,2,1,7.0
David Ross,Lindsay Arnold,Athlete,Georgia,United States,40,24,2nd Place,2,2,6.75
David Ross,Lindsay Arnold,Athlete,Georgia,United States,40,24,2nd Place,2,3,7.75
David Ross,Lindsay Arnold,Athlete,Georgia,United States,40,24,2nd Place,2,4,7.75
David Ross,Lindsay Arnold,Athlete,Georgia,United States,40,24,2nd Place,2,5,7.25
David Ross,Lindsay Arnold,Athlete,Georgia,United States,40,24,2nd Place,2,6,7.75
David Ross,Lindsay Arnold,Athlete,Georgia,United States,40,24,2nd Place,2,7,8.0
David Ross,Lindsay Arnold,Athlete,Georgia,United States,40,24,2nd Place,2,8,8.125
David Ross,Lindsay Arnold,Athlete,Georgia,United States,40,24,2nd Place,2,9,8.75
David Ross,Lindsay Arnold,Athlete,Georgia,United States,40,24,2nd Place,2,10,9.0833
David Ross,Lindsay Arnold,Athlete,Georgia,United States,40,24,2nd Place,2,11,
Erika Jayne,Gleb Savchenko,Singer/Rapper,Georgia,United States,45,24,Eliminated Week 5,9,1,6.0
Erika Jayne,Gleb Savchenko,Singer/Rapper,Georgia,United States,45,24,Eliminated Week 5,9,2,7.0
Erika Jayne,Gleb Savchenko,Singer/Rapper,Georgia,United States,45,24,Eliminated Week 5,9,3,6.5
Erika Jayne,Gleb Savchenko,Singer/Rapper,Georgia,United States,45,24,Eliminated Week 5,9,4,7.5
Erika Jayne,Gleb Savchenko,Singer/Rapper,Georgia,United States,45,24,Eliminated Week 5,9,5,8.0
Erika Jayne,Gleb Savchenko,Singer/Rapper,Georgia,United States,45,24,Eliminated Week 5,9,6,
Erika Jayne,Gleb Savchenko,Singer/Rapper,Georgia,United States,45,24,Eliminated Week 5,9,7,
Erika Jayne,Gleb Savchenko,Singer/Rapper,Georgia,United States,45,24,Eliminated Week 5,9,8,
Erika Jayne,Gleb Savchenko,Singer/Rapper,Georgia,United States,45,24,Eliminated Week 5,9,9,
Erika Jayne,Gleb Savchenko,Singer/Rapper,Georgia,United States,45,24,Eliminated Week 5,9,10,
Erika Jayne,Gleb Savchenko,Singer/Rapper,Georgia,United States,45,24,Eliminated Week 5,9,11,
Heather Morris,Maksim Chmerkoskiy,Actor/Actress,California,United States,30,24,Eliminated Week 6,8,1,7.0
Heather Morris,Maksim Chmerkoskiy,Actor/Actress,California,United States,30,24,Eliminated Week 6,8,2,7.5
Heather Morris,Maksim Chmerkoskiy,Actor/Actress,California,United States,30,24,Eliminated Week 6,8,3,8.25
Heather Morris,Maksim Chmerkoskiy,Actor/Actress,California,United States,30,24,Eliminated Week 6,8,4,8.75
Heather Morris,Maksim Chmerkoskiy,Actor/Actress,California,United States,30,24,Eliminated Week 6,8,5,8.5
Heather Morris,Maksim Chmerkoskiy,Actor/Actress,California,United States,30,24,Eliminated Week 6,8,6,9.25
Heather Morris,Maksim Chmerkoskiy,Actor/Actress,California,United States,30,24,Eliminated Week 6,8,7,
Heather Morris,Maksim Chmerkoskiy,Actor/Actress,California,United States,30,24,Eliminated Week 6,8,8,
Heather Morris,Maksim Chmerkoskiy,Actor/Actress,California,United States,30,24,Eliminated Week 6,8,9,
Heather Morris,Maksim Chmerkoskiy,Actor/Actress,California,United States,30,24,Eliminated Week 6,8,10,
Heather Morris,Maksim Chmerkoskiy,Actor/Actress,California,United States,30,24,Eliminated Week 6,8,11,
Mr. T,Kym Herjavec,Actor/Actress,Illinois,United States,64,24,Eliminated Week 4,10,1,5.0
Mr. T,Kym Herjavec,Actor/Actress,Illinois,United States,64,24,Eliminated Week 4,10,2,5.5
Mr. T,Kym Herjavec,Actor/Actress,Illinois,United States,64,24,Eliminated Week 4,10,3,6.0
Mr. T,Kym Herjavec,Actor/Actress,Illinois,United States,64,24,Eliminated Week 4,10,4,7.0
Mr. T,Kym Herjavec,Actor/Actress,Illinois,United States,64,24,Eliminated Week 4,10,5,
Mr. T,Kym Herjavec,Actor/Actress,Illinois,United States,64,24,Eliminated Week 4,10,6,
Mr. T,Kym Herjavec,Actor/Actress,Illinois,United States,64,24,Eliminated Week 4,10,7,
Mr. T,Kym Herjavec,Actor/Actress,Illinois,United States,64,24,Eliminated Week 4,10,8,
Mr. T,Kym Herjavec,Actor/Actress,Illinois,United States,64,24,Eliminated Week 4,10,9,
Mr. T,Kym Herjavec,Actor/Actress,Illinois,United States,64,24,Eliminated Week 4,10,10,
Mr. T,Kym Herjavec,Actor/Actress,Illinois,United States,64,24,Eliminated Week 4,10,11,
Nancy Kerrigan,Artem Chigvintsev,Athlete,Massachusetts,United States,47,24,Eliminated Week 7,7,1,7.0
Nancy Kerrigan,Artem Chigvintsev,Athlete,Massachusetts,United States,47,24,Eliminated Week 7,7,2,7.0
Nancy Kerrigan,Artem Chigvintsev,Athlete,Massachusetts,United States,47,24,Eliminated Week 7,7,3,8.25
Nancy Kerrigan,Artem Chigvintsev,Athlete,Massachusetts,United States,47,24,Eliminated Week 7,7,4,8.25
Nancy Kerrigan,Artem Chigvintsev,Athlete,Massachusetts,United States,47,24,Eliminated Week 7,7,5,9.0
Nancy Kerrigan,Artem Chigvintsev,Athlete,Massachusetts,United States,47,24,Eliminated Week 7,7,6,8.375
Nancy Kerrigan,Artem Chigvintsev,Athlete,Massachusetts,United States,47,24,Eliminated Week 7,7,7,9.0
Nancy Kerrigan,Artem Chigvintsev,Athlete,Massachusetts,United States,47,24,Eliminated Week 7,7,8,
Nancy Kerrigan,Artem Chigvintsev,Athlete,Massachusetts,United States,47,24,Eliminated Week 7,7,9,
Nancy Kerrigan,Artem Chigvintsev,Athlete,Massachusetts,United States,47,24,Eliminated Week 7,7,10,
Nancy Kerrigan,Artem Chigvintsev,Athlete,Massachusetts,United States,47,24,Eliminated Week 7,7,11,
Nick Viall,Peta Murgatroyd,TV Personality,Wisconsin,United States,36,24,Eliminated Week 7,6,1,6.0
Nick Viall,Peta Murgatroyd,TV Personality,Wisconsin,United States,36,24,Eliminated Week 7,6,2,6.25
Nick Viall,Peta Murgatroyd,TV Personality,Wisconsin,United States,36,24,Eliminated Week 7,6,3,6.5
Nick Viall,Peta Murgatroyd,TV Personality,Wisconsin,United States,36,24,Eliminated Week 7,6,4,7.5
Nick Viall,Peta Murgatroyd,TV Personality,Wisconsin,United States,36,24,Eliminated Week 7,6,5,8.5
Nick Viall,Peta Murgatroyd,TV Personality,Wisconsin,United States,36,24,Eliminated Week 7,6,6,7.625
Nick Viall,Peta Murgatroyd,TV Personality,Wisconsin,United States,36,24,Eliminated Week 7,6,7,8.5
Nick Viall,Peta Murgatroyd,TV Personality,Wisconsin,United States,36,24,Eliminated Week 7,6,8,
Nick Viall,Peta Murgatroyd,TV Personality,Wisconsin,United States,36,24,Eliminated Week 7,6,9,
Nick Viall,Peta Murgatroyd,TV Personality,Wisconsin,United States,36,24,Eliminated Week 7,6,10,
Nick Viall,Peta Murgatroyd,TV Personality,Wisconsin,United States,36,24,Eliminated Week 7,6,11,
Normani,Valentin Chmerkovskiy,Singer/Rapper,Georgia,United States,20,24,3rd Place,3,1,6.75
Normani,Valentin Chmerkovskiy,Singer/Rapper,Georgia,United States,20,24,3rd Place,3,2,8.0
Normani,Valentin Chmerkovskiy,Singer/Rapper,Georgia,United States,20,24,3rd Place,3,3,8.5
Normani,Valentin Chmerkovskiy,Singer/Rapper,Georgia,United States,20,24,3rd Place,3,4,8.0
Normani,Valentin Chmerkovskiy,Singer/Rapper,Georgia,United States,20,24,3rd Place,3,5,9.75
Normani,Valentin Chmerkovskiy,Singer/Rapper,Georgia,United States,20,24,3rd Place,3,6,9.0
Normani,Valentin Chmerkovskiy,Singer/Rapper,Georgia,United States,20,24,3rd Place,3,7,10.5
Normani,Valentin Chmerkovskiy,Singer/Rapper,Georgia,United States,20,24,3rd Place,3,8,9.875
Normani,Valentin Chmerkovskiy,Singer/Rapper,Georgia,United States,20,24,3rd Place,3,9,9.5
Normani,Valentin Chmerkovskiy,Singer/Rapper,Georgia,United States,20,24,3rd Place,3,10,9.8333
Normani,Valentin Chmerkovskiy,Singer/Rapper,Georgia,United States,20,24,3rd Place,3,11,
Rashad Jennings,Emma Slater,Athlete,Virginia,United States,32,24,1st Place,1,1,7.75
Rashad Jennings,Emma Slater,Athlete,Virginia,United States,32,24,1st Place,1,2,8.0
Rashad Jennings,Emma Slater,Athlete,Virginia,United States,32,24,1st Place,1,3,7.0
Rashad Jennings,Emma Slater,Athlete,Virginia,United States,32,24,1st Place,1,4,9.75
Rashad Jennings,Emma Slater,Athlete,Virginia,United States,32,24,1st Place,1,5,8.0
Rashad Jennings,Emma Slater,Athlete,Virginia,United States,32,24,1st Place,1,6,8.75
Rashad Jennings,Emma Slater,Athlete,Virginia,United States,32,24,1st Place,1,7,9.75
Rashad Jennings,Emma Slater,Athlete,Virginia,United States,32,24,1st Place,1,8,9.375
Rashad Jennings,Emma Slater,Athlete,Virginia,United States,32,24,1st Place,1,9,9.625
Rashad Jennings,Emma Slater,Athlete,Virginia,United States,32,24,1st Place,1,10,9.9166
Rashad Jennings,Emma Slater,Athlete,Virginia,United States,32,24,1st Place,1,11,
Simone Biles,Sasha Farber,Athlete,Ohio,United States,20,24,Eliminated Week 9,4,1,8.0
Simone Biles,Sasha Farber,Athlete,Ohio,United States,20,24,Eliminated Week 9,4,2,7.25
Simone Biles,Sasha Farber,Athlete,Ohio,United States,20,24,Eliminated Week 9,4,3,8.0
Simone Biles,Sasha Farber,Athlete,Ohio,United States,20,24,Eliminated Week 9,4,4,9.0
Simone Biles,Sasha Farber,Athlete,Ohio,United States,20,24,Eliminated Week 9,4,5,9.5
Simone Biles,Sasha Farber,Athlete,Ohio,United States,20,24,Eliminated Week 9,4,6,8.625
Simone Biles,Sasha Farber,Athlete,Ohio,United States,20,24,Eliminated Week 9,4,7,9.75
Simone Biles,Sasha Farber,Athlete,Ohio,United States,20,24,Eliminated Week 9,4,8,9.0
Simone Biles,Sasha Farber,Athlete,Ohio,United States,20,24,Eliminated Week 9,4,9,10.0
Simone Biles,Sasha Farber,Athlete,Ohio,United States,20,24,Eliminated Week 9,4,10,
Simone Biles,Sasha Farber,Athlete,Ohio,United States,20,24,Eliminated Week 9,4,11,
Barbara Corcoran,Keo Motsepe,Entrepreneur,New Jersey,United States,68,25,Eliminated Week 2,13,1,4.6667
Barbara Corcoran,Keo Motsepe,Entrepreneur,New Jersey,United States,68,25,Eliminated Week 2,13,2,5.6667
Barbara Corcoran,Keo Motsepe,Entrepreneur,New Jersey,United States,68,25,Eliminated Week 2,13,3,
Barbara Corcoran,Keo Motsepe,Entrepreneur,New Jersey,United States,68,25,Eliminated Week 2,13,4,
Barbara Corcoran,Keo Motsepe,Entrepreneur,New Jersey,United States,68,25,Eliminated Week 2,13,5,
Barbara Corcoran,Keo Motsepe,Entrepreneur,New Jersey,United States,68,25,Eliminated Week 2,13,6,
Barbara Corcoran,Keo Motsepe,Entrepreneur,New Jersey,United States,68,25,Eliminated Week 2,13,7,
Barbara Corcoran,Keo Motsepe,Entrepreneur,New Jersey,United States,68,25,Eliminated Week 2,13,8,
Barbara Corcoran,Keo Motsepe,Entrepreneur,New Jersey,United States,68,25,Eliminated Week 2,13,9,
Barbara Corcoran,Keo Motsepe,Entrepreneur,New Jersey,United States,68,25,Eliminated Week 2,13,10,
Barbara Corcoran,Keo Motsepe,Entrepreneur,New Jersey,United States,68,25,Eliminated Week 2,13,11,
Debbie Gibson,Alan Bersten,Singer/Rapper,New York,United States,47,25,Eliminated Week 2,12,1,5.6667
Debbie Gibson,Alan Bersten,Singer/Rapper,New York,United States,47,25,Eliminated Week 2,12,2,6.8333
Debbie Gibson,Alan Bersten,Singer/Rapper,New York,United States,47,25,Eliminated Week 2,12,3,
Debbie Gibson,Alan Bersten,Singer/Rapper,New York,United States,47,25,Eliminated Week 2,12,4,
Debbie Gibson,Alan Bersten,Singer/Rapper,New York,United States,47,25,Eliminated Week 2,12,5,
Debbie Gibson,Alan Bersten,Singer/Rapper,New York,United States,47,25,Eliminated Week 2,12,6,
Debbie Gibson,Alan Bersten,Singer/Rapper,New York,United States,47,25,Eliminated Week 2,12,7,
Debbie Gibson,Alan Bersten,Singer/Rapper,New York,United States,47,25,Eliminated Week 2,12,8,
Debbie Gibson,Alan Bersten,Singer/Rapper,New York,United States,47,25,Eliminated Week 2,12,9,
Debbie Gibson,Alan Bersten,Singer/Rapper,New York,United States,47,25,Eliminated Week 2,12,10,
Debbie Gibson,Alan Bersten,Singer/Rapper,New York,United States,47,25,Eliminated Week 2,12,11,
Derek Fisher,Sharna Burgess,Athlete,Arkansas,United States,43,25,Eliminated Week 4,11,1,6.0
Derek Fisher,Sharna Burgess,Athlete,Arkansas,United States,43,25,Eliminated Week 4,11,2,6.3333
Derek Fisher,Sharna Burgess,Athlete,Arkansas,United States,43,25,Eliminated Week 4,11,3,7.0
Derek Fisher,Sharna Burgess,Athlete,Arkansas,United States,43,25,Eliminated Week 4,11,4,7.6667
Derek Fisher,Sharna Burgess,Athlete,Arkansas,United States,43,25,Eliminated Week 4,11,5,
Derek Fisher,Sharna Burgess,Athlete,Arkansas,United States,43,25,Eliminated Week 4,11,6,
Derek Fisher,Sharna Burgess,Athlete,Arkansas,United States,43,25,Eliminated Week 4,11,7,
Derek Fisher,Sharna Burgess,Athlete,Arkansas,United States,43,25,Eliminated Week 4,11,8,
Derek Fisher,Sharna Burgess,Athlete,Arkansas,United States,43,25,Eliminated Week 4,11,9,
Derek Fisher,Sharna Burgess,Athlete,Arkansas,United States,43,25,Eliminated Week 4,11,10,
Derek Fisher,Sharna Burgess,Athlete,Arkansas,United States,43,25,Eliminated Week 4,11,11,
Drew Scott,Emma Slater,TV Personality,Canada,Canada,39,25,Eliminated Week 10,4,1,5.3333
Drew Scott,Emma Slater,TV Personality,Canada,Canada,39,25,Eliminated Week 10,4,2,6.8333
Drew Scott,Emma Slater,TV Personality,Canada,Canada,39,25,Eliminated Week 10,4,3,7.6667
Drew Scott,Emma Slater,TV Personality,Canada,Canada,39,25,Eliminated Week 10,4,4,8.0
Drew Scott,Emma Slater,TV Personality,Canada,Canada,39,25,Eliminated Week 10,4,5,8.3333
Drew Scott,Emma Slater,TV Personality,Canada,Canada,39,25,Eliminated Week 10,4,6,7.5
Drew Scott,Emma Slater,TV Personality,Canada,Canada,39,25,Eliminated Week 10,4,7,9.5
Drew Scott,Emma Slater,TV Personality,Canada,Canada,39,25,Eliminated Week 10,4,8,7.8333
Drew Scott,Emma Slater,TV Personality,Canada,Canada,39,25,Eliminated Week 10,4,9,8.0
Drew Scott,Emma Slater,TV Personality,Canada,Canada,39,25,Eliminated Week 10,4,10,9.375
Drew Scott,Emma Slater,TV Personality,Canada,Canada,39,25,Eliminated Week 10,4,11,
Frankie Muniz,Witney Carson,Actor/Actress,New Jersey,United States,31,25,3rd Place,3,1,6.3333
Frankie Muniz,Witney Carson,Actor/Actress,New Jersey,United States,31,25,3rd Place,3,2,8.0
Frankie Muniz,Witney Carson,Actor/Actress,New Jersey,United States,31,25,3rd Place,3,3,7.0
Frankie Muniz,Witney Carson,Actor/Actress,New Jersey,United States,31,25,3rd Place,3,4,8.0
Frankie Muniz,Witney Carson,Actor/Actress,New Jersey,United States,31,25,3rd Place,3,5,9.6667
Frankie Muniz,Witney Carson,Actor/Actress,New Jersey,United States,31,25,3rd Place,3,6,7.75
Frankie Muniz,Witney Carson,Actor/Actress,New Jersey,United States,31,25,3rd Place,3,7,10.0
Frankie Muniz,Witney Carson,Actor/Actress,New Jersey,United States,31,25,3rd Place,3,8,8.8333
Frankie Muniz,Witney Carson,Actor/Actress,New Jersey,United States,31,25,3rd Place,3,9,8.5
Frankie Muniz,Witney Carson,Actor/Actress,New Jersey,United States,31,25,3rd Place,3,10,9.7222
Frankie Muniz,Witney Carson,Actor/Actress,New Jersey,United States,31,25,3rd Place,3,11,
Jordan Fisher,Lindsay Arnold,Actor/Actress,Alabama,United States,23,25,1st Place,1,1,7.3333
Jordan Fisher,Lindsay Arnold,Actor/Actress,Alabama,United States,23,25,1st Place,1,2,8.0
Jordan Fisher,Lindsay Arnold,Actor/Actress,Alabama,United States,23,25,1st Place,1,3,8.3333
Jordan Fisher,Lindsay Arnold,Actor/Actress,Alabama,United States,23,25,1st Place,1,4,9.6667
Jordan Fisher,Lindsay Arnold,Actor/Actress,Alabama,United States,23,25,1st Place,1,5,10.0
Jordan Fisher,Lindsay Arnold,Actor/Actress,Alabama,United States,23,25,1st Place,1,6,9.75
Jordan Fisher,Lindsay Arnold,Actor/Actress,Alabama,United States,23,25,1st Place,1,7,9.0
Jordan Fisher,Lindsay Arnold,Actor/Actress,Alabama,United States,23,25,1st Place,1,8,10.0
Jordan Fisher,Lindsay Arnold,Actor/Actress,Alabama,United States,23,25,1st Place,1,9,9.6667
Jordan Fisher,Lindsay Arnold,Actor/Actress,Alabama,United States,23,25,1st Place,1,10,10.0
Jordan Fisher,Lindsay Arnold,Actor/Actress,Alabama,United States,23,25,1st Place,1,11,
Lindsey Stirling,Mark Ballas,Musician,California,United States,31,25,2nd Place,2,1,7.3333
Lindsey Stirling,Mark Ballas,Musician,California,United States,31,25,2nd Place,2,2,7.5
Lindsey Stirling,Mark Ballas,Musician,California,United States,31,25,2nd Place,2,3,9.0
Lindsey Stirling,Mark Ballas,Musician,California,United States,31,25,2nd Place,2,4,8.6667
Lindsey Stirling,Mark Ballas,Musician,California,United States,31,25,2nd Place,2,5,9.3333
Lindsey Stirling,Mark Ballas,Musician,California,United States,31,25,2nd Place,2,6,10.0
Lindsey Stirling,Mark Ballas,Musician,California,United States,31,25,2nd Place,2,7,8.5
Lindsey Stirling,Mark Ballas,Musician,California,United States,31,25,2nd Place,2,8,9.0
Lindsey Stirling,Mark Ballas,Musician,California,United States,31,25,2nd Place,2,9,9.5
Lindsey Stirling,Mark Ballas,Musician,California,United States,31,25,2nd Place,2,10,10.0
Lindsey Stirling,Mark Ballas,Musician,California,United States,31,25,2nd Place,2,11,
Nick Lachey,Peta Murgatroyd,Singer/Rapper,Kentucky,United States,43,25,Eliminated Week 6,9,1,6.0
Nick Lachey,Peta Murgatroyd,Singer/Rapper,Kentucky,United States,43,25,Eliminated Week 6,9,2,6.3333
Nick Lachey,Peta Murgatroyd,Singer/Rapper,Kentucky,United States,43,25,Eliminated Week 6,9,3,7.0
Nick Lachey,Peta Murgatroyd,Singer/Rapper,Kentucky,United States,43,25,Eliminated Week 6,9,4,7.3333
Nick Lachey,Peta Murgatroyd,Singer/Rapper,Kentucky,United States,43,25,Eliminated Week 6,9,5,7.3333
Nick Lachey,Peta Murgatroyd,Singer/Rapper,Kentucky,United States,43,25,Eliminated Week 6,9,6,6.5
Nick Lachey,Peta Murgatroyd,Singer/Rapper,Kentucky,United States,43,25,Eliminated Week 6,9,7,
Nick Lachey,Peta Murgatroyd,Singer/Rapper,Kentucky,United States,43,25,Eliminated Week 6,9,8,
Nick Lachey,Peta Murgatroyd,Singer/Rapper,Kentucky,United States,43,25,Eliminated Week 6,9,9,
Nick Lachey,Peta Murgatroyd,Singer/Rapper,Kentucky,United States,43,25,Eliminated Week 6,9,10,
Nick Lachey,Peta Murgatroyd,Singer/Rapper,Kentucky,United States,43,25,Eliminated Week 6,9,11,
Nikki Bella,Artem Chigvintsev,Athlete,California,United States,33,25,Eliminated Week 7,8,1,6.6667
Nikki Bella,Artem Chigvintsev,Athlete,California,United States,33,25,Eliminated Week 7,8,2,6.5
Nikki Bella,Artem Chigvintsev,Athlete,California,United States,33,25,Eliminated Week 7,8,3,7.0
Nikki Bella,Artem Chigvintsev,Athlete,California,United States,33,25,Eliminated Week 7,8,4,8.0
Nikki Bella,Artem Chigvintsev,Athlete,California,United States,33,25,Eliminated Week 7,8,5,9.0
Nikki Bella,Artem Chigvintsev,Athlete,California,United States,33,25,Eliminated Week 7,8,6,9.0
Nikki Bella,Artem Chigvintsev,Athlete,California,United States,33,25,Eliminated Week 7,8,7,8.0
Nikki Bella,Artem Chigvintsev,Athlete,California,United States,33,25,Eliminated Week 7,8,8,
Nikki Bella,Artem Chigvintsev,Athlete,California,United States,33,25,Eliminated Week 7,8,9,
Nikki Bella,Artem Chigvintsev,Athlete,California,United States,33,25,Eliminated Week 7,8,10,
Nikki Bella,Artem Chigvintsev,Athlete,California,United States,33,25,Eliminated Week 7,8,11,
Sasha Pieterse,Gleb Savchenko,Actor/Actress,South Africa,South Africa,21,25,Eliminated Week 5,10,1,6.0
Sasha Pieterse,Gleb Savchenko,Actor/Actress,South Africa,South Africa,21,25,Eliminated Week 5,10,2,7.5
Sasha Pieterse,Gleb Savchenko,Actor/Actress,South Africa,South Africa,21,25,Eliminated Week 5,10,3,6.3333
Sasha Pieterse,Gleb Savchenko,Actor/Actress,South Africa,South Africa,21,25,Eliminated Week 5,10,4,8.0
Sasha Pieterse,Gleb Savchenko,Actor/Actress,South Africa,South Africa,21,25,Eliminated Week 5,10,5,8.0
Sasha Pieterse,Gleb Savchenko,Actor/Actress,South Africa,South Africa,21,25,Eliminated Week 5,10,6,
Sasha Pieterse,Gleb Savchenko,Actor/Actress,South Africa,South Africa,21,25,Eliminated Week 5,10,7,
Sasha Pieterse,Gleb Savchenko,Actor/Actress,South Africa,South Africa,21,25,Eliminated Week 5,10,8,
Sasha Pieterse,Gleb Savchenko,Actor/Actress,South Africa,South Africa,21,25,Eliminated Week 5,10,9,
Sasha Pieterse,Gleb Savchenko,Actor/Actress,South Africa,South Africa,21,25,Eliminated Week 5,10,10,
Sasha Pieterse,Gleb Savchenko,Actor/Actress,South Africa,South Africa,21,25,Eliminated Week 5,10,11,
Terrell Owens,Cheryl Burke,Athlete,Alabama,United States,43,25,Eliminated Week 8,6,1,5.0
Terrell Owens,Cheryl Burke,Athlete,Alabama,United States,43,25,Eliminated Week 8,6,2,6.5
Terrell Owens,Cheryl Burke,Athlete,Alabama,United States,43,25,Eliminated Week 8,6,3,7.0
Terrell Owens,Cheryl Burke,Athlete,Alabama,United States,43,25,Eliminated Week 8,6,4,8.0
Terrell Owens,Cheryl Burke,Athlete,Alabama,United States,43,25,Eliminated Week 8,6,5,8.3333
Terrell Owens,Cheryl Burke,Athlete,Alabama,United States,43,25,Eliminated Week 8,6,6,9.25
Terrell Owens,Cheryl Burke,Athlete,Alabama,United States,43,25,Eliminated Week 8,6,7,8.1667
Terrell Owens,Cheryl Burke,Athlete,Alabama,United States,43,25,Eliminated Week 8,6,8,8.5
Terrell Owens,Cheryl Burke,Athlete,Alabama,United States,43,25,Eliminated Week 8,6,9,
Terrell Owens,Cheryl Burke,Athlete,Alabama,United States,43,25,Eliminated Week 8,6,10,
Terrell Owens,Cheryl Burke,Athlete,Alabama,United States,43,25,Eliminated Week 8,6,11,
Vanessa Lachey,Maksim Chmerkoskiy,TV Personality,Philippines,Philippines,36,25,Eliminated Week 7,7,1,7.0
Vanessa Lachey,Maksim Chmerkoskiy,TV Personality,Philippines,Philippines,36,25,Eliminated Week 7,7,2,7.8333
Vanessa Lachey,Maksim Chmerkoskiy,TV Personality,Philippines,Philippines,36,25,Eliminated Week 7,7,3,7.6667
Vanessa Lachey,Maksim Chmerkoskiy,TV Personality,Philippines,Philippines,36,25,Eliminated Week 7,7,4,8.0
Vanessa Lachey,Maksim Chmerkoskiy,TV Personality,Philippines,Philippines,36,25,Eliminated Week 7,7,5,8.0
Vanessa Lachey,Maksim Chmerkoskiy,TV Personality,Philippines,Philippines,36,25,Eliminated Week 7,7,6,9.0
Vanessa Lachey,Maksim Chmerkoskiy,TV Personality,Philippines,Philippines,36,25,Eliminated Week 7,7,7,9.0
Vanessa Lachey,Maksim Chmerkoskiy,TV Personality,Philippines,Philippines,36,25,Eliminated Week 7,7,8,
Vanessa Lachey,Maksim Chmerkoskiy,TV Personality,Philippines,Philippines,36,25,Eliminated Week 7,7,9,
Vanessa Lachey,Maksim Chmerkoskiy,TV Personality,Philippines,Philippines,36,25,Eliminated Week 7,7,10,
Vanessa Lachey,Maksim Chmerkoskiy,TV Personality,Philippines,Philippines,36,25,Eliminated Week 7,7,11,
Victoria Arlen,Valentin Chmerkovskiy,Athlete,New Hamshire,United States,22,25,Eliminated Week 9,5,1,6.3333
Victoria Arlen,Valentin Chmerkovskiy,Athlete,New Hamshire,United States,22,25,Eliminated Week 9,5,2,7.3333
Victoria Arlen,Valentin Chmerkovskiy,Athlete,New Hamshire,United States,22,25,Eliminated Week 9,5,3,7.3333
Victoria Arlen,Valentin Chmerkovskiy,Athlete,New Hamshire,United States,22,25,Eliminated Week 9,5,4,9.0
Victoria Arlen,Valentin Chmerkovskiy,Athlete,New Hamshire,United States,22,25,Eliminated Week 9,5,5,9.0
Victoria Arlen,Valentin Chmerkovskiy,Athlete,New Hamshire,United States,22,25,Eliminated Week 9,5,6,7.75
Victoria Arlen,Valentin Chmerkovskiy,Athlete,New Hamshire,United States,22,25,Eliminated Week 9,5,7,9.5
Victoria Arlen,Valentin Chmerkovskiy,Athlete,New Hamshire,United States,22,25,Eliminated Week 9,5,8,8.0
Victoria Arlen,Valentin Chmerkovskiy,Athlete,New Hamshire,United States,22,25,Eliminated Week 9,5,9,9.3333
Victoria Arlen,Valentin Chmerkovskiy,Athlete,New Hamshire,United States,22,25,Eliminated Week 9,5,10,
Victoria Arlen,Valentin Chmerkovskiy,Athlete,New Hamshire,United States,22,25,Eliminated Week 9,5,11,
Adam Rippon,Jenna Johnson,Athlete,Pennsylvania,United States,28,26,1st Place,1,1,8.0
Adam Rippon,Jenna Johnson,Athlete,Pennsylvania,United States,28,26,1st Place,1,2,9.25
Adam Rippon,Jenna Johnson,Athlete,Pennsylvania,United States,28,26,1st Place,1,3,10.25
Adam Rippon,Jenna Johnson,Athlete,Pennsylvania,United States,28,26,1st Place,1,4,9.6667
Adam Rippon,Jenna Johnson,Athlete,Pennsylvania,United States,28,26,1st Place,1,5,
Adam Rippon,Jenna Johnson,Athlete,Pennsylvania,United States,28,26,1st Place,1,6,
Adam Rippon,Jenna Johnson,Athlete,Pennsylvania,United States,28,26,1st Place,1,7,
Adam Rippon,Jenna Johnson,Athlete,Pennsylvania,United States,28,26,1st Place,1,8,
Adam Rippon,Jenna Johnson,Athlete,Pennsylvania,United States,28,26,1st Place,1,9,
Adam Rippon,Jenna Johnson,Athlete,Pennsylvania,United States,28,26,1st Place,1,10,
Adam Rippon,Jenna Johnson,Athlete,Pennsylvania,United States,28,26,1st Place,1,11,
Arike Ogunbowale,Gleb Savchenko,Athlete,Wisconsin,United States,21,26,Eliminated Week 2,7,1,6.6667
Arike Ogunbowale,Gleb Savchenko,Athlete,Wisconsin,United States,21,26,Eliminated Week 2,7,2,8.75
Arike Ogunbowale,Gleb Savchenko,Athlete,Wisconsin,United States,21,26,Eliminated Week 2,7,3,
Arike Ogunbowale,Gleb Savchenko,Athlete,Wisconsin,United States,21,26,Eliminated Week 2,7,4,
Arike Ogunbowale,Gleb Savchenko,Athlete,Wisconsin,United States,21,26,Eliminated Week 2,7,5,
Arike Ogunbowale,Gleb Savchenko,Athlete,Wisconsin,United States,21,26,Eliminated Week 2,7,6,
Arike Ogunbowale,Gleb Savchenko,Athlete,Wisconsin,United States,21,26,Eliminated Week 2,7,7,
Arike Ogunbowale,Gleb Savchenko,Athlete,Wisconsin,United States,21,26,Eliminated Week 2,7,8,
Arike Ogunbowale,Gleb Savchenko,Athlete,Wisconsin,United States,21,26,Eliminated Week 2,7,9,
Arike Ogunbowale,Gleb Savchenko,Athlete,Wisconsin,United States,21,26,Eliminated Week 2,7,10,
Arike Ogunbowale,Gleb Savchenko,Athlete,Wisconsin,United States,21,26,Eliminated Week 2,7,11,
Chris Mazdzer,Witney Carson,Athlete,Massachusetts,United States,29,26,Eliminated Week 3,5,1,7.0
Chris Mazdzer,Witney Carson,Athlete,Massachusetts,United States,29,26,Eliminated Week 3,5,2,8.25
Chris Mazdzer,Witney Carson,Athlete,Massachusetts,United States,29,26,Eliminated Week 3,5,3,8.25
Chris Mazdzer,Witney Carson,Athlete,Massachusetts,United States,29,26,Eliminated Week 3,5,4,
Chris Mazdzer,Witney Carson,Athlete,Massachusetts,United States,29,26,Eliminated Week 3,5,5,
Chris Mazdzer,Witney Carson,Athlete,Massachusetts,United States,29,26,Eliminated Week 3,5,6,
Chris Mazdzer,Witney Carson,Athlete,Massachusetts,United States,29,26,Eliminated Week 3,5,7,
Chris Mazdzer,Witney Carson,Athlete,Massachusetts,United States,29,26,Eliminated Week 3,5,8,
Chris Mazdzer,Witney Carson,Athlete,Massachusetts,United States,29,26,Eliminated Week 3,5,9,
Chris Mazdzer,Witney Carson,Athlete,Massachusetts,United States,29,26,Eliminated Week 3,5,10,
Chris Mazdzer,Witney Carson,Athlete,Massachusetts,United States,29,26,Eliminated Week 3,5,11,
Jamie Anderson,Artem Chigvintsev,Athlete,California,United States,27,26,Eliminated Week 1,10,1,6.3333
Jamie Anderson,Artem Chigvintsev,Athlete,California,United States,27,26,Eliminated Week 1,10,2,
Jamie Anderson,Artem Chigvintsev,Athlete,California,United States,27,26,Eliminated Week 1,10,3,
Jamie Anderson,Artem Chigvintsev,Athlete,California,United States,27,26,Eliminated Week 1,10,4,
Jamie Anderson,Artem Chigvintsev,Athlete,California,United States,27,26,Eliminated Week 1,10,5,
Jamie Anderson,Artem Chigvintsev,Athlete,California,United States,27,26,Eliminated Week 1,10,6,
Jamie Anderson,Artem Chigvintsev,Athlete,California,United States,27,26,Eliminated Week 1,10,7,
Jamie Anderson,Artem Chigvintsev,Athlete,California,United States,27,26,Eliminated Week 1,10,8,
Jamie Anderson,Artem Chigvintsev,Athlete,California,United States,27,26,Eliminated Week 1,10,9,
Jamie Anderson,Artem Chigvintsev,Athlete,California,United States,27,26,Eliminated Week 1,10,10,
Jamie Anderson,Artem Chigvintsev,Athlete,California,United States,27,26,Eliminated Week 1,10,11,
Jennie Finch Daigle,Keo Motsepe,Athlete,California,United States,37,26,Eliminated Week 3,6,1,7.0
Jennie Finch Daigle,Keo Motsepe,Athlete,California,United States,37,26,Eliminated Week 3,6,2,7.875
Jennie Finch Daigle,Keo Motsepe,Athlete,California,United States,37,26,Eliminated Week 3,6,3,7.25
Jennie Finch Daigle,Keo Motsepe,Athlete,California,United States,37,26,Eliminated Week 3,6,4,
Jennie Finch Daigle,Keo Motsepe,Athlete,California,United States,37,26,Eliminated Week 3,6,5,
Jennie Finch Daigle,Keo Motsepe,Athlete,California,United States,37,26,Eliminated Week 3,6,6,
Jennie Finch Daigle,Keo Motsepe,Athlete,California,United States,37,26,Eliminated Week 3,6,7,
Jennie Finch Daigle,Keo Motsepe,Athlete,California,United States,37,26,Eliminated Week 3,6,8,
Jennie Finch Daigle,Keo Motsepe,Athlete,California,United States,37,26,Eliminated Week 3,6,9,
Jennie Finch Daigle,Keo Motsepe,Athlete,California,United States,37,26,Eliminated Week 3,6,10,
Jennie Finch Daigle,Keo Motsepe,Athlete,California,United States,37,26,Eliminated Week 3,6,11,
Johnny Damon,Emma Slater,Athlete,Kansas,United States,44,26,Eliminated Week 1,9,1,6.0
Johnny Damon,Emma Slater,Athlete,Kansas,United States,44,26,Eliminated Week 1,9,2,
Johnny Damon,Emma Slater,Athlete,Kansas,United States,44,26,Eliminated Week 1,9,3,
Johnny Damon,Emma Slater,Athlete,Kansas,United States,44,26,Eliminated Week 1,9,4,
Johnny Damon,Emma Slater,Athlete,Kansas,United States,44,26,Eliminated Week 1,9,5,
Johnny Damon,Emma Slater,Athlete,Kansas,United States,44,26,Eliminated Week 1,9,6,
Johnny Damon,Emma Slater,Athlete,Kansas,United States,44,26,Eliminated Week 1,9,7,
Johnny Damon,Emma Slater,Athlete,Kansas,United States,44,26,Eliminated Week 1,9,8,
Johnny Damon,Emma Slater,Athlete,Kansas,United States,44,26,Eliminated Week 1,9,9,
Johnny Damon,Emma Slater,Athlete,Kansas,United States,44,26,Eliminated Week 1,9,10,
Johnny Damon,Emma Slater,Athlete,Kansas,United States,44,26,Eliminated Week 1,9,11,
Josh Norman,Sharna Burgess,Athlete,South Carolina,United States,30,26,2nd Place,2,1,8.0
Josh Norman,Sharna Burgess,Athlete,South Carolina,United States,30,26,2nd Place,2,2,7.875
Josh Norman,Sharna Burgess,Athlete,South Carolina,United States,30,26,2nd Place,2,3,9.5
Josh Norman,Sharna Burgess,Athlete,South Carolina,United States,30,26,2nd Place,2,4,9.5
Josh Norman,Sharna Burgess,Athlete,South Carolina,United States,30,26,2nd Place,2,5,
Josh Norman,Sharna Burgess,Athlete,South Carolina,United States,30,26,2nd Place,2,6,
Josh Norman,Sharna Burgess,Athlete,South Carolina,United States,30,26,2nd Place,2,7,
Josh Norman,Sharna Burgess,Athlete,South Carolina,United States,30,26,2nd Place,2,8,
Josh Norman,Sharna Burgess,Athlete,South Carolina,United States,30,26,2nd Place,2,9,
Josh Norman,Sharna Burgess,Athlete,South Carolina,United States,30,26,2nd Place,2,10,
Josh Norman,Sharna Burgess,Athlete,South Carolina,United States,30,26,2nd Place,2,11,
Kareem Abdul-Jabbar,Lindsay Arnold,Athlete,New York,United States,71,26,Eliminated Week 2,8,1,5.6667
Kareem Abdul-Jabbar,Lindsay Arnold,Athlete,New York,United States,71,26,Eliminated Week 2,8,2,7.375
Kareem Abdul-Jabbar,Lindsay Arnold,Athlete,New York,United States,71,26,Eliminated Week 2,8,3,
Kareem Abdul-Jabbar,Lindsay Arnold,Athlete,New York,United States,71,26,Eliminated Week 2,8,4,
Kareem Abdul-Jabbar,Lindsay Arnold,Athlete,New York,United States,71,26,Eliminated Week 2,8,5,
Kareem Abdul-Jabbar,Lindsay Arnold,Athlete,New York,United States,71,26,Eliminated Week 2,8,6,
Kareem Abdul-Jabbar,Lindsay Arnold,Athlete,New York,United States,71,26,Eliminated Week 2,8,7,
Kareem Abdul-Jabbar,Lindsay Arnold,Athlete,New York,United States,71,26,Eliminated Week 2,8,8,
Kareem Abdul-Jabbar,Lindsay Arnold,Athlete,New York,United States,71,26,Eliminated Week 2,8,9,
Kareem Abdul-Jabbar,Lindsay Arnold,Athlete,New York,United States,71,26,Eliminated Week 2,8,10,
Kareem Abdul-Jabbar,Lindsay Arnold,Athlete,New York,United States,71,26,Eliminated Week 2,8,11,
Mirai Nagasu,Alan Bersten,Athlete,California,United States,25,26,Eliminated Week 3,4,1,7.6667
Mirai Nagasu,Alan Bersten,Athlete,California,United States,25,26,Eliminated Week 3,4,2,9.25
Mirai Nagasu,Alan Bersten,Athlete,California,United States,25,26,Eliminated Week 3,4,3,8.75
Mirai Nagasu,Alan Bersten,Athlete,California,United States,25,26,Eliminated Week 3,4,4,
Mirai Nagasu,Alan Bersten,Athlete,California,United States,25,26,Eliminated Week 3,4,5,
Mirai Nagasu,Alan Bersten,Athlete,California,United States,25,26,Eliminated Week 3,4,6,
Mirai Nagasu,Alan Bersten,Athlete,California,United States,25,26,Eliminated Week 3,4,7,
Mirai Nagasu,Alan Bersten,Athlete,California,United States,25,26,Eliminated Week 3,4,8,
Mirai Nagasu,Alan Bersten,Athlete,California,United States,25,26,Eliminated Week 3,4,9,
Mirai Nagasu,Alan Bersten,Athlete,California,United States,25,26,Eliminated Week 3,4,10,
Mirai Nagasu,Alan Bersten,Athlete,California,United States,25,26,Eliminated Week 3,4,11,
Tonya Harding,Sasha Farber,Athlete,Oregon,United States,47,26,3rd Place,3,1,7.6667
Tonya Harding,Sasha Farber,Athlete,Oregon,United States,47,26,3rd Place,3,2,8.25
Tonya Harding,Sasha Farber,Athlete,Oregon,United States,47,26,3rd Place,3,3,8.75
Tonya Harding,Sasha Farber,Athlete,Oregon,United States,47,26,3rd Place,3,4,9.3333
Tonya Harding,Sasha Farber,Athlete,Oregon,United States,47,26,3rd Place,3,5,
Tonya Harding,Sasha Farber,Athlete,Oregon,United States,47,26,3rd Place,3,6,
Tonya Harding,Sasha Farber,Athlete,Oregon,United States,47,26,3rd Place,3,7,
Tonya Harding,Sasha Farber,Athlete,Oregon,United States,47,26,3rd Place,3,8,
Tonya Harding,Sasha Farber,Athlete,Oregon,United States,47,26,3rd Place,3,9,
Tonya Harding,Sasha Farber,Athlete,Oregon,United States,47,26,3rd Place,3,10,
Tonya Harding,Sasha Farber,Athlete,Oregon,United States,47,26,3rd Place,3,11,
Alexis Ren,Alan Bersten,Social Media Personality,California,United States,21,27,4th Place,4,1,7.3333
Alexis Ren,Alan Bersten,Social Media Personality,California,United States,21,27,4th Place,4,2,8.1667
Alexis Ren,Alan Bersten,Social Media Personality,California,United States,21,27,4th Place,4,3,8.6667
Alexis Ren,Alan Bersten,Social Media Personality,California,United States,21,27,4th Place,4,4,8.3333
Alexis Ren,Alan Bersten,Social Media Personality,California,United States,21,27,4th Place,4,5,9.6667
Alexis Ren,Alan Bersten,Social Media Personality,California,United States,21,27,4th Place,4,6,9.0
Alexis Ren,Alan Bersten,Social Media Personality,California,United States,21,27,4th Place,4,7,9.1667
Alexis Ren,Alan Bersten,Social Media Personality,California,United States,21,27,4th Place,4,8,9.6667
Alexis Ren,Alan Bersten,Social Media Personality,California,United States,21,27,4th Place,4,9,9.5
Alexis Ren,Alan Bersten,Social Media Personality,California,United States,21,27,4th Place,4,10,
Alexis Ren,Alan Bersten,Social Media Personality,California,United States,21,27,4th Place,4,11,
Bobby Bones,Sharna Burgess,Radio Personality,Arkansas,United States,38,27,1st Place,1,1,6.6667
Bobby Bones,Sharna Burgess,Radio Personality,Arkansas,United States,38,27,1st Place,1,2,6.5
Bobby Bones,Sharna Burgess,Radio Personality,Arkansas,United States,38,27,1st Place,1,3,7.6667
Bobby Bones,Sharna Burgess,Radio Personality,Arkansas,United States,38,27,1st Place,1,4,6.6667
Bobby Bones,Sharna Burgess,Radio Personality,Arkansas,United States,38,27,1st Place,1,5,7.0
Bobby Bones,Sharna Burgess,Radio Personality,Arkansas,United States,38,27,1st Place,1,6,7.3333
Bobby Bones,Sharna Burgess,Radio Personality,Arkansas,United States,38,27,1st Place,1,7,8.8333
Bobby Bones,Sharna Burgess,Radio Personality,Arkansas,United States,38,27,1st Place,1,8,7.5
Bobby Bones,Sharna Burgess,Radio Personality,Arkansas,United States,38,27,1st Place,1,9,9.0
Bobby Bones,Sharna Burgess,Radio Personality,Arkansas,United States,38,27,1st Place,1,10,
Bobby Bones,Sharna Burgess,Radio Personality,Arkansas,United States,38,27,1st Place,1,11,
Danelle Umstead,Artem Chigvintsev,Athlete,New Mexico,United States,46,27,Eliminated Week 2,12,1,6.0
Danelle Umstead,Artem Chigvintsev,Athlete,New Mexico,United States,46,27,Eliminated Week 2,12,2,6.1667
Danelle Umstead,Artem Chigvintsev,Athlete,New Mexico,United States,46,27,Eliminated Week 2,12,3,
Danelle Umstead,Artem Chigvintsev,Athlete,New Mexico,United States,46,27,Eliminated Week 2,12,4,
Danelle Umstead,Artem Chigvintsev,Athlete,New Mexico,United States,46,27,Eliminated Week 2,12,5,
Danelle Umstead,Artem Chigvintsev,Athlete,New Mexico,United States,46,27,Eliminated Week 2,12,6,
Danelle Umstead,Artem Chigvintsev,Athlete,New Mexico,United States,46,27,Eliminated Week 2,12,7,
Danelle Umstead,Artem Chigvintsev,Athlete,New Mexico,United States,46,27,Eliminated Week 2,12,8,
Danelle Umstead,Artem Chigvintsev,Athlete,New Mexico,United States,46,27,Eliminated Week 2,12,9,
Danelle Umstead,Artem Chigvintsev,Athlete,New Mexico,United States,46,27,Eliminated Week 2,12,10,
Danelle Umstead,Artem Chigvintsev,Athlete,New Mexico,United States,46,27,Eliminated Week 2,12,11,
DeMarcus Ware,Lindsay Arnold,Athlete,Alabama,United States,36,27,Eliminated Week 7,7,1,7.6667
DeMarcus Ware,Lindsay Arnold,Athlete,Alabama,United States,36,27,Eliminated Week 7,7,2,7.8333
DeMarcus Ware,Lindsay Arnold,Athlete,Alabama,United States,36,27,Eliminated Week 7,7,3,8.6667
DeMarcus Ware,Lindsay Arnold,Athlete,Alabama,United States,36,27,Eliminated Week 7,7,4,7.3333
DeMarcus Ware,Lindsay Arnold,Athlete,Alabama,United States,36,27,Eliminated Week 7,7,5,8.6667
DeMarcus Ware,Lindsay Arnold,Athlete,Alabama,United States,36,27,Eliminated Week 7,7,6,8.6667
DeMarcus Ware,Lindsay Arnold,Athlete,Alabama,United States,36,27,Eliminated Week 7,7,7,8.8333
DeMarcus Ware,Lindsay Arnold,Athlete,Alabama,United States,36,27,Eliminated Week 7,7,8,
DeMarcus Ware,Lindsay Arnold,Athlete,Alabama,United States,36,27,Eliminated Week 7,7,9,
DeMarcus Ware,Lindsay Arnold,Athlete,Alabama,United States,36,27,Eliminated Week 7,7,10,
DeMarcus Ware,Lindsay Arnold,Athlete,Alabama,United States,36,27,Eliminated Week 7,7,11,
Evanna Lynch,Keo Motsepe,Actor/Actress,Ireland,Ireland,27,27,3rd Place,3,1,6.0
Evanna Lynch,Keo Motsepe,Actor/Actress,Ireland,Ireland,27,27,3rd Place,3,2,8.0
Evanna Lynch,Keo Motsepe,Actor/Actress,Ireland,Ireland,27,27,3rd Place,3,3,9.0
Evanna Lynch,Keo Motsepe,Actor/Actress,Ireland,Ireland,27,27,3rd Place,3,4,8.0
Evanna Lynch,Keo Motsepe,Actor/Actress,Ireland,Ireland,27,27,3rd Place,3,5,8.0
Evanna Lynch,Keo Motsepe,Actor/Actress,Ireland,Ireland,27,27,3rd Place,3,6,9.6667
Evanna Lynch,Keo Motsepe,Actor/Actress,Ireland,Ireland,27,27,3rd Place,3,7,9.8333
Evanna Lynch,Keo Motsepe,Actor/Actress,Ireland,Ireland,27,27,3rd Place,3,8,9.6667
Evanna Lynch,Keo Motsepe,Actor/Actress,Ireland,Ireland,27,27,3rd Place,3,9,10.0
Evanna Lynch,Keo Motsepe,Actor/Actress,Ireland,Ireland,27,27,3rd Place,3,10,
Evanna Lynch,Keo Motsepe,Actor/Actress,Ireland,Ireland,27,27,3rd Place,3,11,
Joe Amabile,Jenna Johnson,TV Personality,Illinois,United States,32,27,Eliminated Week 8,6,1,4.6667
Joe Amabile,Jenna Johnson,TV Personality,Illinois,United States,32,27,Eliminated Week 8,6,2,5.8333
Joe Amabile,Jenna Johnson,TV Personality,Illinois,United States,32,27,Eliminated Week 8,6,3,6.0
Joe Amabile,Jenna Johnson,TV Personality,Illinois,United States,32,27,Eliminated Week 8,6,4,5.0
Joe Amabile,Jenna Johnson,TV Personality,Illinois,United States,32,27,Eliminated Week 8,6,5,5.6667
Joe Amabile,Jenna Johnson,TV Personality,Illinois,United States,32,27,Eliminated Week 8,6,6,7.3333
Joe Amabile,Jenna Johnson,TV Personality,Illinois,United States,32,27,Eliminated Week 8,6,7,7.8333
Joe Amabile,Jenna Johnson,TV Personality,Illinois,United States,32,27,Eliminated Week 8,6,8,7.6667
Joe Amabile,Jenna Johnson,TV Personality,Illinois,United States,32,27,Eliminated Week 8,6,9,
Joe Amabile,Jenna Johnson,TV Personality,Illinois,United States,32,27,Eliminated Week 8,6,10,
Joe Amabile,Jenna Johnson,TV Personality,Illinois,United States,32,27,Eliminated Week 8,6,11,
John Schneider,Emma Slater,Actor/Actress,New York,United States,58,27,Eliminated Week 7,8,1,6.0
John Schneider,Emma Slater,Actor/Actress,New York,United States,58,27,Eliminated Week 7,8,2,7.1667
John Schneider,Emma Slater,Actor/Actress,New York,United States,58,27,Eliminated Week 7,8,3,7.0
John Schneider,Emma Slater,Actor/Actress,New York,United States,58,27,Eliminated Week 7,8,4,7.0
John Schneider,Emma Slater,Actor/Actress,New York,United States,58,27,Eliminated Week 7,8,5,8.0
John Schneider,Emma Slater,Actor/Actress,New York,United States,58,27,Eliminated Week 7,8,6,6.3333
John Schneider,Emma Slater,Actor/Actress,New York,United States,58,27,Eliminated Week 7,8,7,9.0
John Schneider,Emma Slater,Actor/Actress,New York,United States,58,27,Eliminated Week 7,8,8,
John Schneider,Emma Slater,Actor/Actress,New York,United States,58,27,Eliminated Week 7,8,9,
John Schneider,Emma Slater,Actor/Actress,New York,United States,58,27,Eliminated Week 7,8,10,
John Schneider,Emma Slater,Actor/Actress,New York,United States,58,27,Eliminated Week 7,8,11,
Juan Pablo Di Pace,Cheryl Burke,Actor/Actress,Argentina,Argentina,39,27,Eliminated Week 8,5,1,7.3333
Juan Pablo Di Pace,Cheryl Burke,Actor/Actress,Argentina,Argentina,39,27,Eliminated Week 8,5,2,8.6667
Juan Pablo Di Pace,Cheryl Burke,Actor/Actress,Argentina,Argentina,39,27,Eliminated Week 8,5,3,10.0
Juan Pablo Di Pace,Cheryl Burke,Actor/Actress,Argentina,Argentina,39,27,Eliminated Week 8,5,4,8.0
Juan Pablo Di Pace,Cheryl Burke,Actor/Actress,Argentina,Argentina,39,27,Eliminated Week 8,5,5,9.6667
Juan Pablo Di Pace,Cheryl Burke,Actor/Actress,Argentina,Argentina,39,27,Eliminated Week 8,5,6,10.0
Juan Pablo Di Pace,Cheryl Burke,Actor/Actress,Argentina,Argentina,39,27,Eliminated Week 8,5,7,9.3333
Juan Pablo Di Pace,Cheryl Burke,Actor/Actress,Argentina,Argentina,39,27,Eliminated Week 8,5,8,10.0
Juan Pablo Di Pace,Cheryl Burke,Actor/Actress,Argentina,Argentina,39,27,Eliminated Week 8,5,9,
Juan Pablo Di Pace,Cheryl Burke,Actor/Actress,Argentina,Argentina,39,27,Eliminated Week 8,5,10,
Juan Pablo Di Pace,Cheryl Burke,Actor/Actress,Argentina,Argentina,39,27,Eliminated Week 8,5,11,
Mary Lou Retton,Sasha Farber,Athlete,West Virginia,United States,50,27,Eliminated Week 6,9,1,6.6667
Mary Lou Retton,Sasha Farber,Athlete,West Virginia,United States,50,27,Eliminated Week 6,9,2,7.6667
Mary Lou Retton,Sasha Farber,Athlete,West Virginia,United States,50,27,Eliminated Week 6,9,3,8.0
Mary Lou Retton,Sasha Farber,Athlete,West Virginia,United States,50,27,Eliminated Week 6,9,4,8.6667
Mary Lou Retton,Sasha Farber,Athlete,West Virginia,United States,50,27,Eliminated Week 6,9,5,8.3333
Mary Lou Retton,Sasha Farber,Athlete,West Virginia,United States,50,27,Eliminated Week 6,9,6,8.0
Mary Lou Retton,Sasha Farber,Athlete,West Virginia,United States,50,27,Eliminated Week 6,9,7,
Mary Lou Retton,Sasha Farber,Athlete,West Virginia,United States,50,27,Eliminated Week 6,9,8,
Mary Lou Retton,Sasha Farber,Athlete,West Virginia,United States,50,27,Eliminated Week 6,9,9,
Mary Lou Retton,Sasha Farber,Athlete,West Virginia,United States,50,27,Eliminated Week 6,9,10,
Mary Lou Retton,Sasha Farber,Athlete,West Virginia,United States,50,27,Eliminated Week 6,9,11,
Milo Manheim,Witney Carson,Actor/Actress,California,United States,17,27,2nd Place,2,1,6.6667
Milo Manheim,Witney Carson,Actor/Actress,California,United States,17,27,2nd Place,2,2,8.6667
Milo Manheim,Witney Carson,Actor/Actress,California,United States,17,27,2nd Place,2,3,9.0
Milo Manheim,Witney Carson,Actor/Actress,California,United States,17,27,2nd Place,2,4,9.6667
Milo Manheim,Witney Carson,Actor/Actress,California,United States,17,27,2nd Place,2,5,9.0
Milo Manheim,Witney Carson,Actor/Actress,California,United States,17,27,2nd Place,2,6,10.0
Milo Manheim,Witney Carson,Actor/Actress,California,United States,17,27,2nd Place,2,7,9.6667
Milo Manheim,Witney Carson,Actor/Actress,California,United States,17,27,2nd Place,2,8,9.1667
Milo Manheim,Witney Carson,Actor/Actress,California,United States,17,27,2nd Place,2,9,10.0
Milo Manheim,Witney Carson,Actor/Actress,California,United States,17,27,2nd Place,2,10,
Milo Manheim,Witney Carson,Actor/Actress,California,United States,17,27,2nd Place,2,11,
Nancy McKeon,Valentin Chmerkovskiy,Actor/Actress,New York,United States,52,27,Eliminated Week 3,11,1,6.5
Nancy McKeon,Valentin Chmerkovskiy,Actor/Actress,New York,United States,52,27,Eliminated Week 3,11,2,6.8333
Nancy McKeon,Valentin Chmerkovskiy,Actor/Actress,New York,United States,52,27,Eliminated Week 3,11,3,7.3333
Nancy McKeon,Valentin Chmerkovskiy,Actor/Actress,New York,United States,52,27,Eliminated Week 3,11,4,
Nancy McKeon,Valentin Chmerkovskiy,Actor/Actress,New York,United States,52,27,Eliminated Week 3,11,5,
Nancy McKeon,Valentin Chmerkovskiy,Actor/Actress,New York,United States,52,27,Eliminated Week 3,11,6,
Nancy McKeon,Valentin Chmerkovskiy,Actor/Actress,New York,United States,52,27,Eliminated Week 3,11,7,
Nancy McKeon,Valentin Chmerkovskiy,Actor/Actress,New York,United States,52,27,Eliminated Week 3,11,8,
Nancy McKeon,Valentin Chmerkovskiy,Actor/Actress,New York,United States,52,27,Eliminated Week 3,11,9,
Nancy McKeon,Valentin Chmerkovskiy,Actor/Actress,New York,United States,52,27,Eliminated Week 3,11,10,
Nancy McKeon,Valentin Chmerkovskiy,Actor/Actress,New York,United States,52,27,Eliminated Week 3,11,11,
Nikki Glaser,Gleb Savchenko,Comedian,Ohio,United States,34,27,Eliminated Week 1,13,1,5.8333
Nikki Glaser,Gleb Savchenko,Comedian,Ohio,United States,34,27,Eliminated Week 1,13,2,
Nikki Glaser,Gleb Savchenko,Comedian,Ohio,United States,34,27,Eliminated Week 1,13,3,
Nikki Glaser,Gleb Savchenko,Comedian,Ohio,United States,34,27,Eliminated Week 1,13,4,
Nikki Glaser,Gleb Savchenko,Comedian,Ohio,United States,34,27,Eliminated Week 1,13,5,
Nikki Glaser,Gleb Savchenko,Comedian,Ohio,United States,34,27,Eliminated Week 1,13,6,
Nikki Glaser,Gleb Savchenko,Comedian,Ohio,United States,34,27,Eliminated Week 1,13,7,
Nikki Glaser,Gleb Savchenko,Comedian,Ohio,United States,34,27,Eliminated Week 1,13,8,
Nikki Glaser,Gleb Savchenko,Comedian,Ohio,United States,34,27,Eliminated Week 1,13,9,
Nikki Glaser,Gleb Savchenko,Comedian,Ohio,United States,34,27,Eliminated Week 1,13,10,
Nikki Glaser,Gleb Savchenko,Comedian,Ohio,United States,34,27,Eliminated Week 1,13,11,
Tinashe,Brandon Armstrong,Singer/Rapper,Kentucky,United States,25,27,Eliminated Week 4,10,1,7.6667
Tinashe,Brandon Armstrong,Singer/Rapper,Kentucky,United States,25,27,Eliminated Week 4,10,2,8.6667
Tinashe,Brandon Armstrong,Singer/Rapper,Kentucky,United States,25,27,Eliminated Week 4,10,3,9.0
Tinashe,Brandon Armstrong,Singer/Rapper,Kentucky,United States,25,27,Eliminated Week 4,10,4,8.6667
Tinashe,Brandon Armstrong,Singer/Rapper,Kentucky,United States,25,27,Eliminated Week 4,10,5,
Tinashe,Brandon Armstrong,Singer/Rapper,Kentucky,United States,25,27,Eliminated Week 4,10,6,
Tinashe,Brandon Armstrong,Singer/Rapper,Kentucky,United States,25,27,Eliminated Week 4,10,7,
Tinashe,Brandon Armstrong,Singer/Rapper,Kentucky,United States,25,27,Eliminated Week 4,10,8,
Tinashe,Brandon Armstrong,Singer/Rapper,Kentucky,United States,25,27,Eliminated Week 4,10,9,
Tinashe,Brandon Armstrong,Singer/Rapper,Kentucky,United States,25,27,Eliminated Week 4,10,10,
Tinashe,Brandon Armstrong,Singer/Rapper,Kentucky,United States,25,27,Eliminated Week 4,10,11,
Ally Brooke,Sasha Farber,Singer/Rapper,Texas,United States,26,28,3rd Place,3,1,5.3333
Ally Brooke,Sasha Farber,Singer/Rapper,Texas,United States,26,28,3rd Place,3,2,6.6667
Ally Brooke,Sasha Farber,Singer/Rapper,Texas,United States,26,28,3rd Place,3,3,8.0
Ally Brooke,Sasha Farber,Singer/Rapper,Texas,United States,26,28,3rd Place,3,4,8.0
Ally Brooke,Sasha Farber,Singer/Rapper,Texas,United States,26,28,3rd Place,3,5,9.0
Ally Brooke,Sasha Farber,Singer/Rapper,Texas,United States,26,28,3rd Place,3,6,8.3333
Ally Brooke,Sasha Farber,Singer/Rapper,Texas,United States,26,28,3rd Place,3,7,9.0
Ally Brooke,Sasha Farber,Singer/Rapper,Texas,United States,26,28,3rd Place,3,8,10.0
Ally Brooke,Sasha Farber,Singer/Rapper,Texas,United States,26,28,3rd Place,3,9,10.0
Ally Brooke,Sasha Farber,Singer/Rapper,Texas,United States,26,28,3rd Place,3,10,9.8333
Ally Brooke,Sasha Farber,Singer/Rapper,Texas,United States,26,28,3rd Place,3,11,10.0
Hannah Brown,Alan Bersten,TV Personality,Alabama,United States,24,28,1st Place,1,1,6.6667
Hannah Brown,Alan Bersten,TV Personality,Alabama,United States,24,28,1st Place,1,2,8.0
Hannah Brown,Alan Bersten,TV Personality,Alabama,United States,24,28,1st Place,1,3,7.0
Hannah Brown,Alan Bersten,TV Personality,Alabama,United States,24,28,1st Place,1,4,8.0
Hannah Brown,Alan Bersten,TV Personality,Alabama,United States,24,28,1st Place,1,5,8.3333
Hannah Brown,Alan Bersten,TV Personality,Alabama,United States,24,28,1st Place,1,6,8.0
Hannah Brown,Alan Bersten,TV Personality,Alabama,United States,24,28,1st Place,1,7,8.6667
Hannah Brown,Alan Bersten,TV Personality,Alabama,United States,24,28,1st Place,1,8,10.3333
Hannah Brown,Alan Bersten,TV Personality,Alabama,United States,24,28,1st Place,1,9,8.875
Hannah Brown,Alan Bersten,TV Personality,Alabama,United States,24,28,1st Place,1,10,9.0
Hannah Brown,Alan Bersten,TV Personality,Alabama,United States,24,28,1st Place,1,11,9.6667
James Van Der Beek,Emma Slater,Actor/Actress,Connecticut,United States,42,28,Eliminated Week 10,5,1,7.0
James Van Der Beek,Emma Slater,Actor/Actress,Connecticut,United States,42,28,Eliminated Week 10,5,2,6.6667
James Van Der Beek,Emma Slater,Actor/Actress,Connecticut,United States,42,28,Eliminated Week 10,5,3,7.6667
James Van Der Beek,Emma Slater,Actor/Actress,Connecticut,United States,42,28,Eliminated Week 10,5,4,7.0
James Van Der Beek,Emma Slater,Actor/Actress,Connecticut,United States,42,28,Eliminated Week 10,5,5,8.6667
James Van Der Beek,Emma Slater,Actor/Actress,Connecticut,United States,42,28,Eliminated Week 10,5,6,9.0
James Van Der Beek,Emma Slater,Actor/Actress,Connecticut,United States,42,28,Eliminated Week 10,5,7,9.0
James Van Der Beek,Emma Slater,Actor/Actress,Connecticut,United States,42,28,Eliminated Week 10,5,8,10.6666
James Van Der Beek,Emma Slater,Actor/Actress,Connecticut,United States,42,28,Eliminated Week 10,5,9,9.0
James Van Der Beek,Emma Slater,Actor/Actress,Connecticut,United States,42,28,Eliminated Week 10,5,10,8.5
James Van Der Beek,Emma Slater,Actor/Actress,Connecticut,United States,42,28,Eliminated Week 10,5,11,
Karamo Brown,Jenna Johnson,TV Personality,Texas,United States,38,28,Eliminated Week 7,8,1,5.6667
Karamo Brown,Jenna Johnson,TV Personality,Texas,United States,38,28,Eliminated Week 7,8,2,6.3333
Karamo Brown,Jenna Johnson,TV Personality,Texas,United States,38,28,Eliminated Week 7,8,3,5.3333
Karamo Brown,Jenna Johnson,TV Personality,Texas,United States,38,28,Eliminated Week 7,8,4,7.0
Karamo Brown,Jenna Johnson,TV Personality,Texas,United States,38,28,Eliminated Week 7,8,5,7.0
Karamo Brown,Jenna Johnson,TV Personality,Texas,United States,38,28,Eliminated Week 7,8,6,8.3333
Karamo Brown,Jenna Johnson,TV Personality,Texas,United States,38,28,Eliminated Week 7,8,7,8.1667
Karamo Brown,Jenna Johnson,TV Personality,Texas,United States,38,28,Eliminated Week 7,8,8,
Karamo Brown,Jenna Johnson,TV Personality,Texas,United States,38,28,Eliminated Week 7,8,9,
Karamo Brown,Jenna Johnson,TV Personality,Texas,United States,38,28,Eliminated Week 7,8,10,
Karamo Brown,Jenna Johnson,TV Personality,Texas,United States,38,28,Eliminated Week 7,8,11,
Kate Flannery,Pasha Pashkov,Actor/Actress,Pennsylvania,United States,55,28,Eliminated Week 8,7,1,5.0
Kate Flannery,Pasha Pashkov,Actor/Actress,Pennsylvania,United States,55,28,Eliminated Week 8,7,2,7.0
Kate Flannery,Pasha Pashkov,Actor/Actress,Pennsylvania,United States,55,28,Eliminated Week 8,7,3,8.0
Kate Flannery,Pasha Pashkov,Actor/Actress,Pennsylvania,United States,55,28,Eliminated Week 8,7,4,6.5
Kate Flannery,Pasha Pashkov,Actor/Actress,Pennsylvania,United States,55,28,Eliminated Week 8,7,5,8.0
Kate Flannery,Pasha Pashkov,Actor/Actress,Pennsylvania,United States,55,28,Eliminated Week 8,7,6,9.0
Kate Flannery,Pasha Pashkov,Actor/Actress,Pennsylvania,United States,55,28,Eliminated Week 8,7,7,8.0
Kate Flannery,Pasha Pashkov,Actor/Actress,Pennsylvania,United States,55,28,Eliminated Week 8,7,8,8.6666
Kate Flannery,Pasha Pashkov,Actor/Actress,Pennsylvania,United States,55,28,Eliminated Week 8,7,9,
Kate Flannery,Pasha Pashkov,Actor/Actress,Pennsylvania,United States,55,28,Eliminated Week 8,7,10,
Kate Flannery,Pasha Pashkov,Actor/Actress,Pennsylvania,United States,55,28,Eliminated Week 8,7,11,
Kel Mitchell,Witney Carson,Actor/Actress,Illinois,United States,41,28,2nd Place,2,1,5.3333
Kel Mitchell,Witney Carson,Actor/Actress,Illinois,United States,41,28,2nd Place,2,2,6.6667
Kel Mitchell,Witney Carson,Actor/Actress,Illinois,United States,41,28,2nd Place,2,3,6.6667
Kel Mitchell,Witney Carson,Actor/Actress,Illinois,United States,41,28,2nd Place,2,4,8.0
Kel Mitchell,Witney Carson,Actor/Actress,Illinois,United States,41,28,2nd Place,2,5,8.6667
Kel Mitchell,Witney Carson,Actor/Actress,Illinois,United States,41,28,2nd Place,2,6,8.6667
Kel Mitchell,Witney Carson,Actor/Actress,Illinois,United States,41,28,2nd Place,2,7,8.5
Kel Mitchell,Witney Carson,Actor/Actress,Illinois,United States,41,28,2nd Place,2,8,9.9999
Kel Mitchell,Witney Carson,Actor/Actress,Illinois,United States,41,28,2nd Place,2,9,9.25
Kel Mitchell,Witney Carson,Actor/Actress,Illinois,United States,41,28,2nd Place,2,10,9.5
Kel Mitchell,Witney Carson,Actor/Actress,Illinois,United States,41,28,2nd Place,2,11,9.8333
Lamar Odom,Peta Murgatroyd,Athlete,New York,United States,39,28,Eliminated Week 4,10,1,3.6667
Lamar Odom,Peta Murgatroyd,Athlete,New York,United States,39,28,Eliminated Week 4,10,2,4.0
Lamar Odom,Peta Murgatroyd,Athlete,New York,United States,39,28,Eliminated Week 4,10,3,4.0
Lamar Odom,Peta Murgatroyd,Athlete,New York,United States,39,28,Eliminated Week 4,10,4,5.0
Lamar Odom,Peta Murgatroyd,Athlete,New York,United States,39,28,Eliminated Week 4,10,5,
Lamar Odom,Peta Murgatroyd,Athlete,New York,United States,39,28,Eliminated Week 4,10,6,
Lamar Odom,Peta Murgatroyd,Athlete,New York,United States,39,28,Eliminated Week 4,10,7,
Lamar Odom,Peta Murgatroyd,Athlete,New York,United States,39,28,Eliminated Week 4,10,8,
Lamar Odom,Peta Murgatroyd,Athlete,New York,United States,39,28,Eliminated Week 4,10,9,
Lamar Odom,Peta Murgatroyd,Athlete,New York,United States,39,28,Eliminated Week 4,10,10,
Lamar Odom,Peta Murgatroyd,Athlete,New York,United States,39,28,Eliminated Week 4,10,11,
Lauren Alaina,Gleb Savchenko,Singer/Rapper,Georgia,United States,24,28,4th Place,4,1,6.3333
Lauren Alaina,Gleb Savchenko,Singer/Rapper,Georgia,United States,24,28,4th Place,4,2,6.3333
Lauren Alaina,Gleb Savchenko,Singer/Rapper,Georgia,United States,24,28,4th Place,4,3,6.6667
Lauren Alaina,Gleb Savchenko,Singer/Rapper,Georgia,United States,24,28,4th Place,4,4,8.0
Lauren Alaina,Gleb Savchenko,Singer/Rapper,Georgia,United States,24,28,4th Place,4,5,7.6667
Lauren Alaina,Gleb Savchenko,Singer/Rapper,Georgia,United States,24,28,4th Place,4,6,8.6667
Lauren Alaina,Gleb Savchenko,Singer/Rapper,Georgia,United States,24,28,4th Place,4,7,9.0
Lauren Alaina,Gleb Savchenko,Singer/Rapper,Georgia,United States,24,28,4th Place,4,8,8.0
Lauren Alaina,Gleb Savchenko,Singer/Rapper,Georgia,United States,24,28,4th Place,4,9,8.75
Lauren Alaina,Gleb Savchenko,Singer/Rapper,Georgia,United States,24,28,4th Place,4,10,9.0
Lauren Alaina,Gleb Savchenko,Singer/Rapper,Georgia,United States,24,28,4th Place,4,11,9.5
Mary Wilson,Brandon Armstrong,Singer/Rapper,Nevada,United States,75,28,Eliminated Week 2,12,1,5.6667
Mary Wilson,Brandon Armstrong,Singer/Rapper,Nevada,United States,75,28,Eliminated Week 2,12,2,5.0
Mary Wilson,Brandon Armstrong,Singer/Rapper,Nevada,United States,75,28,Eliminated Week 2,12,3,
Mary Wilson,Brandon Armstrong,Singer/Rapper,Nevada,United States,75,28,Eliminated Week 2,12,4,
Mary Wilson,Brandon Armstrong,Singer/Rapper,Nevada,United States,75,28,Eliminated Week 2,12,5,
Mary Wilson,Brandon Armstrong,Singer/Rapper,Nevada,United States,75,28,Eliminated Week 2,12,6,
Mary Wilson,Brandon Armstrong,Singer/Rapper,Nevada,United States,75,28,Eliminated Week 2,12,7,
Mary Wilson,Brandon Armstrong,Singer/Rapper,Nevada,United States,75,28,Eliminated Week 2,12,8,
Mary Wilson,Brandon Armstrong,Singer/Rapper,Nevada,United States,75,28,Eliminated Week 2,12,9,
Mary Wilson,Brandon Armstrong,Singer/Rapper,Nevada,United States,75,28,Eliminated Week 2,12,10,
Mary Wilson,Brandon Armstrong,Singer/Rapper,Nevada,United States,75,28,Eliminated Week 2,12,11,
Ray Lewis,Cheryl Burke,Athlete,Florida,United States,44,28,Withdrew,11,1,5.0
Ray Lewis,Cheryl Burke,Athlete,Florida,United States,44,28,Withdrew,11,2,5.0
Ray Lewis,Cheryl Burke,Athlete,Florida,United States,44,28,Withdrew,11,3,
Ray Lewis,Cheryl Burke,Athlete,Florida,United States,44,28,Withdrew,11,4,
Ray Lewis,Cheryl Burke,Athlete,Florida,United States,44,28,Withdrew,11,5,
Ray Lewis,Cheryl Burke,Athlete,Florida,United States,44,28,Withdrew,11,6,
Ray Lewis,Cheryl Burke,Athlete,Florida,United States,44,28,Withdrew,11,7,
Ray Lewis,Cheryl Burke,Athlete,Florida,United States,44,28,Withdrew,11,8,
Ray Lewis,Cheryl Burke,Athlete,Florida,United States,44,28,Withdrew,11,9,
Ray Lewis,Cheryl Burke,Athlete,Florida,United States,44,28,Withdrew,11,10,
Ray Lewis,Cheryl Burke,Athlete,Florida,United States,44,28,Withdrew,11,11,
Sailor Brinkley-Cook,Valentin Chmerkovskiy,Model,New York,United States,21,28,Eliminated Week 6,9,1,6.0
Sailor Brinkley-Cook,Valentin Chmerkovskiy,Model,New York,United States,21,28,Eliminated Week 6,9,2,6.0
Sailor Brinkley-Cook,Valentin Chmerkovskiy,Model,New York,United States,21,28,Eliminated Week 6,9,3,7.6667
Sailor Brinkley-Cook,Valentin Chmerkovskiy,Model,New York,United States,21,28,Eliminated Week 6,9,4,7.75
Sailor Brinkley-Cook,Valentin Chmerkovskiy,Model,New York,United States,21,28,Eliminated Week 6,9,5,8.0
Sailor Brinkley-Cook,Valentin Chmerkovskiy,Model,New York,United States,21,28,Eliminated Week 6,9,6,9.0
Sailor Brinkley-Cook,Valentin Chmerkovskiy,Model,New York,United States,21,28,Eliminated Week 6,9,7,
Sailor Brinkley-Cook,Valentin Chmerkovskiy,Model,New York,United States,21,28,Eliminated Week 6,9,8,
Sailor Brinkley-Cook,Valentin Chmerkovskiy,Model,New York,United States,21,28,Eliminated Week 6,9,9,
Sailor Brinkley-Cook,Valentin Chmerkovskiy,Model,New York,United States,21,28,Eliminated Week 6,9,10,
Sailor Brinkley-Cook,Valentin Chmerkovskiy,Model,New York,United States,21,28,Eliminated Week 6,9,11,
Sean Spicer,Lindsay Arnold,Politician,New York,United States,48,28,Eliminated Week 9,6,1,4.0
Sean Spicer,Lindsay Arnold,Politician,New York,United States,48,28,Eliminated Week 9,6,2,5.3333
Sean Spicer,Lindsay Arnold,Politician,New York,United States,48,28,Eliminated Week 9,6,3,5.0
Sean Spicer,Lindsay Arnold,Politician,New York,United States,48,28,Eliminated Week 9,6,4,5.25
Sean Spicer,Lindsay Arnold,Politician,New York,United States,48,28,Eliminated Week 9,6,5,6.3333
Sean Spicer,Lindsay Arnold,Politician,New York,United States,48,28,Eliminated Week 9,6,6,7.0
Sean Spicer,Lindsay Arnold,Politician,New York,United States,48,28,Eliminated Week 9,6,7,7.0
Sean Spicer,Lindsay Arnold,Politician,New York,United States,48,28,Eliminated Week 9,6,8,6.6667
Sean Spicer,Lindsay Arnold,Politician,New York,United States,48,28,Eliminated Week 9,6,9,6.25
Sean Spicer,Lindsay Arnold,Politician,New York,United States,48,28,Eliminated Week 9,6,10,
Sean Spicer,Lindsay Arnold,Politician,New York,United States,48,28,Eliminated Week 9,6,11,
AJ McLean,Cheryl Burke,Singer/Rapper,Florida,United States,42,29,Eliminated Week 9,7,1,6.0
AJ McLean,Cheryl Burke,Singer/Rapper,Florida,United States,42,29,Eliminated Week 9,7,2,6.3333
AJ McLean,Cheryl Burke,Singer/Rapper,Florida,United States,42,29,Eliminated Week 9,7,3,7.0
AJ McLean,Cheryl Burke,Singer/Rapper,Florida,United States,42,29,Eliminated Week 9,7,4,8.0
AJ McLean,Cheryl Burke,Singer/Rapper,Florida,United States,42,29,Eliminated Week 9,7,5,8.0
AJ McLean,Cheryl Burke,Singer/Rapper,Florida,United States,42,29,Eliminated Week 9,7,6,9.0
AJ McLean,Cheryl Burke,Singer/Rapper,Florida,United States,42,29,Eliminated Week 9,7,7,8.6667
AJ McLean,Cheryl Burke,Singer/Rapper,Florida,United States,42,29,Eliminated Week 9,7,8,9.0
AJ McLean,Cheryl Burke,Singer/Rapper,Florida,United States,42,29,Eliminated Week 9,7,9,8.3333
AJ McLean,Cheryl Burke,Singer/Rapper,Florida,United States,42,29,Eliminated Week 9,7,10,
AJ McLean,Cheryl Burke,Singer/Rapper,Florida,United States,42,29,Eliminated Week 9,7,11,
Anne Heche,Keo Motsepe,Actor/Actress,Ohio,United States,51,29,Eliminated Week 4,13,1,6.0
Anne Heche,Keo Motsepe,Actor/Actress,Ohio,United States,51,29,Eliminated Week 4,13,2,6.0
Anne Heche,Keo Motsepe,Actor/Actress,Ohio,United States,51,29,Eliminated Week 4,13,3,5.0
Anne Heche,Keo Motsepe,Actor/Actress,Ohio,United States,51,29,Eliminated Week 4,13,4,7.0
Anne Heche,Keo Motsepe,Actor/Actress,Ohio,United States,51,29,Eliminated Week 4,13,5,
Anne Heche,Keo Motsepe,Actor/Actress,Ohio,United States,51,29,Eliminated Week 4,13,6,
Anne Heche,Keo Motsepe,Actor/Actress,Ohio,United States,51,29,Eliminated Week 4,13,7,
Anne Heche,Keo Motsepe,Actor/Actress,Ohio,United States,51,29,Eliminated Week 4,13,8,
Anne Heche,Keo Motsepe,Actor/Actress,Ohio,United States,51,29,Eliminated Week 4,13,9,
Anne Heche,Keo Motsepe,Actor/Actress,Ohio,United States,51,29,Eliminated Week 4,13,10,
Anne Heche,Keo Motsepe,Actor/Actress,Ohio,United States,51,29,Eliminated Week 4,13,11,
Carole Baskin,Pasha Pashkov,TV Personality,Texas,United States,59,29,Eliminated Week 3,14,1,3.6667
Carole Baskin,Pasha Pashkov,TV Personality,Texas,United States,59,29,Eliminated Week 3,14,2,5.3333
Carole Baskin,Pasha Pashkov,TV Personality,Texas,United States,59,29,Eliminated Week 3,14,3,4.0
Carole Baskin,Pasha Pashkov,TV Personality,Texas,United States,59,29,Eliminated Week 3,14,4,
Carole Baskin,Pasha Pashkov,TV Personality,Texas,United States,59,29,Eliminated Week 3,14,5,
Carole Baskin,Pasha Pashkov,TV Personality,Texas,United States,59,29,Eliminated Week 3,14,6,
Carole Baskin,Pasha Pashkov,TV Personality,Texas,United States,59,29,Eliminated Week 3,14,7,
Carole Baskin,Pasha Pashkov,TV Personality,Texas,United States,59,29,Eliminated Week 3,14,8,
Carole Baskin,Pasha Pashkov,TV Personality,Texas,United States,59,29,Eliminated Week 3,14,9,
Carole Baskin,Pasha Pashkov,TV Personality,Texas,United States,59,29,Eliminated Week 3,14,10,
Carole Baskin,Pasha Pashkov,TV Personality,Texas,United States,59,29,Eliminated Week 3,14,11,
Charles Oakley,Emma Slater,Athlete,Ohio,United States,56,29,Eliminated Week 2,15,1,4.0
Charles Oakley,Emma Slater,Athlete,Ohio,United States,56,29,Eliminated Week 2,15,2,5.0
Charles Oakley,Emma Slater,Athlete,Ohio,United States,56,29,Eliminated Week 2,15,3,
Charles Oakley,Emma Slater,Athlete,Ohio,United States,56,29,Eliminated Week 2,15,4,
Charles Oakley,Emma Slater,Athlete,Ohio,United States,56,29,Eliminated Week 2,15,5,
Charles Oakley,Emma Slater,Athlete,Ohio,United States,56,29,Eliminated Week 2,15,6,
Charles Oakley,Emma Slater,Athlete,Ohio,United States,56,29,Eliminated Week 2,15,7,
Charles Oakley,Emma Slater,Athlete,Ohio,United States,56,29,Eliminated Week 2,15,8,
Charles Oakley,Emma Slater,Athlete,Ohio,United States,56,29,Eliminated Week 2,15,9,
Charles Oakley,Emma Slater,Athlete,Ohio,United States,56,29,Eliminated Week 2,15,10,
Charles Oakley,Emma Slater,Athlete,Ohio,United States,56,29,Eliminated Week 2,15,11,
Chrishell Stause,Gleb Savchenko,Actor/Actress,Kentucky,United States,39,29,Eliminated Week 8,8,1,4.3333
Chrishell Stause,Gleb Savchenko,Actor/Actress,Kentucky,United States,39,29,Eliminated Week 8,8,2,6.0
Chrishell Stause,Gleb Savchenko,Actor/Actress,Kentucky,United States,39,29,Eliminated Week 8,8,3,7.3333
Chrishell Stause,Gleb Savchenko,Actor/Actress,Kentucky,United States,39,29,Eliminated Week 8,8,4,7.3333
Chrishell Stause,Gleb Savchenko,Actor/Actress,Kentucky,United States,39,29,Eliminated Week 8,8,5,6.3333
Chrishell Stause,Gleb Savchenko,Actor/Actress,Kentucky,United States,39,29,Eliminated Week 8,8,6,8.0
Chrishell Stause,Gleb Savchenko,Actor/Actress,Kentucky,United States,39,29,Eliminated Week 8,8,7,8.6667
Chrishell Stause,Gleb Savchenko,Actor/Actress,Kentucky,United States,39,29,Eliminated Week 8,8,8,9.0
Chrishell Stause,Gleb Savchenko,Actor/Actress,Kentucky,United States,39,29,Eliminated Week 8,8,9,
Chrishell Stause,Gleb Savchenko,Actor/Actress,Kentucky,United States,39,29,Eliminated Week 8,8,10,
Chrishell Stause,Gleb Savchenko,Actor/Actress,Kentucky,United States,39,29,Eliminated Week 8,8,11,
Jeannie Mai,Brandon Armstrong,TV Personality,California,United States,41,29,Withdrew,9,1,6.0
Jeannie Mai,Brandon Armstrong,TV Personality,California,United States,41,29,Withdrew,9,2,6.0
Jeannie Mai,Brandon Armstrong,TV Personality,California,United States,41,29,Withdrew,9,3,7.3333
Jeannie Mai,Brandon Armstrong,TV Personality,California,United States,41,29,Withdrew,9,4,7.0
Jeannie Mai,Brandon Armstrong,TV Personality,California,United States,41,29,Withdrew,9,5,8.0
Jeannie Mai,Brandon Armstrong,TV Personality,California,United States,41,29,Withdrew,9,6,8.3333
Jeannie Mai,Brandon Armstrong,TV Personality,California,United States,41,29,Withdrew,9,7,8.3333
Jeannie Mai,Brandon Armstrong,TV Personality,California,United States,41,29,Withdrew,9,8,
Jeannie Mai,Brandon Armstrong,TV Personality,California,United States,41,29,Withdrew,9,9,
Jeannie Mai,Brandon Armstrong,TV Personality,California,United States,41,29,Withdrew,9,10,
Jeannie Mai,Brandon Armstrong,TV Personality,California,United States,41,29,Withdrew,9,11,
Jesse Metcalfe,Sharna Burgess,Actor/Actress,California,United States,41,29,Eliminated Week 5,12,1,6.0
Jesse Metcalfe,Sharna Burgess,Actor/Actress,California,United States,41,29,Eliminated Week 5,12,2,6.6667
Jesse Metcalfe,Sharna Burgess,Actor/Actress,California,United States,41,29,Eliminated Week 5,12,3,6.6667
Jesse Metcalfe,Sharna Burgess,Actor/Actress,California,United States,41,29,Eliminated Week 5,12,4,7.0
Jesse Metcalfe,Sharna Burgess,Actor/Actress,California,United States,41,29,Eliminated Week 5,12,5,6.3333
Jesse Metcalfe,Sharna Burgess,Actor/Actress,California,United States,41,29,Eliminated Week 5,12,6,
Jesse Metcalfe,Sharna Burgess,Actor/Actress,California,United States,41,29,Eliminated Week 5,12,7,
Jesse Metcalfe,Sharna Burgess,Actor/Actress,California,United States,41,29,Eliminated Week 5,12,8,
Jesse Metcalfe,Sharna Burgess,Actor/Actress,California,United States,41,29,Eliminated Week 5,12,9,
Jesse Metcalfe,Sharna Burgess,Actor/Actress,California,United States,41,29,Eliminated Week 5,12,10,
Jesse Metcalfe,Sharna Burgess,Actor/Actress,California,United States,41,29,Eliminated Week 5,12,11,
Johnny Weir,Britt Stewart,Athlete,Pennsylvania,United States,36,29,Eliminated Week 10,6,1,6.0
Johnny Weir,Britt Stewart,Athlete,Pennsylvania,United States,36,29,Eliminated Week 10,6,2,6.0
Johnny Weir,Britt Stewart,Athlete,Pennsylvania,United States,36,29,Eliminated Week 10,6,3,8.0
Johnny Weir,Britt Stewart,Athlete,Pennsylvania,United States,36,29,Eliminated Week 10,6,4,8.0
Johnny Weir,Britt Stewart,Athlete,Pennsylvania,United States,36,29,Eliminated Week 10,6,5,9.6667
Johnny Weir,Britt Stewart,Athlete,Pennsylvania,United States,36,29,Eliminated Week 10,6,6,7.3333
Johnny Weir,Britt Stewart,Athlete,Pennsylvania,United States,36,29,Eliminated Week 10,6,7,9.0
Johnny Weir,Britt Stewart,Athlete,Pennsylvania,United States,36,29,Eliminated Week 10,6,8,10.0
Johnny Weir,Britt Stewart,Athlete,Pennsylvania,United States,36,29,Eliminated Week 10,6,9,10.0
Johnny Weir,Britt Stewart,Athlete,Pennsylvania,United States,36,29,Eliminated Week 10,6,10,9.5
Johnny Weir,Britt Stewart,Athlete,Pennsylvania,United States,36,29,Eliminated Week 10,6,11,
Justina Machado,Sasha Farber,Actor/Actress,Illinois,United States,48,29,4th Place,4,1,7.0
Justina Machado,Sasha Farber,Actor/Actress,Illinois,United States,48,29,4th Place,4,2,7.0
Justina Machado,Sasha Farber,Actor/Actress,Illinois,United States,48,29,4th Place,4,3,6.3333
Justina Machado,Sasha Farber,Actor/Actress,Illinois,United States,48,29,4th Place,4,4,8.0
Justina Machado,Sasha Farber,Actor/Actress,Illinois,United States,48,29,4th Place,4,5,8.0
Justina Machado,Sasha Farber,Actor/Actress,Illinois,United States,48,29,4th Place,4,6,9.0
Justina Machado,Sasha Farber,Actor/Actress,Illinois,United States,48,29,4th Place,4,7,8.6667
Justina Machado,Sasha Farber,Actor/Actress,Illinois,United States,48,29,4th Place,4,8,9.6666
Justina Machado,Sasha Farber,Actor/Actress,Illinois,United States,48,29,4th Place,4,9,8.6666
Justina Machado,Sasha Farber,Actor/Actress,Illinois,United States,48,29,4th Place,4,10,9.6667
Justina Machado,Sasha Farber,Actor/Actress,Illinois,United States,48,29,4th Place,4,11,10.0
Kaitlyn Bristowe,Artem Chigvintsev,TV Personality,Canada,Canada,35,29,1st Place,1,1,6.6667
Kaitlyn Bristowe,Artem Chigvintsev,TV Personality,Canada,Canada,35,29,1st Place,1,2,7.3333
Kaitlyn Bristowe,Artem Chigvintsev,TV Personality,Canada,Canada,35,29,1st Place,1,3,7.6667
Kaitlyn Bristowe,Artem Chigvintsev,TV Personality,Canada,Canada,35,29,1st Place,1,4,8.3333
Kaitlyn Bristowe,Artem Chigvintsev,TV Personality,Canada,Canada,35,29,1st Place,1,5,9.0
Kaitlyn Bristowe,Artem Chigvintsev,TV Personality,Canada,Canada,35,29,1st Place,1,6,9.0
Kaitlyn Bristowe,Artem Chigvintsev,TV Personality,Canada,Canada,35,29,1st Place,1,7,8.0
Kaitlyn Bristowe,Artem Chigvintsev,TV Personality,Canada,Canada,35,29,1st Place,1,8,9.3333
Kaitlyn Bristowe,Artem Chigvintsev,TV Personality,Canada,Canada,35,29,1st Place,1,9,10.0
Kaitlyn Bristowe,Artem Chigvintsev,TV Personality,Canada,Canada,35,29,1st Place,1,10,10.0
Kaitlyn Bristowe,Artem Chigvintsev,TV Personality,Canada,Canada,35,29,1st Place,1,11,10.0
Monica Aldama,Valentin Chmerkovskiy,TV Personality,Alabama,United States,48,29,Eliminated Week 7,10,1,6.3333
Monica Aldama,Valentin Chmerkovskiy,TV Personality,Alabama,United States,48,29,Eliminated Week 7,10,2,5.3333
Monica Aldama,Valentin Chmerkovskiy,TV Personality,Alabama,United States,48,29,Eliminated Week 7,10,3,7.0
Monica Aldama,Valentin Chmerkovskiy,TV Personality,Alabama,United States,48,29,Eliminated Week 7,10,4,8.0
Monica Aldama,Valentin Chmerkovskiy,TV Personality,Alabama,United States,48,29,Eliminated Week 7,10,5,8.6667
Monica Aldama,Valentin Chmerkovskiy,TV Personality,Alabama,United States,48,29,Eliminated Week 7,10,6,9.0
Monica Aldama,Valentin Chmerkovskiy,TV Personality,Alabama,United States,48,29,Eliminated Week 7,10,7,7.3333
Monica Aldama,Valentin Chmerkovskiy,TV Personality,Alabama,United States,48,29,Eliminated Week 7,10,8,
Monica Aldama,Valentin Chmerkovskiy,TV Personality,Alabama,United States,48,29,Eliminated Week 7,10,9,
Monica Aldama,Valentin Chmerkovskiy,TV Personality,Alabama,United States,48,29,Eliminated Week 7,10,10,
Monica Aldama,Valentin Chmerkovskiy,TV Personality,Alabama,United States,48,29,Eliminated Week 7,10,11,
Nelly,Daniella Karagach,Singer/Rapper,Texas,United States,45,29,3rd Place,3,1,5.3333
Nelly,Daniella Karagach,Singer/Rapper,Texas,United States,45,29,3rd Place,3,2,6.0
Nelly,Daniella Karagach,Singer/Rapper,Texas,United States,45,29,3rd Place,3,3,6.0
Nelly,Daniella Karagach,Singer/Rapper,Texas,United States,45,29,3rd Place,3,4,7.0
Nelly,Daniella Karagach,Singer/Rapper,Texas,United States,45,29,3rd Place,3,5,8.0
Nelly,Daniella Karagach,Singer/Rapper,Texas,United States,45,29,3rd Place,3,6,8.0
Nelly,Daniella Karagach,Singer/Rapper,Texas,United States,45,29,3rd Place,3,7,9.0
Nelly,Daniella Karagach,Singer/Rapper,Texas,United States,45,29,3rd Place,3,8,8.0
Nelly,Daniella Karagach,Singer/Rapper,Texas,United States,45,29,3rd Place,3,9,8.0
Nelly,Daniella Karagach,Singer/Rapper,Texas,United States,45,29,3rd Place,3,10,9.3333
Nelly,Daniella Karagach,Singer/Rapper,Texas,United States,45,29,3rd Place,3,11,9.5
Nev Schulman,Jenna Johnson,Producer,New York,United States,35,29,2nd Place,2,1,6.6667
Nev Schulman,Jenna Johnson,Producer,New York,United States,35,29,2nd Place,2,2,7.0
Nev Schulman,Jenna Johnson,Producer,New York,United States,35,29,2nd Place,2,3,8.0
Nev Schulman,Jenna Johnson,Producer,New York,United States,35,29,2nd Place,2,4,8.0
Nev Schulman,Jenna Johnson,Producer,New York,United States,35,29,2nd Place,2,5,8.6667
Nev Schulman,Jenna Johnson,Producer,New York,United States,35,29,2nd Place,2,6,8.6667
Nev Schulman,Jenna Johnson,Producer,New York,United States,35,29,2nd Place,2,7,10.0
Nev Schulman,Jenna Johnson,Producer,New York,United States,35,29,2nd Place,2,8,10.0
Nev Schulman,Jenna Johnson,Producer,New York,United States,35,29,2nd Place,2,9,9.6666
Nev Schulman,Jenna Johnson,Producer,New York,United States,35,29,2nd Place,2,10,10.0
Nev Schulman,Jenna Johnson,Producer,New York,United States,35,29,2nd Place,2,11,10.0
Skai Jackson,Alan Bersten,Actor/Actress,New York,United States,18,29,Eliminated Week 10,5,1,7.0
Skai Jackson,Alan Bersten,Actor/Actress,New York,United States,18,29,Eliminated Week 10,5,2,5.0
Skai Jackson,Alan Bersten,Actor/Actress,New York,United States,18,29,Eliminated Week 10,5,3,6.0
Skai Jackson,Alan Bersten,Actor/Actress,New York,United States,18,29,Eliminated Week 10,5,4,9.3333
Skai Jackson,Alan Bersten,Actor/Actress,New York,United States,18,29,Eliminated Week 10,5,5,8.0
Skai Jackson,Alan Bersten,Actor/Actress,New York,United States,18,29,Eliminated Week 10,5,6,6.0
Skai Jackson,Alan Bersten,Actor/Actress,New York,United States,18,29,Eliminated Week 10,5,7,9.0
Skai Jackson,Alan Bersten,Actor/Actress,New York,United States,18,29,Eliminated Week 10,5,8,8.9999
Skai Jackson,Alan Bersten,Actor/Actress,New York,United States,18,29,Eliminated Week 10,5,9,9.6666
Skai Jackson,Alan Bersten,Actor/Actress,New York,United States,18,29,Eliminated Week 10,5,10,9.5
Skai Jackson,Alan Bersten,Actor/Actress,New York,United States,18,29,Eliminated Week 10,5,11,
Veron Davis,Peta Murgatroyd,Athlete,Washington D.C.,United States,36,29,Eliminated Week 6,11,1,5.6667
Veron Davis,Peta Murgatroyd,Athlete,Washington D.C.,United States,36,29,Eliminated Week 6,11,2,6.0
Veron Davis,Peta Murgatroyd,Athlete,Washington D.C.,United States,36,29,Eliminated Week 6,11,3,7.3333
Veron Davis,Peta Murgatroyd,Athlete,Washington D.C.,United States,36,29,Eliminated Week 6,11,4,7.3333
Veron Davis,Peta Murgatroyd,Athlete,Washington D.C.,United States,36,29,Eliminated Week 6,11,5,7.0
Veron Davis,Peta Murgatroyd,Athlete,Washington D.C.,United States,36,29,Eliminated Week 6,11,6,7.0
Veron Davis,Peta Murgatroyd,Athlete,Washington D.C.,United States,36,29,Eliminated Week 6,11,7,
Veron Davis,Peta Murgatroyd,Athlete,Washington D.C.,United States,36,29,Eliminated Week 6,11,8,
Veron Davis,Peta Murgatroyd,Athlete,Washington D.C.,United States,36,29,Eliminated Week 6,11,9,
Veron Davis,Peta Murgatroyd,Athlete,Washington D.C.,United States,36,29,Eliminated Week 6,11,10,
Veron Davis,Peta Murgatroyd,Athlete,Washington D.C.,United States,36,29,Eliminated Week 6,11,11,
Amanda Kloots,Alan Bersten,TV Personality,Ohio,United States,39,30,4th Place,4,1,7.0
Amanda Kloots,Alan Bersten,TV Personality,Ohio,United States,39,30,4th Place,4,2,8.0
Amanda Kloots,Alan Bersten,TV Personality,Ohio,United States,39,30,4th Place,4,3,8.0
Amanda Kloots,Alan Bersten,TV Personality,Ohio,United States,39,30,4th Place,4,4,8.5
Amanda Kloots,Alan Bersten,TV Personality,Ohio,United States,39,30,4th Place,4,5,9.75
Amanda Kloots,Alan Bersten,TV Personality,Ohio,United States,39,30,4th Place,4,6,9.5
Amanda Kloots,Alan Bersten,TV Personality,Ohio,United States,39,30,4th Place,4,7,8.5
Amanda Kloots,Alan Bersten,TV Personality,Ohio,United States,39,30,4th Place,4,8,10.5
Amanda Kloots,Alan Bersten,TV Personality,Ohio,United States,39,30,4th Place,4,9,9.875
Amanda Kloots,Alan Bersten,TV Personality,Ohio,United States,39,30,4th Place,4,10,9.75
Amanda Kloots,Alan Bersten,TV Personality,Ohio,United States,39,30,4th Place,4,11,
Brian Austin Green,Sharna Burgess,Actor/Actress,California,United States,48,30,Eliminated Week 4,13,1,6.0
Brian Austin Green,Sharna Burgess,Actor/Actress,California,United States,48,30,Eliminated Week 4,13,2,5.75
Brian Austin Green,Sharna Burgess,Actor/Actress,California,United States,48,30,Eliminated Week 4,13,3,6.3333
Brian Austin Green,Sharna Burgess,Actor/Actress,California,United States,48,30,Eliminated Week 4,13,4,6.5
Brian Austin Green,Sharna Burgess,Actor/Actress,California,United States,48,30,Eliminated Week 4,13,5,
Brian Austin Green,Sharna Burgess,Actor/Actress,California,United States,48,30,Eliminated Week 4,13,6,
Brian Austin Green,Sharna Burgess,Actor/Actress,California,United States,48,30,Eliminated Week 4,13,7,
Brian Austin Green,Sharna Burgess,Actor/Actress,California,United States,48,30,Eliminated Week 4,13,8,
Brian Austin Green,Sharna Burgess,Actor/Actress,California,United States,48,30,Eliminated Week 4,13,9,
Brian Austin Green,Sharna Burgess,Actor/Actress,California,United States,48,30,Eliminated Week 4,13,10,
Brian Austin Green,Sharna Burgess,Actor/Actress,California,United States,48,30,Eliminated Week 4,13,11,
Christine Chiu,Pasha Pashkov,TV Personality,Taiwan China,Taiwan China,38,30,Eliminated Week 3,14,1,6.25
Christine Chiu,Pasha Pashkov,TV Personality,Taiwan China,Taiwan China,38,30,Eliminated Week 3,14,2,6.0
Christine Chiu,Pasha Pashkov,TV Personality,Taiwan China,Taiwan China,38,30,Eliminated Week 3,14,3,7.0
Christine Chiu,Pasha Pashkov,TV Personality,Taiwan China,Taiwan China,38,30,Eliminated Week 3,14,4,
Christine Chiu,Pasha Pashkov,TV Personality,Taiwan China,Taiwan China,38,30,Eliminated Week 3,14,5,
Christine Chiu,Pasha Pashkov,TV Personality,Taiwan China,Taiwan China,38,30,Eliminated Week 3,14,6,
Christine Chiu,Pasha Pashkov,TV Personality,Taiwan China,Taiwan China,38,30,Eliminated Week 3,14,7,
Christine Chiu,Pasha Pashkov,TV Personality,Taiwan China,Taiwan China,38,30,Eliminated Week 3,14,8,
Christine Chiu,Pasha Pashkov,TV Personality,Taiwan China,Taiwan China,38,30,Eliminated Week 3,14,9,
Christine Chiu,Pasha Pashkov,TV Personality,Taiwan China,Taiwan China,38,30,Eliminated Week 3,14,10,
Christine Chiu,Pasha Pashkov,TV Personality,Taiwan China,Taiwan China,38,30,Eliminated Week 3,14,11,
Cody Rigsby,Cheryl Burke,Fitness Instructor,California,United States,34,30,3rd Place,3,1,6.0
Cody Rigsby,Cheryl Burke,Fitness Instructor,California,United States,34,30,3rd Place,3,2,6.0
Cody Rigsby,Cheryl Burke,Fitness Instructor,California,United States,34,30,3rd Place,3,3,6.0
Cody Rigsby,Cheryl Burke,Fitness Instructor,California,United States,34,30,3rd Place,3,4,7.25
Cody Rigsby,Cheryl Burke,Fitness Instructor,California,United States,34,30,3rd Place,3,5,8.0
Cody Rigsby,Cheryl Burke,Fitness Instructor,California,United States,34,30,3rd Place,3,6,9.0
Cody Rigsby,Cheryl Burke,Fitness Instructor,California,United States,34,30,3rd Place,3,7,9.0
Cody Rigsby,Cheryl Burke,Fitness Instructor,California,United States,34,30,3rd Place,3,8,9.5
Cody Rigsby,Cheryl Burke,Fitness Instructor,California,United States,34,30,3rd Place,3,9,8.875
Cody Rigsby,Cheryl Burke,Fitness Instructor,California,United States,34,30,3rd Place,3,10,9.5
Cody Rigsby,Cheryl Burke,Fitness Instructor,California,United States,34,30,3rd Place,3,11,
Iman Shumpert,Daniella Karagach,Athlete,Illinois,United States,31,30,1st Place,1,1,5.25
Iman Shumpert,Daniella Karagach,Athlete,Illinois,United States,31,30,1st Place,1,2,6.25
Iman Shumpert,Daniella Karagach,Athlete,Illinois,United States,31,30,1st Place,1,3,6.3333
Iman Shumpert,Daniella Karagach,Athlete,Illinois,United States,31,30,1st Place,1,4,7.875
Iman Shumpert,Daniella Karagach,Athlete,Illinois,United States,31,30,1st Place,1,5,7.0
Iman Shumpert,Daniella Karagach,Athlete,Illinois,United States,31,30,1st Place,1,6,10.0
Iman Shumpert,Daniella Karagach,Athlete,Illinois,United States,31,30,1st Place,1,7,8.5
Iman Shumpert,Daniella Karagach,Athlete,Illinois,United States,31,30,1st Place,1,8,8.75
Iman Shumpert,Daniella Karagach,Athlete,Illinois,United States,31,30,1st Place,1,9,9.375
Iman Shumpert,Daniella Karagach,Athlete,Illinois,United States,31,30,1st Place,1,10,10.0
Iman Shumpert,Daniella Karagach,Athlete,Illinois,United States,31,30,1st Place,1,11,
Jimmie Allen,Emma Slater,Singer/Rapper,Delaware,United States,36,30,Eliminated Week 8,7,1,5.5
Jimmie Allen,Emma Slater,Singer/Rapper,Delaware,United States,36,30,Eliminated Week 8,7,2,6.75
Jimmie Allen,Emma Slater,Singer/Rapper,Delaware,United States,36,30,Eliminated Week 8,7,3,6.6667
Jimmie Allen,Emma Slater,Singer/Rapper,Delaware,United States,36,30,Eliminated Week 8,7,4,8.125
Jimmie Allen,Emma Slater,Singer/Rapper,Delaware,United States,36,30,Eliminated Week 8,7,5,8.5
Jimmie Allen,Emma Slater,Singer/Rapper,Delaware,United States,36,30,Eliminated Week 8,7,6,9.5
Jimmie Allen,Emma Slater,Singer/Rapper,Delaware,United States,36,30,Eliminated Week 8,7,7,9.5
Jimmie Allen,Emma Slater,Singer/Rapper,Delaware,United States,36,30,Eliminated Week 8,7,8,8.0
Jimmie Allen,Emma Slater,Singer/Rapper,Delaware,United States,36,30,Eliminated Week 8,7,9,
Jimmie Allen,Emma Slater,Singer/Rapper,Delaware,United States,36,30,Eliminated Week 8,7,10,
Jimmie Allen,Emma Slater,Singer/Rapper,Delaware,United States,36,30,Eliminated Week 8,7,11,
JoJo Siwa,Jenna Johnson,Social Media Personality,Nebraska,United States,18,30,2nd Place,2,1,7.25
JoJo Siwa,Jenna Johnson,Social Media Personality,Nebraska,United States,18,30,2nd Place,2,2,7.75
JoJo Siwa,Jenna Johnson,Social Media Personality,Nebraska,United States,18,30,2nd Place,2,3,8.0
JoJo Siwa,Jenna Johnson,Social Media Personality,Nebraska,United States,18,30,2nd Place,2,4,8.75
JoJo Siwa,Jenna Johnson,Social Media Personality,Nebraska,United States,18,30,2nd Place,2,5,10.0
JoJo Siwa,Jenna Johnson,Social Media Personality,Nebraska,United States,18,30,2nd Place,2,6,10.0
JoJo Siwa,Jenna Johnson,Social Media Personality,Nebraska,United States,18,30,2nd Place,2,7,9.75
JoJo Siwa,Jenna Johnson,Social Media Personality,Nebraska,United States,18,30,2nd Place,2,8,10.25
JoJo Siwa,Jenna Johnson,Social Media Personality,Nebraska,United States,18,30,2nd Place,2,9,10.0
JoJo Siwa,Jenna Johnson,Social Media Personality,Nebraska,United States,18,30,2nd Place,2,10,10.0
JoJo Siwa,Jenna Johnson,Social Media Personality,Nebraska,United States,18,30,2nd Place,2,11,
Kenya Moore,Brandon Armstrong,TV Personality,Michigan,United States,50,30,Eliminated Week 6,10,1,6.5
Kenya Moore,Brandon Armstrong,TV Personality,Michigan,United States,50,30,Eliminated Week 6,10,2,6.0
Kenya Moore,Brandon Armstrong,TV Personality,Michigan,United States,50,30,Eliminated Week 6,10,3,7.0
Kenya Moore,Brandon Armstrong,TV Personality,Michigan,United States,50,30,Eliminated Week 6,10,4,7.375
Kenya Moore,Brandon Armstrong,TV Personality,Michigan,United States,50,30,Eliminated Week 6,10,5,9.0
Kenya Moore,Brandon Armstrong,TV Personality,Michigan,United States,50,30,Eliminated Week 6,10,6,8.0
Kenya Moore,Brandon Armstrong,TV Personality,Michigan,United States,50,30,Eliminated Week 6,10,7,
Kenya Moore,Brandon Armstrong,TV Personality,Michigan,United States,50,30,Eliminated Week 6,10,8,
Kenya Moore,Brandon Armstrong,TV Personality,Michigan,United States,50,30,Eliminated Week 6,10,9,
Kenya Moore,Brandon Armstrong,TV Personality,Michigan,United States,50,30,Eliminated Week 6,10,10,
Kenya Moore,Brandon Armstrong,TV Personality,Michigan,United States,50,30,Eliminated Week 6,10,11,
Martin Kove,Britt Stewart,Actor/Actress,New York,United States,75,30,Eliminated Week 2,15,1,3.25
Martin Kove,Britt Stewart,Actor/Actress,New York,United States,75,30,Eliminated Week 2,15,2,3.75
Martin Kove,Britt Stewart,Actor/Actress,New York,United States,75,30,Eliminated Week 2,15,3,
Martin Kove,Britt Stewart,Actor/Actress,New York,United States,75,30,Eliminated Week 2,15,4,
Martin Kove,Britt Stewart,Actor/Actress,New York,United States,75,30,Eliminated Week 2,15,5,
Martin Kove,Britt Stewart,Actor/Actress,New York,United States,75,30,Eliminated Week 2,15,6,
Martin Kove,Britt Stewart,Actor/Actress,New York,United States,75,30,Eliminated Week 2,15,7,
Martin Kove,Britt Stewart,Actor/Actress,New York,United States,75,30,Eliminated Week 2,15,8,
Martin Kove,Britt Stewart,Actor/Actress,New York,United States,75,30,Eliminated Week 2,15,9,
Martin Kove,Britt Stewart,Actor/Actress,New York,United States,75,30,Eliminated Week 2,15,10,
Martin Kove,Britt Stewart,Actor/Actress,New York,United States,75,30,Eliminated Week 2,15,11,
Matt James,Lindsay Arnold,Athlete,North Carolina,United States,29,30,Eliminated Week 4,12,1,6.0
Matt James,Lindsay Arnold,Athlete,North Carolina,United States,29,30,Eliminated Week 4,12,2,5.5
Matt James,Lindsay Arnold,Athlete,North Carolina,United States,29,30,Eliminated Week 4,12,3,6.6667
Matt James,Lindsay Arnold,Athlete,North Carolina,United States,29,30,Eliminated Week 4,12,4,7.125
Matt James,Lindsay Arnold,Athlete,North Carolina,United States,29,30,Eliminated Week 4,12,5,
Matt James,Lindsay Arnold,Athlete,North Carolina,United States,29,30,Eliminated Week 4,12,6,
Matt James,Lindsay Arnold,Athlete,North Carolina,United States,29,30,Eliminated Week 4,12,7,
Matt James,Lindsay Arnold,Athlete,North Carolina,United States,29,30,Eliminated Week 4,12,8,
Matt James,Lindsay Arnold,Athlete,North Carolina,United States,29,30,Eliminated Week 4,12,9,
Matt James,Lindsay Arnold,Athlete,North Carolina,United States,29,30,Eliminated Week 4,12,10,
Matt James,Lindsay Arnold,Athlete,North Carolina,United States,29,30,Eliminated Week 4,12,11,
Melanie C,Gleb Savchenko,Singer/Rapper,England,England,47,30,Eliminated Week 5,11,1,6.75
Melanie C,Gleb Savchenko,Singer/Rapper,England,England,47,30,Eliminated Week 5,11,2,7.5
Melanie C,Gleb Savchenko,Singer/Rapper,England,England,47,30,Eliminated Week 5,11,3,7.3333
Melanie C,Gleb Savchenko,Singer/Rapper,England,England,47,30,Eliminated Week 5,11,4,8.25
Melanie C,Gleb Savchenko,Singer/Rapper,England,England,47,30,Eliminated Week 5,11,5,9.0
Melanie C,Gleb Savchenko,Singer/Rapper,England,England,47,30,Eliminated Week 5,11,6,
Melanie C,Gleb Savchenko,Singer/Rapper,England,England,47,30,Eliminated Week 5,11,7,
Melanie C,Gleb Savchenko,Singer/Rapper,England,England,47,30,Eliminated Week 5,11,8,
Melanie C,Gleb Savchenko,Singer/Rapper,England,England,47,30,Eliminated Week 5,11,9,
Melanie C,Gleb Savchenko,Singer/Rapper,England,England,47,30,Eliminated Week 5,11,10,
Melanie C,Gleb Savchenko,Singer/Rapper,England,England,47,30,Eliminated Week 5,11,11,
Melora Hardin,Artem Chigvintsev,Actor/Actress,Texas,United States,54,30,Eliminated Week 9,6,1,6.5
Melora Hardin,Artem Chigvintsev,Actor/Actress,Texas,United States,54,30,Eliminated Week 9,6,2,6.75
Melora Hardin,Artem Chigvintsev,Actor/Actress,Texas,United States,54,30,Eliminated Week 9,6,3,7.6667
Melora Hardin,Artem Chigvintsev,Actor/Actress,Texas,United States,54,30,Eliminated Week 9,6,4,9.125
Melora Hardin,Artem Chigvintsev,Actor/Actress,Texas,United States,54,30,Eliminated Week 9,6,5,9.0
Melora Hardin,Artem Chigvintsev,Actor/Actress,Texas,United States,54,30,Eliminated Week 9,6,6,8.5
Melora Hardin,Artem Chigvintsev,Actor/Actress,Texas,United States,54,30,Eliminated Week 9,6,7,9.5
Melora Hardin,Artem Chigvintsev,Actor/Actress,Texas,United States,54,30,Eliminated Week 9,6,8,10.5
Melora Hardin,Artem Chigvintsev,Actor/Actress,Texas,United States,54,30,Eliminated Week 9,6,9,9.0
Melora Hardin,Artem Chigvintsev,Actor/Actress,Texas,United States,54,30,Eliminated Week 9,6,10,
Melora Hardin,Artem Chigvintsev,Actor/Actress,Texas,United States,54,30,Eliminated Week 9,6,11,
"Mike ""The Miz"" Mizanin",Witney Carson,Athlete,Ohio,United States,40,30,Eliminated Week 7,9,1,6.0
"Mike ""The Miz"" Mizanin",Witney Carson,Athlete,Ohio,United States,40,30,Eliminated Week 7,9,2,6.5
"Mike ""The Miz"" Mizanin",Witney Carson,Athlete,Ohio,United States,40,30,Eliminated Week 7,9,3,7.3333
"Mike ""The Miz"" Mizanin",Witney Carson,Athlete,Ohio,United States,40,30,Eliminated Week 7,9,4,8.125
"Mike ""The Miz"" Mizanin",Witney Carson,Athlete,Ohio,United States,40,30,Eliminated Week 7,9,5,8.0
"Mike ""The Miz"" Mizanin",Witney Carson,Athlete,Ohio,United States,40,30,Eliminated Week 7,9,6,8.5
"Mike ""The Miz"" Mizanin",Witney Carson,Athlete,Ohio,United States,40,30,Eliminated Week 7,9,7,8.0
"Mike ""The Miz"" Mizanin",Witney Carson,Athlete,Ohio,United States,40,30,Eliminated Week 7,9,8,
"Mike ""The Miz"" Mizanin",Witney Carson,Athlete,Ohio,United States,40,30,Eliminated Week 7,9,9,
"Mike ""The Miz"" Mizanin",Witney Carson,Athlete,Ohio,United States,40,30,Eliminated Week 7,9,10,
"Mike ""The Miz"" Mizanin",Witney Carson,Athlete,Ohio,United States,40,30,Eliminated Week 7,9,11,
Olivia Jade,Valentin Chmerkovskiy,Social Media Personality,California,United States,21,30,Eliminated Week 8,8,1,6.25
Olivia Jade,Valentin Chmerkovskiy,Social Media Personality,California,United States,21,30,Eliminated Week 8,8,2,6.75
Olivia Jade,Valentin Chmerkovskiy,Social Media Personality,California,United States,21,30,Eliminated Week 8,8,3,8.0
Olivia Jade,Valentin Chmerkovskiy,Social Media Personality,California,United States,21,30,Eliminated Week 8,8,4,8.75
Olivia Jade,Valentin Chmerkovskiy,Social Media Personality,California,United States,21,30,Eliminated Week 8,8,5,9.0
Olivia Jade,Valentin Chmerkovskiy,Social Media Personality,California,United States,21,30,Eliminated Week 8,8,6,9.0
Olivia Jade,Valentin Chmerkovskiy,Social Media Personality,California,United States,21,30,Eliminated Week 8,8,7,10.5
Olivia Jade,Valentin Chmerkovskiy,Social Media Personality,California,United States,21,30,Eliminated Week 8,8,8,9.0
Olivia Jade,Valentin Chmerkovskiy,Social Media Personality,California,United States,21,30,Eliminated Week 8,8,9,
Olivia Jade,Valentin Chmerkovskiy,Social Media Personality,California,United States,21,30,Eliminated Week 8,8,10,
Olivia Jade,Valentin Chmerkovskiy,Social Media Personality,California,United States,21,30,Eliminated Week 8,8,11,
Suni Lee,Sasha Farber,Athlete,Minnesota,United States,18,30,Eliminated Week 9,5,1,7.0
Suni Lee,Sasha Farber,Athlete,Minnesota,United States,18,30,Eliminated Week 9,5,2,7.0
Suni Lee,Sasha Farber,Athlete,Minnesota,United States,18,30,Eliminated Week 9,5,3,7.0
Suni Lee,Sasha Farber,Athlete,Minnesota,United States,18,30,Eliminated Week 9,5,4,8.5
Suni Lee,Sasha Farber,Athlete,Minnesota,United States,18,30,Eliminated Week 9,5,5,9.0
Suni Lee,Sasha Farber,Athlete,Minnesota,United States,18,30,Eliminated Week 9,5,6,9.0
Suni Lee,Sasha Farber,Athlete,Minnesota,United States,18,30,Eliminated Week 9,5,7,8.5
Suni Lee,Sasha Farber,Athlete,Minnesota,United States,18,30,Eliminated Week 9,5,8,10.5
Suni Lee,Sasha Farber,Athlete,Minnesota,United States,18,30,Eliminated Week 9,5,9,9.375
Suni Lee,Sasha Farber,Athlete,Minnesota,United States,18,30,Eliminated Week 9,5,10,
Suni Lee,Sasha Farber,Athlete,Minnesota,United States,18,30,Eliminated Week 9,5,11,
Charli D'Amelio,Mark Ballas,Social Media Personality,Connecticut,United States,18,31,1st Place,1,1,8.0
Charli D'Amelio,Mark Ballas,Social Media Personality,Connecticut,United States,18,31,1st Place,1,2,8.0
Charli D'Amelio,Mark Ballas,Social Media Personality,Connecticut,United States,18,31,1st Place,1,3,8.25
Charli D'Amelio,Mark Ballas,Social Media Personality,Connecticut,United States,18,31,1st Place,1,4,9.0
Charli D'Amelio,Mark Ballas,Social Media Personality,Connecticut,United States,18,31,1st Place,1,5,10.5
Charli D'Amelio,Mark Ballas,Social Media Personality,Connecticut,United States,18,31,1st Place,1,6,10.0
Charli D'Amelio,Mark Ballas,Social Media Personality,Connecticut,United States,18,31,1st Place,1,7,9.75
Charli D'Amelio,Mark Ballas,Social Media Personality,Connecticut,United States,18,31,1st Place,1,8,11.25
Charli D'Amelio,Mark Ballas,Social Media Personality,Connecticut,United States,18,31,1st Place,1,9,10.0
Charli D'Amelio,Mark Ballas,Social Media Personality,Connecticut,United States,18,31,1st Place,1,10,10.0
Charli D'Amelio,Mark Ballas,Social Media Personality,Connecticut,United States,18,31,1st Place,1,11,
Cheryl Ladd,Louis van Amstel,Actor/Actress,South Dakota,United States,71,31,Eliminated Week 3,14,1,5.25
Cheryl Ladd,Louis van Amstel,Actor/Actress,South Dakota,United States,71,31,Eliminated Week 3,14,2,5.25
Cheryl Ladd,Louis van Amstel,Actor/Actress,South Dakota,United States,71,31,Eliminated Week 3,14,3,6.0
Cheryl Ladd,Louis van Amstel,Actor/Actress,South Dakota,United States,71,31,Eliminated Week 3,14,4,
Cheryl Ladd,Louis van Amstel,Actor/Actress,South Dakota,United States,71,31,Eliminated Week 3,14,5,
Cheryl Ladd,Louis van Amstel,Actor/Actress,South Dakota,United States,71,31,Eliminated Week 3,14,6,
Cheryl Ladd,Louis van Amstel,Actor/Actress,South Dakota,United States,71,31,Eliminated Week 3,14,7,
Cheryl Ladd,Louis van Amstel,Actor/Actress,South Dakota,United States,71,31,Eliminated Week 3,14,8,
Cheryl Ladd,Louis van Amstel,Actor/Actress,South Dakota,United States,71,31,Eliminated Week 3,14,9,
Cheryl Ladd,Louis van Amstel,Actor/Actress,South Dakota,United States,71,31,Eliminated Week 3,14,10,
Cheryl Ladd,Louis van Amstel,Actor/Actress,South Dakota,United States,71,31,Eliminated Week 3,14,11,
Daniel Durant,Britt Stewart,Actor/Actress,Michigan,United States,32,31,Eliminated Week 9,5,1,6.75
Daniel Durant,Britt Stewart,Actor/Actress,Michigan,United States,32,31,Eliminated Week 9,5,2,7.25
Daniel Durant,Britt Stewart,Actor/Actress,Michigan,United States,32,31,Eliminated Week 9,5,3,7.75
Daniel Durant,Britt Stewart,Actor/Actress,Michigan,United States,32,31,Eliminated Week 9,5,4,7.25
Daniel Durant,Britt Stewart,Actor/Actress,Michigan,United States,32,31,Eliminated Week 9,5,5,8.375
Daniel Durant,Britt Stewart,Actor/Actress,Michigan,United States,32,31,Eliminated Week 9,5,6,8.5
Daniel Durant,Britt Stewart,Actor/Actress,Michigan,United States,32,31,Eliminated Week 9,5,7,9.125
Daniel Durant,Britt Stewart,Actor/Actress,Michigan,United States,32,31,Eliminated Week 9,5,8,9.75
Daniel Durant,Britt Stewart,Actor/Actress,Michigan,United States,32,31,Eliminated Week 9,5,9,8.625
Daniel Durant,Britt Stewart,Actor/Actress,Michigan,United States,32,31,Eliminated Week 9,5,10,
Daniel Durant,Britt Stewart,Actor/Actress,Michigan,United States,32,31,Eliminated Week 9,5,11,
Gabby Windey,Valentin Chmerkovskiy,TV Personality,Illinois,United States,31,31,2nd Place,2,1,7.0
Gabby Windey,Valentin Chmerkovskiy,TV Personality,Illinois,United States,31,31,2nd Place,2,2,8.0
Gabby Windey,Valentin Chmerkovskiy,TV Personality,Illinois,United States,31,31,2nd Place,2,3,8.25
Gabby Windey,Valentin Chmerkovskiy,TV Personality,Illinois,United States,31,31,2nd Place,2,4,9.0
Gabby Windey,Valentin Chmerkovskiy,TV Personality,Illinois,United States,31,31,2nd Place,2,5,10.25
Gabby Windey,Valentin Chmerkovskiy,TV Personality,Illinois,United States,31,31,2nd Place,2,6,9.25
Gabby Windey,Valentin Chmerkovskiy,TV Personality,Illinois,United States,31,31,2nd Place,2,7,8.875
Gabby Windey,Valentin Chmerkovskiy,TV Personality,Illinois,United States,31,31,2nd Place,2,8,10.0
Gabby Windey,Valentin Chmerkovskiy,TV Personality,Illinois,United States,31,31,2nd Place,2,9,10.0
Gabby Windey,Valentin Chmerkovskiy,TV Personality,Illinois,United States,31,31,2nd Place,2,10,10.0
Gabby Windey,Valentin Chmerkovskiy,TV Personality,Illinois,United States,31,31,2nd Place,2,11,
Heidi D'Amelio,Artem Chigvintsev,Social Media Personality,Louisiana,United States,50,31,Eliminated Week 8,8,1,6.0
Heidi D'Amelio,Artem Chigvintsev,Social Media Personality,Louisiana,United States,50,31,Eliminated Week 8,8,2,7.0
Heidi D'Amelio,Artem Chigvintsev,Social Media Personality,Louisiana,United States,50,31,Eliminated Week 8,8,3,8.0
Heidi D'Amelio,Artem Chigvintsev,Social Media Personality,Louisiana,United States,50,31,Eliminated Week 8,8,4,8.5
Heidi D'Amelio,Artem Chigvintsev,Social Media Personality,Louisiana,United States,50,31,Eliminated Week 8,8,5,9.75
Heidi D'Amelio,Artem Chigvintsev,Social Media Personality,Louisiana,United States,50,31,Eliminated Week 8,8,6,9.0
Heidi D'Amelio,Artem Chigvintsev,Social Media Personality,Louisiana,United States,50,31,Eliminated Week 8,8,7,8.75
Heidi D'Amelio,Artem Chigvintsev,Social Media Personality,Louisiana,United States,50,31,Eliminated Week 8,8,8,8.75
Heidi D'Amelio,Artem Chigvintsev,Social Media Personality,Louisiana,United States,50,31,Eliminated Week 8,8,9,
Heidi D'Amelio,Artem Chigvintsev,Social Media Personality,Louisiana,United States,50,31,Eliminated Week 8,8,10,
Heidi D'Amelio,Artem Chigvintsev,Social Media Personality,Louisiana,United States,50,31,Eliminated Week 8,8,11,
Jason Lewis,Peta Murgatroyd,Actor/Actress,California,United States,51,31,Eliminated Week 1,16,1,4.5
Jason Lewis,Peta Murgatroyd,Actor/Actress,California,United States,51,31,Eliminated Week 1,16,2,
Jason Lewis,Peta Murgatroyd,Actor/Actress,California,United States,51,31,Eliminated Week 1,16,3,
Jason Lewis,Peta Murgatroyd,Actor/Actress,California,United States,51,31,Eliminated Week 1,16,4,
Jason Lewis,Peta Murgatroyd,Actor/Actress,California,United States,51,31,Eliminated Week 1,16,5,
Jason Lewis,Peta Murgatroyd,Actor/Actress,California,United States,51,31,Eliminated Week 1,16,6,
Jason Lewis,Peta Murgatroyd,Actor/Actress,California,United States,51,31,Eliminated Week 1,16,7,
Jason Lewis,Peta Murgatroyd,Actor/Actress,California,United States,51,31,Eliminated Week 1,16,8,
Jason Lewis,Peta Murgatroyd,Actor/Actress,California,United States,51,31,Eliminated Week 1,16,9,
Jason Lewis,Peta Murgatroyd,Actor/Actress,California,United States,51,31,Eliminated Week 1,16,10,
Jason Lewis,Peta Murgatroyd,Actor/Actress,California,United States,51,31,Eliminated Week 1,16,11,
Jessie James Decker,Alan Bersten,Singer/Rapper,Italy,Italy,34,31,Eliminated Week 6,10,1,5.0
Jessie James Decker,Alan Bersten,Singer/Rapper,Italy,Italy,34,31,Eliminated Week 6,10,2,6.25
Jessie James Decker,Alan Bersten,Singer/Rapper,Italy,Italy,34,31,Eliminated Week 6,10,3,6.5
Jessie James Decker,Alan Bersten,Singer/Rapper,Italy,Italy,34,31,Eliminated Week 6,10,4,7.75
Jessie James Decker,Alan Bersten,Singer/Rapper,Italy,Italy,34,31,Eliminated Week 6,10,5,9.0
Jessie James Decker,Alan Bersten,Singer/Rapper,Italy,Italy,34,31,Eliminated Week 6,10,6,8.0
Jessie James Decker,Alan Bersten,Singer/Rapper,Italy,Italy,34,31,Eliminated Week 6,10,7,
Jessie James Decker,Alan Bersten,Singer/Rapper,Italy,Italy,34,31,Eliminated Week 6,10,8,
Jessie James Decker,Alan Bersten,Singer/Rapper,Italy,Italy,34,31,Eliminated Week 6,10,9,
Jessie James Decker,Alan Bersten,Singer/Rapper,Italy,Italy,34,31,Eliminated Week 6,10,10,
Jessie James Decker,Alan Bersten,Singer/Rapper,Italy,Italy,34,31,Eliminated Week 6,10,11,
Jordin Sparks,Brandon Armstrong,Singer/Rapper,Arizona,United States,32,31,Eliminated Week 7,9,1,6.5
Jordin Sparks,Brandon Armstrong,Singer/Rapper,Arizona,United States,32,31,Eliminated Week 7,9,2,6.75
Jordin Sparks,Brandon Armstrong,Singer/Rapper,Arizona,United States,32,31,Eliminated Week 7,9,3,7.25
Jordin Sparks,Brandon Armstrong,Singer/Rapper,Arizona,United States,32,31,Eliminated Week 7,9,4,8.5
Jordin Sparks,Brandon Armstrong,Singer/Rapper,Arizona,United States,32,31,Eliminated Week 7,9,5,8.875
Jordin Sparks,Brandon Armstrong,Singer/Rapper,Arizona,United States,32,31,Eliminated Week 7,9,6,8.5
Jordin Sparks,Brandon Armstrong,Singer/Rapper,Arizona,United States,32,31,Eliminated Week 7,9,7,8.625
Jordin Sparks,Brandon Armstrong,Singer/Rapper,Arizona,United States,32,31,Eliminated Week 7,9,8,
Jordin Sparks,Brandon Armstrong,Singer/Rapper,Arizona,United States,32,31,Eliminated Week 7,9,9,
Jordin Sparks,Brandon Armstrong,Singer/Rapper,Arizona,United States,32,31,Eliminated Week 7,9,10,
Jordin Sparks,Brandon Armstrong,Singer/Rapper,Arizona,United States,32,31,Eliminated Week 7,9,11,
Joseph Baena,Daniella Karagach,Actor/Actress,California,United States,24,31,Eliminated Week 5,11,1,5.75
Joseph Baena,Daniella Karagach,Actor/Actress,California,United States,24,31,Eliminated Week 5,11,2,6.0
Joseph Baena,Daniella Karagach,Actor/Actress,California,United States,24,31,Eliminated Week 5,11,3,7.25
Joseph Baena,Daniella Karagach,Actor/Actress,California,United States,24,31,Eliminated Week 5,11,4,7.0
Joseph Baena,Daniella Karagach,Actor/Actress,California,United States,24,31,Eliminated Week 5,11,5,8.75
Joseph Baena,Daniella Karagach,Actor/Actress,California,United States,24,31,Eliminated Week 5,11,6,
Joseph Baena,Daniella Karagach,Actor/Actress,California,United States,24,31,Eliminated Week 5,11,7,
Joseph Baena,Daniella Karagach,Actor/Actress,California,United States,24,31,Eliminated Week 5,11,8,
Joseph Baena,Daniella Karagach,Actor/Actress,California,United States,24,31,Eliminated Week 5,11,9,
Joseph Baena,Daniella Karagach,Actor/Actress,California,United States,24,31,Eliminated Week 5,11,10,
Joseph Baena,Daniella Karagach,Actor/Actress,California,United States,24,31,Eliminated Week 5,11,11,
Sam Champion,Cheryl Burke,News Anchor,Kentucky,United States,61,31,Eliminated Week 4,13,1,5.0
Sam Champion,Cheryl Burke,News Anchor,Kentucky,United States,61,31,Eliminated Week 4,13,2,6.5
Sam Champion,Cheryl Burke,News Anchor,Kentucky,United States,61,31,Eliminated Week 4,13,3,6.25
Sam Champion,Cheryl Burke,News Anchor,Kentucky,United States,61,31,Eliminated Week 4,13,4,6.25
Sam Champion,Cheryl Burke,News Anchor,Kentucky,United States,61,31,Eliminated Week 4,13,5,
Sam Champion,Cheryl Burke,News Anchor,Kentucky,United States,61,31,Eliminated Week 4,13,6,
Sam Champion,Cheryl Burke,News Anchor,Kentucky,United States,61,31,Eliminated Week 4,13,7,
Sam Champion,Cheryl Burke,News Anchor,Kentucky,United States,61,31,Eliminated Week 4,13,8,
Sam Champion,Cheryl Burke,News Anchor,Kentucky,United States,61,31,Eliminated Week 4,13,9,
Sam Champion,Cheryl Burke,News Anchor,Kentucky,United States,61,31,Eliminated Week 4,13,10,
Sam Champion,Cheryl Burke,News Anchor,Kentucky,United States,61,31,Eliminated Week 4,13,11,
Selma Blair,Sasha Farber,Actor/Actress,Michigan,United States,50,31,Withdrew,12,1,7.0
Selma Blair,Sasha Farber,Actor/Actress,Michigan,United States,50,31,Withdrew,12,2,7.0
Selma Blair,Sasha Farber,Actor/Actress,Michigan,United States,50,31,Withdrew,12,3,7.0
Selma Blair,Sasha Farber,Actor/Actress,Michigan,United States,50,31,Withdrew,12,4,8.0
Selma Blair,Sasha Farber,Actor/Actress,Michigan,United States,50,31,Withdrew,12,5,10.0
Selma Blair,Sasha Farber,Actor/Actress,Michigan,United States,50,31,Withdrew,12,6,
Selma Blair,Sasha Farber,Actor/Actress,Michigan,United States,50,31,Withdrew,12,7,
Selma Blair,Sasha Farber,Actor/Actress,Michigan,United States,50,31,Withdrew,12,8,
Selma Blair,Sasha Farber,Actor/Actress,Michigan,United States,50,31,Withdrew,12,9,
Selma Blair,Sasha Farber,Actor/Actress,Michigan,United States,50,31,Withdrew,12,10,
Selma Blair,Sasha Farber,Actor/Actress,Michigan,United States,50,31,Withdrew,12,11,
Shangela,Gleb Savchenko,TV Personality,Texas,United States,40,31,4th Place,4,1,7.0
Shangela,Gleb Savchenko,TV Personality,Texas,United States,40,31,4th Place,4,2,7.0
Shangela,Gleb Savchenko,TV Personality,Texas,United States,40,31,4th Place,4,3,7.5
Shangela,Gleb Savchenko,TV Personality,Texas,United States,40,31,4th Place,4,4,8.0
Shangela,Gleb Savchenko,TV Personality,Texas,United States,40,31,4th Place,4,5,9.625
Shangela,Gleb Savchenko,TV Personality,Texas,United States,40,31,4th Place,4,6,9.0
Shangela,Gleb Savchenko,TV Personality,Texas,United States,40,31,4th Place,4,7,9.125
Shangela,Gleb Savchenko,TV Personality,Texas,United States,40,31,4th Place,4,8,10.5
Shangela,Gleb Savchenko,TV Personality,Texas,United States,40,31,4th Place,4,9,9.125
Shangela,Gleb Savchenko,TV Personality,Texas,United States,40,31,4th Place,4,10,9.5
Shangela,Gleb Savchenko,TV Personality,Texas,United States,40,31,4th Place,4,11,
Teresa Giudice,Pasha Pashkov,TV Personality,New Jersey,United States,50,31,Eliminated Week 2,15,1,5.0
Teresa Giudice,Pasha Pashkov,TV Personality,New Jersey,United States,50,31,Eliminated Week 2,15,2,5.75
Teresa Giudice,Pasha Pashkov,TV Personality,New Jersey,United States,50,31,Eliminated Week 2,15,3,
Teresa Giudice,Pasha Pashkov,TV Personality,New Jersey,United States,50,31,Eliminated Week 2,15,4,
Teresa Giudice,Pasha Pashkov,TV Personality,New Jersey,United States,50,31,Eliminated Week 2,15,5,
Teresa Giudice,Pasha Pashkov,TV Personality,New Jersey,United States,50,31,Eliminated Week 2,15,6,
Teresa Giudice,Pasha Pashkov,TV Personality,New Jersey,United States,50,31,Eliminated Week 2,15,7,
Teresa Giudice,Pasha Pashkov,TV Personality,New Jersey,United States,50,31,Eliminated Week 2,15,8,
Teresa Giudice,Pasha Pashkov,TV Personality,New Jersey,United States,50,31,Eliminated Week 2,15,9,
Teresa Giudice,Pasha Pashkov,TV Personality,New Jersey,United States,50,31,Eliminated Week 2,15,10,
Teresa Giudice,Pasha Pashkov,TV Personality,New Jersey,United States,50,31,Eliminated Week 2,15,11,
Trevor Donovan,Emma Slater,Actor/Actress,California,United States,39,31,Eliminated Week 9,6,1,5.25
Trevor Donovan,Emma Slater,Actor/Actress,California,United States,39,31,Eliminated Week 9,6,2,7.5
Trevor Donovan,Emma Slater,Actor/Actress,California,United States,39,31,Eliminated Week 9,6,3,6.75
Trevor Donovan,Emma Slater,Actor/Actress,California,United States,39,31,Eliminated Week 9,6,4,7.0
Trevor Donovan,Emma Slater,Actor/Actress,California,United States,39,31,Eliminated Week 9,6,5,9.0
Trevor Donovan,Emma Slater,Actor/Actress,California,United States,39,31,Eliminated Week 9,6,6,8.5
Trevor Donovan,Emma Slater,Actor/Actress,California,United States,39,31,Eliminated Week 9,6,7,9.75
Trevor Donovan,Emma Slater,Actor/Actress,California,United States,39,31,Eliminated Week 9,6,8,9.75
Trevor Donovan,Emma Slater,Actor/Actress,California,United States,39,31,Eliminated Week 9,6,9,8.125
Trevor Donovan,Emma Slater,Actor/Actress,California,United States,39,31,Eliminated Week 9,6,10,
Trevor Donovan,Emma Slater,Actor/Actress,California,United States,39,31,Eliminated Week 9,6,11,
Vinny Guadagnino,Koko Iwasaki,TV Personality,New York,United States,34,31,Eliminated Week 8,7,1,4.25
Vinny Guadagnino,Koko Iwasaki,TV Personality,New York,United States,34,31,Eliminated Week 8,7,2,6.75
Vinny Guadagnino,Koko Iwasaki,TV Personality,New York,United States,34,31,Eliminated Week 8,7,3,5.75
Vinny Guadagnino,Koko Iwasaki,TV Personality,New York,United States,34,31,Eliminated Week 8,7,4,7.25
Vinny Guadagnino,Koko Iwasaki,TV Personality,New York,United States,34,31,Eliminated Week 8,7,5,7.75
Vinny Guadagnino,Koko Iwasaki,TV Personality,New York,United States,34,31,Eliminated Week 8,7,6,7.0
Vinny Guadagnino,Koko Iwasaki,TV Personality,New York,United States,34,31,Eliminated Week 8,7,7,7.875
Vinny Guadagnino,Koko Iwasaki,TV Personality,New York,United States,34,31,Eliminated Week 8,7,8,7.25
Vinny Guadagnino,Koko Iwasaki,TV Personality,New York,United States,34,31,Eliminated Week 8,7,9,
Vinny Guadagnino,Koko Iwasaki,TV Personality,New York,United States,34,31,Eliminated Week 8,7,10,
Vinny Guadagnino,Koko Iwasaki,TV Personality,New York,United States,34,31,Eliminated Week 8,7,11,
Wayne Brady,Witney Carson,Comedian,Georgia,United States,50,31,3rd Place,3,1,7.25
Wayne Brady,Witney Carson,Comedian,Georgia,United States,50,31,3rd Place,3,2,8.0
Wayne Brady,Witney Carson,Comedian,Georgia,United States,50,31,3rd Place,3,3,8.25
Wayne Brady,Witney Carson,Comedian,Georgia,United States,50,31,3rd Place,3,4,9.0
Wayne Brady,Witney Carson,Comedian,Georgia,United States,50,31,3rd Place,3,5,10.25
Wayne Brady,Witney Carson,Comedian,Georgia,United States,50,31,3rd Place,3,6,8.5
Wayne Brady,Witney Carson,Comedian,Georgia,United States,50,31,3rd Place,3,7,9.5
Wayne Brady,Witney Carson,Comedian,Georgia,United States,50,31,3rd Place,3,8,11.25
Wayne Brady,Witney Carson,Comedian,Georgia,United States,50,31,3rd Place,3,9,9.125
Wayne Brady,Witney Carson,Comedian,Georgia,United States,50,31,3rd Place,3,10,9.5
Wayne Brady,Witney Carson,Comedian,Georgia,United States,50,31,3rd Place,3,11,
Adrian Peterson,Britt Stewart,Athlete,Texas,United States,38,32,Eliminated Week 4,11,1,6.0
Adrian Peterson,Britt Stewart,Athlete,Texas,United States,38,32,Eliminated Week 4,11,2,5.0
Adrian Peterson,Britt Stewart,Athlete,Texas,United States,38,32,Eliminated Week 4,11,3,5.5
Adrian Peterson,Britt Stewart,Athlete,Texas,United States,38,32,Eliminated Week 4,11,4,7.0
Adrian Peterson,Britt Stewart,Athlete,Texas,United States,38,32,Eliminated Week 4,11,5,
Adrian Peterson,Britt Stewart,Athlete,Texas,United States,38,32,Eliminated Week 4,11,6,
Adrian Peterson,Britt Stewart,Athlete,Texas,United States,38,32,Eliminated Week 4,11,7,
Adrian Peterson,Britt Stewart,Athlete,Texas,United States,38,32,Eliminated Week 4,11,8,
Adrian Peterson,Britt Stewart,Athlete,Texas,United States,38,32,Eliminated Week 4,11,9,
Adrian Peterson,Britt Stewart,Athlete,Texas,United States,38,32,Eliminated Week 4,11,10,
Adrian Peterson,Britt Stewart,Athlete,Texas,United States,38,32,Eliminated Week 4,11,11,
Alyson Hannigan,Sasha Farber,Actor/Actress,Washington D.C.,United States,49,32,5th Place,5,1,4.3333
Alyson Hannigan,Sasha Farber,Actor/Actress,Washington D.C.,United States,49,32,5th Place,5,2,6.3333
Alyson Hannigan,Sasha Farber,Actor/Actress,Washington D.C.,United States,49,32,5th Place,5,3,6.0
Alyson Hannigan,Sasha Farber,Actor/Actress,Washington D.C.,United States,49,32,5th Place,5,4,6.0
Alyson Hannigan,Sasha Farber,Actor/Actress,Washington D.C.,United States,49,32,5th Place,5,5,7.0
Alyson Hannigan,Sasha Farber,Actor/Actress,Washington D.C.,United States,49,32,5th Place,5,6,7.75
Alyson Hannigan,Sasha Farber,Actor/Actress,Washington D.C.,United States,49,32,5th Place,5,7,8.75
Alyson Hannigan,Sasha Farber,Actor/Actress,Washington D.C.,United States,49,32,5th Place,5,8,9.0
Alyson Hannigan,Sasha Farber,Actor/Actress,Washington D.C.,United States,49,32,5th Place,5,9,8.0
Alyson Hannigan,Sasha Farber,Actor/Actress,Washington D.C.,United States,49,32,5th Place,5,10,8.5
Alyson Hannigan,Sasha Farber,Actor/Actress,Washington D.C.,United States,49,32,5th Place,5,11,8.8333
Ariana Madix,Pasha Pashkov,TV Personality,Florida,United States,38,32,3rd Place,3,1,7.0
Ariana Madix,Pasha Pashkov,TV Personality,Florida,United States,38,32,3rd Place,3,2,6.6667
Ariana Madix,Pasha Pashkov,TV Personality,Florida,United States,38,32,3rd Place,3,3,8.5
Ariana Madix,Pasha Pashkov,TV Personality,Florida,United States,38,32,3rd Place,3,4,8.3333
Ariana Madix,Pasha Pashkov,TV Personality,Florida,United States,38,32,3rd Place,3,5,8.0
Ariana Madix,Pasha Pashkov,TV Personality,Florida,United States,38,32,3rd Place,3,6,10.25
Ariana Madix,Pasha Pashkov,TV Personality,Florida,United States,38,32,3rd Place,3,7,9.25
Ariana Madix,Pasha Pashkov,TV Personality,Florida,United States,38,32,3rd Place,3,8,10.5
Ariana Madix,Pasha Pashkov,TV Personality,Florida,United States,38,32,3rd Place,3,9,9.25
Ariana Madix,Pasha Pashkov,TV Personality,Florida,United States,38,32,3rd Place,3,10,9.6667
Ariana Madix,Pasha Pashkov,TV Personality,Florida,United States,38,32,3rd Place,3,11,9.8333
Barry Williams,Peta Murgatroyd,Actor/Actress,California,United States,68,32,Eliminated Week 8,7,1,5.3333
Barry Williams,Peta Murgatroyd,Actor/Actress,California,United States,68,32,Eliminated Week 8,7,2,5.0
Barry Williams,Peta Murgatroyd,Actor/Actress,California,United States,68,32,Eliminated Week 8,7,3,6.25
Barry Williams,Peta Murgatroyd,Actor/Actress,California,United States,68,32,Eliminated Week 8,7,4,6.0
Barry Williams,Peta Murgatroyd,Actor/Actress,California,United States,68,32,Eliminated Week 8,7,5,8.0
Barry Williams,Peta Murgatroyd,Actor/Actress,California,United States,68,32,Eliminated Week 8,7,6,8.0
Barry Williams,Peta Murgatroyd,Actor/Actress,California,United States,68,32,Eliminated Week 8,7,7,8.125
Barry Williams,Peta Murgatroyd,Actor/Actress,California,United States,68,32,Eliminated Week 8,7,8,8.75
Barry Williams,Peta Murgatroyd,Actor/Actress,California,United States,68,32,Eliminated Week 8,7,9,
Barry Williams,Peta Murgatroyd,Actor/Actress,California,United States,68,32,Eliminated Week 8,7,10,
Barry Williams,Peta Murgatroyd,Actor/Actress,California,United States,68,32,Eliminated Week 8,7,11,
Charity Lawson,Artem Chigvintsev,TV Personality,Georgia,United States,27,32,4th Place,4,1,7.3333
Charity Lawson,Artem Chigvintsev,TV Personality,Georgia,United States,27,32,4th Place,4,2,7.0
Charity Lawson,Artem Chigvintsev,TV Personality,Georgia,United States,27,32,4th Place,4,3,8.0
Charity Lawson,Artem Chigvintsev,TV Personality,Georgia,United States,27,32,4th Place,4,4,8.0
Charity Lawson,Artem Chigvintsev,TV Personality,Georgia,United States,27,32,4th Place,4,5,9.3333
Charity Lawson,Artem Chigvintsev,TV Personality,Georgia,United States,27,32,4th Place,4,6,9.5
Charity Lawson,Artem Chigvintsev,TV Personality,Georgia,United States,27,32,4th Place,4,7,9.0
Charity Lawson,Artem Chigvintsev,TV Personality,Georgia,United States,27,32,4th Place,4,8,9.75
Charity Lawson,Artem Chigvintsev,TV Personality,Georgia,United States,27,32,4th Place,4,9,9.5
Charity Lawson,Artem Chigvintsev,TV Personality,Georgia,United States,27,32,4th Place,4,10,9.8333
Charity Lawson,Artem Chigvintsev,TV Personality,Georgia,United States,27,32,4th Place,4,11,9.8333
Harry Jowsey,Rylee Arnold,TV Personality,Australia,Australia,26,32,Eliminated Week 9,6,1,4.0
Harry Jowsey,Rylee Arnold,TV Personality,Australia,Australia,26,32,Eliminated Week 9,6,2,5.0
Harry Jowsey,Rylee Arnold,TV Personality,Australia,Australia,26,32,Eliminated Week 9,6,3,6.0
Harry Jowsey,Rylee Arnold,TV Personality,Australia,Australia,26,32,Eliminated Week 9,6,4,7.0
Harry Jowsey,Rylee Arnold,TV Personality,Australia,Australia,26,32,Eliminated Week 9,6,5,6.0
Harry Jowsey,Rylee Arnold,TV Personality,Australia,Australia,26,32,Eliminated Week 9,6,6,7.25
Harry Jowsey,Rylee Arnold,TV Personality,Australia,Australia,26,32,Eliminated Week 9,6,7,8.0
Harry Jowsey,Rylee Arnold,TV Personality,Australia,Australia,26,32,Eliminated Week 9,6,8,7.0
Harry Jowsey,Rylee Arnold,TV Personality,Australia,Australia,26,32,Eliminated Week 9,6,9,7.5
Harry Jowsey,Rylee Arnold,TV Personality,Australia,Australia,26,32,Eliminated Week 9,6,10,
Harry Jowsey,Rylee Arnold,TV Personality,Australia,Australia,26,32,Eliminated Week 9,6,11,
Jamie Lynn Spears,Alan Bersten,Actor/Actress,Mississippi,United States,32,32,Eliminated Week 2,13,1,5.0
Jamie Lynn Spears,Alan Bersten,Actor/Actress,Mississippi,United States,32,32,Eliminated Week 2,13,2,5.3333
Jamie Lynn Spears,Alan Bersten,Actor/Actress,Mississippi,United States,32,32,Eliminated Week 2,13,3,
Jamie Lynn Spears,Alan Bersten,Actor/Actress,Mississippi,United States,32,32,Eliminated Week 2,13,4,
Jamie Lynn Spears,Alan Bersten,Actor/Actress,Mississippi,United States,32,32,Eliminated Week 2,13,5,
Jamie Lynn Spears,Alan Bersten,Actor/Actress,Mississippi,United States,32,32,Eliminated Week 2,13,6,
Jamie Lynn Spears,Alan Bersten,Actor/Actress,Mississippi,United States,32,32,Eliminated Week 2,13,7,
Jamie Lynn Spears,Alan Bersten,Actor/Actress,Mississippi,United States,32,32,Eliminated Week 2,13,8,
Jamie Lynn Spears,Alan Bersten,Actor/Actress,Mississippi,United States,32,32,Eliminated Week 2,13,9,
Jamie Lynn Spears,Alan Bersten,Actor/Actress,Mississippi,United States,32,32,Eliminated Week 2,13,10,
Jamie Lynn Spears,Alan Bersten,Actor/Actress,Mississippi,United States,32,32,Eliminated Week 2,13,11,
Jason Mraz,Daniella Karagach,Singer/Rapper,Virginia,United States,46,32,2nd Place,2,1,7.0
Jason Mraz,Daniella Karagach,Singer/Rapper,Virginia,United States,46,32,2nd Place,2,2,8.0
Jason Mraz,Daniella Karagach,Singer/Rapper,Virginia,United States,46,32,2nd Place,2,3,8.5
Jason Mraz,Daniella Karagach,Singer/Rapper,Virginia,United States,46,32,2nd Place,2,4,8.0
Jason Mraz,Daniella Karagach,Singer/Rapper,Virginia,United States,46,32,2nd Place,2,5,9.0
Jason Mraz,Daniella Karagach,Singer/Rapper,Virginia,United States,46,32,2nd Place,2,6,9.75
Jason Mraz,Daniella Karagach,Singer/Rapper,Virginia,United States,46,32,2nd Place,2,7,9.0
Jason Mraz,Daniella Karagach,Singer/Rapper,Virginia,United States,46,32,2nd Place,2,8,8.25
Jason Mraz,Daniella Karagach,Singer/Rapper,Virginia,United States,46,32,2nd Place,2,9,10.75
Jason Mraz,Daniella Karagach,Singer/Rapper,Virginia,United States,46,32,2nd Place,2,10,9.5
Jason Mraz,Daniella Karagach,Singer/Rapper,Virginia,United States,46,32,2nd Place,2,11,10.0
Lele Pons,Brandon Armstrong,Social Media Personality,Venezuela,Venezuela,27,32,Eliminated Week 7,8,1,6.3333
Lele Pons,Brandon Armstrong,Social Media Personality,Venezuela,Venezuela,27,32,Eliminated Week 7,8,2,7.0
Lele Pons,Brandon Armstrong,Social Media Personality,Venezuela,Venezuela,27,32,Eliminated Week 7,8,3,6.75
Lele Pons,Brandon Armstrong,Social Media Personality,Venezuela,Venezuela,27,32,Eliminated Week 7,8,4,7.3333
Lele Pons,Brandon Armstrong,Social Media Personality,Venezuela,Venezuela,27,32,Eliminated Week 7,8,5,8.0
Lele Pons,Brandon Armstrong,Social Media Personality,Venezuela,Venezuela,27,32,Eliminated Week 7,8,6,9.25
Lele Pons,Brandon Armstrong,Social Media Personality,Venezuela,Venezuela,27,32,Eliminated Week 7,8,7,9.125
Lele Pons,Brandon Armstrong,Social Media Personality,Venezuela,Venezuela,27,32,Eliminated Week 7,8,8,
Lele Pons,Brandon Armstrong,Social Media Personality,Venezuela,Venezuela,27,32,Eliminated Week 7,8,9,
Lele Pons,Brandon Armstrong,Social Media Personality,Venezuela,Venezuela,27,32,Eliminated Week 7,8,10,
Lele Pons,Brandon Armstrong,Social Media Personality,Venezuela,Venezuela,27,32,Eliminated Week 7,8,11,
Matt Walsh,Koko Iwasaki,Comedian,Illinois,United States,58,32,Eliminated Week 1,14,1,4.0
Matt Walsh,Koko Iwasaki,Comedian,Illinois,United States,58,32,Eliminated Week 1,14,2,
Matt Walsh,Koko Iwasaki,Comedian,Illinois,United States,58,32,Eliminated Week 1,14,3,
Matt Walsh,Koko Iwasaki,Comedian,Illinois,United States,58,32,Eliminated Week 1,14,4,
Matt Walsh,Koko Iwasaki,Comedian,Illinois,United States,58,32,Eliminated Week 1,14,5,
Matt Walsh,Koko Iwasaki,Comedian,Illinois,United States,58,32,Eliminated Week 1,14,6,
Matt Walsh,Koko Iwasaki,Comedian,Illinois,United States,58,32,Eliminated Week 1,14,7,
Matt Walsh,Koko Iwasaki,Comedian,Illinois,United States,58,32,Eliminated Week 1,14,8,
Matt Walsh,Koko Iwasaki,Comedian,Illinois,United States,58,32,Eliminated Week 1,14,9,
Matt Walsh,Koko Iwasaki,Comedian,Illinois,United States,58,32,Eliminated Week 1,14,10,
Matt Walsh,Koko Iwasaki,Comedian,Illinois,United States,58,32,Eliminated Week 1,14,11,
Mauricio Umansky,Emma Slater,TV Personality,Mexico,Mexico,53,32,Eliminated Week 6,9,1,5.0
Mauricio Umansky,Emma Slater,TV Personality,Mexico,Mexico,53,32,Eliminated Week 6,9,2,4.0
Mauricio Umansky,Emma Slater,TV Personality,Mexico,Mexico,53,32,Eliminated Week 6,9,3,5.75
Mauricio Umansky,Emma Slater,TV Personality,Mexico,Mexico,53,32,Eliminated Week 6,9,4,6.3333
Mauricio Umansky,Emma Slater,TV Personality,Mexico,Mexico,53,32,Eliminated Week 6,9,5,8.0
Mauricio Umansky,Emma Slater,TV Personality,Mexico,Mexico,53,32,Eliminated Week 6,9,6,8.25
Mauricio Umansky,Emma Slater,TV Personality,Mexico,Mexico,53,32,Eliminated Week 6,9,7,
Mauricio Umansky,Emma Slater,TV Personality,Mexico,Mexico,53,32,Eliminated Week 6,9,8,
Mauricio Umansky,Emma Slater,TV Personality,Mexico,Mexico,53,32,Eliminated Week 6,9,9,
Mauricio Umansky,Emma Slater,TV Personality,Mexico,Mexico,53,32,Eliminated Week 6,9,10,
Mauricio Umansky,Emma Slater,TV Personality,Mexico,Mexico,53,32,Eliminated Week 6,9,11,
Mira Sorvino,Gleb Savchenko,Actor/Actress,New York,United States,55,32,Eliminated Week 5,10,1,5.6667
Mira Sorvino,Gleb Savchenko,Actor/Actress,New York,United States,55,32,Eliminated Week 5,10,2,6.0
Mira Sorvino,Gleb Savchenko,Actor/Actress,New York,United States,55,32,Eliminated Week 5,10,3,6.5
Mira Sorvino,Gleb Savchenko,Actor/Actress,New York,United States,55,32,Eliminated Week 5,10,4,7.0
Mira Sorvino,Gleb Savchenko,Actor/Actress,New York,United States,55,32,Eliminated Week 5,10,5,7.3333
Mira Sorvino,Gleb Savchenko,Actor/Actress,New York,United States,55,32,Eliminated Week 5,10,6,
Mira Sorvino,Gleb Savchenko,Actor/Actress,New York,United States,55,32,Eliminated Week 5,10,7,
Mira Sorvino,Gleb Savchenko,Actor/Actress,New York,United States,55,32,Eliminated Week 5,10,8,
Mira Sorvino,Gleb Savchenko,Actor/Actress,New York,United States,55,32,Eliminated Week 5,10,9,
Mira Sorvino,Gleb Savchenko,Actor/Actress,New York,United States,55,32,Eliminated Week 5,10,10,
Mira Sorvino,Gleb Savchenko,Actor/Actress,New York,United States,55,32,Eliminated Week 5,10,11,
Tyson Beckford,Jenna Johnson,Model,New York,United States,52,32,Eliminated Week 3,12,1,4.0
Tyson Beckford,Jenna Johnson,Model,New York,United States,52,32,Eliminated Week 3,12,2,6.0
Tyson Beckford,Jenna Johnson,Model,New York,United States,52,32,Eliminated Week 3,12,3,5.0
Tyson Beckford,Jenna Johnson,Model,New York,United States,52,32,Eliminated Week 3,12,4,
Tyson Beckford,Jenna Johnson,Model,New York,United States,52,32,Eliminated Week 3,12,5,
Tyson Beckford,Jenna Johnson,Model,New York,United States,52,32,Eliminated Week 3,12,6,
Tyson Beckford,Jenna Johnson,Model,New York,United States,52,32,Eliminated Week 3,12,7,
Tyson Beckford,Jenna Johnson,Model,New York,United States,52,32,Eliminated Week 3,12,8,
Tyson Beckford,Jenna Johnson,Model,New York,United States,52,32,Eliminated Week 3,12,9,
Tyson Beckford,Jenna Johnson,Model,New York,United States,52,32,Eliminated Week 3,12,10,
Tyson Beckford,Jenna Johnson,Model,New York,United States,52,32,Eliminated Week 3,12,11,
Xochitl Gomez,Valentin Chmerkovskiy,Actor/Actress,California,United States,17,32,1st Place,1,1,6.0
Xochitl Gomez,Valentin Chmerkovskiy,Actor/Actress,California,United States,17,32,1st Place,1,2,8.0
Xochitl Gomez,Valentin Chmerkovskiy,Actor/Actress,California,United States,17,32,1st Place,1,3,8.0
Xochitl Gomez,Valentin Chmerkovskiy,Actor/Actress,California,United States,17,32,1st Place,1,4,9.0
Xochitl Gomez,Valentin Chmerkovskiy,Actor/Actress,California,United States,17,32,1st Place,1,5,9.3333
Xochitl Gomez,Valentin Chmerkovskiy,Actor/Actress,California,United States,17,32,1st Place,1,6,10.5
Xochitl Gomez,Valentin Chmerkovskiy,Actor/Actress,California,United States,17,32,1st Place,1,7,9.25
Xochitl Gomez,Valentin Chmerkovskiy,Actor/Actress,California,United States,17,32,1st Place,1,8,10.0
Xochitl Gomez,Valentin Chmerkovskiy,Actor/Actress,California,United States,17,32,1st Place,1,9,10.25
Xochitl Gomez,Valentin Chmerkovskiy,Actor/Actress,California,United States,17,32,1st Place,1,10,10.0
Xochitl Gomez,Valentin Chmerkovskiy,Actor/Actress,California,United States,17,32,1st Place,1,11,10.0
Anna Delvey,Ezra Sosa,Con artist,Russia,Russia,33,33,Eliminated Week 2,12,1,6.0
Anna Delvey,Ezra Sosa,Con artist,Russia,Russia,33,33,Eliminated Week 2,12,2,5.6667
Anna Delvey,Ezra Sosa,Con artist,Russia,Russia,33,33,Eliminated Week 2,12,3,
Anna Delvey,Ezra Sosa,Con artist,Russia,Russia,33,33,Eliminated Week 2,12,4,
Anna Delvey,Ezra Sosa,Con artist,Russia,Russia,33,33,Eliminated Week 2,12,5,
Anna Delvey,Ezra Sosa,Con artist,Russia,Russia,33,33,Eliminated Week 2,12,6,
Anna Delvey,Ezra Sosa,Con artist,Russia,Russia,33,33,Eliminated Week 2,12,7,
Anna Delvey,Ezra Sosa,Con artist,Russia,Russia,33,33,Eliminated Week 2,12,8,
Anna Delvey,Ezra Sosa,Con artist,Russia,Russia,33,33,Eliminated Week 2,12,9,
Anna Delvey,Ezra Sosa,Con artist,Russia,Russia,33,33,Eliminated Week 2,12,10,
Anna Delvey,Ezra Sosa,Con artist,Russia,Russia,33,33,Eliminated Week 2,12,11,
Brooks Nader,Gleb Savchenko,Model,New York,United States,27,33,Eliminated Week 4,9,1,6.0
Brooks Nader,Gleb Savchenko,Model,New York,United States,27,33,Eliminated Week 4,9,2,6.6667
Brooks Nader,Gleb Savchenko,Model,New York,United States,27,33,Eliminated Week 4,9,3,7.625
Brooks Nader,Gleb Savchenko,Model,New York,United States,27,33,Eliminated Week 4,9,4,8.0
Brooks Nader,Gleb Savchenko,Model,New York,United States,27,33,Eliminated Week 4,9,5,
Brooks Nader,Gleb Savchenko,Model,New York,United States,27,33,Eliminated Week 4,9,6,
Brooks Nader,Gleb Savchenko,Model,New York,United States,27,33,Eliminated Week 4,9,7,
Brooks Nader,Gleb Savchenko,Model,New York,United States,27,33,Eliminated Week 4,9,8,
Brooks Nader,Gleb Savchenko,Model,New York,United States,27,33,Eliminated Week 4,9,9,
Brooks Nader,Gleb Savchenko,Model,New York,United States,27,33,Eliminated Week 4,9,10,
Brooks Nader,Gleb Savchenko,Model,New York,United States,27,33,Eliminated Week 4,9,11,
Chandler Kinney,Brandon Armstrong,Actor/Actress,California,United States,24,33,3rd Place,3,1,7.6667
Chandler Kinney,Brandon Armstrong,Actor/Actress,California,United States,24,33,3rd Place,3,2,8.0
Chandler Kinney,Brandon Armstrong,Actor/Actress,California,United States,24,33,3rd Place,3,3,8.625
Chandler Kinney,Brandon Armstrong,Actor/Actress,California,United States,24,33,3rd Place,3,4,8.0
Chandler Kinney,Brandon Armstrong,Actor/Actress,California,United States,24,33,3rd Place,3,5,9.0
Chandler Kinney,Brandon Armstrong,Actor/Actress,California,United States,24,33,3rd Place,3,6,10.6667
Chandler Kinney,Brandon Armstrong,Actor/Actress,California,United States,24,33,3rd Place,3,7,10.0
Chandler Kinney,Brandon Armstrong,Actor/Actress,California,United States,24,33,3rd Place,3,8,9.6667
Chandler Kinney,Brandon Armstrong,Actor/Actress,California,United States,24,33,3rd Place,3,9,10.0
Chandler Kinney,Brandon Armstrong,Actor/Actress,California,United States,24,33,3rd Place,3,10,
Chandler Kinney,Brandon Armstrong,Actor/Actress,California,United States,24,33,3rd Place,3,11,
Danny Amendola,Witney Carson,Athlete,Texas,United States,39,33,5th Place,5,1,6.6667
Danny Amendola,Witney Carson,Athlete,Texas,United States,39,33,5th Place,5,2,7.0
Danny Amendola,Witney Carson,Athlete,Texas,United States,39,33,5th Place,5,3,7.5
Danny Amendola,Witney Carson,Athlete,Texas,United States,39,33,5th Place,5,4,9.0
Danny Amendola,Witney Carson,Athlete,Texas,United States,39,33,5th Place,5,5,8.5
Danny Amendola,Witney Carson,Athlete,Texas,United States,39,33,5th Place,5,6,9.3333
Danny Amendola,Witney Carson,Athlete,Texas,United States,39,33,5th Place,5,7,8.5
Danny Amendola,Witney Carson,Athlete,Texas,United States,39,33,5th Place,5,8,9.0
Danny Amendola,Witney Carson,Athlete,Texas,United States,39,33,5th Place,5,9,9.3333
Danny Amendola,Witney Carson,Athlete,Texas,United States,39,33,5th Place,5,10,
Danny Amendola,Witney Carson,Athlete,Texas,United States,39,33,5th Place,5,11,
Dwight Howard ,Daniella Karagach,Athlete,Georgia,United States,38,33,Eliminated Week 7,6,1,7.3333
Dwight Howard ,Daniella Karagach,Athlete,Georgia,United States,38,33,Eliminated Week 7,6,2,7.3333
Dwight Howard ,Daniella Karagach,Athlete,Georgia,United States,38,33,Eliminated Week 7,6,3,6.5
Dwight Howard ,Daniella Karagach,Athlete,Georgia,United States,38,33,Eliminated Week 7,6,4,7.25
Dwight Howard ,Daniella Karagach,Athlete,Georgia,United States,38,33,Eliminated Week 7,6,5,8.0
Dwight Howard ,Daniella Karagach,Athlete,Georgia,United States,38,33,Eliminated Week 7,6,6,10.3333
Dwight Howard ,Daniella Karagach,Athlete,Georgia,United States,38,33,Eliminated Week 7,6,7,8.0
Dwight Howard ,Daniella Karagach,Athlete,Georgia,United States,38,33,Eliminated Week 7,6,8,
Dwight Howard ,Daniella Karagach,Athlete,Georgia,United States,38,33,Eliminated Week 7,6,9,
Dwight Howard ,Daniella Karagach,Athlete,Georgia,United States,38,33,Eliminated Week 7,6,10,
Dwight Howard ,Daniella Karagach,Athlete,Georgia,United States,38,33,Eliminated Week 7,6,11,
Eric Roberts,Britt Stewart,Actor/Actress,California,United States,68,33,Eliminated Week 3,10,1,5.0
Eric Roberts,Britt Stewart,Actor/Actress,California,United States,68,33,Eliminated Week 3,10,2,5.0
Eric Roberts,Britt Stewart,Actor/Actress,California,United States,68,33,Eliminated Week 3,10,3,5.75
Eric Roberts,Britt Stewart,Actor/Actress,California,United States,68,33,Eliminated Week 3,10,4,
Eric Roberts,Britt Stewart,Actor/Actress,California,United States,68,33,Eliminated Week 3,10,5,
Eric Roberts,Britt Stewart,Actor/Actress,California,United States,68,33,Eliminated Week 3,10,6,
Eric Roberts,Britt Stewart,Actor/Actress,California,United States,68,33,Eliminated Week 3,10,7,
Eric Roberts,Britt Stewart,Actor/Actress,California,United States,68,33,Eliminated Week 3,10,8,
Eric Roberts,Britt Stewart,Actor/Actress,California,United States,68,33,Eliminated Week 3,10,9,
Eric Roberts,Britt Stewart,Actor/Actress,California,United States,68,33,Eliminated Week 3,10,10,
Eric Roberts,Britt Stewart,Actor/Actress,California,United States,68,33,Eliminated Week 3,10,11,
Ilona Maher,Alan Bersten,Athlete,California,United States,28,33,2nd Place,2,1,6.0
Ilona Maher,Alan Bersten,Athlete,California,United States,28,33,2nd Place,2,2,7.0
Ilona Maher,Alan Bersten,Athlete,California,United States,28,33,2nd Place,2,3,7.0
Ilona Maher,Alan Bersten,Athlete,California,United States,28,33,2nd Place,2,4,8.0
Ilona Maher,Alan Bersten,Athlete,California,United States,28,33,2nd Place,2,5,8.6667
Ilona Maher,Alan Bersten,Athlete,California,United States,28,33,2nd Place,2,6,8.0
Ilona Maher,Alan Bersten,Athlete,California,United States,28,33,2nd Place,2,7,8.6667
Ilona Maher,Alan Bersten,Athlete,California,United States,28,33,2nd Place,2,8,9.5
Ilona Maher,Alan Bersten,Athlete,California,United States,28,33,2nd Place,2,9,9.5
Ilona Maher,Alan Bersten,Athlete,California,United States,28,33,2nd Place,2,10,
Ilona Maher,Alan Bersten,Athlete,California,United States,28,33,2nd Place,2,11,
Jenn Tran,Sasha Farber,TV Personality,Florida,United States,26,33,Eliminated Week 6,7,1,6.3333
Jenn Tran,Sasha Farber,TV Personality,Florida,United States,26,33,Eliminated Week 6,7,2,6.3333
Jenn Tran,Sasha Farber,TV Personality,Florida,United States,26,33,Eliminated Week 6,7,3,7.75
Jenn Tran,Sasha Farber,TV Personality,Florida,United States,26,33,Eliminated Week 6,7,4,8.0
Jenn Tran,Sasha Farber,TV Personality,Florida,United States,26,33,Eliminated Week 6,7,5,8.5
Jenn Tran,Sasha Farber,TV Personality,Florida,United States,26,33,Eliminated Week 6,7,6,10.3333
Jenn Tran,Sasha Farber,TV Personality,Florida,United States,26,33,Eliminated Week 6,7,7,
Jenn Tran,Sasha Farber,TV Personality,Florida,United States,26,33,Eliminated Week 6,7,8,
Jenn Tran,Sasha Farber,TV Personality,Florida,United States,26,33,Eliminated Week 6,7,9,
Jenn Tran,Sasha Farber,TV Personality,Florida,United States,26,33,Eliminated Week 6,7,10,
Jenn Tran,Sasha Farber,TV Personality,Florida,United States,26,33,Eliminated Week 6,7,11,
Joey Graziadei,Jenna Johnson,TV Personality,Louisiana,United States,29,33,1st Place,1,1,7.0
Joey Graziadei,Jenna Johnson,TV Personality,Louisiana,United States,29,33,1st Place,1,2,7.3333
Joey Graziadei,Jenna Johnson,TV Personality,Louisiana,United States,29,33,1st Place,1,3,8.75
Joey Graziadei,Jenna Johnson,TV Personality,Louisiana,United States,29,33,1st Place,1,4,9.0
Joey Graziadei,Jenna Johnson,TV Personality,Louisiana,United States,29,33,1st Place,1,5,8.6667
Joey Graziadei,Jenna Johnson,TV Personality,Louisiana,United States,29,33,1st Place,1,6,10.6667
Joey Graziadei,Jenna Johnson,TV Personality,Louisiana,United States,29,33,1st Place,1,7,9.1667
Joey Graziadei,Jenna Johnson,TV Personality,Louisiana,United States,29,33,1st Place,1,8,9.6667
Joey Graziadei,Jenna Johnson,TV Personality,Louisiana,United States,29,33,1st Place,1,9,9.8333
Joey Graziadei,Jenna Johnson,TV Personality,Louisiana,United States,29,33,1st Place,1,10,
Joey Graziadei,Jenna Johnson,TV Personality,Louisiana,United States,29,33,1st Place,1,11,
Phaedra Parks,Val Chmerkovskiy,TV Personality,Georgia,United States,51,33,Eliminated Week 5,8,1,6.3333
Phaedra Parks,Val Chmerkovskiy,TV Personality,Georgia,United States,51,33,Eliminated Week 5,8,2,7.0
Phaedra Parks,Val Chmerkovskiy,TV Personality,Georgia,United States,51,33,Eliminated Week 5,8,3,7.0
Phaedra Parks,Val Chmerkovskiy,TV Personality,Georgia,United States,51,33,Eliminated Week 5,8,4,8.0
Phaedra Parks,Val Chmerkovskiy,TV Personality,Georgia,United States,51,33,Eliminated Week 5,8,5,8.0
Phaedra Parks,Val Chmerkovskiy,TV Personality,Georgia,United States,51,33,Eliminated Week 5,8,6,
Phaedra Parks,Val Chmerkovskiy,TV Personality,Georgia,United States,51,33,Eliminated Week 5,8,7,
Phaedra Parks,Val Chmerkovskiy,TV Personality,Georgia,United States,51,33,Eliminated Week 5,8,8,
Phaedra Parks,Val Chmerkovskiy,TV Personality,Georgia,United States,51,33,Eliminated Week 5,8,9,
Phaedra Parks,Val Chmerkovskiy,TV Personality,Georgia,United States,51,33,Eliminated Week 5,8,10,
Phaedra Parks,Val Chmerkovskiy,TV Personality,Georgia,United States,51,33,Eliminated Week 5,8,11,
Reginald VelJohnson,Emma Slater,Actor/Actress,New York,United States,74,33,Eliminated Week 3,10,1,5.3333
Reginald VelJohnson,Emma Slater,Actor/Actress,New York,United States,74,33,Eliminated Week 3,10,2,5.0
Reginald VelJohnson,Emma Slater,Actor/Actress,New York,United States,74,33,Eliminated Week 3,10,3,5.25
Reginald VelJohnson,Emma Slater,Actor/Actress,New York,United States,74,33,Eliminated Week 3,10,4,
Reginald VelJohnson,Emma Slater,Actor/Actress,New York,United States,74,33,Eliminated Week 3,10,5,
Reginald VelJohnson,Emma Slater,Actor/Actress,New York,United States,74,33,Eliminated Week 3,10,6,
Reginald VelJohnson,Emma Slater,Actor/Actress,New York,United States,74,33,Eliminated Week 3,10,7,
Reginald VelJohnson,Emma Slater,Actor/Actress,New York,United States,74,33,Eliminated Week 3,10,8,
Reginald VelJohnson,Emma Slater,Actor/Actress,New York,United States,74,33,Eliminated Week 3,10,9,
Reginald VelJohnson,Emma Slater,Actor/Actress,New York,United States,74,33,Eliminated Week 3,10,10,
Reginald VelJohnson,Emma Slater,Actor/Actress,New York,United States,74,33,Eliminated Week 3,10,11,
Stephen Nedoroscik,Rylee Arnold,Athlete,Florida,United States,26,33,4th Place,4,1,7.0
Stephen Nedoroscik,Rylee Arnold,Athlete,Florida,United States,26,33,4th Place,4,2,7.3333
Stephen Nedoroscik,Rylee Arnold,Athlete,Florida,United States,26,33,4th Place,4,3,7.75
Stephen Nedoroscik,Rylee Arnold,Athlete,Florida,United States,26,33,4th Place,4,4,8.25
Stephen Nedoroscik,Rylee Arnold,Athlete,Florida,United States,26,33,4th Place,4,5,8.0
Stephen Nedoroscik,Rylee Arnold,Athlete,Florida,United States,26,33,4th Place,4,6,9.3333
Stephen Nedoroscik,Rylee Arnold,Athlete,Florida,United States,26,33,4th Place,4,7,9.0
Stephen Nedoroscik,Rylee Arnold,Athlete,Florida,United States,26,33,4th Place,4,8,8.8333
Stephen Nedoroscik,Rylee Arnold,Athlete,Florida,United States,26,33,4th Place,4,9,9.8333
Stephen Nedoroscik,Rylee Arnold,Athlete,Florida,United States,26,33,4th Place,4,10,
Stephen Nedoroscik,Rylee Arnold,Athlete,Florida,United States,26,33,4th Place,4,11,
Tori Spelling,Pasha Pashkov,Actor/Actress,California,United States,51,33,Eliminated Week 2,12,1,5.6667
Tori Spelling,Pasha Pashkov,Actor/Actress,California,United States,51,33,Eliminated Week 2,12,2,6.3333
Tori Spelling,Pasha Pashkov,Actor/Actress,California,United States,51,33,Eliminated Week 2,12,3,
Tori Spelling,Pasha Pashkov,Actor/Actress,California,United States,51,33,Eliminated Week 2,12,4,
Tori Spelling,Pasha Pashkov,Actor/Actress,California,United States,51,33,Eliminated Week 2,12,5,
Tori Spelling,Pasha Pashkov,Actor/Actress,California,United States,51,33,Eliminated Week 2,12,6,
Tori Spelling,Pasha Pashkov,Actor/Actress,California,United States,51,33,Eliminated Week 2,12,7,
Tori Spelling,Pasha Pashkov,Actor/Actress,California,United States,51,33,Eliminated Week 2,12,8,
Tori Spelling,Pasha Pashkov,Actor/Actress,California,United States,51,33,Eliminated Week 2,12,9,
Tori Spelling,Pasha Pashkov,Actor/Actress,California,United States,51,33,Eliminated Week 2,12,10,
Tori Spelling,Pasha Pashkov,Actor/Actress,California,United States,51,33,Eliminated Week 2,12,11,
Alix Earle,Val Chmerkovskiy (Joey Graziadei week 9),Social media personality,Florida,United States,24,34,2nd Place,2,1,6.5
Alix Earle,Val Chmerkovskiy (Joey Graziadei week 9),Social media personality,Florida,United States,24,34,2nd Place,2,2,7.0
Alix Earle,Val Chmerkovskiy (Joey Graziadei week 9),Social media personality,Florida,United States,24,34,2nd Place,2,3,7.6667
Alix Earle,Val Chmerkovskiy (Joey Graziadei week 9),Social media personality,Florida,United States,24,34,2nd Place,2,4,8.0
Alix Earle,Val Chmerkovskiy (Joey Graziadei week 9),Social media personality,Florida,United States,24,34,2nd Place,2,5,8.75
Alix Earle,Val Chmerkovskiy (Joey Graziadei week 9),Social media personality,Florida,United States,24,34,2nd Place,2,6,8.75
Alix Earle,Val Chmerkovskiy (Joey Graziadei week 9),Social media personality,Florida,United States,24,34,2nd Place,2,7,10.75
Alix Earle,Val Chmerkovskiy (Joey Graziadei week 9),Social media personality,Florida,United States,24,34,2nd Place,2,8,9.625
Alix Earle,Val Chmerkovskiy (Joey Graziadei week 9),Social media personality,Florida,United States,24,34,2nd Place,2,9,10.0
Alix Earle,Val Chmerkovskiy (Joey Graziadei week 9),Social media personality,Florida,United States,24,34,2nd Place,2,10,9.6667
Alix Earle,Val Chmerkovskiy (Joey Graziadei week 9),Social media personality,Florida,United States,24,34,2nd Place,2,11,10.0
Andy Richter,Emma Slater/Kaitlyn Bristowe (week 9),Comedian,California,United States,59,34,Eliminated Week 9,7,1,4.5
Andy Richter,Emma Slater/Kaitlyn Bristowe (week 9),Comedian,California,United States,59,34,Eliminated Week 9,7,2,5.3333
Andy Richter,Emma Slater/Kaitlyn Bristowe (week 9),Comedian,California,United States,59,34,Eliminated Week 9,7,3,6.0
Andy Richter,Emma Slater/Kaitlyn Bristowe (week 9),Comedian,California,United States,59,34,Eliminated Week 9,7,4,6.0
Andy Richter,Emma Slater/Kaitlyn Bristowe (week 9),Comedian,California,United States,59,34,Eliminated Week 9,7,5,6.0
Andy Richter,Emma Slater/Kaitlyn Bristowe (week 9),Comedian,California,United States,59,34,Eliminated Week 9,7,6,6.75
Andy Richter,Emma Slater/Kaitlyn Bristowe (week 9),Comedian,California,United States,59,34,Eliminated Week 9,7,7,7.25
Andy Richter,Emma Slater/Kaitlyn Bristowe (week 9),Comedian,California,United States,59,34,Eliminated Week 9,7,8,8.5
Andy Richter,Emma Slater/Kaitlyn Bristowe (week 9),Comedian,California,United States,59,34,Eliminated Week 9,7,9,7.25
Andy Richter,Emma Slater/Kaitlyn Bristowe (week 9),Comedian,California,United States,59,34,Eliminated Week 9,7,10,
Andy Richter,Emma Slater/Kaitlyn Bristowe (week 9),Comedian,California,United States,59,34,Eliminated Week 9,7,11,
Baron Davis,Britt Stewart,Athlete,California,United States,46,34,Eliminated Week 2,13,1,5.0
Baron Davis,Britt Stewart,Athlete,California,United States,46,34,Eliminated Week 2,13,2,6.0
Baron Davis,Britt Stewart,Athlete,California,United States,46,34,Eliminated Week 2,13,3,
Baron Davis,Britt Stewart,Athlete,California,United States,46,34,Eliminated Week 2,13,4,
Baron Davis,Britt Stewart,Athlete,California,United States,46,34,Eliminated Week 2,13,5,
Baron Davis,Britt Stewart,Athlete,California,United States,46,34,Eliminated Week 2,13,6,
Baron Davis,Britt Stewart,Athlete,California,United States,46,34,Eliminated Week 2,13,7,
Baron Davis,Britt Stewart,Athlete,California,United States,46,34,Eliminated Week 2,13,8,
Baron Davis,Britt Stewart,Athlete,California,United States,46,34,Eliminated Week 2,13,9,
Baron Davis,Britt Stewart,Athlete,California,United States,46,34,Eliminated Week 2,13,10,
Baron Davis,Britt Stewart,Athlete,California,United States,46,34,Eliminated Week 2,13,11,
Corey Feldman,Jenna Johnson,Actor/Actress,California,United States,54,34,Eliminated Week 2,13,1,4.5
Corey Feldman,Jenna Johnson,Actor/Actress,California,United States,54,34,Eliminated Week 2,13,2,5.0
Corey Feldman,Jenna Johnson,Actor/Actress,California,United States,54,34,Eliminated Week 2,13,3,
Corey Feldman,Jenna Johnson,Actor/Actress,California,United States,54,34,Eliminated Week 2,13,4,
Corey Feldman,Jenna Johnson,Actor/Actress,California,United States,54,34,Eliminated Week 2,13,5,
Corey Feldman,Jenna Johnson,Actor/Actress,California,United States,54,34,Eliminated Week 2,13,6,
Corey Feldman,Jenna Johnson,Actor/Actress,California,United States,54,34,Eliminated Week 2,13,7,
Corey Feldman,Jenna Johnson,Actor/Actress,California,United States,54,34,Eliminated Week 2,13,8,
Corey Feldman,Jenna Johnson,Actor/Actress,California,United States,54,34,Eliminated Week 2,13,9,
Corey Feldman,Jenna Johnson,Actor/Actress,California,United States,54,34,Eliminated Week 2,13,10,
Corey Feldman,Jenna Johnson,Actor/Actress,California,United States,54,34,Eliminated Week 2,13,11,
Danielle Fishel,Pasha Pashkov,Actor/Actress,California,United States,44,34,Eliminated Week 8,8,1,6.0
Danielle Fishel,Pasha Pashkov,Actor/Actress,California,United States,44,34,Eliminated Week 8,8,2,6.3333
Danielle Fishel,Pasha Pashkov,Actor/Actress,California,United States,44,34,Eliminated Week 8,8,3,7.0
Danielle Fishel,Pasha Pashkov,Actor/Actress,California,United States,44,34,Eliminated Week 8,8,4,7.0
Danielle Fishel,Pasha Pashkov,Actor/Actress,California,United States,44,34,Eliminated Week 8,8,5,7.25
Danielle Fishel,Pasha Pashkov,Actor/Actress,California,United States,44,34,Eliminated Week 8,8,6,9.0
Danielle Fishel,Pasha Pashkov,Actor/Actress,California,United States,44,34,Eliminated Week 8,8,7,8.75
Danielle Fishel,Pasha Pashkov,Actor/Actress,California,United States,44,34,Eliminated Week 8,8,8,9.25
Danielle Fishel,Pasha Pashkov,Actor/Actress,California,United States,44,34,Eliminated Week 8,8,9,
Danielle Fishel,Pasha Pashkov,Actor/Actress,California,United States,44,34,Eliminated Week 8,8,10,
Danielle Fishel,Pasha Pashkov,Actor/Actress,California,United States,44,34,Eliminated Week 8,8,11,
Dylan Efron,Daniella Karagach (Rumer Willis week 9),TV Personality,California,United States,33,34,4th Place,4,1,5.0
Dylan Efron,Daniella Karagach (Rumer Willis week 9),TV Personality,California,United States,33,34,4th Place,4,2,6.6667
Dylan Efron,Daniella Karagach (Rumer Willis week 9),TV Personality,California,United States,33,34,4th Place,4,3,7.6667
Dylan Efron,Daniella Karagach (Rumer Willis week 9),TV Personality,California,United States,33,34,4th Place,4,4,7.6667
Dylan Efron,Daniella Karagach (Rumer Willis week 9),TV Personality,California,United States,33,34,4th Place,4,5,9.0
Dylan Efron,Daniella Karagach (Rumer Willis week 9),TV Personality,California,United States,33,34,4th Place,4,6,8.0
Dylan Efron,Daniella Karagach (Rumer Willis week 9),TV Personality,California,United States,33,34,4th Place,4,7,9.5
Dylan Efron,Daniella Karagach (Rumer Willis week 9),TV Personality,California,United States,33,34,4th Place,4,8,9.5
Dylan Efron,Daniella Karagach (Rumer Willis week 9),TV Personality,California,United States,33,34,4th Place,4,9,10.5
Dylan Efron,Daniella Karagach (Rumer Willis week 9),TV Personality,California,United States,33,34,4th Place,4,10,9.1667
Dylan Efron,Daniella Karagach (Rumer Willis week 9),TV Personality,California,United States,33,34,4th Place,4,11,9.7777
Elaine Hendrix,Alan Bersten (Rashad Jennings week 9),Actor/Actress,Georgia,United States,55,34,5th Place,5,1,6.0
Elaine Hendrix,Alan Bersten (Rashad Jennings week 9),Actor/Actress,Georgia,United States,55,34,5th Place,5,2,7.0
Elaine Hendrix,Alan Bersten (Rashad Jennings week 9),Actor/Actress,Georgia,United States,55,34,5th Place,5,3,7.0
Elaine Hendrix,Alan Bersten (Rashad Jennings week 9),Actor/Actress,Georgia,United States,55,34,5th Place,5,4,8.0
Elaine Hendrix,Alan Bersten (Rashad Jennings week 9),Actor/Actress,Georgia,United States,55,34,5th Place,5,5,7.5
Elaine Hendrix,Alan Bersten (Rashad Jennings week 9),Actor/Actress,Georgia,United States,55,34,5th Place,5,6,9.0
Elaine Hendrix,Alan Bersten (Rashad Jennings week 9),Actor/Actress,Georgia,United States,55,34,5th Place,5,7,8.0
Elaine Hendrix,Alan Bersten (Rashad Jennings week 9),Actor/Actress,Georgia,United States,55,34,5th Place,5,8,9.375
Elaine Hendrix,Alan Bersten (Rashad Jennings week 9),Actor/Actress,Georgia,United States,55,34,5th Place,5,9,9.0
Elaine Hendrix,Alan Bersten (Rashad Jennings week 9),Actor/Actress,Georgia,United States,55,34,5th Place,5,10,9.5
Elaine Hendrix,Alan Bersten (Rashad Jennings week 9),Actor/Actress,Georgia,United States,55,34,5th Place,5,11,9.6666
Hilaria Baldwin,Gleb Savchenko,Entrepreneur,New York,United States,41,34,Eliminated Week 4,11,1,7.0
Hilaria Baldwin,Gleb Savchenko,Entrepreneur,New York,United States,41,34,Eliminated Week 4,11,2,7.0
Hilaria Baldwin,Gleb Savchenko,Entrepreneur,New York,United States,41,34,Eliminated Week 4,11,3,7.3333
Hilaria Baldwin,Gleb Savchenko,Entrepreneur,New York,United States,41,34,Eliminated Week 4,11,4,7.6667
Hilaria Baldwin,Gleb Savchenko,Entrepreneur,New York,United States,41,34,Eliminated Week 4,11,5,
Hilaria Baldwin,Gleb Savchenko,Entrepreneur,New York,United States,41,34,Eliminated Week 4,11,6,
Hilaria Baldwin,Gleb Savchenko,Entrepreneur,New York,United States,41,34,Eliminated Week 4,11,7,
Hilaria Baldwin,Gleb Savchenko,Entrepreneur,New York,United States,41,34,Eliminated Week 4,11,8,
Hilaria Baldwin,Gleb Savchenko,Entrepreneur,New York,United States,41,34,Eliminated Week 4,11,9,
Hilaria Baldwin,Gleb Savchenko,Entrepreneur,New York,United States,41,34,Eliminated Week 4,11,10,
Hilaria Baldwin,Gleb Savchenko,Entrepreneur,New York,United States,41,34,Eliminated Week 4,11,11,
Jen Affleck,Jan Ravnik,TV Personality,Utah,United States,26,34,Eliminated Week 7,9,1,6.0
Jen Affleck,Jan Ravnik,TV Personality,Utah,United States,26,34,Eliminated Week 7,9,2,7.3333
Jen Affleck,Jan Ravnik,TV Personality,Utah,United States,26,34,Eliminated Week 7,9,3,6.3333
Jen Affleck,Jan Ravnik,TV Personality,Utah,United States,26,34,Eliminated Week 7,9,4,7.6667
Jen Affleck,Jan Ravnik,TV Personality,Utah,United States,26,34,Eliminated Week 7,9,5,7.25
Jen Affleck,Jan Ravnik,TV Personality,Utah,United States,26,34,Eliminated Week 7,9,6,8.0
Jen Affleck,Jan Ravnik,TV Personality,Utah,United States,26,34,Eliminated Week 7,9,7,8.5
Jen Affleck,Jan Ravnik,TV Personality,Utah,United States,26,34,Eliminated Week 7,9,8,
Jen Affleck,Jan Ravnik,TV Personality,Utah,United States,26,34,Eliminated Week 7,9,9,
Jen Affleck,Jan Ravnik,TV Personality,Utah,United States,26,34,Eliminated Week 7,9,10,
Jen Affleck,Jan Ravnik,TV Personality,Utah,United States,26,34,Eliminated Week 7,9,11,
Jordan Chiles,Ezra Sosa (Apolo Anton Ohno week 9),Athlete,Texas,United States,24,34,3rd Place,3,1,5.0
Jordan Chiles,Ezra Sosa (Apolo Anton Ohno week 9),Athlete,Texas,United States,24,34,3rd Place,3,2,7.3333
Jordan Chiles,Ezra Sosa (Apolo Anton Ohno week 9),Athlete,Texas,United States,24,34,3rd Place,3,3,8.0
Jordan Chiles,Ezra Sosa (Apolo Anton Ohno week 9),Athlete,Texas,United States,24,34,3rd Place,3,4,8.0
Jordan Chiles,Ezra Sosa (Apolo Anton Ohno week 9),Athlete,Texas,United States,24,34,3rd Place,3,5,8.0
Jordan Chiles,Ezra Sosa (Apolo Anton Ohno week 9),Athlete,Texas,United States,24,34,3rd Place,3,6,9.75
Jordan Chiles,Ezra Sosa (Apolo Anton Ohno week 9),Athlete,Texas,United States,24,34,3rd Place,3,7,9.5
Jordan Chiles,Ezra Sosa (Apolo Anton Ohno week 9),Athlete,Texas,United States,24,34,3rd Place,3,8,9.75
Jordan Chiles,Ezra Sosa (Apolo Anton Ohno week 9),Athlete,Texas,United States,24,34,3rd Place,3,9,9.75
Jordan Chiles,Ezra Sosa (Apolo Anton Ohno week 9),Athlete,Texas,United States,24,34,3rd Place,3,10,9.5
Jordan Chiles,Ezra Sosa (Apolo Anton Ohno week 9),Athlete,Texas,United States,24,34,3rd Place,3,11,9.8889
Lauren Jauregui,Brandon Armstrong,Singer/Rapper,Florida,United States,29,34,Eliminated Week 3,12,1,6.5
Lauren Jauregui,Brandon Armstrong,Singer/Rapper,Florida,United States,29,34,Eliminated Week 3,12,2,7.0
Lauren Jauregui,Brandon Armstrong,Singer/Rapper,Florida,United States,29,34,Eliminated Week 3,12,3,6.0
Lauren Jauregui,Brandon Armstrong,Singer/Rapper,Florida,United States,29,34,Eliminated Week 3,12,4,
Lauren Jauregui,Brandon Armstrong,Singer/Rapper,Florida,United States,29,34,Eliminated Week 3,12,5,
Lauren Jauregui,Brandon Armstrong,Singer/Rapper,Florida,United States,29,34,Eliminated Week 3,12,6,
Lauren Jauregui,Brandon Armstrong,Singer/Rapper,Florida,United States,29,34,Eliminated Week 3,12,7,
Lauren Jauregui,Brandon Armstrong,Singer/Rapper,Florida,United States,29,34,Eliminated Week 3,12,8,
Lauren Jauregui,Brandon Armstrong,Singer/Rapper,Florida,United States,29,34,Eliminated Week 3,12,9,
Lauren Jauregui,Brandon Armstrong,Singer/Rapper,Florida,United States,29,34,Eliminated Week 3,12,10,
Lauren Jauregui,Brandon Armstrong,Singer/Rapper,Florida,United States,29,34,Eliminated Week 3,12,11,
Robert Irwin,Witney Carson (Xoshitl Gomez week 9),Conservationist,Australia,Australia,22,34,1st Place,1,1,7.5
Robert Irwin,Witney Carson (Xoshitl Gomez week 9),Conservationist,Australia,Australia,22,34,1st Place,1,2,7.3333
Robert Irwin,Witney Carson (Xoshitl Gomez week 9),Conservationist,Australia,Australia,22,34,1st Place,1,3,7.3333
Robert Irwin,Witney Carson (Xoshitl Gomez week 9),Conservationist,Australia,Australia,22,34,1st Place,1,4,7.3333
Robert Irwin,Witney Carson (Xoshitl Gomez week 9),Conservationist,Australia,Australia,22,34,1st Place,1,5,8.75
Robert Irwin,Witney Carson (Xoshitl Gomez week 9),Conservationist,Australia,Australia,22,34,1st Place,1,6,9.0
Robert Irwin,Witney Carson (Xoshitl Gomez week 9),Conservationist,Australia,Australia,22,34,1st Place,1,7,10.25
Robert Irwin,Witney Carson (Xoshitl Gomez week 9),Conservationist,Australia,Australia,22,34,1st Place,1,8,9.5
Robert Irwin,Witney Carson (Xoshitl Gomez week 9),Conservationist,Australia,Australia,22,34,1st Place,1,9,10.5
Robert Irwin,Witney Carson (Xoshitl Gomez week 9),Conservationist,Australia,Australia,22,34,1st Place,1,10,9.8333
Robert Irwin,Witney Carson (Xoshitl Gomez week 9),Conservationist,Australia,Australia,22,34,1st Place,1,11,9.8889
Scott Hoying,Rylee Arnold,Singer/Rapper,California,United States,34,34,Eliminated Week 6,10,1,5.0
Scott Hoying,Rylee Arnold,Singer/Rapper,California,United States,34,34,Eliminated Week 6,10,2,6.0
Scott Hoying,Rylee Arnold,Singer/Rapper,California,United States,34,34,Eliminated Week 6,10,3,7.3333
Scott Hoying,Rylee Arnold,Singer/Rapper,California,United States,34,34,Eliminated Week 6,10,4,7.0
Scott Hoying,Rylee Arnold,Singer/Rapper,California,United States,34,34,Eliminated Week 6,10,5,7.5
Scott Hoying,Rylee Arnold,Singer/Rapper,California,United States,34,34,Eliminated Week 6,10,6,7.0
Scott Hoying,Rylee Arnold,Singer/Rapper,California,United States,34,34,Eliminated Week 6,10,7,
Scott Hoying,Rylee Arnold,Singer/Rapper,California,United States,34,34,Eliminated Week 6,10,8,
Scott Hoying,Rylee Arnold,Singer/Rapper,California,United States,34,34,Eliminated Week 6,10,9,
Scott Hoying,Rylee Arnold,Singer/Rapper,California,United States,34,34,Eliminated Week 6,10,10,
Scott Hoying,Rylee Arnold,Singer/Rapper,California,United States,34,34,Eliminated Week 6,10,11,
Whitney Leavitt,Mark Ballas,TV Personality,Utah,United States,32,34,Eliminated Week 10,6,1,7.5
Whitney Leavitt,Mark Ballas,TV Personality,Utah,United States,32,34,Eliminated Week 10,6,2,7.3333
Whitney Leavitt,Mark Ballas,TV Personality,Utah,United States,32,34,Eliminated Week 10,6,3,8.0
Whitney Leavitt,Mark Ballas,TV Personality,Utah,United States,32,34,Eliminated Week 10,6,4,8.3333
Whitney Leavitt,Mark Ballas,TV Personality,Utah,United States,32,34,Eliminated Week 10,6,5,8.25
Whitney Leavitt,Mark Ballas,TV Personality,Utah,United States,32,34,Eliminated Week 10,6,6,9.75
Whitney Leavitt,Mark Ballas,TV Personality,Utah,United States,32,34,Eliminated Week 10,6,7,10.5
Whitney Leavitt,Mark Ballas,TV Personality,Utah,United States,32,34,Eliminated Week 10,6,8,9.875
Whitney Leavitt,Mark Ballas,TV Personality,Utah,United States,32,34,Eliminated Week 10,6,9,10.5
Whitney Leavitt,Mark Ballas,TV Personality,Utah,United States,32,34,Eliminated Week 10,6,10,9.6667
Whitney Leavitt,Mark Ballas,TV Personality,Utah,United States,32,34,Eliminated Week 10,6,11,
