celebrity_name,ballroom_partner,celebrity_industry,celebrity_homestate,celebrity_homecountry/region,celebrity_age_during_season,season,results,placement,week1_judge1_score,week1_judge2_score,week1_judge3_score,week1_judge4_score,week2_judge1_score,week2_judge2_score,week2_judge3_score,week2_judge4_score,week3_judge1_score,week3_judge2_score,week3_judge3_score,week3_judge4_score,week4_judge1_score,week4_judge2_score,week4_judge3_score,week4_judge4_score,week5_judge1_score,week5_judge2_score,week5_judge3_score,week5_judge4_score,week6_judge1_score,week6_judge2_score,week6_judge3_score,week6_judge4_score,week7_judge1_score,week7_judge2_score,week7_judge3_score,week7_judge4_score,week8_judge1_score,week8_judge2_score,week8_judge3_score,week8_judge4_score,week9_judge1_score,week9_judge2_score,week9_judge3_score,week9_judge4_score,week10_judge1_score,week10_judge2_score,week10_judge3_score,week10_judge4_score,week11_judge1_score,week11_judge2_score,week11_judge3_score,week11_judge4_score,week1_judge_score_sum,week1_judge_count,week1_judge_score_avg,week1_judge_score_avg_rank,week2_judge_score_sum,week2_judge_count,week2_judge_score_avg,week2_judge_score_avg_rank,week3_judge_score_sum,week3_judge_count,week3_judge_score_avg,week3_judge_score_avg_rank,week4_judge_score_sum,week4_judge_count,week4_judge_score_avg,week4_judge_score_avg_rank,week5_judge_score_sum,week5_judge_count,week5_judge_score_avg,week5_judge_score_avg_rank,week6_judge_score_sum,week6_judge_count,week6_judge_score_avg,week6_judge_score_avg_rank,week7_judge_score_sum,week7_judge_count,week7_judge_score_avg,week7_judge_score_avg_rank,week8_judge_score_sum,week8_judge_count,week8_judge_score_avg,week8_judge_score_avg_rank,week9_judge_score_sum,week9_judge_count,week9_judge_score_avg,week9_judge_score_avg_rank,week10_judge_score_sum,week10_judge_count,week10_judge_score_avg,week10_judge_score_avg_rank,week11_judge_score_sum,week11_judge_count,week11_judge_score_avg,week11_judge_score_avg_rank
John O'Hurley,Charlotte Jorgensen,Actor/Actress,Maine,United States,50,1,2nd Place,2,7.0,7.0,6.0,,8.0,9.0,9.0,,9.0,8.0,7.0,,7.0,8.0,6.0,,9.0,9.0,9.0,,9.0,9.0,9.0,,,,,,,,,,,,,,,,,,,,,,20.0,3,6.666666666666667,1,26.0,3,8.666666666666666,1,24.0,3,8.0,2,21.0,3,7.0,3,27.0,3,9.0,1,27.0,3,9.0,2,N/A,N/A,N/A,N/A,N/A,N/A,N/A,N/A,N/A,N/A,N/A,N/A,N/A,N/A,N/A,N/A,N/A,N/A,N/A,N/A
Kelly Monaco,Alec Mazo,Actor/Actress,Pennsylvania,United States,29,1,1st Place,1,5.0,4.0,4.0,,5.0,6.0,6.0,,6.0,7.0,8.0,,9.0,9.0,8.0,,8.5,7.5,7.5,,8.5,9.5,9.5,,,,,,,,,,,,,,,,,,,,,,13.0,3,4.333333333333333,6,17.0,3,5.666666666666667,5,21.0,3,7.0,4,26.0,3,8.666666666666666,1,23.5,3,7.833333333333333,2,27.5,3,9.166666666666666,1,N/A,N/A,N/A,N/A,N/A,N/A,N/A,N/A,N/A,N/A,N/A,N/A,N/A,N/A,N/A,N/A,N/A,N/A,N/A,N/A
Evander Holyfield,Edyta Sliwinska,Athlete,Alabama,United States,42,1,Eliminated Week 3,5,5.0,7.0,6.0,,5.0,4.0,5.0,,5.0,4.0,4.0,,0.0,0.0,0.0,,0.0,0.0,0.0,,0.0,0.0,0.0,,,,,,,,,,,,,,,,,,,,,,18.0,3,6.0,4,14.0,3,4.666666666666667,6,13.0,3,4.333333333333333,5,0.0,3,0.0,5,0.0,3,0.0,4,0.0,3,0.0,3,N/A,N/A,N/A,N/A,N/A,N/A,N/A,N/A,N/A,N/A,N/A,N/A,N/A,N/A,N/A,N/A,N/A,N/A,N/A,N/A
Rachel Hunter,Jonathan Roberts,Model,,New Zealand,35,1,Eliminated Week 4,4,7.0,6.0,7.0,,8.0,8.0,8.0,,8.0,9.0,9.0,,7.0,9.0,9.0,,0.0,0.0,0.0,,0.0,0.0,0.0,,,,,,,,,,,,,,,,,,,,,,20.0,3,6.666666666666667,1,24.0,3,8.0,2,26.0,3,8.666666666666666,1,25.0,3,8.333333333333334,2,0.0,3,0.0,4,0.0,3,0.0,3,N/A,N/A,N/A,N/A,N/A,N/A,N/A,N/A,N/A,N/A,N/A,N/A,N/A,N/A,N/A,N/A,N/A,N/A,N/A,N/A
Joey McIntyre,Ashly DelGrosso,Singer/Rapper,Massachusetts,United States,32,1,3rd Place,3,7.0,7.0,6.0,,8.0,7.0,6.0,,7.0,7.0,8.0,,7.0,6.0,7.0,,8.5,7.0,7.0,,0.0,0.0,0.0,,,,,,,,,,,,,,,,,,,,,,20.0,3,6.666666666666667,1,21.0,3,7.0,3,22.0,3,7.333333333333333,3,20.0,3,6.666666666666667,4,22.5,3,7.5,3,0.0,3,0.0,3,N/A,N/A,N/A,N/A,N/A,N/A,N/A,N/A,N/A,N/A,N/A,N/A,N/A,N/A,N/A,N/A,N/A,N/A,N/A,N/A
Trista Sutter,Louis van Amstel,TV Personality,Indiana,United States,32,1,Eliminated Week 2,6,6.0,6.0,6.0,,6.0,7.0,6.0,,0.0,0.0,0.0,,0.0,0.0,0.0,,0.0,0.0,0.0,,0.0,0.0,0.0,,,,,,,,,,,,,,,,,,,,,,18.0,3,6.0,4,19.0,3,6.333333333333333,4,0.0,3,0.0,6,0.0,3,0.0,5,0.0,3,0.0,4,0.0,3,0.0,3,N/A,N/A,N/A,N/A,N/A,N/A,N/A,N/A,N/A,N/A,N/A,N/A,N/A,N/A,N/A,N/A,N/A,N/A,N/A,N/A
Tatum O'Neal,Nick Kosovich,Actor/Actress,California,United States,42,2,Eliminated Week 2,9,7.0,8.0,8.0,,5.0,6.0,6.0,,0.0,0.0,0.0,,0.0,0.0,0.0,,0.0,0.0,0.0,,0.0,0.0,0.0,,0.0,0.0,0.0,,0.0,0.0,0.0,,,,,,,,,,,,,,23.0,3,7.666666666666667,2,17.0,3,5.666666666666667,8,0.0,3,0.0,9,0.0,3,0.0,8,0.0,3,0.0,7,0.0,3,0.0,6,0.0,3,0.0,5,0.0,3,0.0,4,N/A,N/A,N/A,N/A,N/A,N/A,N/A,N/A,N/A,N/A,N/A,N/A
Tia Carrere,Maksim Chmerkoskiy,Actor/Actress,Hawaii,United States,39,2,Eliminated Week 5,6,6.0,7.0,7.0,,7.0,8.0,7.0,,9.0,8.0,9.0,,9.0,8.0,8.0,,7.0,7.0,8.0,,0.0,0.0,0.0,,0.0,0.0,0.0,,0.0,0.0,0.0,,,,,,,,,,,,,,20.0,3,6.666666666666667,6,22.0,3,7.333333333333333,5,26.0,3,8.666666666666666,3,25.0,3,8.333333333333334,4,22.0,3,7.333333333333333,6,0.0,3,0.0,6,0.0,3,0.0,5,0.0,3,0.0,4,N/A,N/A,N/A,N/A,N/A,N/A,N/A,N/A,N/A,N/A,N/A,N/A
George Hamilton,Edyta Sliwinska,Actor/Actress,Tennessee,United States,66,2,Eliminated Week 6,5,7.0,5.0,6.0,,8.0,7.0,7.0,,7.0,7.0,8.0,,7.0,7.0,7.0,,8.0,8.0,8.0,,8.0,7.0,8.0,,0.0,0.0,0.0,,0.0,0.0,0.0,,,,,,,,,,,,,,18.0,3,6.0,8,22.0,3,7.333333333333333,5,22.0,3,7.333333333333333,5,21.0,3,7.0,6,24.0,3,8.0,4,23.0,3,7.666666666666667,4,0.0,3,0.0,5,0.0,3,0.0,4,N/A,N/A,N/A,N/A,N/A,N/A,N/A,N/A,N/A,N/A,N/A,N/A
Lisa Rinna,Louis van Amstel,Actor/Actress,California,United States,42,2,Eliminated Week 7,4,5.0,7.0,7.0,,6.0,7.0,7.0,,8.0,8.0,9.0,,9.0,9.0,8.0,,7.0,9.0,9.0,,9.0,9.0,9.0,,8.5,9.0,9.0,,0.0,0.0,0.0,,,,,,,,,,,,,,19.0,3,6.333333333333333,7,20.0,3,6.666666666666667,7,25.0,3,8.333333333333334,4,26.0,3,8.666666666666666,2,25.0,3,8.333333333333334,3,27.0,3,9.0,3,26.5,3,8.833333333333334,3,0.0,3,0.0,4,N/A,N/A,N/A,N/A,N/A,N/A,N/A,N/A,N/A,N/A,N/A,N/A
Stacy Keibler,Tony Dovolani,Athlete,Maryland,United States,26,2,3rd Place,3,8.0,6.0,8.0,,9.0,10.0,10.0,,9.0,9.0,9.0,,8.0,9.0,9.0,,10.0,10.0,10.0,,10.0,10.0,10.0,,9.0,9.0,9.5,,9.3333,9.6666,9.6666,,,,,,,,,,,,,,22.0,3,7.333333333333333,4,29.0,3,9.666666666666666,1,27.0,3,9.0,1,26.0,3,8.666666666666666,2,30.0,3,10.0,1,30.0,3,10.0,1,27.5,3,9.166666666666666,1,28.6665,3,9.5555,2,N/A,N/A,N/A,N/A,N/A,N/A,N/A,N/A,N/A,N/A,N/A,N/A
Jerry Rice,Anna Trebunskaya,Athlete,Mississippi,United States,43,2,2nd Place,2,7.0,7.0,7.0,,7.0,8.0,8.0,,7.0,6.0,6.0,,8.0,8.0,8.0,,7.0,8.0,8.0,,8.0,7.0,8.0,,7.0,7.0,6.5,,9.0,9.0,8.6666,,,,,,,,,,,,,,21.0,3,7.0,5,23.0,3,7.666666666666667,4,19.0,3,6.333333333333333,7,24.0,3,8.0,5,23.0,3,7.666666666666667,5,23.0,3,7.666666666666667,4,20.5,3,6.833333333333333,4,26.666600000000003,3,8.888866666666667,3,N/A,N/A,N/A,N/A,N/A,N/A,N/A,N/A,N/A,N/A,N/A,N/A
Giselle Fernandez,Jonathan Roberts,News Anchor,,Mexico,44,2,Eliminated Week 3,8,7.0,8.0,8.0,,8.0,8.0,8.0,,7.0,8.0,7.0,,0.0,0.0,0.0,,0.0,0.0,0.0,,0.0,0.0,0.0,,0.0,0.0,0.0,,0.0,0.0,0.0,,,,,,,,,,,,,,23.0,3,7.666666666666667,2,24.0,3,8.0,3,22.0,3,7.333333333333333,5,0.0,3,0.0,8,0.0,3,0.0,7,0.0,3,0.0,6,0.0,3,0.0,5,0.0,3,0.0,4,N/A,N/A,N/A,N/A,N/A,N/A,N/A,N/A,N/A,N/A,N/A,N/A
Master P,Ashly DelGrosso,Singer/Rapper,Louisiana,United States,35,2,Eliminated Week 4,7,4.0,4.0,4.0,,6.0,5.0,5.0,,6.0,4.0,4.0,,4.0,2.0,2.0,,0.0,0.0,0.0,,0.0,0.0,0.0,,0.0,0.0,0.0,,0.0,0.0,0.0,,,,,,,,,,,,,,12.0,3,4.0,10,16.0,3,5.333333333333333,9,14.0,3,4.666666666666667,8,8.0,3,2.6666666666666665,7,0.0,3,0.0,7,0.0,3,0.0,6,0.0,3,0.0,5,0.0,3,0.0,4,N/A,N/A,N/A,N/A,N/A,N/A,N/A,N/A,N/A,N/A,N/A,N/A
Drew Lachey,Cheryl Burke,Singer/Rapper,Ohio,United States,29,2,1st Place,1,8.0,8.0,8.0,,9.0,9.0,9.0,,9.0,9.0,9.0,,9.0,9.0,10.0,,9.0,9.0,9.0,,10.0,10.0,10.0,,9.5,9.0,9.0,,9.6666,9.6666,9.6666,,,,,,,,,,,,,,24.0,3,8.0,1,27.0,3,9.0,2,27.0,3,9.0,1,28.0,3,9.333333333333334,1,27.0,3,9.0,2,30.0,3,10.0,1,27.5,3,9.166666666666666,1,28.9998,3,9.6666,1,N/A,N/A,N/A,N/A,N/A,N/A,N/A,N/A,N/A,N/A,N/A,N/A
Kenny Mayne,Andrea Hale,Sports Broadcaster,Washington,United States,46,2,Eliminated Week 1,10,4.0,5.0,4.0,,0.0,0.0,0.0,,0.0,0.0,0.0,,0.0,0.0,0.0,,0.0,0.0,0.0,,0.0,0.0,0.0,,0.0,0.0,0.0,,0.0,0.0,0.0,,,,,,,,,,,,,,13.0,3,4.333333333333333,9,0.0,3,0.0,10,0.0,3,0.0,9,0.0,3,0.0,8,0.0,3,0.0,7,0.0,3,0.0,6,0.0,3,0.0,5,0.0,3,0.0,4,N/A,N/A,N/A,N/A,N/A,N/A,N/A,N/A,N/A,N/A,N/A,N/A
Harry Hamlin,Ashly DelGrosso,Actor/Actress,California,United States,54,3,Eliminated Week 3,9,5.0,6.0,6.0,,7.0,7.0,7.0,,7.0,8.0,7.0,,0.0,0.0,0.0,,0.0,0.0,0.0,,0.0,0.0,0.0,,0.0,0.0,0.0,,0.0,0.0,0.0,,0.0,0.0,0.0,,0.0,0.0,0.0,,,,,,17.0,3,5.666666666666667,8,21.0,3,7.0,7,22.0,3,7.333333333333333,4,0.0,3,0.0,9,0.0,3,0.0,8,0.0,3,0.0,6,0.0,3,0.0,6,0.0,3,0.0,5,0.0,3,0.0,4,0.0,3,0.0,3,N/A,N/A,N/A,N/A
Vivica A. Fox,Nick Kosovich,Actor/Actress,Indiana,United States,42,3,Eliminated Week 4,8,6.0,8.0,8.0,,8.0,8.0,8.0,,9.0,9.0,9.0,,8.0,8.0,8.0,,0.0,0.0,0.0,,0.0,0.0,0.0,,0.0,0.0,0.0,,0.0,0.0,0.0,,0.0,0.0,0.0,,0.0,0.0,0.0,,,,,,22.0,3,7.333333333333333,3,24.0,3,8.0,3,27.0,3,9.0,1,24.0,3,8.0,4,0.0,3,0.0,8,0.0,3,0.0,6,0.0,3,0.0,6,0.0,3,0.0,5,0.0,3,0.0,4,0.0,3,0.0,3,N/A,N/A,N/A,N/A
Monique Coleman,Louis van Amstel,Actor/Actress,South Carolina,United States,25,3,Eliminated Week 8,4,6.0,6.0,7.0,,9.0,8.0,9.0,,9.0,9.0,9.0,,8.0,8.0,8.0,,9.0,9.0,9.0,,9.0,7.0,7.0,,9.0,9.0,9.0,,8.5,9.0,9.0,,0.0,0.0,0.0,,0.0,0.0,0.0,,,,,,19.0,3,6.333333333333333,6,26.0,3,8.666666666666666,2,27.0,3,9.0,1,24.0,3,8.0,4,27.0,3,9.0,1,23.0,3,7.666666666666667,4,27.0,3,9.0,4,26.5,3,8.833333333333334,4,0.0,3,0.0,4,0.0,3,0.0,3,N/A,N/A,N/A,N/A
Joey Lawrence,Edyta Sliwinska,Actor/Actress,Pennsylvania,United States,30,3,3rd Place,3,7.0,7.0,7.0,,10.0,9.0,10.0,,8.0,6.0,8.0,,9.0,9.0,9.0,,8.0,8.0,9.0,,8.0,8.0,8.0,,9.5,9.0,10.0,,9.5,8.5,9.0,,9.5,10.0,10.0,,0.0,0.0,0.0,,,,,,21.0,3,7.0,5,29.0,3,9.666666666666666,1,22.0,3,7.333333333333333,4,27.0,3,9.0,3,25.0,3,8.333333333333334,5,24.0,3,8.0,3,28.5,3,9.5,1,27.0,3,9.0,2,29.5,3,9.833333333333334,1,0.0,3,0.0,3,N/A,N/A,N/A,N/A
Mario Lopez,Karina Smirnoff,Actor/Actress,California,United States,32,3,2nd Place,2,9.0,8.0,9.0,,7.0,6.0,8.0,,8.0,6.0,8.0,,10.0,9.0,10.0,,9.0,9.0,9.0,,9.0,9.0,10.0,,9.5,9.0,9.5,,9.5,9.0,10.0,,10.0,9.5,10.0,,10.0,10.0,9.6666,,,,,,26.0,3,8.666666666666666,1,21.0,3,7.0,7,22.0,3,7.333333333333333,4,29.0,3,9.666666666666666,1,27.0,3,9.0,1,28.0,3,9.333333333333334,1,28.0,3,9.333333333333334,3,28.5,3,9.5,1,29.5,3,9.833333333333334,1,29.666600000000003,3,9.888866666666667,1,N/A,N/A,N/A,N/A
Emmitt Smith,Cheryl Burke,Athlete,Florida,United States,37,3,1st Place,1,8.0,8.0,8.0,,8.0,8.0,8.0,,7.0,6.0,6.0,,8.0,8.0,8.0,,9.0,9.0,9.0,,8.0,8.0,9.0,,10.0,9.5,9.0,,8.5,9.0,9.5,,9.5,10.0,10.0,,10.0,9.6666,10.0,,,,,,24.0,3,8.0,2,24.0,3,8.0,3,19.0,3,6.333333333333333,9,24.0,3,8.0,4,27.0,3,9.0,1,25.0,3,8.333333333333334,2,28.5,3,9.5,1,27.0,3,9.0,2,29.5,3,9.833333333333334,1,29.666600000000003,3,9.888866666666667,1,N/A,N/A,N/A,N/A
Shanna Moakler,Jesse DeSoto,Model,Rhode Island,United States,31,3,Eliminated Week 2,10,7.0,5.0,6.0,,8.0,7.0,7.0,,0.0,0.0,0.0,,0.0,0.0,0.0,,0.0,0.0,0.0,,0.0,0.0,0.0,,0.0,0.0,0.0,,0.0,0.0,0.0,,0.0,0.0,0.0,,0.0,0.0,0.0,,,,,,18.0,3,6.0,7,22.0,3,7.333333333333333,6,0.0,3,0.0,10,0.0,3,0.0,9,0.0,3,0.0,8,0.0,3,0.0,6,0.0,3,0.0,6,0.0,3,0.0,5,0.0,3,0.0,4,0.0,3,0.0,3,N/A,N/A,N/A,N/A
Willa Ford,Maksim Chmerkoskiy,Singer/Rapper,Florida,United States,25,3,Eliminated Week 5,7,7.0,7.0,8.0,,7.0,8.0,8.0,,7.0,7.0,8.0,,9.0,9.0,10.0,,9.0,9.0,9.0,,0.0,0.0,0.0,,0.0,0.0,0.0,,0.0,0.0,0.0,,0.0,0.0,0.0,,0.0,0.0,0.0,,,,,,22.0,3,7.333333333333333,3,23.0,3,7.666666666666667,5,22.0,3,7.333333333333333,4,28.0,3,9.333333333333334,2,27.0,3,9.0,1,0.0,3,0.0,6,0.0,3,0.0,6,0.0,3,0.0,5,0.0,3,0.0,4,0.0,3,0.0,3,N/A,N/A,N/A,N/A
Sara Evans,Tony Dovolani,Singer/Rapper,Missouri,United States,35,3,Withdrew,6,5.0,5.0,5.0,,7.0,7.0,7.0,,8.0,9.0,8.0,,6.0,7.0,7.0,,8.0,8.0,8.0,,0.0,0.0,0.0,,0.0,0.0,0.0,,0.0,0.0,0.0,,0.0,0.0,0.0,,0.0,0.0,0.0,,,,,,15.0,3,5.0,10,21.0,3,7.0,7,25.0,3,8.333333333333334,3,20.0,3,6.666666666666667,8,24.0,3,8.0,6,0.0,3,0.0,6,0.0,3,0.0,6,0.0,3,0.0,5,0.0,3,0.0,4,0.0,3,0.0,3,N/A,N/A,N/A,N/A
Jerry Springer,Kym Johnson,TV Personality,,England,62,3,Eliminated Week 7,5,5.0,5.0,6.0,,7.0,6.0,6.0,,7.0,7.0,7.0,,7.0,7.0,8.0,,8.0,8.0,8.0,,7.0,6.0,5.0,,7.5,8.0,7.5,,0.0,0.0,0.0,,0.0,0.0,0.0,,0.0,0.0,0.0,,,,,,16.0,3,5.333333333333333,9,19.0,3,6.333333333333333,10,21.0,3,7.0,8,22.0,3,7.333333333333333,7,24.0,3,8.0,6,18.0,3,6.0,5,23.0,3,7.666666666666667,5,0.0,3,0.0,5,0.0,3,0.0,4,0.0,3,0.0,3,N/A,N/A,N/A,N/A
Tucker Carlson,Elena Grinenko,TV Personality,California,United States,37,3,Eliminated Week 1,11,5.0,4.0,3.0,,0.0,0.0,0.0,,0.0,0.0,0.0,,0.0,0.0,0.0,,0.0,0.0,0.0,,0.0,0.0,0.0,,0.0,0.0,0.0,,0.0,0.0,0.0,,0.0,0.0,0.0,,0.0,0.0,0.0,,,,,,12.0,3,4.0,11,0.0,3,0.0,11,0.0,3,0.0,10,0.0,3,0.0,9,0.0,3,0.0,8,0.0,3,0.0,6,0.0,3,0.0,6,0.0,3,0.0,5,0.0,3,0.0,4,0.0,3,0.0,3,N/A,N/A,N/A,N/A
John Ratzenberger,Edyta Sliwinska,Actor/Actress,Connecticut,United States,59,4,Eliminated Week 7,6,6.0,5.0,6.0,,7.0,7.0,7.0,,7.0,6.0,7.0,,6.0,5.0,5.0,,6.0,6.0,6.0,,7.0,6.0,6.0,,7.5,7.5,7.5,,0.0,0.0,0.0,,0.0,0.0,0.0,,0.0,0.0,0.0,,,,,,17.0,3,5.666666666666667,8,21.0,3,7.0,6,20.0,3,6.666666666666667,9,16.0,3,5.333333333333333,7,18.0,3,6.0,6,19.0,3,6.333333333333333,7,22.5,3,7.5,5,0.0,3,0.0,6,0.0,3,0.0,5,0.0,3,0.0,4,N/A,N/A,N/A,N/A
Ian Ziering,Cheryl Burke,Actor/Actress,New Jersey,United States,42,4,Eliminated Week 9,4,7.0,7.0,7.0,,7.0,8.0,7.0,,8.0,8.0,8.0,,7.0,9.0,8.0,,8.0,8.0,8.0,,8.0,8.0,8.0,,9.0,9.0,9.0,,8.0,7.5,8.0,,9.5,10.0,9.5,,0.0,0.0,0.0,,,,,,21.0,3,7.0,3,22.0,3,7.333333333333333,5,24.0,3,8.0,1,24.0,3,8.0,3,24.0,3,8.0,4,24.0,3,8.0,4,27.0,3,9.0,3,23.5,3,7.833333333333333,4,29.0,3,9.666666666666666,4,0.0,3,0.0,4,N/A,N/A,N/A,N/A
Clyde Drexler,Elena Grinenko,Athlete,Louisiana,United States,44,4,Eliminated Week 5,8,6.0,5.0,5.0,,6.0,6.0,6.0,,6.0,5.0,5.0,,6.0,4.0,5.0,,4.0,5.0,4.0,,0.0,0.0,0.0,,0.0,0.0,0.0,,0.0,0.0,0.0,,0.0,0.0,0.0,,0.0,0.0,0.0,,,,,,16.0,3,5.333333333333333,9,18.0,3,6.0,11,16.0,3,5.333333333333333,10,15.0,3,5.0,9,13.0,3,4.333333333333333,8,0.0,3,0.0,8,0.0,3,0.0,7,0.0,3,0.0,6,0.0,3,0.0,5,0.0,3,0.0,4,N/A,N/A,N/A,N/A
Laila Ali,Maksim Chmerkoskiy,Athlete,Florida,United States,29,4,3rd Place,3,7.0,8.0,8.0,,9.0,9.0,9.0,,7.0,7.0,7.0,,7.0,7.0,7.0,,9.0,10.0,9.0,,9.0,9.0,10.0,,10.0,9.5,10.0,,9.0,8.5,9.0,,10.0,10.0,10.0,,9.6666,9.0,9.6666,,,,,,23.0,3,7.666666666666667,2,27.0,3,9.0,1,21.0,3,7.0,6,21.0,3,7.0,5,28.0,3,9.333333333333334,2,28.0,3,9.333333333333334,1,29.5,3,9.833333333333334,1,26.5,3,8.833333333333334,3,30.0,3,10.0,1,28.333200000000005,3,9.444400000000002,3,N/A,N/A,N/A,N/A
Apolo Anton Ohno,Julianne Hough,Athlete,Washington,United States,24,4,1st Place,1,7.0,7.0,7.0,,8.0,9.0,9.0,,7.0,8.0,8.0,,9.0,8.0,9.0,,10.0,10.0,10.0,,9.0,9.0,10.0,,9.0,8.5,9.5,,10.0,9.0,10.0,,10.0,9.5,10.0,,9.6666,9.6666,10.0,,,,,,21.0,3,7.0,3,26.0,3,8.666666666666666,2,23.0,3,7.666666666666667,5,26.0,3,8.666666666666666,2,30.0,3,10.0,1,28.0,3,9.333333333333334,1,27.0,3,9.0,3,29.0,3,9.666666666666666,1,29.5,3,9.833333333333334,3,29.3332,3,9.777733333333334,1,N/A,N/A,N/A,N/A
Shandi Finnessey,Brian Fortuna,Beauty Pagent,Missouri,United States,28,4,Eliminated Week 3,10,6.0,6.0,7.0,,6.0,7.0,7.0,,7.0,7.0,7.0,,0.0,0.0,0.0,,0.0,0.0,0.0,,0.0,0.0,0.0,,0.0,0.0,0.0,,0.0,0.0,0.0,,0.0,0.0,0.0,,0.0,0.0,0.0,,,,,,19.0,3,6.333333333333333,5,20.0,3,6.666666666666667,10,21.0,3,7.0,6,0.0,3,0.0,10,0.0,3,0.0,9,0.0,3,0.0,8,0.0,3,0.0,7,0.0,3,0.0,6,0.0,3,0.0,5,0.0,3,0.0,4,N/A,N/A,N/A,N/A
Paulina Porizkova,Alec Mazo,Model,,Czechoslovakia,41,4,Eliminated Week 2,11,6.0,6.0,7.0,,7.0,7.0,7.0,,0.0,0.0,0.0,,0.0,0.0,0.0,,0.0,0.0,0.0,,0.0,0.0,0.0,,0.0,0.0,0.0,,0.0,0.0,0.0,,0.0,0.0,0.0,,0.0,0.0,0.0,,,,,,19.0,3,6.333333333333333,5,21.0,3,7.0,6,0.0,3,0.0,11,0.0,3,0.0,10,0.0,3,0.0,9,0.0,3,0.0,8,0.0,3,0.0,7,0.0,3,0.0,6,0.0,3,0.0,5,0.0,3,0.0,4,N/A,N/A,N/A,N/A
Heather Mills,Jonathan Roberts,Model,,England,39,4,Eliminated Week 6,7,6.0,6.0,6.0,,8.0,8.0,8.0,,8.0,8.0,8.0,,7.0,8.0,8.0,,7.0,7.0,7.0,,7.0,8.0,8.0,,0.0,0.0,0.0,,0.0,0.0,0.0,,0.0,0.0,0.0,,0.0,0.0,0.0,,,,,,18.0,3,6.0,7,24.0,3,8.0,3,24.0,3,8.0,1,23.0,3,7.666666666666667,4,21.0,3,7.0,5,23.0,3,7.666666666666667,5,0.0,3,0.0,7,0.0,3,0.0,6,0.0,3,0.0,5,0.0,3,0.0,4,N/A,N/A,N/A,N/A
Billy Ray Cyrus,Karina Smirnoff,Singer/Rapper,Kentucky,United States,45,4,Eliminated Week 8,5,5.0,4.0,4.0,,7.0,7.0,7.0,,7.0,7.0,7.0,,7.0,7.0,7.0,,6.0,6.0,5.0,,7.0,7.0,7.0,,6.0,6.5,6.5,,6.5,6.5,6.0,,0.0,0.0,0.0,,0.0,0.0,0.0,,,,,,13.0,3,4.333333333333333,11,21.0,3,7.0,6,21.0,3,7.0,6,21.0,3,7.0,5,17.0,3,5.666666666666667,7,21.0,3,7.0,6,19.0,3,6.333333333333333,6,19.0,3,6.333333333333333,5,0.0,3,0.0,5,0.0,3,0.0,4,N/A,N/A,N/A,N/A
Joey Fatone,Kym Johnson,Singer/Rapper,New York,United States,30,4,2nd Place,2,8.0,8.0,8.0,,8.0,8.0,8.0,,8.0,8.0,8.0,,10.0,9.0,9.0,,8.0,8.0,9.0,,9.0,9.0,9.0,,10.0,9.5,10.0,,9.5,9.0,9.0,,10.0,10.0,10.0,,9.6666,9.3333,9.6666,,,,,,24.0,3,8.0,1,24.0,3,8.0,3,24.0,3,8.0,1,28.0,3,9.333333333333334,1,25.0,3,8.333333333333334,3,27.0,3,9.0,3,29.5,3,9.833333333333334,1,27.5,3,9.166666666666666,2,30.0,3,10.0,1,28.6665,3,9.5555,2,N/A,N/A,N/A,N/A
Leeza Gibbons,Tony Dovolani,TV Personality,South Carolina,United States,50,4,Eliminated Week 4,9,5.0,5.0,5.0,,7.0,7.0,7.0,,8.0,8.0,8.0,,6.0,5.0,5.0,,0.0,0.0,0.0,,0.0,0.0,0.0,,0.0,0.0,0.0,,0.0,0.0,0.0,,0.0,0.0,0.0,,0.0,0.0,0.0,,,,,,15.0,3,5.0,10,21.0,3,7.0,6,24.0,3,8.0,1,16.0,3,5.333333333333333,7,0.0,3,0.0,9,0.0,3,0.0,8,0.0,3,0.0,7,0.0,3,0.0,6,0.0,3,0.0,5,0.0,3,0.0,4,N/A,N/A,N/A,N/A
Cameron Mathison,Edyta Sliwinska,Actor/Actress,,Canada,38,5,Eliminated Week 8,5,7.0,7.0,7.0,,7.0,7.0,7.0,,8.0,7.0,8.0,,9.0,9.0,9.0,,8.0,9.0,9.0,,9.0,8.0,8.0,,8.5,8.5,8.5,,8.5,8.5,8.5,,0.0,0.0,0.0,,0.0,0.0,0.0,,,,,,21.0,3,7.0,5,21.0,3,7.0,5,23.0,3,7.666666666666667,7,27.0,3,9.0,2,26.0,3,8.666666666666666,3,25.0,3,8.333333333333334,4,25.5,3,8.5,5,25.5,3,8.5,3,0.0,3,0.0,5,0.0,3,0.0,4,N/A,N/A,N/A,N/A
Jane Seymour,Tony Dovolani,Actor/Actress,,England,56,5,Eliminated Week 7,6,8.0,8.0,8.0,,7.0,7.0,7.0,,9.0,9.0,9.0,,8.0,9.0,9.0,,8.0,9.0,9.0,,8.0,7.0,7.0,,8.0,8.5,8.5,,0.0,0.0,0.0,,0.0,0.0,0.0,,0.0,0.0,0.0,,,,,,24.0,3,8.0,3,21.0,3,7.0,5,27.0,3,9.0,1,26.0,3,8.666666666666666,5,26.0,3,8.666666666666666,3,22.0,3,7.333333333333333,7,25.0,3,8.333333333333334,6,0.0,3,0.0,6,0.0,3,0.0,5,0.0,3,0.0,4,N/A,N/A,N/A,N/A
Sabrina Bryan,Mark Ballas,Actor/Actress,California,United States,23,5,Eliminated Week 6,7,9.0,8.0,9.0,,9.0,8.0,9.0,,9.0,9.0,9.0,,10.0,10.0,10.0,,9.0,9.0,10.0,,9.0,8.0,8.0,,0.0,0.0,0.0,,0.0,0.0,0.0,,0.0,0.0,0.0,,0.0,0.0,0.0,,,,,,26.0,3,8.666666666666666,1,26.0,3,8.666666666666666,2,27.0,3,9.0,1,30.0,3,10.0,1,28.0,3,9.333333333333334,2,25.0,3,8.333333333333334,4,0.0,3,0.0,7,0.0,3,0.0,6,0.0,3,0.0,5,0.0,3,0.0,4,N/A,N/A,N/A,N/A
Jennie Garth,Derek Hough,Actor/Actress,Illinois,United States,35,5,Eliminated Week 9,4,7.0,7.0,7.0,,7.0,7.0,7.0,,9.0,8.0,9.0,,8.0,10.0,9.0,,8.0,9.0,8.0,,9.0,9.0,9.0,,8.5,8.5,9.5,,8.5,8.5,8.0,,9.5,10.0,9.5,,0.0,0.0,0.0,,,,,,21.0,3,7.0,5,21.0,3,7.0,5,26.0,3,8.666666666666666,4,27.0,3,9.0,2,25.0,3,8.333333333333334,5,27.0,3,9.0,3,26.5,3,8.833333333333334,2,25.0,3,8.333333333333334,4,29.0,3,9.666666666666666,3,0.0,3,0.0,4,N/A,N/A,N/A,N/A
Floyd Mayweather Jr. ,Karina Smirnoff,Athlete,Michigan,United States,30,5,Eliminated Week 4,9,6.0,6.0,6.0,,7.0,7.0,7.0,,7.0,7.0,7.0,,7.0,8.0,8.0,,0.0,0.0,0.0,,0.0,0.0,0.0,,0.0,0.0,0.0,,0.0,0.0,0.0,,0.0,0.0,0.0,,0.0,0.0,0.0,,,,,,18.0,3,6.0,11,21.0,3,7.0,5,21.0,3,7.0,8,23.0,3,7.666666666666667,8,0.0,3,0.0,9,0.0,3,0.0,8,0.0,3,0.0,7,0.0,3,0.0,6,0.0,3,0.0,5,0.0,3,0.0,4,N/A,N/A,N/A,N/A
Josie Maran,Alec Mazo,Model,California,United States,29,5,Eliminated Week 1,12,6.0,5.0,5.0,,0.0,0.0,0.0,,0.0,0.0,0.0,,0.0,0.0,0.0,,0.0,0.0,0.0,,0.0,0.0,0.0,,0.0,0.0,0.0,,0.0,0.0,0.0,,0.0,0.0,0.0,,0.0,0.0,0.0,,,,,,16.0,3,5.333333333333333,12,0.0,3,0.0,12,0.0,3,0.0,11,0.0,3,0.0,10,0.0,3,0.0,9,0.0,3,0.0,8,0.0,3,0.0,7,0.0,3,0.0,6,0.0,3,0.0,5,0.0,3,0.0,4,N/A,N/A,N/A,N/A
Albert Reed,Anna Trebunskaya,Model,Florida,United States,22,5,Eliminated Week 2,11,7.0,7.0,7.0,,7.0,7.0,7.0,,0.0,0.0,0.0,,0.0,0.0,0.0,,0.0,0.0,0.0,,0.0,0.0,0.0,,0.0,0.0,0.0,,0.0,0.0,0.0,,0.0,0.0,0.0,,0.0,0.0,0.0,,,,,,21.0,3,7.0,5,21.0,3,7.0,5,0.0,3,0.0,11,0.0,3,0.0,10,0.0,3,0.0,9,0.0,3,0.0,8,0.0,3,0.0,7,0.0,3,0.0,6,0.0,3,0.0,5,0.0,3,0.0,4,N/A,N/A,N/A,N/A
Helio Castroneves,Julianne Hough,Racing Driver,,Brazil,32,5,1st Place,1,8.0,9.0,8.0,,9.0,9.0,9.0,,8.0,8.0,8.0,,9.0,9.0,9.0,,8.0,7.0,8.0,,9.0,10.0,9.0,,9.0,8.5,8.5,,9.5,9.5,9.5,,10.0,10.0,10.0,,9.0,9.3333,9.6666,,,,,,25.0,3,8.333333333333334,2,27.0,3,9.0,1,24.0,3,8.0,6,27.0,3,9.0,2,23.0,3,7.666666666666667,6,28.0,3,9.333333333333334,2,26.0,3,8.666666666666666,3,28.5,3,9.5,1,30.0,3,10.0,1,27.999900000000004,3,9.333300000000001,2,N/A,N/A,N/A,N/A
Mel B,Maksim Chmerkoskiy,Singer/Rapper,,England,32,5,2nd Place,2,8.0,8.0,8.0,,7.0,8.0,8.0,,9.0,9.0,9.0,,8.0,9.0,9.0,,10.0,9.0,10.0,,10.0,10.0,10.0,,9.0,9.0,9.0,,9.0,9.5,9.5,,10.0,10.0,10.0,,9.3333,9.3333,9.6666,,,,,,24.0,3,8.0,3,23.0,3,7.666666666666667,4,27.0,3,9.0,1,26.0,3,8.666666666666666,5,29.0,3,9.666666666666666,1,30.0,3,10.0,1,27.0,3,9.0,1,28.0,3,9.333333333333334,2,30.0,3,10.0,1,28.333199999999998,3,9.4444,1,N/A,N/A,N/A,N/A
Wayne Newton,Cheryl Burke,Singer/Rapper,Virginia,United States,65,5,Eliminated Week 3,10,6.0,7.0,6.0,,5.0,5.0,5.0,,6.0,6.0,6.0,,0.0,0.0,0.0,,0.0,0.0,0.0,,0.0,0.0,0.0,,0.0,0.0,0.0,,0.0,0.0,0.0,,0.0,0.0,0.0,,0.0,0.0,0.0,,,,,,19.0,3,6.333333333333333,10,15.0,3,5.0,11,18.0,3,6.0,10,0.0,3,0.0,10,0.0,3,0.0,9,0.0,3,0.0,8,0.0,3,0.0,7,0.0,3,0.0,6,0.0,3,0.0,5,0.0,3,0.0,4,N/A,N/A,N/A,N/A
Marie Osmond,Jonathan Roberts,Singer/Rapper,Utah,United States,47,5,3rd Place,3,7.0,7.0,7.0,,8.0,8.0,8.0,,9.0,8.0,9.0,,9.0,9.0,8.0,,7.0,7.0,7.0,,8.0,8.0,7.0,,9.0,8.5,8.5,,8.0,8.5,8.0,,9.5,9.5,9.0,,8.0,7.5,7.5,,,,,,21.0,3,7.0,5,24.0,3,8.0,3,26.0,3,8.666666666666666,4,26.0,3,8.666666666666666,5,21.0,3,7.0,7,23.0,3,7.666666666666667,6,26.0,3,8.666666666666666,3,24.5,3,8.166666666666666,5,28.0,3,9.333333333333334,4,23.0,3,7.666666666666667,3,N/A,N/A,N/A,N/A
Mark Cuban,Kym Johnson,TV Personality,Pennsylvania,United States,49,5,Eliminated Week 5,8,7.0,7.0,7.0,,6.0,6.0,6.0,,6.0,7.0,7.0,,7.0,8.0,7.0,,7.0,7.0,7.0,,0.0,0.0,0.0,,0.0,0.0,0.0,,0.0,0.0,0.0,,0.0,0.0,0.0,,0.0,0.0,0.0,,,,,,21.0,3,7.0,5,18.0,3,6.0,10,20.0,3,6.666666666666667,9,22.0,3,7.333333333333333,9,21.0,3,7.0,7,0.0,3,0.0,8,0.0,3,0.0,7,0.0,3,0.0,6,0.0,3,0.0,5,0.0,3,0.0,4,N/A,N/A,N/A,N/A
Cristian de la Fuente,Cheryl Burke,Actor/Actress,,Chile,34,6,3rd Place,3,7.0,7.0,7.0,,7.0,6.0,7.0,,8.0,8.0,9.0,,9.0,8.0,9.0,,7.0,8.0,8.0,,9.0,9.0,9.0,,7.5,7.5,8.0,,10.0,9.0,9.5,,9.5,9.0,9.5,,9.0,8.0,9.0,,,,,,21.0,3,7.0,6,20.0,3,6.666666666666667,8,25.0,3,8.333333333333334,3,26.0,3,8.666666666666666,4,23.0,3,7.666666666666667,5,27.0,3,9.0,3,23.0,3,7.666666666666667,6,28.5,3,9.5,1,28.0,3,9.333333333333334,2,26.0,3,8.666666666666666,3,N/A,N/A,N/A,N/A
Steve Guttenberg,Anna Trebunskaya,Actor/Actress,New York,United States,49,6,Eliminated Week 3,10,6.0,6.0,6.0,,6.0,5.0,5.0,,7.0,7.0,7.0,,0.0,0.0,0.0,,0.0,0.0,0.0,,0.0,0.0,0.0,,0.0,0.0,0.0,,0.0,0.0,0.0,,0.0,0.0,0.0,,0.0,0.0,0.0,,,,,,18.0,3,6.0,8,16.0,3,5.333333333333333,11,21.0,3,7.0,6,0.0,3,0.0,10,0.0,3,0.0,9,0.0,3,0.0,8,0.0,3,0.0,7,0.0,3,0.0,6,0.0,3,0.0,5,0.0,3,0.0,4,N/A,N/A,N/A,N/A
Priscilla Presley,Louis van Amstel,Actor/Actress,New York,United States,62,6,Eliminated Week 5,8,8.0,8.0,8.0,,7.0,7.0,7.0,,8.0,9.0,9.0,,7.0,7.0,8.0,,7.0,7.0,7.0,,0.0,0.0,0.0,,0.0,0.0,0.0,,0.0,0.0,0.0,,0.0,0.0,0.0,,0.0,0.0,0.0,,,,,,24.0,3,8.0,2,21.0,3,7.0,6,26.0,3,8.666666666666666,2,22.0,3,7.333333333333333,8,21.0,3,7.0,8,0.0,3,0.0,8,0.0,3,0.0,7,0.0,3,0.0,6,0.0,3,0.0,5,0.0,3,0.0,4,N/A,N/A,N/A,N/A
Marlee Matlin,Fabian Sanchez,Actor/Actress,Illinois,United States,42,6,Eliminated Week 6,7,7.0,7.0,8.0,,8.0,8.0,8.0,,7.0,7.0,7.0,,8.0,8.0,8.0,,7.0,7.0,8.0,,7.0,7.0,7.0,,0.0,0.0,0.0,,0.0,0.0,0.0,,0.0,0.0,0.0,,0.0,0.0,0.0,,,,,,22.0,3,7.333333333333333,4,24.0,3,8.0,4,21.0,3,7.0,6,24.0,3,8.0,5,22.0,3,7.333333333333333,7,21.0,3,7.0,7,0.0,3,0.0,7,0.0,3,0.0,6,0.0,3,0.0,5,0.0,3,0.0,4,N/A,N/A,N/A,N/A
Shannon Elizabeth,Derek Hough,Actor/Actress,Texas,United States,34,6,Eliminated Week 7,6,7.0,7.0,7.0,,8.0,8.0,8.0,,8.0,8.0,8.0,,9.0,10.0,9.0,,8.0,8.0,7.0,,8.0,8.0,8.0,,8.5,8.5,8.5,,0.0,0.0,0.0,,0.0,0.0,0.0,,0.0,0.0,0.0,,,,,,21.0,3,7.0,6,24.0,3,8.0,4,24.0,3,8.0,4,28.0,3,9.333333333333334,3,23.0,3,7.666666666666667,5,24.0,3,8.0,5,25.5,3,8.5,4,0.0,3,0.0,6,0.0,3,0.0,5,0.0,3,0.0,4,N/A,N/A,N/A,N/A
Marissa Jaret Winokur,Tony Dovolani,Actor/Actress,New York,United States,35,6,Eliminated Week 9,4,6.0,6.0,6.0,,7.0,7.0,7.0,,6.0,7.0,6.0,,8.0,8.0,8.0,,8.0,8.0,8.0,,9.0,8.0,9.0,,9.0,8.5,8.5,,8.5,8.0,8.5,,8.5,9.0,8.5,,0.0,0.0,0.0,,,,,,18.0,3,6.0,8,21.0,3,7.0,6,19.0,3,6.333333333333333,10,24.0,3,8.0,5,24.0,3,8.0,4,26.0,3,8.666666666666666,4,26.0,3,8.666666666666666,3,25.0,3,8.333333333333334,5,26.0,3,8.666666666666666,4,0.0,3,0.0,4,N/A,N/A,N/A,N/A
Jason Taylor,Edyta Sliwinska,Athlete,Pennsylvania,United States,33,6,2nd Place,2,7.0,8.0,7.0,,9.0,9.0,9.0,,8.0,7.0,8.0,,10.0,9.0,10.0,,9.0,9.0,9.0,,8.0,8.0,8.0,,9.5,8.5,9.5,,9.0,8.0,9.0,,9.0,9.5,9.0,,9.5,9.5,9.5,,,,,,22.0,3,7.333333333333333,4,27.0,3,9.0,1,23.0,3,7.666666666666667,5,29.0,3,9.666666666666666,1,27.0,3,9.0,2,24.0,3,8.0,5,27.5,3,9.166666666666666,1,26.0,3,8.666666666666666,4,27.5,3,9.166666666666666,3,28.5,3,9.5,2,N/A,N/A,N/A,N/A
Kristi Yamaguchi,Mark Ballas,Athlete,California,United States,36,6,1st Place,1,9.0,9.0,9.0,,9.0,9.0,9.0,,9.0,9.0,9.0,,10.0,9.0,10.0,,9.0,10.0,10.0,,10.0,10.0,10.0,,9.5,8.0,9.5,,8.5,9.5,9.5,,9.5,9.0,10.0,,10.0,10.0,10.0,,,,,,27.0,3,9.0,1,27.0,3,9.0,1,27.0,3,9.0,1,29.0,3,9.666666666666666,1,29.0,3,9.666666666666666,1,30.0,3,10.0,1,27.0,3,9.0,2,27.5,3,9.166666666666666,2,28.5,3,9.5,1,30.0,3,10.0,1,N/A,N/A,N/A,N/A
Monica Seles,Jonathan Roberts,Athlete,,Yugoslavia,34,6,Eliminated Week 2,11,5.0,5.0,5.0,,5.0,5.0,5.0,,0.0,0.0,0.0,,0.0,0.0,0.0,,0.0,0.0,0.0,,0.0,0.0,0.0,,0.0,0.0,0.0,,0.0,0.0,0.0,,0.0,0.0,0.0,,0.0,0.0,0.0,,,,,,15.0,3,5.0,11,15.0,3,5.0,12,0.0,3,0.0,11,0.0,3,0.0,10,0.0,3,0.0,9,0.0,3,0.0,8,0.0,3,0.0,7,0.0,3,0.0,6,0.0,3,0.0,5,0.0,3,0.0,4,N/A,N/A,N/A,N/A
Penn Jillette,Kym Johnson,Magician,Massachusetts,United States,53,6,Eliminated Week 2,12,5.0,6.0,5.0,,6.0,6.0,5.0,,0.0,0.0,0.0,,0.0,0.0,0.0,,0.0,0.0,0.0,,0.0,0.0,0.0,,0.0,0.0,0.0,,0.0,0.0,0.0,,0.0,0.0,0.0,,0.0,0.0,0.0,,,,,,16.0,3,5.333333333333333,10,17.0,3,5.666666666666667,10,0.0,3,0.0,11,0.0,3,0.0,10,0.0,3,0.0,9,0.0,3,0.0,8,0.0,3,0.0,7,0.0,3,0.0,6,0.0,3,0.0,5,0.0,3,0.0,4,N/A,N/A,N/A,N/A
Adam Carolla,Julianne Hough,Radio Personality,California,United States,43,6,Eliminated Week 4,9,5.0,5.0,5.0,,6.0,7.0,6.0,,7.0,7.0,7.0,,6.0,7.0,6.0,,0.0,0.0,0.0,,0.0,0.0,0.0,,0.0,0.0,0.0,,0.0,0.0,0.0,,0.0,0.0,0.0,,0.0,0.0,0.0,,,,,,15.0,3,5.0,11,19.0,3,6.333333333333333,9,21.0,3,7.0,6,19.0,3,6.333333333333333,9,0.0,3,0.0,9,0.0,3,0.0,8,0.0,3,0.0,7,0.0,3,0.0,6,0.0,3,0.0,5,0.0,3,0.0,4,N/A,N/A,N/A,N/A
Mario,Karina Smirnoff,Singer/Rapper,Maryland,United States,21,6,Eliminated Week 8,5,8.0,8.0,8.0,,9.0,8.0,9.0,,7.0,6.0,8.0,,8.0,7.0,9.0,,9.0,9.0,9.0,,9.0,9.0,10.0,,8.5,8.5,8.5,,9.0,8.5,9.0,,0.0,0.0,0.0,,0.0,0.0,0.0,,,,,,24.0,3,8.0,2,26.0,3,8.666666666666666,3,21.0,3,7.0,6,24.0,3,8.0,5,27.0,3,9.0,2,28.0,3,9.333333333333334,2,25.5,3,8.5,4,26.5,3,8.833333333333334,3,0.0,3,0.0,5,0.0,3,0.0,4,N/A,N/A,N/A,N/A
Ted McGinley,Inna Brayer,Actor/Actress,California,United States,50,7,Eliminated Week 1,12,6.0,6.0,6.5,,0.0,0.0,0.0,,0.0,0.0,0.0,,0.0,0.0,0.0,,0.0,0.0,0.0,,0.0,0.0,0.0,,0.0,0.0,0.0,,0.0,0.0,0.0,,0.0,0.0,0.0,,0.0,0.0,0.0,,,,,,18.5,3,6.166666666666667,8,0.0,3,0.0,12,0.0,3,0.0,10,0.0,3,0.0,10,0.0,3,0.0,9,0.0,3,0.0,8,0.0,3,0.0,7,0.0,3,0.0,6,0.0,3,0.0,5,0.0,3,0.0,4,N/A,N/A,N/A,N/A
Cloris Leachman,Corky Ballas,Actor/Actress,Iowa,United States,82,7,Eliminated Week 6,7,6.0,5.0,5.0,,5.0,5.0,5.0,,6.0,5.0,5.0,,8.0,7.0,7.0,,7.0,7.0,7.0,,5.0,5.0,5.0,,0.0,0.0,0.0,,0.0,0.0,0.0,,0.0,0.0,0.0,,0.0,0.0,0.0,,,,,,16.0,3,5.333333333333333,12,15.0,3,5.0,11,16.0,3,5.333333333333333,9,22.0,3,7.333333333333333,5,21.0,3,7.0,7,15.0,3,5.0,7,0.0,3,0.0,7,0.0,3,0.0,6,0.0,3,0.0,5,0.0,3,0.0,4,N/A,N/A,N/A,N/A
Susan Lucci,Tony Dovolani,Actor/Actress,New York,United States,61,7,Eliminated Week 7,6,6.0,6.0,6.5,,7.0,7.0,7.0,,7.0,7.0,7.0,,8.0,8.0,8.0,,7.0,7.0,8.0,,8.0,8.0,7.0,,8.0,8.0,8.0,,0.0,0.0,0.0,,0.0,0.0,0.0,,0.0,0.0,0.0,,,,,,18.5,3,6.166666666666667,8,21.0,3,7.0,4,21.0,3,7.0,6,24.0,3,8.0,3,22.0,3,7.333333333333333,5,23.0,3,7.666666666666667,4,24.0,3,8.0,4,0.0,3,0.0,6,0.0,3,0.0,5,0.0,3,0.0,4,N/A,N/A,N/A,N/A
Cody Linley,Julianne Hough,Actor/Actress,Texas,United States,18,7,Eliminated Week 9,4,7.0,6.5,7.0,,7.0,7.0,7.0,,7.0,7.0,7.0,,7.0,8.0,8.0,,10.0,9.0,9.0,,8.0,8.0,7.0,,8.0,7.0,7.0,,8.0,8.0,8.0,,8.0,7.5,7.5,,0.0,0.0,0.0,,,,,,20.5,3,6.833333333333333,6,21.0,3,7.0,4,21.0,3,7.0,6,23.0,3,7.666666666666667,4,28.0,3,9.333333333333334,2,23.0,3,7.666666666666667,4,22.0,3,7.333333333333333,5,24.0,3,8.0,4,23.0,3,7.666666666666667,4,0.0,3,0.0,4,N/A,N/A,N/A,N/A
Misty May-Treanor,Maksim Chmerkoskiy,Athlete,California,United States,31,7,Withdrew,10,6.5,7.5,7.0,,7.0,7.0,7.0,,0.0,0.0,0.0,,0.0,0.0,0.0,,0.0,0.0,0.0,,0.0,0.0,0.0,,0.0,0.0,0.0,,0.0,0.0,0.0,,0.0,0.0,0.0,,0.0,0.0,0.0,,,,,,21.0,3,7.0,5,21.0,3,7.0,4,0.0,3,0.0,10,0.0,3,0.0,10,0.0,3,0.0,9,0.0,3,0.0,8,0.0,3,0.0,7,0.0,3,0.0,6,0.0,3,0.0,5,0.0,3,0.0,4,N/A,N/A,N/A,N/A
Maurice Greene,Cheryl Burke,Athlete,Kansas,United States,34,7,Eliminated Week 8,5,6.5,6.5,6.5,,7.0,6.0,6.0,,8.0,8.0,8.0,,6.0,7.0,7.0,,9.0,9.0,9.0,,7.0,7.0,7.0,,8.0,9.0,8.0,,8.0,8.0,8.0,,0.0,0.0,0.0,,0.0,0.0,0.0,,,,,,19.5,3,6.5,7,19.0,3,6.333333333333333,8,24.0,3,8.0,3,20.0,3,6.666666666666667,8,27.0,3,9.0,3,21.0,3,7.0,6,25.0,3,8.333333333333334,2,24.0,3,8.0,4,0.0,3,0.0,5,0.0,3,0.0,4,N/A,N/A,N/A,N/A
Warren Sapp,Kym Johnson,Athlete,Florida,United States,35,7,2nd Place,2,7.0,7.0,7.5,,8.0,8.0,8.0,,9.0,8.0,8.0,,8.0,7.0,7.0,,8.0,8.0,9.0,,8.0,9.0,8.0,,7.0,7.0,7.0,,9.5,8.5,9.0,,8.5,8.0,8.0,,9.0,9.5,9.0,,,,,,21.5,3,7.166666666666667,3,24.0,3,8.0,1,25.0,3,8.333333333333334,2,22.0,3,7.333333333333333,5,25.0,3,8.333333333333334,4,25.0,3,8.333333333333334,3,21.0,3,7.0,6,27.0,3,9.0,2,24.5,3,8.166666666666666,2,27.5,3,9.166666666666666,2,N/A,N/A,N/A,N/A
Jeffrey Ross,Edyta Sliwinska,Comedian,New Jersey,United States,43,7,Eliminated Week 1,13,4.0,4.0,4.0,,0.0,0.0,0.0,,0.0,0.0,0.0,,0.0,0.0,0.0,,0.0,0.0,0.0,,0.0,0.0,0.0,,0.0,0.0,0.0,,0.0,0.0,0.0,,0.0,0.0,0.0,,0.0,0.0,0.0,,,,,,12.0,3,4.0,13,0.0,3,0.0,12,0.0,3,0.0,10,0.0,3,0.0,10,0.0,3,0.0,9,0.0,3,0.0,8,0.0,3,0.0,7,0.0,3,0.0,6,0.0,3,0.0,5,0.0,3,0.0,4,N/A,N/A,N/A,N/A
Toni Braxton,Alec Mazo,Singer/Rapper,Maryland,United States,40,7,Eliminated Week 5,8,7.5,7.0,8.0,,7.0,8.0,8.0,,8.0,7.0,7.0,,7.0,7.0,8.0,,7.0,7.0,8.0,,0.0,0.0,0.0,,0.0,0.0,0.0,,0.0,0.0,0.0,,0.0,0.0,0.0,,0.0,0.0,0.0,,,,,,22.5,3,7.5,2,23.0,3,7.666666666666667,3,22.0,3,7.333333333333333,4,22.0,3,7.333333333333333,5,22.0,3,7.333333333333333,5,0.0,3,0.0,8,0.0,3,0.0,7,0.0,3,0.0,6,0.0,3,0.0,5,0.0,3,0.0,4,N/A,N/A,N/A,N/A
Lance Bass,Lacey Schwimmer,Singer/Rapper,Mississippi,United States,29,7,3rd Place,3,7.5,6.0,8.0,,7.0,6.0,7.0,,8.0,7.0,7.0,,9.0,8.0,9.0,,7.0,7.0,7.0,,9.0,9.0,9.0,,9.0,7.0,9.0,,8.5,7.5,9.0,,10.0,9.0,9.5,,9.0,9.0,9.5,,,,,,21.5,3,7.166666666666667,3,20.0,3,6.666666666666667,7,22.0,3,7.333333333333333,4,26.0,3,8.666666666666666,1,21.0,3,7.0,7,27.0,3,9.0,1,25.0,3,8.333333333333334,2,25.0,3,8.333333333333334,3,28.5,3,9.5,1,27.5,3,9.166666666666666,2,N/A,N/A,N/A,N/A
Kim Kardashian,Mark Ballas,TV Personality,California,United States,27,7,Eliminated Week 2,11,6.0,6.5,6.0,,6.0,6.0,5.0,,0.0,0.0,0.0,,0.0,0.0,0.0,,0.0,0.0,0.0,,0.0,0.0,0.0,,0.0,0.0,0.0,,0.0,0.0,0.0,,0.0,0.0,0.0,,0.0,0.0,0.0,,,,,,18.5,3,6.166666666666667,8,17.0,3,5.666666666666667,9,0.0,3,0.0,10,0.0,3,0.0,10,0.0,3,0.0,9,0.0,3,0.0,8,0.0,3,0.0,7,0.0,3,0.0,6,0.0,3,0.0,5,0.0,3,0.0,4,N/A,N/A,N/A,N/A
Rocco DiSpirito,Karina Smirnoff,TV Personality,New York,United States,41,7,Eliminated Week 4,9,6.0,5.5,6.0,,5.0,6.0,5.0,,7.0,7.0,6.0,,6.0,6.0,6.0,,0.0,0.0,0.0,,0.0,0.0,0.0,,0.0,0.0,0.0,,0.0,0.0,0.0,,0.0,0.0,0.0,,0.0,0.0,0.0,,,,,,17.5,3,5.833333333333333,11,16.0,3,5.333333333333333,10,20.0,3,6.666666666666667,8,18.0,3,6.0,9,0.0,3,0.0,9,0.0,3,0.0,8,0.0,3,0.0,7,0.0,3,0.0,6,0.0,3,0.0,5,0.0,3,0.0,4,N/A,N/A,N/A,N/A
Brooke Burke,Derek Hough,TV Personality,Connecticut,United States,37,7,1st Place,1,8.0,8.0,8.5,,8.0,8.0,8.0,,9.0,10.0,9.0,,9.0,8.0,9.0,,10.0,9.0,10.0,,8.0,10.0,8.0,,10.0,10.0,10.0,,9.5,8.5,9.5,,8.0,8.5,8.0,,10.0,10.0,10.0,,,,,,24.5,3,8.166666666666666,1,24.0,3,8.0,1,28.0,3,9.333333333333334,1,26.0,3,8.666666666666666,1,29.0,3,9.666666666666666,1,26.0,3,8.666666666666666,2,30.0,3,10.0,1,27.5,3,9.166666666666666,1,24.5,3,8.166666666666666,2,30.0,3,10.0,1,N/A,N/A,N/A,N/A
Gilles Marini,Cheryl Burke,Actor/Actress,,France,33,8,2nd Place,2,8.0,8.0,8.0,,9.0,9.0,9.0,,9.0,9.0,9.0,,10.0,10.0,10.0,,10.0,9.0,10.0,,9.0,8.0,9.0,,9.0,9.0,9.0,,9.0,9.0,9.5,,9.5,9.0,9.5,,10.0,10.0,10.0,,9.5,10.0,9.5,,24.0,3,8.0,1,27.0,3,9.0,1,27.0,3,9.0,1,30.0,3,10.0,1,29.0,3,9.666666666666666,1,26.0,3,8.666666666666666,3,27.0,3,9.0,3,27.5,3,9.166666666666666,2,28.0,3,9.333333333333334,2,30.0,3,10.0,1,29.0,3,9.666666666666666,2
Denise Richards,Maksim Chmerkoskiy,Actor/Actress,Illinois,United States,38,8,Eliminated Week 3,12,6.0,6.0,6.0,,7.0,7.0,7.0,,5.0,6.0,5.0,,0.0,0.0,0.0,,0.0,0.0,0.0,,0.0,0.0,0.0,,0.0,0.0,0.0,,0.0,0.0,0.0,,0.0,0.0,0.0,,0.0,0.0,0.0,,0.0,0.0,0.0,,18.0,3,6.0,7,21.0,3,7.0,5,16.0,3,5.333333333333333,10,0.0,3,0.0,12,0.0,3,0.0,10,0.0,3,0.0,9,0.0,3,0.0,8,0.0,3,0.0,7,0.0,3,0.0,6,0.0,3,0.0,5,0.0,3,0.0,4
David Alan Grier,Kym Johnson,Actor/Actress,Michigan,United States,52,8,Eliminated Week 5,9,6.0,7.0,6.0,,6.0,5.0,6.0,,8.0,8.0,8.0,,8.0,7.0,7.0,,7.0,8.0,7.0,,0.0,0.0,0.0,,0.0,0.0,0.0,,0.0,0.0,0.0,,0.0,0.0,0.0,,0.0,0.0,0.0,,0.0,0.0,0.0,,19.0,3,6.333333333333333,6,17.0,3,5.666666666666667,11,24.0,3,8.0,5,22.0,3,7.333333333333333,6,22.0,3,7.333333333333333,6,0.0,3,0.0,9,0.0,3,0.0,8,0.0,3,0.0,7,0.0,3,0.0,6,0.0,3,0.0,5,0.0,3,0.0,4
Lawrence Taylor,Edyta Sliwinska,Athlete,Virginia,United States,50,8,Eliminated Week 7,7,6.0,5.0,5.0,,7.0,6.0,7.0,,7.0,6.0,7.0,,7.0,5.0,7.0,,6.0,7.0,7.0,,7.0,7.0,8.0,,7.0,7.0,7.0,,0.0,0.0,0.0,,0.0,0.0,0.0,,0.0,0.0,0.0,,0.0,0.0,0.0,,16.0,3,5.333333333333333,11,20.0,3,6.666666666666667,6,20.0,3,6.666666666666667,8,19.0,3,6.333333333333333,8,20.0,3,6.666666666666667,8,22.0,3,7.333333333333333,6,21.0,3,7.0,7,0.0,3,0.0,7,0.0,3,0.0,6,0.0,3,0.0,5,0.0,3,0.0,4
Ty Murray,Chelsie Hightower,Athlete,Arizona,United States,39,8,Eliminated Week 10,4,5.0,4.0,5.0,,7.0,6.0,7.0,,8.0,8.0,7.0,,9.0,8.0,8.0,,7.0,7.0,7.0,,6.0,6.0,6.0,,8.0,8.0,8.0,,9.0,8.0,9.0,,7.5,8.0,7.5,,8.0,8.0,8.0,,0.0,0.0,0.0,,14.0,3,4.666666666666667,12,20.0,3,6.666666666666667,6,23.0,3,7.666666666666667,6,25.0,3,8.333333333333334,4,21.0,3,7.0,7,18.0,3,6.0,7,24.0,3,8.0,6,26.0,3,8.666666666666666,3,23.0,3,7.666666666666667,5,24.0,3,8.0,4,0.0,3,0.0,4
Shawn Johnson,Mark Ballas,Athlete,Iowa,United States,17,8,1st Place,1,8.0,8.0,7.0,,8.0,8.0,8.0,,9.0,9.0,9.0,,8.0,8.0,9.0,,9.0,8.0,9.0,,8.0,9.0,9.0,,9.0,9.0,10.0,,9.0,8.0,9.0,,9.5,9.0,9.5,,9.5,9.0,9.5,,10.0,10.0,10.0,,23.0,3,7.666666666666667,2,24.0,3,8.0,3,27.0,3,9.0,1,25.0,3,8.333333333333334,4,26.0,3,8.666666666666666,2,26.0,3,8.666666666666666,3,28.0,3,9.333333333333334,2,26.0,3,8.666666666666666,3,28.0,3,9.333333333333334,2,28.0,3,9.333333333333334,2,30.0,3,10.0,1
Steve Wozniak,Karina Smirnoff,Entrepreneur,California,United States,58,8,Eliminated Week 4,10,5.0,4.0,4.0,,6.0,5.0,6.0,,4.0,3.0,3.0,,4.0,4.0,4.0,,0.0,0.0,0.0,,0.0,0.0,0.0,,0.0,0.0,0.0,,0.0,0.0,0.0,,0.0,0.0,0.0,,0.0,0.0,0.0,,0.0,0.0,0.0,,13.0,3,4.333333333333333,13,17.0,3,5.666666666666667,11,10.0,3,3.3333333333333335,12,12.0,3,4.0,11,0.0,3,0.0,10,0.0,3,0.0,9,0.0,3,0.0,8,0.0,3,0.0,7,0.0,3,0.0,6,0.0,3,0.0,5,0.0,3,0.0,4
Belinda Carlisle,Jonathan Roberts,Singer/Rapper,California,United States,50,8,Eliminated Week 2,13,6.0,6.0,5.0,,6.0,6.0,6.0,,0.0,0.0,0.0,,0.0,0.0,0.0,,0.0,0.0,0.0,,0.0,0.0,0.0,,0.0,0.0,0.0,,0.0,0.0,0.0,,0.0,0.0,0.0,,0.0,0.0,0.0,,0.0,0.0,0.0,,17.0,3,5.666666666666667,9,18.0,3,6.0,9,0.0,3,0.0,13,0.0,3,0.0,12,0.0,3,0.0,10,0.0,3,0.0,9,0.0,3,0.0,8,0.0,3,0.0,7,0.0,3,0.0,6,0.0,3,0.0,5,0.0,3,0.0,4
Chuck Wicks,Julianne Hough,Singer/Rapper,Delaware,United States,29,8,Eliminated Week 8,6,6.0,7.0,7.0,,6.0,7.0,7.0,,8.0,7.0,8.0,,8.0,7.0,7.0,,7.0,8.0,8.0,,8.0,7.0,8.0,,9.0,9.0,9.0,,8.5,8.5,8.5,,0.0,0.0,0.0,,0.0,0.0,0.0,,0.0,0.0,0.0,,20.0,3,6.666666666666667,5,20.0,3,6.666666666666667,6,23.0,3,7.666666666666667,6,22.0,3,7.333333333333333,6,23.0,3,7.666666666666667,5,23.0,3,7.666666666666667,5,27.0,3,9.0,3,25.5,3,8.5,5,0.0,3,0.0,6,0.0,3,0.0,5,0.0,3,0.0,4
Lil' Kim,Derek Hough,Singer/Rapper,New York,United States,34,8,Eliminated Week 9,5,7.0,7.0,7.0,,8.0,7.0,8.0,,8.0,8.0,9.0,,9.0,8.0,10.0,,9.0,8.0,9.0,,10.0,8.0,10.0,,9.0,8.0,9.0,,9.0,9.0,10.0,,8.5,9.0,8.5,,0.0,0.0,0.0,,0.0,0.0,0.0,,21.0,3,7.0,4,23.0,3,7.666666666666667,4,25.0,3,8.333333333333334,4,27.0,3,9.0,3,26.0,3,8.666666666666666,2,28.0,3,9.333333333333334,1,26.0,3,8.666666666666666,5,28.0,3,9.333333333333334,1,26.0,3,8.666666666666666,4,0.0,3,0.0,5,0.0,3,0.0,4
Steve-O,Lacey Schwimmer,TV Personality,,England,34,8,Eliminated Week 6,8,6.0,5.0,6.0,,5.0,4.0,5.0,,5.0,5.0,5.0,,5.0,5.0,5.0,,6.0,6.0,6.0,,7.0,4.0,5.0,,0.0,0.0,0.0,,0.0,0.0,0.0,,0.0,0.0,0.0,,0.0,0.0,0.0,,0.0,0.0,0.0,,17.0,3,5.666666666666667,9,14.0,3,4.666666666666667,13,15.0,3,5.0,11,15.0,3,5.0,10,18.0,3,6.0,9,16.0,3,5.333333333333333,8,0.0,3,0.0,8,0.0,3,0.0,7,0.0,3,0.0,6,0.0,3,0.0,5,0.0,3,0.0,4
Holly Madison,Dmitry Chaplin,TV Personality,Oregon,United States,30,8,Eliminated Week 4,11,6.0,6.0,6.0,,6.0,6.0,6.0,,5.0,6.0,6.0,,5.0,6.0,5.0,,0.0,0.0,0.0,,0.0,0.0,0.0,,0.0,0.0,0.0,,0.0,0.0,0.0,,0.0,0.0,0.0,,0.0,0.0,0.0,,0.0,0.0,0.0,,18.0,3,6.0,7,18.0,3,6.0,9,17.0,3,5.666666666666667,9,16.0,3,5.333333333333333,9,0.0,3,0.0,10,0.0,3,0.0,9,0.0,3,0.0,8,0.0,3,0.0,7,0.0,3,0.0,6,0.0,3,0.0,5,0.0,3,0.0,4
Melissa Rycroft,Tony Dovolani,TV Personality,Texas,United States,26,8,3rd Place,3,8.0,7.0,8.0,,9.0,8.0,9.0,,9.0,9.0,9.0,,10.0,9.0,10.0,,8.0,8.0,9.0,,9.0,9.0,9.0,,10.0,9.0,10.0,,7.5,7.5,8.0,,9.5,9.5,9.5,,9.0,9.5,9.0,,9.5,9.5,9.5,,23.0,3,7.666666666666667,2,26.0,3,8.666666666666666,2,27.0,3,9.0,1,29.0,3,9.666666666666666,2,25.0,3,8.333333333333334,4,27.0,3,9.0,2,29.0,3,9.666666666666666,1,23.0,3,7.666666666666667,6,28.5,3,9.5,1,27.5,3,9.166666666666666,3,28.5,3,9.5,3
Ashley Hamiliton,Edyta Sliwinska,Actor/Actress,California,United States,34,9,Eliminated Week 1,16,6.3333,7.3333,5.3333,,0.0,0.0,0.0,,0.0,0.0,0.0,,0.0,0.0,0.0,,0.0,0.0,0.0,,0.0,0.0,0.0,,0.0,0.0,0.0,,0.0,0.0,0.0,,0.0,0.0,0.0,,0.0,0.0,0.0,,,,,,18.9999,3,6.3333,15,0.0,3,0.0,15,0.0,3,0.0,14,0.0,3,0.0,12,0.0,3,0.0,11,0.0,3,0.0,10,0.0,3,0.0,8,0.0,3,0.0,6,0.0,3,0.0,5,0.0,3,0.0,4,N/A,N/A,N/A,N/A
Debi Mazar,Maksim Chmerkoskiy,Actor/Actress,New York,United States,45,9,Eliminated Week 3,12,8.0,7.0,7.0,,7.0,7.0,7.0,,6.0,5.0,6.0,,0.0,0.0,0.0,,0.0,0.0,0.0,,0.0,0.0,0.0,,0.0,0.0,0.0,,0.0,0.0,0.0,,0.0,0.0,0.0,,0.0,0.0,0.0,,,,,,22.0,3,7.333333333333333,10,21.0,3,7.0,4,17.0,3,5.666666666666667,10,0.0,3,0.0,12,0.0,3,0.0,11,0.0,3,0.0,10,0.0,3,0.0,8,0.0,3,0.0,6,0.0,3,0.0,5,0.0,3,0.0,4,N/A,N/A,N/A,N/A
Melissa Joan Hart,Mark Ballas,Actor/Actress,New York,United States,33,9,Eliminated Week 6,9,8.0,8.0,8.0,,7.0,6.0,6.0,,6.0,6.0,7.0,,9.0,9.0,10.0,,8.0,8.0,7.0,,8.3333,8.3333,7.3333,,0.0,0.0,0.0,,0.0,0.0,0.0,,0.0,0.0,0.0,,0.0,0.0,0.0,,,,,,24.0,3,8.0,9,19.0,3,6.333333333333333,9,19.0,3,6.333333333333333,8,28.0,3,9.333333333333334,1,23.0,3,7.666666666666667,7,23.9999,3,7.9999666666666664,8,0.0,3,0.0,8,0.0,3,0.0,6,0.0,3,0.0,5,0.0,3,0.0,4,N/A,N/A,N/A,N/A
Mark Dacascos,Lacey Schwimmer,Actor/Actress,Hawaii,United States,45,9,Eliminated Week 7,6,9.6666,9.6666,9.6666,,7.0,7.0,7.0,,6.0,6.0,6.0,,8.0,7.0,7.0,,9.0,9.0,8.0,,11.0,11.0,10.0,,7.0,7.5,7.0,,0.0,0.0,0.0,,0.0,0.0,0.0,,0.0,0.0,0.0,,,,,,28.9998,3,9.6666,6,21.0,3,7.0,4,18.0,3,6.0,9,22.0,3,7.333333333333333,7,26.0,3,8.666666666666666,3,32.0,3,10.666666666666666,4,21.5,3,7.166666666666667,7,0.0,3,0.0,6,0.0,3,0.0,5,0.0,3,0.0,4,N/A,N/A,N/A,N/A
Chuck Liddell,Anna Trebunskaya,Athlete,California,United States,39,9,Eliminated Week 4,11,8.0,7.0,7.0,,6.0,7.0,6.0,,6.0,5.0,6.0,,6.0,5.0,6.0,,0.0,0.0,0.0,,0.0,0.0,0.0,,0.0,0.0,0.0,,0.0,0.0,0.0,,0.0,0.0,0.0,,0.0,0.0,0.0,,,,,,22.0,3,7.333333333333333,10,19.0,3,6.333333333333333,9,17.0,3,5.666666666666667,10,17.0,3,5.666666666666667,9,0.0,3,0.0,11,0.0,3,0.0,10,0.0,3,0.0,8,0.0,3,0.0,6,0.0,3,0.0,5,0.0,3,0.0,4,N/A,N/A,N/A,N/A
Natalie Coughlin,Alec Mazo,Athlete,California,United States,27,9,Eliminated Week 5,10,9.6666,8.6666,8.6666,,7.0,7.0,7.0,,9.0,8.0,9.0,,8.0,8.0,8.0,,7.0,8.0,7.0,,0.0,0.0,0.0,,0.0,0.0,0.0,,0.0,0.0,0.0,,0.0,0.0,0.0,,0.0,0.0,0.0,,,,,,26.9998,3,8.999933333333333,7,21.0,3,7.0,4,26.0,3,8.666666666666666,2,24.0,3,8.0,4,22.0,3,7.333333333333333,8,0.0,3,0.0,10,0.0,3,0.0,8,0.0,3,0.0,6,0.0,3,0.0,5,0.0,3,0.0,4,N/A,N/A,N/A,N/A
Louie Vito,Chelsie Hightower,Athlete,Ohio,United States,21,9,Eliminated Week 6,8,8.6666,9.6666,8.6666,,6.0,7.0,6.0,,8.0,5.0,7.0,,5.0,5.0,6.0,,7.0,8.0,7.0,,8.0,8.0,8.0,,0.0,0.0,0.0,,0.0,0.0,0.0,,0.0,0.0,0.0,,0.0,0.0,0.0,,,,,,26.9998,3,8.999933333333333,7,19.0,3,6.333333333333333,9,20.0,3,6.666666666666667,6,16.0,3,5.333333333333333,10,22.0,3,7.333333333333333,8,24.0,3,8.0,7,0.0,3,0.0,8,0.0,3,0.0,6,0.0,3,0.0,5,0.0,3,0.0,4,N/A,N/A,N/A,N/A
Michael Irvin,Anna Demidova,Athlete,Florida,United States,43,9,Eliminated Week 7,7,7.0,6.0,6.0,,7.0,7.0,6.0,,5.0,4.0,5.0,,5.0,6.0,5.0,,7.0,7.0,7.0,,6.6666,8.6666,6.6666,,8.0,8.0,7.5,,0.0,0.0,0.0,,0.0,0.0,0.0,,0.0,0.0,0.0,,,,,,19.0,3,6.333333333333333,14,20.0,3,6.666666666666667,7,14.0,3,4.666666666666667,13,16.0,3,5.333333333333333,10,21.0,3,7.0,10,21.9998,3,7.333266666666667,9,23.5,3,7.833333333333333,6,0.0,3,0.0,6,0.0,3,0.0,5,0.0,3,0.0,4,N/A,N/A,N/A,N/A
Joanna Krupa,Derek Hough,Model,,Poland,30,9,Eliminated Week 9,4,11.3333,11.3333,11.3333,,6.0,7.0,7.0,,7.0,8.0,8.0,,9.0,8.0,9.0,,8.0,8.0,8.0,,11.3333,12.3333,12.3333,,9.0,9.0,9.5,,8.5,8.5,9.0,,9.0,9.0,9.0,,0.0,0.0,0.0,,,,,,33.9999,3,11.3333,1,20.0,3,6.666666666666667,7,23.0,3,7.666666666666667,3,26.0,3,8.666666666666666,3,24.0,3,8.0,4,35.9999,3,11.999966666666666,1,27.5,3,9.166666666666666,1,26.0,3,8.666666666666666,2,27.0,3,9.0,2,0.0,3,0.0,4,N/A,N/A,N/A,N/A
Kathy Ireland,Tony Dovolani,Model,California,United States,46,9,Eliminated Week 2,14,7.3333,6.3333,6.3333,,6.0,6.0,6.0,,0.0,0.0,0.0,,0.0,0.0,0.0,,0.0,0.0,0.0,,0.0,0.0,0.0,,0.0,0.0,0.0,,0.0,0.0,0.0,,0.0,0.0,0.0,,0.0,0.0,0.0,,,,,,19.9999,3,6.666633333333333,12,18.0,3,6.0,13,0.0,3,0.0,14,0.0,3,0.0,12,0.0,3,0.0,11,0.0,3,0.0,10,0.0,3,0.0,8,0.0,3,0.0,6,0.0,3,0.0,5,0.0,3,0.0,4,N/A,N/A,N/A,N/A
Tom DeLay,Cheryl Burke,Politician,Texas,United States,62,9,Withdrew,13,7.3333,6.3333,6.3333,,6.0,6.0,6.0,,6.0,4.0,5.0,,0.0,0.0,0.0,,0.0,0.0,0.0,,0.0,0.0,0.0,,0.0,0.0,0.0,,0.0,0.0,0.0,,0.0,0.0,0.0,,0.0,0.0,0.0,,,,,,19.9999,3,6.666633333333333,12,18.0,3,6.0,13,15.0,3,5.0,12,0.0,3,0.0,12,0.0,3,0.0,11,0.0,3,0.0,10,0.0,3,0.0,8,0.0,3,0.0,6,0.0,3,0.0,5,0.0,3,0.0,4,N/A,N/A,N/A,N/A
Macy Gray,Jonathan Roberts,Singer/Rapper,Ohio,United States,42,9,Eliminated Week 1,15,7.3333,5.3333,6.3333,,0.0,0.0,0.0,,0.0,0.0,0.0,,0.0,0.0,0.0,,0.0,0.0,0.0,,0.0,0.0,0.0,,0.0,0.0,0.0,,0.0,0.0,0.0,,0.0,0.0,0.0,,0.0,0.0,0.0,,,,,,18.9999,3,6.3333,15,0.0,3,0.0,15,0.0,3,0.0,14,0.0,3,0.0,12,0.0,3,0.0,11,0.0,3,0.0,10,0.0,3,0.0,8,0.0,3,0.0,6,0.0,3,0.0,5,0.0,3,0.0,4,N/A,N/A,N/A,N/A
Aaron Carter,Karina Smirnoff,Singer/Rapper,Florida,United States,21,9,Eliminated Week 8,5,10.3333,11.3333,10.3333,,9.0,9.0,9.0,,8.0,6.0,7.0,,6.0,6.0,6.0,,8.0,8.0,8.0,,10.6666,11.6666,10.6666,,8.5,9.0,9.0,,8.0,8.5,8.5,,0.0,0.0,0.0,,0.0,0.0,0.0,,,,,,31.999899999999997,3,10.666633333333332,2,27.0,3,9.0,1,21.0,3,7.0,4,18.0,3,6.0,8,24.0,3,8.0,4,32.9998,3,10.999933333333333,3,26.5,3,8.833333333333334,2,25.0,3,8.333333333333334,4,0.0,3,0.0,5,0.0,3,0.0,4,N/A,N/A,N/A,N/A
Mya,Dmitry Chaplin,Singer/Rapper,Washington D.C.,United States,29,9,2nd Place,2,11.3333,8.3333,11.3333,,9.0,9.0,9.0,,10.0,7.0,10.0,,10.0,8.0,10.0,,9.0,9.0,9.0,,11.0,10.0,12.0,,8.5,7.5,8.5,,9.5,10.0,10.0,,9.3333,9.6666,10.0,,9.4444,9.4444,9.4444,,,,,,30.999899999999997,3,10.3333,3,27.0,3,9.0,1,27.0,3,9.0,1,28.0,3,9.333333333333334,1,27.0,3,9.0,2,33.0,3,11.0,2,24.5,3,8.166666666666666,5,29.5,3,9.833333333333334,1,28.9999,3,9.666633333333333,1,28.333199999999998,3,9.4444,2,N/A,N/A,N/A,N/A
Donny Osmond,Kym Johnson,Singer/Rapper,Utah,United States,51,9,1st Place,1,10.3333,9.3333,10.3333,,8.0,9.0,8.0,,7.0,7.0,7.0,,8.0,8.0,8.0,,10.0,9.0,10.0,,10.3333,10.3333,10.3333,,8.5,8.5,9.0,,8.5,8.0,8.5,,8.0,8.3333,8.3333,,9.6666,9.6666,9.6666,,,,,,29.999899999999997,3,9.999966666666666,5,25.0,3,8.333333333333334,3,21.0,3,7.0,4,24.0,3,8.0,4,29.0,3,9.666666666666666,1,30.999899999999997,3,10.3333,5,26.0,3,8.666666666666666,3,25.0,3,8.333333333333334,4,24.666600000000003,3,8.2222,4,28.9998,3,9.6666,1,N/A,N/A,N/A,N/A
Kelly Osbourne,Louis van Amstel,TV Personality,,England,24,9,3rd Place,3,9.6666,10.6666,10.6666,,6.0,7.0,6.0,,7.0,6.0,7.0,,8.0,7.0,8.0,,8.0,8.0,8.0,,8.6666,7.6666,8.6666,,8.5,8.5,9.0,,8.0,8.5,9.0,,8.6666,8.6666,8.6666,,8.5,8.5,8.2222,,,,,,30.9998,3,10.333266666666667,4,19.0,3,6.333333333333333,9,20.0,3,6.666666666666667,6,23.0,3,7.666666666666667,6,24.0,3,8.0,4,24.9998,3,8.333266666666667,6,26.0,3,8.666666666666666,3,25.5,3,8.5,3,25.9998,3,8.6666,3,25.2222,3,8.4074,3,N/A,N/A,N/A,N/A
Aiden Turner,Edyta Sliwinska,Actor/Actress,,England,32,10,Eliminated Week 4,9,5.0,5.0,5.0,,7.0,6.0,6.0,,7.0,6.0,7.0,,5.5,5.5,5.5,,0.0,0.0,0.0,,0.0,0.0,0.0,,0.0,0.0,0.0,,0.0,0.0,0.0,,0.0,0.0,0.0,,0.0,0.0,0.0,,,,,,15.0,3,5.0,10,19.0,3,6.333333333333333,8,20.0,3,6.666666666666667,7,16.5,3,5.5,8,0.0,3,0.0,9,0.0,3,0.0,8,0.0,3,0.0,7,0.0,3,0.0,6,0.0,3,0.0,5,0.0,3,0.0,4,N/A,N/A,N/A,N/A
Shannen Doherty,Mark Ballas,Actor/Actress,Tennessee,United States,38,10,Eliminated Week 2,11,6.0,6.0,6.0,,7.0,6.0,7.0,,0.0,0.0,0.0,,0.0,0.0,0.0,,0.0,0.0,0.0,,0.0,0.0,0.0,,0.0,0.0,0.0,,0.0,0.0,0.0,,0.0,0.0,0.0,,0.0,0.0,0.0,,,,,,18.0,3,6.0,6,20.0,3,6.666666666666667,6,0.0,3,0.0,11,0.0,3,0.0,10,0.0,3,0.0,9,0.0,3,0.0,8,0.0,3,0.0,7,0.0,3,0.0,6,0.0,3,0.0,5,0.0,3,0.0,4,N/A,N/A,N/A,N/A
Niecy Nash,Louis van Amstel,Actor/Actress,California,United States,40,10,Eliminated Week 8,5,7.0,5.0,6.0,,7.0,7.0,7.0,,7.0,7.0,7.0,,6.0,6.0,6.0,,6.0,6.0,6.0,,8.6666,8.6666,8.6666,,8.5,8.0,8.0,,7.0,7.0,7.5,,0.0,0.0,0.0,,0.0,0.0,0.0,,,,,,18.0,3,6.0,6,21.0,3,7.0,5,21.0,3,7.0,4,18.0,3,6.0,7,18.0,3,6.0,6,25.9998,3,8.6666,6,24.5,3,8.166666666666666,6,21.5,3,7.166666666666667,5,0.0,3,0.0,5,0.0,3,0.0,4,N/A,N/A,N/A,N/A
Buzz Aldrin,Ashly DelGrosso,Astronaut,New Jersey,United States,80,10,Eliminated Week 3,10,5.0,4.0,5.0,,4.0,4.0,4.0,,5.0,4.0,4.0,,0.0,0.0,0.0,,0.0,0.0,0.0,,0.0,0.0,0.0,,0.0,0.0,0.0,,0.0,0.0,0.0,,0.0,0.0,0.0,,0.0,0.0,0.0,,,,,,14.0,3,4.666666666666667,11,12.0,3,4.0,11,13.0,3,4.333333333333333,10,0.0,3,0.0,10,0.0,3,0.0,9,0.0,3,0.0,8,0.0,3,0.0,7,0.0,3,0.0,6,0.0,3,0.0,5,0.0,3,0.0,4,N/A,N/A,N/A,N/A
Chad Ochocinco,Cheryl Burke,Athlete,Florida,United States,32,10,Eliminated Week 9,4,6.0,6.0,6.0,,6.0,5.0,5.0,,7.0,6.0,7.0,,7.5,6.5,8.0,,6.0,6.0,6.0,,10.3333,10.3333,10.3333,,8.5,9.0,8.5,,7.5,7.5,7.5,,8.5,8.5,9.0,,0.0,0.0,0.0,,,,,,18.0,3,6.0,6,16.0,3,5.333333333333333,9,20.0,3,6.666666666666667,7,22.0,3,7.333333333333333,4,18.0,3,6.0,6,30.999899999999997,3,10.3333,3,26.0,3,8.666666666666666,3,22.5,3,7.5,4,26.0,3,8.666666666666666,4,0.0,3,0.0,4,N/A,N/A,N/A,N/A
Evan Lysacek,Anna Trebunskaya,Athlete,Illinois,United States,24,10,2nd Place,2,8.0,7.0,8.0,,8.0,8.0,8.0,,9.0,8.0,9.0,,9.0,8.0,9.0,,9.0,9.0,9.0,,9.0,9.0,9.0,,9.0,9.0,9.0,,9.0,8.5,9.0,,10.0,9.5,10.0,,9.3333,8.7777,8.7777,,,,,,23.0,3,7.666666666666667,2,24.0,3,8.0,2,26.0,3,8.666666666666666,1,26.0,3,8.666666666666666,1,27.0,3,9.0,2,27.0,3,9.0,5,27.0,3,9.0,1,26.5,3,8.833333333333334,2,29.5,3,9.833333333333334,1,26.888699999999996,3,8.9629,3,N/A,N/A,N/A,N/A
Pamela Anderson,Damian Whitewood,Model,,Canada,42,10,Eliminated Week 7,6,7.0,6.0,8.0,,7.0,7.0,8.0,,7.0,7.0,7.0,,7.5,7.5,8.5,,7.0,6.0,8.0,,9.6666,9.6666,10.6666,,8.5,8.5,8.5,,0.0,0.0,0.0,,0.0,0.0,0.0,,0.0,0.0,0.0,,,,,,21.0,3,7.0,3,22.0,3,7.333333333333333,4,21.0,3,7.0,4,23.5,3,7.833333333333333,3,21.0,3,7.0,5,29.9998,3,9.999933333333333,4,25.5,3,8.5,4,0.0,3,0.0,6,0.0,3,0.0,5,0.0,3,0.0,4,N/A,N/A,N/A,N/A
Nicole Scherzinger,Derek Hough,Singer/Rapper,Hawaii,United States,31,10,1st Place,1,9.0,7.0,9.0,,10.0,8.0,10.0,,8.0,6.0,9.0,,8.5,8.0,8.5,,10.0,9.0,10.0,,12.3333,10.3333,13.3333,,9.0,9.0,9.0,,10.0,9.5,10.0,,10.0,9.5,10.0,,9.5,9.5,9.7777,,,,,,25.0,3,8.333333333333334,1,28.0,3,9.333333333333334,1,23.0,3,7.666666666666667,2,25.0,3,8.333333333333334,2,29.0,3,9.666666666666666,1,35.9999,3,11.999966666666666,1,27.0,3,9.0,1,29.5,3,9.833333333333334,1,29.5,3,9.833333333333334,1,28.7777,3,9.592566666666666,1,N/A,N/A,N/A,N/A
Erin Andrews,Maksim Chmerkoskiy,Sports Broadcaster,Maine,United States,32,10,3rd Place,3,7.0,7.0,7.0,,8.0,7.0,8.0,,8.0,7.0,8.0,,6.5,6.5,6.5,,7.0,7.0,8.0,,12.0,10.0,12.0,,8.5,8.5,8.5,,8.5,9.0,9.0,,9.5,9.0,9.5,,9.2222,8.8888,8.8888,,,,,,21.0,3,7.0,3,23.0,3,7.666666666666667,3,23.0,3,7.666666666666667,2,19.5,3,6.5,5,22.0,3,7.333333333333333,4,34.0,3,11.333333333333334,2,25.5,3,8.5,4,26.5,3,8.833333333333334,2,28.0,3,9.333333333333334,3,26.9998,3,8.999933333333333,2,N/A,N/A,N/A,N/A
Kate Gosselin,Tony Dovolani,TV Personality,Pennsylvania,United States,35,10,Eliminated Week 5,8,6.0,5.0,5.0,,5.0,5.0,5.0,,5.0,5.0,5.0,,5.0,5.5,5.5,,5.0,5.0,5.0,,0.0,0.0,0.0,,0.0,0.0,0.0,,0.0,0.0,0.0,,0.0,0.0,0.0,,0.0,0.0,0.0,,,,,,16.0,3,5.333333333333333,9,15.0,3,5.0,10,15.0,3,5.0,9,16.0,3,5.333333333333333,9,15.0,3,5.0,8,0.0,3,0.0,8,0.0,3,0.0,7,0.0,3,0.0,6,0.0,3,0.0,5,0.0,3,0.0,4,N/A,N/A,N/A,N/A
Jake Pavelka,Chelsie Hightower,TV Personality,Texas,United States,32,10,Eliminated Week 6,7,7.0,6.0,7.0,,6.0,7.0,7.0,,7.0,7.0,7.0,,6.5,6.5,6.0,,8.0,7.0,8.0,,8.3333,8.3333,8.3333,,0.0,0.0,0.0,,0.0,0.0,0.0,,0.0,0.0,0.0,,0.0,0.0,0.0,,,,,,20.0,3,6.666666666666667,5,20.0,3,6.666666666666667,6,21.0,3,7.0,4,19.0,3,6.333333333333333,6,23.0,3,7.666666666666667,3,24.999899999999997,3,8.3333,7,0.0,3,0.0,7,0.0,3,0.0,6,0.0,3,0.0,5,0.0,3,0.0,4,N/A,N/A,N/A,N/A
David Hasselhoff,Kym Johnson,Actor/Actress,Maryland,United States,58,11,Eliminated Week 1,12,5.0,5.0,5.0,,0.0,0.0,0.0,,0.0,0.0,0.0,,0.0,0.0,0.0,,0.0,0.0,0.0,,0.0,0.0,0.0,,0.0,0.0,0.0,0.0,0.0,0.0,0.0,,0.0,0.0,0.0,,0.0,0.0,0.0,,,,,,15.0,3,5.0,10,0.0,3,0.0,12,0.0,3,0.0,11,0.0,3,0.0,10,0.0,3,0.0,9,0.0,3,0.0,8,0.0,4,0.0,7,0.0,3,0.0,6,0.0,3,0.0,5,0.0,3,0.0,4,N/A,N/A,N/A,N/A
Florence Henderson,Corky Ballas,Actor/Actress,Indiana,United States,76,11,Eliminated Week 5,8,6.0,6.0,6.0,,7.0,6.0,6.0,,7.0,6.0,7.0,,6.0,6.0,5.5,,7.0,7.0,7.0,,0.0,0.0,0.0,,0.0,0.0,0.0,0.0,0.0,0.0,0.0,,0.0,0.0,0.0,,0.0,0.0,0.0,,,,,,18.0,3,6.0,7,19.0,3,6.333333333333333,8,20.0,3,6.666666666666667,7,17.5,3,5.833333333333333,6,21.0,3,7.0,6,0.0,3,0.0,8,0.0,4,0.0,7,0.0,3,0.0,6,0.0,3,0.0,5,0.0,3,0.0,4,N/A,N/A,N/A,N/A
Kyle Massey,Lacey Schwimmer,Actor/Actress,Georgia,United States,19,11,2nd Place,2,8.0,7.0,8.0,,8.0,7.0,7.0,,8.0,7.0,8.0,,7.0,6.5,6.5,,8.0,5.0,7.0,,10.3333,9.3333,10.3333,,9.0,8.5,8.0,8.0,9.5,9.0,9.5,,10.0,9.0,10.0,,9.3333,8.6666,9.3333,,,,,,23.0,3,7.666666666666667,2,22.0,3,7.333333333333333,3,23.0,3,7.666666666666667,5,20.0,3,6.666666666666667,4,20.0,3,6.666666666666667,7,29.999899999999997,3,9.999966666666666,4,33.5,4,8.375,5,28.0,3,9.333333333333334,3,29.0,3,9.666666666666666,2,27.333199999999998,3,9.111066666666666,2,N/A,N/A,N/A,N/A
Jennifer Grey,Derek Hough,Actor/Actress,New York,United States,50,11,1st Place,1,8.0,8.0,8.0,,8.0,8.0,8.0,,8.0,8.0,8.0,,9.5,9.0,9.5,,8.0,8.0,9.0,,9.0,10.0,10.0,,9.5,9.0,9.0,9.0,9.5,9.5,9.5,,10.0,10.0,10.0,,10.0,10.0,10.0,,,,,,24.0,3,8.0,1,24.0,3,8.0,1,24.0,3,8.0,2,28.0,3,9.333333333333334,1,25.0,3,8.333333333333334,2,29.0,3,9.666666666666666,5,36.5,4,9.125,1,28.5,3,9.5,1,30.0,3,10.0,1,30.0,3,10.0,1,N/A,N/A,N/A,N/A
Rick Fox,Cheryl Burke,Athlete,,Canada,41,11,Eliminated Week 7,6,8.0,7.0,7.0,,7.0,7.0,7.0,,8.0,8.0,8.0,,6.0,7.0,6.5,,8.0,8.0,8.0,,10.0,10.0,10.0,,9.0,8.5,8.5,8.5,0.0,0.0,0.0,,0.0,0.0,0.0,,0.0,0.0,0.0,,,,,,22.0,3,7.333333333333333,4,21.0,3,7.0,5,24.0,3,8.0,2,19.5,3,6.5,5,24.0,3,8.0,3,30.0,3,10.0,3,34.5,4,8.625,4,0.0,3,0.0,6,0.0,3,0.0,5,0.0,3,0.0,4,N/A,N/A,N/A,N/A
Kurt Warner,Anna Trebunskaya,Athlete,Iowa,United States,39,11,Eliminated Week 8,5,7.0,5.0,7.0,,7.0,7.0,7.0,,8.0,8.0,7.0,,6.0,5.5,5.5,,8.0,8.0,8.0,,7.3333,7.3333,7.3333,,9.5,8.5,8.5,8.5,8.0,8.0,8.0,,0.0,0.0,0.0,,0.0,0.0,0.0,,,,,,19.0,3,6.333333333333333,5,21.0,3,7.0,5,23.0,3,7.666666666666667,5,17.0,3,5.666666666666667,7,24.0,3,8.0,3,21.9999,3,7.3333,7,35.0,4,8.75,3,24.0,3,8.0,4,0.0,3,0.0,5,0.0,3,0.0,4,N/A,N/A,N/A,N/A
Margaret Cho,Louis van Amstel,Comedian,California,United States,41,11,Eliminated Week 3,10,5.0,5.0,5.0,,6.0,6.0,6.0,,6.0,6.0,6.0,,0.0,0.0,0.0,,0.0,0.0,0.0,,0.0,0.0,0.0,,0.0,0.0,0.0,0.0,0.0,0.0,0.0,,0.0,0.0,0.0,,0.0,0.0,0.0,,,,,,15.0,3,5.0,10,18.0,3,6.0,9,18.0,3,6.0,10,0.0,3,0.0,10,0.0,3,0.0,9,0.0,3,0.0,8,0.0,4,0.0,7,0.0,3,0.0,6,0.0,3,0.0,5,0.0,3,0.0,4,N/A,N/A,N/A,N/A
Michael Bolton,Chelsie Hightower,Singer/Rapper,Connecticut,United States,57,11,Eliminated Week 2,11,6.0,5.0,5.0,,4.0,5.0,3.0,,0.0,0.0,0.0,,0.0,0.0,0.0,,0.0,0.0,0.0,,0.0,0.0,0.0,,0.0,0.0,0.0,0.0,0.0,0.0,0.0,,0.0,0.0,0.0,,0.0,0.0,0.0,,,,,,16.0,3,5.333333333333333,9,12.0,3,4.0,11,0.0,3,0.0,11,0.0,3,0.0,10,0.0,3,0.0,9,0.0,3,0.0,8,0.0,4,0.0,7,0.0,3,0.0,6,0.0,3,0.0,5,0.0,3,0.0,4,N/A,N/A,N/A,N/A
Brandy,Maksim Chmerkoskiy,Singer/Rapper,Mississippi,United States,31,11,Eliminated Week 9,4,7.0,8.0,8.0,,7.0,7.0,7.0,,8.0,8.0,8.0,,8.0,8.0,8.0,,9.0,9.0,9.0,,11.3333,12.3333,12.3333,,9.0,9.0,9.5,9.0,9.0,9.5,10.0,,9.5,9.5,9.5,,0.0,0.0,0.0,,,,,,23.0,3,7.666666666666667,2,21.0,3,7.0,5,24.0,3,8.0,2,24.0,3,8.0,2,27.0,3,9.0,1,35.9999,3,11.999966666666666,1,36.5,4,9.125,1,28.5,3,9.5,1,28.5,3,9.5,3,0.0,3,0.0,4,N/A,N/A,N/A,N/A
The Situation,Karina Smirnoff,TV Personality,New York,United States,28,11,Eliminated Week 4,9,5.0,5.0,5.0,,6.0,6.0,6.0,,7.0,6.0,7.0,,5.0,4.5,4.5,,0.0,0.0,0.0,,0.0,0.0,0.0,,0.0,0.0,0.0,0.0,0.0,0.0,0.0,,0.0,0.0,0.0,,0.0,0.0,0.0,,,,,,15.0,3,5.0,10,18.0,3,6.0,9,20.0,3,6.666666666666667,7,14.0,3,4.666666666666667,9,0.0,3,0.0,9,0.0,3,0.0,8,0.0,4,0.0,7,0.0,3,0.0,6,0.0,3,0.0,5,0.0,3,0.0,4,N/A,N/A,N/A,N/A
Audrina Patridge,Tony Dovolani,TV Personality,California,United States,25,11,Eliminated Week 6,7,6.0,7.0,6.0,,8.0,8.0,7.0,,8.0,9.0,9.0,,8.0,7.5,7.5,,7.0,8.0,8.0,,10.6666,10.6666,10.6666,,0.0,0.0,0.0,0.0,0.0,0.0,0.0,,0.0,0.0,0.0,,0.0,0.0,0.0,,,,,,19.0,3,6.333333333333333,5,23.0,3,7.666666666666667,2,26.0,3,8.666666666666666,1,23.0,3,7.666666666666667,3,23.0,3,7.666666666666667,5,31.9998,3,10.6666,2,0.0,4,0.0,7,0.0,3,0.0,6,0.0,3,0.0,5,0.0,3,0.0,4,N/A,N/A,N/A,N/A
Bristol Palin,Mark Ballas,TV Personality,Alaska,United States,19,11,3rd Place,3,6.0,6.0,6.0,,7.0,8.0,7.0,,6.0,6.0,7.0,,5.0,5.5,5.5,,6.0,6.0,6.0,,9.6666,8.6666,9.6666,,8.5,8.0,8.0,8.0,7.5,8.0,8.0,,8.5,9.0,9.0,,8.3333,9.0,8.3333,,,,,,18.0,3,6.0,7,22.0,3,7.333333333333333,3,19.0,3,6.333333333333333,9,16.0,3,5.333333333333333,8,18.0,3,6.0,8,27.9998,3,9.333266666666667,6,32.5,4,8.125,6,23.5,3,7.833333333333333,5,26.5,3,8.833333333333334,4,25.666600000000003,3,8.555533333333335,3,N/A,N/A,N/A,N/A
Ralph Macchio,Karina Smirnoff,Actor/Actress,New York,United States,49,12,Eliminated Week 9,4,8.0,8.0,8.0,,7.0,7.0,7.0,,7.0,7.0,7.0,,8.0,8.0,9.0,,8.0,7.0,7.0,,8.0,8.0,8.0,,9.0,8.5,7.5,8.0,7.5,7.5,8.0,,8.0,8.0,8.0,,0.0,0.0,0.0,,,,,,24.0,3,8.0,1,21.0,3,7.0,4,21.0,3,7.0,5,25.0,3,8.333333333333334,2,22.0,3,7.333333333333333,6,24.0,3,8.0,6,33.0,4,8.25,1,23.0,3,7.666666666666667,5,24.0,3,8.0,4,0.0,3,0.0,4,N/A,N/A,N/A,N/A
Chelsea Kane,Mark Ballas,Actor/Actress,Arizona,United States,22,12,3rd Place,3,7.0,7.0,7.0,,6.0,5.0,7.0,,7.0,8.0,8.0,,9.0,8.0,9.0,,9.0,8.0,9.0,,10.0,9.0,9.0,,8.0,8.5,7.5,8.0,9.0,9.0,9.5,,12.0,12.0,12.5,,10.0,9.6666,10.0,,,,,,21.0,3,7.0,3,18.0,3,6.0,7,23.0,3,7.666666666666667,3,26.0,3,8.666666666666666,1,26.0,3,8.666666666666666,2,28.0,3,9.333333333333334,1,32.0,4,8.0,3,27.5,3,9.166666666666666,1,36.5,3,12.166666666666666,1,29.666600000000003,3,9.888866666666667,1,N/A,N/A,N/A,N/A
Kirstie Alley,Maksim Chmerkoskiy,Actor/Actress,Kansas,United States,60,12,2nd Place,2,8.0,7.0,8.0,,7.0,6.0,7.0,,7.0,7.0,7.0,,7.0,7.0,8.0,,8.0,7.0,8.0,,8.0,9.0,9.0,,8.0,7.0,7.0,8.0,8.5,9.0,9.0,,9.0,9.0,9.0,,9.3333,9.3333,9.3333,,,,,,23.0,3,7.666666666666667,2,20.0,3,6.666666666666667,5,21.0,3,7.0,5,22.0,3,7.333333333333333,7,23.0,3,7.666666666666667,5,26.0,3,8.666666666666666,4,30.0,4,7.5,5,26.5,3,8.833333333333334,3,27.0,3,9.0,3,27.999899999999997,3,9.3333,3,N/A,N/A,N/A,N/A
Hines Ward,Kym Johnson,Athlete,,South Korea,35,12,1st Place,1,7.0,7.0,7.0,,8.0,7.0,8.0,,9.0,8.0,8.0,,9.0,8.0,8.0,,9.0,9.0,9.0,,9.0,9.0,9.0,,8.0,8.0,8.0,9.0,9.0,9.0,9.0,,10.0,10.0,10.0,,10.0,9.6666,10.0,,,,,,21.0,3,7.0,3,23.0,3,7.666666666666667,1,25.0,3,8.333333333333334,1,25.0,3,8.333333333333334,2,27.0,3,9.0,1,27.0,3,9.0,3,33.0,4,8.25,1,27.0,3,9.0,2,30.0,3,10.0,2,29.666600000000003,3,9.888866666666667,1,N/A,N/A,N/A,N/A
Sugar Ray Leonard,Anna Trebunskaya,Athlete,North Carolina,United States,54,12,Eliminated Week 4,9,6.0,5.0,6.0,,6.0,5.0,6.0,,7.0,6.0,7.0,,7.0,7.0,7.0,,0.0,0.0,0.0,,0.0,0.0,0.0,,0.0,0.0,0.0,0.0,0.0,0.0,0.0,,0.0,0.0,0.0,,0.0,0.0,0.0,,,,,,17.0,3,5.666666666666667,9,17.0,3,5.666666666666667,9,20.0,3,6.666666666666667,8,21.0,3,7.0,8,0.0,3,0.0,9,0.0,3,0.0,8,0.0,4,0.0,7,0.0,3,0.0,6,0.0,3,0.0,5,0.0,3,0.0,4,N/A,N/A,N/A,N/A
Chris Jericho,Cheryl Burke,Athlete,New York,United States,40,12,Eliminated Week 6,7,7.0,6.0,6.0,,8.0,7.0,8.0,,7.0,7.0,7.0,,8.0,7.0,8.0,,9.0,8.0,9.0,,7.0,8.0,7.0,,0.0,0.0,0.0,0.0,0.0,0.0,0.0,,0.0,0.0,0.0,,0.0,0.0,0.0,,,,,,19.0,3,6.333333333333333,5,23.0,3,7.666666666666667,1,21.0,3,7.0,5,23.0,3,7.666666666666667,4,26.0,3,8.666666666666666,2,22.0,3,7.333333333333333,7,0.0,4,0.0,7,0.0,3,0.0,6,0.0,3,0.0,5,0.0,3,0.0,4,N/A,N/A,N/A,N/A
Petra Nemcova,Dmitry Chaplin,Model,,Czechoslovakia,31,12,Eliminated Week 5,8,6.0,6.0,6.0,,6.0,6.0,6.0,,8.0,9.0,8.0,,8.0,7.0,8.0,,7.0,7.0,8.0,,0.0,0.0,0.0,,0.0,0.0,0.0,0.0,0.0,0.0,0.0,,0.0,0.0,0.0,,0.0,0.0,0.0,,,,,,18.0,3,6.0,7,18.0,3,6.0,7,25.0,3,8.333333333333334,1,23.0,3,7.666666666666667,4,22.0,3,7.333333333333333,6,0.0,3,0.0,8,0.0,4,0.0,7,0.0,3,0.0,6,0.0,3,0.0,5,0.0,3,0.0,4,N/A,N/A,N/A,N/A
Mike Catherwood,Lacey Schwimmer,Radio Personality,California,United States,32,12,Eliminated Week 2,11,5.0,4.0,4.0,,6.0,5.0,6.0,,0.0,0.0,0.0,,0.0,0.0,0.0,,0.0,0.0,0.0,,0.0,0.0,0.0,,0.0,0.0,0.0,0.0,0.0,0.0,0.0,,0.0,0.0,0.0,,0.0,0.0,0.0,,,,,,13.0,3,4.333333333333333,11,17.0,3,5.666666666666667,9,0.0,3,0.0,11,0.0,3,0.0,10,0.0,3,0.0,9,0.0,3,0.0,8,0.0,4,0.0,7,0.0,3,0.0,6,0.0,3,0.0,5,0.0,3,0.0,4,N/A,N/A,N/A,N/A
Romeo,Chelsie Hightower,Singer/Rapper,Louisiana,United States,21,12,Eliminated Week 8,5,7.0,6.0,6.0,,7.0,8.0,8.0,,7.0,6.0,7.0,,7.0,8.0,8.0,,9.0,8.0,9.0,,10.0,9.0,9.0,,7.5,8.0,7.0,7.5,8.5,9.0,8.5,,0.0,0.0,0.0,,0.0,0.0,0.0,,,,,,19.0,3,6.333333333333333,5,23.0,3,7.666666666666667,1,20.0,3,6.666666666666667,8,23.0,3,7.666666666666667,4,26.0,3,8.666666666666666,2,28.0,3,9.333333333333334,1,30.0,4,7.5,5,26.0,3,8.666666666666666,4,0.0,3,0.0,5,0.0,3,0.0,4,N/A,N/A,N/A,N/A
Wendy Williams,Tony Dovolani,TV Personality,New Jersey,United States,46,12,Eliminated Week 3,10,5.0,4.0,5.0,,6.0,5.0,6.0,,5.0,5.0,5.0,,0.0,0.0,0.0,,0.0,0.0,0.0,,0.0,0.0,0.0,,0.0,0.0,0.0,0.0,0.0,0.0,0.0,,0.0,0.0,0.0,,0.0,0.0,0.0,,,,,,14.0,3,4.666666666666667,10,17.0,3,5.666666666666667,9,15.0,3,5.0,10,0.0,3,0.0,10,0.0,3,0.0,9,0.0,3,0.0,8,0.0,4,0.0,7,0.0,3,0.0,6,0.0,3,0.0,5,0.0,3,0.0,4,N/A,N/A,N/A,N/A
Kendra Wilkinson,Louis van Amstel,TV Personality,California,United States,25,12,Eliminated Week 7,6,6.0,6.0,6.0,,7.0,6.0,6.0,,8.0,7.0,8.0,,6.0,6.0,6.0,,8.0,7.0,7.0,,8.0,8.0,9.0,,7.5,7.5,7.5,8.0,0.0,0.0,0.0,,0.0,0.0,0.0,,0.0,0.0,0.0,,,,,,18.0,3,6.0,7,19.0,3,6.333333333333333,6,23.0,3,7.666666666666667,3,18.0,3,6.0,9,22.0,3,7.333333333333333,6,25.0,3,8.333333333333334,5,30.5,4,7.625,4,0.0,3,0.0,6,0.0,3,0.0,5,0.0,3,0.0,4,N/A,N/A,N/A,N/A
Elisabetta Canalis,Valentin Chmerkovskiy,Actor/Actress,,Italy,33,13,Eliminated Week 2,11,5.0,5.0,5.0,,7.0,7.0,7.0,,0.0,0.0,0.0,,0.0,0.0,0.0,,0.0,0.0,0.0,,0.0,0.0,0.0,,0.0,0.0,0.0,,0.0,0.0,0.0,,0.0,0.0,0.0,,0.0,0.0,0.0,,,,,,15.0,3,5.0,11,21.0,3,7.0,4,0.0,3,0.0,11,0.0,3,0.0,10,0.0,3,0.0,9,0.0,3,0.0,8,0.0,3,0.0,7,0.0,3,0.0,6,0.0,3,0.0,5,0.0,3,0.0,4,N/A,N/A,N/A,N/A
David Arquette,Kym Johnson,Actor/Actress,Virginia,United States,40,13,Eliminated Week 7,6,6.0,6.0,6.0,,6.0,6.0,6.0,,8.0,8.0,8.0,,8.0,7.0,8.0,,8.0,9.0,8.0,,8.0,7.0,8.0,,8.0,7.5,8.0,,0.0,0.0,0.0,,0.0,0.0,0.0,,0.0,0.0,0.0,,,,,,18.0,3,6.0,6,18.0,3,6.0,9,24.0,3,8.0,4,23.0,3,7.666666666666667,5,25.0,3,8.333333333333334,2,23.0,3,7.666666666666667,4,23.5,3,7.833333333333333,5,0.0,3,0.0,6,0.0,3,0.0,5,0.0,3,0.0,4,N/A,N/A,N/A,N/A
Ricki Lake,Derek Hough,Actor/Actress,New York,United States,42,13,3rd Place,3,7.0,6.0,7.0,,8.0,7.0,8.0,,9.0,9.0,9.0,,10.0,9.0,10.0,,8.0,8.0,8.0,,10.0,9.0,10.0,,9.0,8.5,9.0,,8.5,8.5,9.0,,10.8333,11.3333,11.3333,,9.3333,9.3333,9.3333,,,,,,20.0,3,6.666666666666667,4,23.0,3,7.666666666666667,1,27.0,3,9.0,1,29.0,3,9.666666666666666,1,24.0,3,8.0,4,29.0,3,9.666666666666666,1,26.5,3,8.833333333333334,1,26.0,3,8.666666666666666,2,33.4999,3,11.166633333333332,1,27.999899999999997,3,9.3333,3,N/A,N/A,N/A,N/A
J.R. Martinez,Karina Smirnoff,Actor/Actress,Louisiana,United States,28,13,1st Place,1,8.0,7.0,7.0,,7.0,7.0,8.0,,9.0,8.0,9.0,,8.0,9.0,9.0,,9.0,9.0,10.0,,10.0,9.0,10.0,,8.5,7.5,8.0,,10.0,10.0,10.0,,9.5,9.0,9.5,,9.3333,9.1666,9.6666,,,,,,22.0,3,7.333333333333333,1,22.0,3,7.333333333333333,2,26.0,3,8.666666666666666,2,26.0,3,8.666666666666666,2,28.0,3,9.333333333333334,1,29.0,3,9.666666666666666,1,24.0,3,8.0,4,30.0,3,10.0,1,28.0,3,9.333333333333334,3,28.1665,3,9.388833333333332,2,N/A,N/A,N/A,N/A
Metta World Peace (Ron),Peta Murgatroyd,Athlete,New York,United States,31,13,Eliminated Week 1,12,5.0,4.0,5.0,,0.0,0.0,0.0,,0.0,0.0,0.0,,0.0,0.0,0.0,,0.0,0.0,0.0,,0.0,0.0,0.0,,0.0,0.0,0.0,,0.0,0.0,0.0,,0.0,0.0,0.0,,0.0,0.0,0.0,,,,,,14.0,3,4.666666666666667,12,0.0,3,0.0,12,0.0,3,0.0,11,0.0,3,0.0,10,0.0,3,0.0,9,0.0,3,0.0,8,0.0,3,0.0,7,0.0,3,0.0,6,0.0,3,0.0,5,0.0,3,0.0,4,N/A,N/A,N/A,N/A
Hope Solo,Maksim Chmerkoskiy,Athlete,Washington,United States,30,13,Eliminated Week 9,4,7.0,7.0,7.0,,6.0,7.0,6.0,,8.0,8.0,8.0,,8.0,8.0,8.0,,8.0,8.0,8.0,,7.0,6.0,7.0,,8.5,8.0,8.5,,8.5,9.0,8.5,,8.1666,8.1666,8.1666,,0.0,0.0,0.0,,,,,,21.0,3,7.0,3,19.0,3,6.333333333333333,8,24.0,3,8.0,4,24.0,3,8.0,3,24.0,3,8.0,4,20.0,3,6.666666666666667,6,25.0,3,8.333333333333334,3,26.0,3,8.666666666666666,2,24.4998,3,8.1666,4,0.0,3,0.0,4,N/A,N/A,N/A,N/A
Chynna Phillips,Tony Dovolani,Singer/Rapper,California,United States,43,13,Eliminated Week 4,9,8.0,7.0,7.0,,7.0,7.0,7.0,,8.0,9.0,9.0,,7.0,7.0,7.0,,0.0,0.0,0.0,,0.0,0.0,0.0,,0.0,0.0,0.0,,0.0,0.0,0.0,,0.0,0.0,0.0,,0.0,0.0,0.0,,,,,,22.0,3,7.333333333333333,1,21.0,3,7.0,4,26.0,3,8.666666666666666,2,21.0,3,7.0,6,0.0,3,0.0,9,0.0,3,0.0,8,0.0,3,0.0,7,0.0,3,0.0,6,0.0,3,0.0,5,0.0,3,0.0,4,N/A,N/A,N/A,N/A
Kristin Cavallari,Mark Ballas,TV Personality,Colorado,United States,24,13,Eliminated Week 3,10,7.0,6.0,6.0,,8.0,7.0,7.0,,8.0,8.0,8.0,,0.0,0.0,0.0,,0.0,0.0,0.0,,0.0,0.0,0.0,,0.0,0.0,0.0,,0.0,0.0,0.0,,0.0,0.0,0.0,,0.0,0.0,0.0,,,,,,19.0,3,6.333333333333333,5,22.0,3,7.333333333333333,2,24.0,3,8.0,4,0.0,3,0.0,10,0.0,3,0.0,9,0.0,3,0.0,8,0.0,3,0.0,7,0.0,3,0.0,6,0.0,3,0.0,5,0.0,3,0.0,4,N/A,N/A,N/A,N/A
Carson Kressley,Anna Trebunskaya,TV Personality,Pennsylvania,United States,41,13,Eliminated Week 5,8,6.0,5.0,6.0,,6.0,6.0,6.0,,8.0,7.0,8.0,,7.0,6.0,7.0,,6.0,6.0,7.0,,0.0,0.0,0.0,,0.0,0.0,0.0,,0.0,0.0,0.0,,0.0,0.0,0.0,,0.0,0.0,0.0,,,,,,17.0,3,5.666666666666667,7,18.0,3,6.0,9,23.0,3,7.666666666666667,8,20.0,3,6.666666666666667,9,19.0,3,6.333333333333333,8,0.0,3,0.0,8,0.0,3,0.0,7,0.0,3,0.0,6,0.0,3,0.0,5,0.0,3,0.0,4,N/A,N/A,N/A,N/A
Chaz Bono,Lacey Schwimmer,TV Personality,California,United States,42,13,Eliminated Week 6,7,6.0,5.0,6.0,,6.0,5.0,6.0,,6.0,6.0,6.0,,7.0,7.0,7.0,,7.0,7.0,7.0,,7.0,6.0,6.0,,0.0,0.0,0.0,,0.0,0.0,0.0,,0.0,0.0,0.0,,0.0,0.0,0.0,,,,,,17.0,3,5.666666666666667,7,17.0,3,5.666666666666667,11,18.0,3,6.0,10,21.0,3,7.0,6,21.0,3,7.0,7,19.0,3,6.333333333333333,7,0.0,3,0.0,7,0.0,3,0.0,6,0.0,3,0.0,5,0.0,3,0.0,4,N/A,N/A,N/A,N/A
Nancy Grace,Tristan MacManus,TV Personality,Georgia,United States,51,13,Eliminated Week 8,5,5.0,5.0,6.0,,6.0,8.0,7.0,,7.0,7.0,7.0,,7.0,7.0,7.0,,7.0,7.0,8.0,,9.0,7.0,8.0,,7.5,7.0,7.5,,7.5,7.0,7.5,,0.0,0.0,0.0,,0.0,0.0,0.0,,,,,,16.0,3,5.333333333333333,9,21.0,3,7.0,4,21.0,3,7.0,9,21.0,3,7.0,6,22.0,3,7.333333333333333,6,24.0,3,8.0,3,22.0,3,7.333333333333333,6,22.0,3,7.333333333333333,5,0.0,3,0.0,5,0.0,3,0.0,4,N/A,N/A,N/A,N/A
Rob Kardashian,Cheryl Burke,TV Personality,California,United States,24,13,2nd Place,2,6.0,5.0,5.0,,7.0,7.0,7.0,,8.0,8.0,8.0,,8.0,8.0,8.0,,9.0,8.0,8.0,,8.0,7.0,7.0,,9.0,8.0,8.5,,8.5,8.5,8.5,,11.1666,10.6666,10.6666,,9.4444,9.4444,9.4444,,,,,,16.0,3,5.333333333333333,9,21.0,3,7.0,4,24.0,3,8.0,4,24.0,3,8.0,3,25.0,3,8.333333333333334,2,22.0,3,7.333333333333333,5,25.5,3,8.5,2,25.5,3,8.5,4,32.4998,3,10.833266666666667,2,28.333199999999998,3,9.4444,1,N/A,N/A,N/A,N/A
William Levy,Cheryl Burke,Actor/Actress,,Cuba,31,14,3rd Place,3,8.0,8.0,8.0,,9.0,7.0,9.0,,9.0,9.0,10.0,,7.0,7.0,8.0,,10.0,9.0,10.0,,12.0,11.0,13.0,,9.0,8.5,9.0,,9.5,9.5,9.5,,9.5,9.5,10.0,,10.0,9.6666,10.0,,,,,,24.0,3,8.0,3,25.0,3,8.333333333333334,3,28.0,3,9.333333333333334,2,22.0,3,7.333333333333333,6,29.0,3,9.666666666666666,1,36.0,3,12.0,3,26.5,3,8.833333333333334,3,28.5,3,9.5,1,29.0,3,9.666666666666666,2,29.666600000000003,3,9.888866666666667,2,N/A,N/A,N/A,N/A
Jack Wagner,Anna Trebunskaya,Actor/Actress,Missouri,United States,52,14,Eliminated Week 3,11,8.0,7.0,8.0,,7.0,7.0,7.0,,8.0,8.0,8.0,,0.0,0.0,0.0,,0.0,0.0,0.0,,0.0,0.0,0.0,,0.0,0.0,0.0,,0.0,0.0,0.0,,0.0,0.0,0.0,,0.0,0.0,0.0,,,,,,23.0,3,7.666666666666667,4,21.0,3,7.0,8,24.0,3,8.0,7,0.0,3,0.0,11,0.0,3,0.0,10,0.0,3,0.0,9,0.0,3,0.0,8,0.0,3,0.0,7,0.0,3,0.0,5,0.0,3,0.0,4,N/A,N/A,N/A,N/A
Sherri Sheperd,Valentin Chmerkovskiy,Actor/Actress,Illinois,United States,44,14,Eliminated Week 4,10,8.0,7.0,8.0,,8.0,7.0,8.0,,8.0,8.0,8.0,,7.0,7.0,7.0,,0.0,0.0,0.0,,0.0,0.0,0.0,,0.0,0.0,0.0,,0.0,0.0,0.0,,0.0,0.0,0.0,,0.0,0.0,0.0,,,,,,23.0,3,7.666666666666667,4,23.0,3,7.666666666666667,6,24.0,3,8.0,7,21.0,3,7.0,9,0.0,3,0.0,10,0.0,3,0.0,9,0.0,3,0.0,8,0.0,3,0.0,7,0.0,3,0.0,5,0.0,3,0.0,4,N/A,N/A,N/A,N/A
Jaleel White,Kym Johnson,Actor/Actress,California,United States,35,14,Eliminated Week 7,7,9.0,8.0,9.0,,7.0,7.0,8.0,,9.0,8.0,8.0,,8.0,7.0,7.0,,8.0,8.0,8.0,,12.6666,11.6666,12.6666,,9.0,8.0,8.5,,0.0,0.0,0.0,,0.0,0.0,0.0,,0.0,0.0,0.0,,,,,,26.0,3,8.666666666666666,1,22.0,3,7.333333333333333,7,25.0,3,8.333333333333334,5,22.0,3,7.333333333333333,6,24.0,3,8.0,6,36.9998,3,12.333266666666667,2,25.5,3,8.5,6,0.0,3,0.0,7,0.0,3,0.0,5,0.0,3,0.0,4,N/A,N/A,N/A,N/A
Roshon Fegan,Chelsie Hightower,Actor/Actress,California,United States,20,14,Eliminated Week 8,6,8.0,7.0,8.0,,9.0,8.0,9.0,,8.0,8.0,9.0,,9.0,8.0,9.0,,9.0,8.0,9.0,,8.6666,9.6666,9.6666,,9.5,8.0,8.5,,9.5,9.0,9.5,,0.0,0.0,0.0,,0.0,0.0,0.0,,,,,,23.0,3,7.666666666666667,4,26.0,3,8.666666666666666,1,25.0,3,8.333333333333334,5,26.0,3,8.666666666666666,2,26.0,3,8.666666666666666,5,27.9998,3,9.333266666666667,7,26.0,3,8.666666666666666,5,28.0,3,9.333333333333334,2,0.0,3,0.0,5,0.0,3,0.0,4,N/A,N/A,N/A,N/A
Melissa Gilbert,Maksim Chmerkoskiy,Actor/Actress,California,United States,47,14,Eliminated Week 8,5,7.0,6.0,7.0,,7.0,6.0,7.0,,8.0,8.0,8.0,,7.0,8.0,7.0,,7.0,7.0,7.0,,10.0,10.0,10.0,,8.0,7.5,8.0,,8.5,8.5,8.5,,0.0,0.0,0.0,,0.0,0.0,0.0,,,,,,20.0,3,6.666666666666667,10,20.0,3,6.666666666666667,10,24.0,3,8.0,7,22.0,3,7.333333333333333,6,21.0,3,7.0,8,30.0,3,10.0,5,23.5,3,7.833333333333333,7,25.5,3,8.5,6,0.0,3,0.0,5,0.0,3,0.0,4,N/A,N/A,N/A,N/A
Martina Navratilova,Tony Dovolani,Athlete,,Czechoslovakia,55,14,Eliminated Week 2,12,7.0,6.0,7.0,,6.0,5.0,6.0,,0.0,0.0,0.0,,0.0,0.0,0.0,,0.0,0.0,0.0,,0.0,0.0,0.0,,0.0,0.0,0.0,,0.0,0.0,0.0,,0.0,0.0,0.0,,0.0,0.0,0.0,,,,,,20.0,3,6.666666666666667,10,17.0,3,5.666666666666667,12,0.0,3,0.0,12,0.0,3,0.0,11,0.0,3,0.0,10,0.0,3,0.0,9,0.0,3,0.0,8,0.0,3,0.0,7,0.0,3,0.0,5,0.0,3,0.0,4,N/A,N/A,N/A,N/A
Donald Driver,Peta Murgatroyd,Athlete,Texas,United States,37,14,1st Place,1,7.0,7.0,7.0,,8.0,8.0,8.0,,9.0,8.0,9.0,,9.0,9.0,9.0,,10.0,8.0,9.0,,11.3333,11.3333,11.3333,,9.0,8.5,9.0,,9.5,9.0,9.0,,9.5,9.0,10.0,,10.0,9.6666,10.0,,,,,,21.0,3,7.0,8,24.0,3,8.0,5,26.0,3,8.666666666666666,4,27.0,3,9.0,1,27.0,3,9.0,3,33.9999,3,11.3333,4,26.5,3,8.833333333333334,3,27.5,3,9.166666666666666,3,28.5,3,9.5,3,29.666600000000003,3,9.888866666666667,2,N/A,N/A,N/A,N/A
Gavin DeGraw,Karina Smirnoff,Singer/Rapper,New York,United States,35,14,Eliminated Week 5,9,7.0,6.0,7.0,,7.0,7.0,7.0,,8.0,8.0,8.0,,8.0,8.0,7.0,,6.0,6.0,7.0,,0.0,0.0,0.0,,0.0,0.0,0.0,,0.0,0.0,0.0,,0.0,0.0,0.0,,0.0,0.0,0.0,,,,,,20.0,3,6.666666666666667,10,21.0,3,7.0,8,24.0,3,8.0,7,23.0,3,7.666666666666667,5,19.0,3,6.333333333333333,9,0.0,3,0.0,9,0.0,3,0.0,8,0.0,3,0.0,7,0.0,3,0.0,5,0.0,3,0.0,4,N/A,N/A,N/A,N/A
Gladys Knight,Tristan MacManus,Singer/Rapper,Georgia,United States,67,14,Eliminated Week 6,8,8.0,7.0,8.0,,7.0,5.0,7.0,,8.0,8.0,8.0,,7.0,6.0,7.0,,7.0,7.0,8.0,,8.0,8.0,8.0,,0.0,0.0,0.0,,0.0,0.0,0.0,,0.0,0.0,0.0,,0.0,0.0,0.0,,,,,,23.0,3,7.666666666666667,4,19.0,3,6.333333333333333,11,24.0,3,8.0,7,20.0,3,6.666666666666667,10,22.0,3,7.333333333333333,7,24.0,3,8.0,8,0.0,3,0.0,8,0.0,3,0.0,7,0.0,3,0.0,5,0.0,3,0.0,4,N/A,N/A,N/A,N/A
Katherine Jenkins,Mark Ballas,Singer/Rapper,,Wales,31,14,2nd Place,2,9.0,8.0,9.0,,9.0,8.0,9.0,,10.0,9.0,10.0,,8.0,8.0,8.0,,10.0,9.0,10.0,,13.3333,12.3333,13.3333,,9.5,8.5,9.0,,9.0,9.0,9.5,,9.5,9.0,9.5,,10.0,10.0,10.0,,,,,,26.0,3,8.666666666666666,1,26.0,3,8.666666666666666,1,29.0,3,9.666666666666666,1,24.0,3,8.0,4,29.0,3,9.666666666666666,1,38.9999,3,12.999966666666666,1,27.0,3,9.0,2,27.5,3,9.166666666666666,3,28.0,3,9.333333333333334,4,30.0,3,10.0,1,N/A,N/A,N/A,N/A
Maria Menounos,Derek Hough,TV Personality,Massachusetts,United States,33,14,Eliminated Week 9,4,7.0,7.0,7.0,,8.0,8.0,9.0,,9.0,9.0,9.0,,9.0,8.0,9.0,,9.0,9.0,9.0,,9.3333,10.3333,10.3333,,10.0,9.0,9.5,,9.5,7.5,9.5,,10.0,9.5,10.0,,0.0,0.0,0.0,,,,,,21.0,3,7.0,8,25.0,3,8.333333333333334,3,27.0,3,9.0,3,26.0,3,8.666666666666666,2,27.0,3,9.0,3,29.999899999999997,3,9.999966666666666,6,28.5,3,9.5,1,26.5,3,8.833333333333334,5,29.5,3,9.833333333333334,1,0.0,3,0.0,4,N/A,N/A,N/A,N/A
Gilles Marini,Peta Murgatroyd,Actor/Actress,,France,36,15,Eliminated Week 8,6,8.0,8.0,8.0,,8.5,8.5,8.5,,8.5,8.5,8.5,,10.0,9.5,10.0,10.0,9.5,9.25,9.5,,9.0,9.0,9.5,,11.1666,11.1666,11.1666,,9.5,10.0,9.7777,,0.0,0.0,0.0,,0.0,0.0,0.0,,,,,,24.0,3,8.0,2,25.5,3,8.5,2,25.5,3,8.5,4,39.5,4,9.875,1,28.25,3,9.416666666666666,2,27.5,3,9.166666666666666,5,33.4998,3,11.1666,5,29.2777,3,9.759233333333333,2,0.0,3,0.0,6,0.0,3,0.0,4,N/A,N/A,N/A,N/A
Sabrina Bryan,Louis van Amstel,Actor/Actress,California,United States,28,15,Eliminated Week 6,8,7.5,7.5,7.5,,9.0,8.5,8.5,,8.5,8.5,8.5,,9.0,9.0,8.5,9.0,9.75,9.75,9.75,,10.0,10.0,10.0,,0.0,0.0,0.0,,0.0,0.0,0.0,,0.0,0.0,0.0,,0.0,0.0,0.0,,,,,,22.5,3,7.5,3,26.0,3,8.666666666666666,1,25.5,3,8.5,4,35.5,4,8.875,6,29.25,3,9.75,1,30.0,3,10.0,1,0.0,3,0.0,8,0.0,3,0.0,8,0.0,3,0.0,6,0.0,3,0.0,4,N/A,N/A,N/A,N/A
Kirstie Alley,Maksim Chmerkoskiy,Actor/Actress,Kansas,United States,61,15,Eliminated Week 8,7,6.5,6.0,6.5,,7.0,7.0,7.0,,8.0,8.0,8.0,,7.5,7.5,7.5,7.5,8.75,8.75,8.75,,9.5,8.5,9.5,,9.3333,9.3333,9.3333,,8.5,8.5,8.5,,0.0,0.0,0.0,,0.0,0.0,0.0,,,,,,19.0,3,6.333333333333333,12,21.0,3,7.0,11,24.0,3,8.0,9,30.0,4,7.5,9,26.25,3,8.75,7,27.5,3,9.166666666666666,5,27.999899999999997,3,9.3333,7,25.5,3,8.5,7,0.0,3,0.0,6,0.0,3,0.0,4,N/A,N/A,N/A,N/A
Kelly Monaco,Valentin Chmerkovskiy,Actor/Actress,Pennsylvania,United States,36,15,3rd Place,3,7.0,7.0,7.5,,7.5,7.0,7.5,,9.0,9.0,9.0,,9.0,9.5,9.5,9.5,8.5,8.5,8.75,,9.0,9.0,9.0,,12.0,12.0,12.0,,9.5,9.3333,9.5,,8.7777,9.3333,9.0,,9.6666,9.6666,9.7777,,,,,,21.5,3,7.166666666666667,6,22.0,3,7.333333333333333,10,27.0,3,9.0,1,37.5,4,9.375,3,25.75,3,8.583333333333334,8,27.0,3,9.0,7,36.0,3,12.0,3,28.3333,3,9.444433333333334,5,27.110999999999997,3,9.036999999999999,4,29.1109,3,9.703633333333334,2,N/A,N/A,N/A,N/A
Apolo Anton Ohno,Karina Smirnoff,Athlete,Washington,United States,30,15,Eliminated Week 9,5,7.5,7.0,7.5,,8.5,8.0,8.0,,9.0,8.0,8.5,,8.5,9.0,8.5,8.5,9.0,9.75,9.5,,10.0,10.0,10.0,,11.0,11.0,11.0,,9.7777,9.5,10.0,,9.3333,9.5,9.7777,,0.0,0.0,0.0,,,,,,22.0,3,7.333333333333333,4,24.5,3,8.166666666666666,4,25.5,3,8.5,4,34.5,4,8.625,7,28.25,3,9.416666666666666,2,30.0,3,10.0,1,33.0,3,11.0,6,29.2777,3,9.759233333333333,2,28.611,3,9.537,3,0.0,3,0.0,4,N/A,N/A,N/A,N/A
Emmitt Smith,Cheryl Burke,Athlete,Florida,United States,43,15,Eliminated Week 9,4,8.0,8.5,8.0,,7.5,7.5,7.5,,8.5,8.0,8.5,,9.0,9.0,9.0,9.0,9.25,9.25,9.5,,8.5,8.5,9.5,,10.8333,11.8333,11.8333,,9.5,9.7777,9.7777,,9.0,9.0,9.0,,0.0,0.0,0.0,,,,,,24.5,3,8.166666666666666,1,22.5,3,7.5,7,25.0,3,8.333333333333334,8,36.0,4,9.0,5,28.0,3,9.333333333333334,6,26.5,3,8.833333333333334,8,34.4999,3,11.499966666666666,4,29.0554,3,9.685133333333333,4,27.0,3,9.0,5,0.0,3,0.0,4,N/A,N/A,N/A,N/A
Shawn Johnson,Derek Hough,Athlete,Iowa,United States,20,15,2nd Place,2,8.0,6.5,7.5,,8.5,8.0,8.5,,9.0,8.0,9.5,,10.0,9.5,10.0,10.0,9.25,9.0,10.0,,9.5,8.5,10.0,,12.6666,12.6666,12.6666,,10.0,8.3333,9.5,,9.5,10.0,10.0,,9.6666,9.5,9.7777,,,,,,22.0,3,7.333333333333333,4,25.0,3,8.333333333333334,3,26.5,3,8.833333333333334,3,39.5,4,9.875,1,28.25,3,9.416666666666666,2,28.0,3,9.333333333333334,4,37.9998,3,12.6666,2,27.8333,3,9.277766666666666,6,29.5,3,9.833333333333334,1,28.944300000000002,3,9.648100000000001,3,N/A,N/A,N/A,N/A
Pamela Anderson,Tristan MacManus,Model,,Canada,45,15,Eliminated Week 1,13,5.5,5.5,6.0,,0.0,0.0,0.0,,0.0,0.0,0.0,,0.0,0.0,0.0,0.0,0.0,0.0,0.0,,0.0,0.0,0.0,,0.0,0.0,0.0,,0.0,0.0,0.0,,0.0,0.0,0.0,,0.0,0.0,0.0,,,,,,17.0,3,5.666666666666667,13,0.0,3,0.0,13,0.0,3,0.0,12,0.0,4,0.0,10,0.0,3,0.0,9,0.0,3,0.0,9,0.0,3,0.0,8,0.0,3,0.0,8,0.0,3,0.0,6,0.0,3,0.0,4,N/A,N/A,N/A,N/A
Helio Castroneves,Chelsie Hightower,Racing Driver,,Brazil,37,15,Eliminated Week 3,10,7.0,7.5,7.0,,8.0,7.5,7.5,,8.5,8.5,8.5,,0.0,0.0,0.0,0.0,0.0,0.0,0.0,,0.0,0.0,0.0,,0.0,0.0,0.0,,0.0,0.0,0.0,,0.0,0.0,0.0,,0.0,0.0,0.0,,,,,,21.5,3,7.166666666666667,6,23.0,3,7.666666666666667,6,25.5,3,8.5,4,0.0,4,0.0,10,0.0,3,0.0,9,0.0,3,0.0,9,0.0,3,0.0,8,0.0,3,0.0,8,0.0,3,0.0,6,0.0,3,0.0,4,N/A,N/A,N/A,N/A
Joey Fatone,Kym Johnson,Singer/Rapper,New York,United States,35,15,Eliminated Week 2,12,6.5,7.0,7.0,,7.5,7.5,7.5,,0.0,0.0,0.0,,0.0,0.0,0.0,0.0,0.0,0.0,0.0,,0.0,0.0,0.0,,0.0,0.0,0.0,,0.0,0.0,0.0,,0.0,0.0,0.0,,0.0,0.0,0.0,,,,,,20.5,3,6.833333333333333,10,22.5,3,7.5,7,0.0,3,0.0,12,0.0,4,0.0,10,0.0,3,0.0,9,0.0,3,0.0,9,0.0,3,0.0,8,0.0,3,0.0,8,0.0,3,0.0,6,0.0,3,0.0,4,N/A,N/A,N/A,N/A
Drew Lachey,Anna Trebunskaya,Singer/Rapper,Ohio,United States,36,15,Eliminated Week 3,11,7.0,7.0,7.5,,7.5,7.5,7.5,,8.0,8.0,8.0,,0.0,0.0,0.0,0.0,0.0,0.0,0.0,,0.0,0.0,0.0,,0.0,0.0,0.0,,0.0,0.0,0.0,,0.0,0.0,0.0,,0.0,0.0,0.0,,,,,,21.5,3,7.166666666666667,6,22.5,3,7.5,7,24.0,3,8.0,9,0.0,4,0.0,10,0.0,3,0.0,9,0.0,3,0.0,9,0.0,3,0.0,8,0.0,3,0.0,8,0.0,3,0.0,6,0.0,3,0.0,4,N/A,N/A,N/A,N/A
Bristol Palin,Mark Ballas,TV Personality,Alaska,United States,21,15,Eliminated Week 4,9,6.5,6.5,6.5,,6.0,6.0,6.0,,7.5,7.5,7.5,,8.0,8.0,8.0,8.0,0.0,0.0,0.0,,0.0,0.0,0.0,,0.0,0.0,0.0,,0.0,0.0,0.0,,0.0,0.0,0.0,,0.0,0.0,0.0,,,,,,19.5,3,6.5,11,18.0,3,6.0,12,22.5,3,7.5,11,32.0,4,8.0,8,0.0,3,0.0,9,0.0,3,0.0,9,0.0,3,0.0,8,0.0,3,0.0,8,0.0,3,0.0,6,0.0,3,0.0,4,N/A,N/A,N/A,N/A
Melissa Rycroft,Tony Dovolani,TV Personality,Texas,United States,29,15,1st Place,1,7.0,7.0,7.0,,8.0,8.0,7.5,,9.0,9.0,9.0,,9.0,9.0,9.5,9.5,9.25,9.5,9.5,,9.5,10.0,10.0,,13.3333,12.8333,12.8333,,10.0,10.0,10.0,,9.5,9.7777,9.5,,9.7777,9.7777,9.7777,,,,,,21.0,3,7.0,9,23.5,3,7.833333333333333,5,27.0,3,9.0,1,37.0,4,9.25,4,28.25,3,9.416666666666666,2,29.5,3,9.833333333333334,3,38.9999,3,12.999966666666666,1,30.0,3,10.0,1,28.7777,3,9.592566666666666,2,29.333099999999998,3,9.7777,1,N/A,N/A,N/A,N/A
Ingo Rademacher,Kym Johnson,Actor/Actress,,Germany,41,16,Eliminated Week 9,5,7.0,6.0,7.0,,6.0,7.0,7.0,,7.0,7.0,7.0,,8.0,7.0,8.0,,7.0,7.0,7.0,,7.5,8.0,7.5,,8.0,9.0,8.0,,8.0,8.0,8.0,,8.5,8.5,8.5,,0.0,0.0,0.0,,,,,,20.0,3,6.666666666666667,5,20.0,3,6.666666666666667,5,21.0,3,7.0,6,23.0,3,7.666666666666667,5,21.0,3,7.0,6,23.0,3,7.666666666666667,4,25.0,3,8.333333333333334,5,24.0,3,8.0,5,25.5,3,8.5,5,0.0,3,0.0,5,N/A,N/A,N/A,N/A
Zendaya,Valentin Chmerkovskiy,Actor/Actress,California,United States,16,16,2nd Place,2,8.0,8.0,8.0,,9.0,8.0,9.0,,8.6666,8.6666,8.6666,,9.0,8.0,9.0,,10.0,9.0,10.0,,8.5,8.5,8.5,,10.0,10.0,10.0,,9.5,10.0,9.5,,9.0,9.0,9.5,,10.0,10.0,10.0,,,,,,24.0,3,8.0,1,26.0,3,8.666666666666666,1,25.9998,3,8.6666,1,26.0,3,8.666666666666666,2,29.0,3,9.666666666666666,1,25.5,3,8.5,3,30.0,3,10.0,2,29.0,3,9.666666666666666,1,27.5,3,9.166666666666666,4,30.0,3,10.0,1,N/A,N/A,N/A,N/A
Dorothy Hamill,Tristan MacManus,Athlete,Illinois,United States,56,16,Withdrew,12,7.0,7.0,7.0,,5.0,5.0,5.0,,0.0,0.0,0.0,,0.0,0.0,0.0,,0.0,0.0,0.0,,0.0,0.0,0.0,,0.0,0.0,0.0,,0.0,0.0,0.0,,0.0,0.0,0.0,,0.0,0.0,0.0,,,,,,21.0,3,7.0,2,15.0,3,5.0,12,0.0,3,0.0,12,0.0,3,0.0,11,0.0,3,0.0,10,0.0,3,0.0,9,0.0,3,0.0,8,0.0,3,0.0,7,0.0,3,0.0,6,0.0,3,0.0,5,N/A,N/A,N/A,N/A
Victor Ortiz,Lindsay Arnold,Athlete,Kansas,United States,26,16,Eliminated Week 6,8,6.0,6.0,6.0,,6.0,6.0,6.0,,8.0,7.0,8.0,,6.0,6.0,6.0,,7.0,7.0,7.0,,6.5,7.0,6.5,,0.0,0.0,0.0,,0.0,0.0,0.0,,0.0,0.0,0.0,,0.0,0.0,0.0,,,,,,18.0,3,6.0,8,18.0,3,6.0,8,23.0,3,7.666666666666667,4,18.0,3,6.0,9,21.0,3,7.0,6,20.0,3,6.666666666666667,8,0.0,3,0.0,8,0.0,3,0.0,7,0.0,3,0.0,6,0.0,3,0.0,5,N/A,N/A,N/A,N/A
Alexandra Raisman,Mark Ballas,Athlete,Massachusetts,United States,18,16,Eliminated Week 10,4,7.0,7.0,7.0,,8.0,8.0,8.0,,7.0,8.0,8.0,,9.0,9.0,9.0,,8.0,8.0,9.0,,8.5,9.0,8.5,,11.0,10.0,11.0,,9.0,9.5,9.5,,10.0,9.5,10.0,,9.5,9.5,10.0,,,,,,21.0,3,7.0,2,24.0,3,8.0,3,23.0,3,7.666666666666667,4,27.0,3,9.0,1,25.0,3,8.333333333333334,4,26.0,3,8.666666666666666,2,32.0,3,10.666666666666666,1,28.0,3,9.333333333333334,2,29.5,3,9.833333333333334,1,29.0,3,9.666666666666666,3,N/A,N/A,N/A,N/A
Jacoby Jones,Karina Smirnoff,Athlete,Louisiana,United States,28,16,3rd Place,3,7.0,6.0,7.0,,8.0,7.0,8.0,,8.6666,8.6666,8.6666,,8.0,8.0,8.0,,9.0,8.0,9.0,,7.5,7.5,7.5,,9.0,9.0,9.0,,8.5,9.0,8.5,,10.0,9.5,10.0,,9.3333,9.3333,9.3333,,,,,,20.0,3,6.666666666666667,5,23.0,3,7.666666666666667,4,25.9998,3,8.6666,1,24.0,3,8.0,4,26.0,3,8.666666666666666,3,22.5,3,7.5,6,27.0,3,9.0,4,26.0,3,8.666666666666666,4,29.5,3,9.833333333333334,1,27.999899999999997,3,9.3333,4,N/A,N/A,N/A,N/A
D. L. Hughley,Cheryl Burke,Comedian,Virginia,United States,50,16,Eliminated Week 5,9,4.0,4.0,4.0,,5.0,5.0,6.0,,6.0,5.0,5.0,,7.0,7.0,7.0,,6.0,6.0,6.0,,0.0,0.0,0.0,,0.0,0.0,0.0,,0.0,0.0,0.0,,0.0,0.0,0.0,,0.0,0.0,0.0,,,,,,12.0,3,4.0,12,16.0,3,5.333333333333333,11,16.0,3,5.333333333333333,10,21.0,3,7.0,6,18.0,3,6.0,8,0.0,3,0.0,9,0.0,3,0.0,8,0.0,3,0.0,7,0.0,3,0.0,6,0.0,3,0.0,5,N/A,N/A,N/A,N/A
Andy Dick,Sharna Burgess,Comedian,South Carolina,United States,47,16,Eliminated Week 7,7,6.0,5.0,6.0,,7.0,6.0,7.0,,6.0,6.0,6.0,,7.0,7.0,7.0,,6.0,6.0,6.0,,7.0,7.5,7.0,,5.0,6.0,6.0,,0.0,0.0,0.0,,0.0,0.0,0.0,,0.0,0.0,0.0,,,,,,17.0,3,5.666666666666667,11,20.0,3,6.666666666666667,5,18.0,3,6.0,9,21.0,3,7.0,6,18.0,3,6.0,8,21.5,3,7.166666666666667,7,17.0,3,5.666666666666667,7,0.0,3,0.0,7,0.0,3,0.0,6,0.0,3,0.0,5,N/A,N/A,N/A,N/A
Wynonna Judd,Tony Dovolani,Singer/Rapper,Kentucky,United States,48,16,Eliminated Week 3,11,6.0,6.0,6.0,,6.0,6.0,6.0,,5.0,5.0,5.0,,0.0,0.0,0.0,,0.0,0.0,0.0,,0.0,0.0,0.0,,0.0,0.0,0.0,,0.0,0.0,0.0,,0.0,0.0,0.0,,0.0,0.0,0.0,,,,,,18.0,3,6.0,8,18.0,3,6.0,8,15.0,3,5.0,11,0.0,3,0.0,11,0.0,3,0.0,10,0.0,3,0.0,9,0.0,3,0.0,8,0.0,3,0.0,7,0.0,3,0.0,6,0.0,3,0.0,5,N/A,N/A,N/A,N/A
Kellie Pickler,Derek Hough,Singer/Rapper,North Carolina,United States,26,16,1st Place,1,7.0,7.0,7.0,,9.0,8.0,9.0,,8.0,9.0,8.0,,9.0,8.0,9.0,,9.0,9.0,9.0,,8.5,9.5,9.0,,9.0,10.0,10.0,,9.5,8.0,10.0,,9.5,10.0,9.5,,10.0,10.0,10.0,,,,,,21.0,3,7.0,2,26.0,3,8.666666666666666,1,25.0,3,8.333333333333334,3,26.0,3,8.666666666666666,2,27.0,3,9.0,2,27.0,3,9.0,1,29.0,3,9.666666666666666,3,27.5,3,9.166666666666666,3,29.0,3,9.666666666666666,3,30.0,3,10.0,1,N/A,N/A,N/A,N/A
Lisa Vanderpump,Gleb Savchenko,TV Personality,,England,52,16,Eliminated Week 4,10,6.0,6.0,6.0,,6.0,6.0,6.0,,7.0,7.0,7.0,,6.0,6.0,6.0,,0.0,0.0,0.0,,0.0,0.0,0.0,,0.0,0.0,0.0,,0.0,0.0,0.0,,0.0,0.0,0.0,,0.0,0.0,0.0,,,,,,18.0,3,6.0,8,18.0,3,6.0,8,21.0,3,7.0,6,18.0,3,6.0,9,0.0,3,0.0,10,0.0,3,0.0,9,0.0,3,0.0,8,0.0,3,0.0,7,0.0,3,0.0,6,0.0,3,0.0,5,N/A,N/A,N/A,N/A
Sean Lowe,Peta Murgatroyd,TV Personality,Texas,United States,29,16,Eliminated Week 8,6,7.0,6.0,6.0,,7.0,6.0,7.0,,7.0,7.0,7.0,,6.0,7.0,7.0,,8.0,8.0,8.0,,7.5,8.0,7.5,,8.0,8.0,8.0,,7.0,7.0,7.0,,0.0,0.0,0.0,,0.0,0.0,0.0,,,,,,19.0,3,6.333333333333333,7,20.0,3,6.666666666666667,5,21.0,3,7.0,6,20.0,3,6.666666666666667,8,24.0,3,8.0,5,23.0,3,7.666666666666667,4,24.0,3,8.0,6,21.0,3,7.0,6,0.0,3,0.0,6,0.0,3,0.0,5,N/A,N/A,N/A,N/A
Valerie Harper,Tristan MacManus,Actor/Actress,New York,United States,74,17,Eliminated Week 4,10,7.0,7.0,7.0,,6.0,6.0,7.0,,6.0,5.0,5.0,,6.0,6.0,6.0,,0.0,0.0,0.0,,0.0,0.0,0.0,,0.0,0.0,0.0,,0.0,0.0,0.0,,0.0,0.0,0.0,,0.0,0.0,0.0,0.0,0.0,0.0,0.0,,21.0,3,7.0,8,19.0,3,6.333333333333333,10,16.0,3,5.333333333333333,10,18.0,3,6.0,10,0.0,3,0.0,10,0.0,3,0.0,9,0.0,3,0.0,9,0.0,3,0.0,8,0.0,3,0.0,7,0.0,4,0.0,6,0.0,3,0.0,5
Brant Daugherty,Peta Murgatroyd,Actor/Actress,Ohio,United States,28,17,Eliminated Week 8,7,7.0,8.0,7.0,,8.0,7.0,8.0,,9.0,9.0,9.0,,7.0,7.0,7.0,,9.0,9.0,9.0,,10.0,11.0,10.0,,9.5,9.5,9.5,,9.0,9.0,9.0,,0.0,0.0,0.0,,0.0,0.0,0.0,0.0,0.0,0.0,0.0,,22.0,3,7.333333333333333,6,23.0,3,7.666666666666667,7,27.0,3,9.0,1,21.0,3,7.0,8,27.0,3,9.0,3,31.0,3,10.333333333333334,3,28.5,3,9.5,3,27.0,3,9.0,5,0.0,3,0.0,7,0.0,4,0.0,6,0.0,3,0.0,5
Elizabeth Berkley Lauren,Valentin Chmerkovskiy,Actor/Actress,Michigan,United States,39,17,Eliminated Week 9,6,8.0,8.0,8.0,,8.0,9.0,8.0,,8.0,9.0,8.0,,9.0,9.0,9.0,,8.0,9.0,9.0,,10.6666,10.6666,10.6666,,9.0,9.0,9.0,,8.0,9.0,8.0,,9.5,9.0,9.5,,0.0,0.0,0.0,0.0,0.0,0.0,0.0,,24.0,3,8.0,2,25.0,3,8.333333333333334,2,25.0,3,8.333333333333334,4,27.0,3,9.0,1,26.0,3,8.666666666666666,6,31.9998,3,10.6666,2,27.0,3,9.0,5,25.0,3,8.333333333333334,6,28.0,3,9.333333333333334,2,0.0,4,0.0,6,0.0,3,0.0,5
Leah Remini,Tony Dovolani,Actor/Actress,New York,United States,43,17,Eliminated Week 10,5,7.0,7.0,7.0,,8.0,8.0,8.0,,8.0,8.0,8.0,,8.0,8.0,8.0,,7.0,7.0,8.0,,9.3333,9.3333,9.3333,,9.0,8.5,9.0,,9.0,10.0,9.0,,9.0,9.0,9.0,,8.0,8.0,8.0,8.5,0.0,0.0,0.0,,21.0,3,7.0,8,24.0,3,8.0,4,24.0,3,8.0,6,24.0,3,8.0,4,22.0,3,7.333333333333333,9,27.999899999999997,3,9.3333,5,26.5,3,8.833333333333334,7,28.0,3,9.333333333333334,3,27.0,3,9.0,3,32.5,4,8.125,4,0.0,3,0.0,5
Corbin Bleu,Karina Smirnoff,Actor/Actress,New York,United States,24,17,2nd Place,2,8.0,8.0,8.0,,9.0,8.0,9.0,,9.0,8.0,9.0,,9.0,9.0,9.0,,9.0,9.0,10.0,,9.3333,8.3333,9.3333,,10.0,9.5,10.0,,10.0,10.0,10.0,,9.5,9.5,10.0,,9.5,9.0,9.5,9.5,9.8888,9.8888,9.8888,,24.0,3,8.0,2,26.0,3,8.666666666666666,1,26.0,3,8.666666666666666,2,27.0,3,9.0,1,28.0,3,9.333333333333334,1,26.999899999999997,3,8.999966666666666,6,29.5,3,9.833333333333334,1,30.0,3,10.0,1,29.0,3,9.666666666666666,1,37.5,4,9.375,2,29.6664,3,9.8888,2
Amber Riley,Derek Hough,Actor/Actress,California,United States,27,17,1st Place,1,9.0,9.0,9.0,,8.0,8.0,8.0,,8.0,8.0,8.0,,9.0,9.0,9.0,,9.0,7.0,10.0,,11.3333,9.3333,11.3333,,10.0,10.0,9.5,,9.0,9.0,10.0,,8.5,8.5,8.5,,10.0,10.0,9.5,10.0,10.4444,10.4444,10.4444,,27.0,3,9.0,1,24.0,3,8.0,4,24.0,3,8.0,6,27.0,3,9.0,1,26.0,3,8.666666666666666,6,31.999899999999997,3,10.666633333333332,1,29.5,3,9.833333333333334,1,28.0,3,9.333333333333334,3,25.5,3,8.5,5,39.5,4,9.875,1,31.333199999999998,3,10.4444,1
Keyshawn Johnson,Sharna Burgess,Athlete,California,United States,41,17,Eliminated Week 2,12,6.0,5.0,6.0,,6.0,6.0,6.0,,0.0,0.0,0.0,,0.0,0.0,0.0,,0.0,0.0,0.0,,0.0,0.0,0.0,,0.0,0.0,0.0,,0.0,0.0,0.0,,0.0,0.0,0.0,,0.0,0.0,0.0,0.0,0.0,0.0,0.0,,17.0,3,5.666666666666667,11,18.0,3,6.0,11,0.0,3,0.0,12,0.0,3,0.0,11,0.0,3,0.0,10,0.0,3,0.0,9,0.0,3,0.0,9,0.0,3,0.0,8,0.0,3,0.0,7,0.0,4,0.0,6,0.0,3,0.0,5
Bill Engvall,Emma Slater,Comedian,Texas,United States,56,17,Eliminated Week 11,4,6.0,6.0,6.0,,7.0,7.0,7.0,,8.0,8.0,8.0,,7.0,7.0,7.0,,8.0,8.0,8.0,,8.3333,8.3333,7.3333,,8.5,8.0,8.5,,8.0,8.0,8.0,,7.0,7.0,7.0,,7.5,7.5,7.5,7.5,8.3333,8.8333,8.3333,,18.0,3,6.0,10,21.0,3,7.0,8,24.0,3,8.0,6,21.0,3,7.0,8,24.0,3,8.0,8,23.9999,3,7.9999666666666664,8,25.0,3,8.333333333333334,8,24.0,3,8.0,7,21.0,3,7.0,6,30.0,4,7.5,5,25.499899999999997,3,8.499966666666666,4
Christina Milian,Mark Ballas,Singer/Rapper,New Jersey,United States,31,17,Eliminated Week 5,9,7.0,7.0,8.0,,9.0,8.0,8.0,,9.0,8.0,9.0,,8.0,8.0,8.0,,9.0,10.0,9.0,,0.0,0.0,0.0,,0.0,0.0,0.0,,0.0,0.0,0.0,,0.0,0.0,0.0,,0.0,0.0,0.0,0.0,0.0,0.0,0.0,,22.0,3,7.333333333333333,6,25.0,3,8.333333333333334,2,26.0,3,8.666666666666666,2,24.0,3,8.0,4,28.0,3,9.333333333333334,1,0.0,3,0.0,9,0.0,3,0.0,9,0.0,3,0.0,8,0.0,3,0.0,7,0.0,4,0.0,6,0.0,3,0.0,5
"Nicole ""Snooki"" Polizzi",Sasha Farber,TV Personality,,Chile,25,17,Eliminated Week 7,8,8.0,8.0,7.0,,6.0,7.0,7.0,,9.0,8.0,8.0,,8.0,8.0,8.0,,9.0,9.0,9.0,,10.0,10.0,10.0,,9.0,9.0,9.0,,0.0,0.0,0.0,,0.0,0.0,0.0,,0.0,0.0,0.0,0.0,0.0,0.0,0.0,,23.0,3,7.666666666666667,4,20.0,3,6.666666666666667,9,25.0,3,8.333333333333334,4,24.0,3,8.0,4,27.0,3,9.0,3,30.0,3,10.0,4,27.0,3,9.0,5,0.0,3,0.0,8,0.0,3,0.0,7,0.0,4,0.0,6,0.0,3,0.0,5
Jack Osbourne,Cheryl Burke,TV Personality,,England,27,17,3rd Place,3,8.0,8.0,7.0,,8.0,8.0,8.0,,7.0,7.0,8.0,,8.0,8.0,8.0,,9.0,9.0,9.0,,8.6666,9.6666,8.6666,,10.0,9.0,9.5,,10.0,10.0,10.0,,9.0,9.0,9.0,,9.0,8.5,9.0,9.0,9.3333,9.3333,9.3333,,23.0,3,7.666666666666667,4,24.0,3,8.0,4,22.0,3,7.333333333333333,9,24.0,3,8.0,4,27.0,3,9.0,3,26.9998,3,8.999933333333333,7,28.5,3,9.5,3,30.0,3,10.0,1,27.0,3,9.0,3,35.5,4,8.875,3,27.999899999999997,3,9.3333,3
Bill Nye,Tyne Stecklein,TV Personality,Washington D.C.,United States,57,17,Eliminated Week 3,11,5.0,4.0,5.0,,6.0,5.0,6.0,,6.0,5.0,5.0,,0.0,0.0,0.0,,0.0,0.0,0.0,,0.0,0.0,0.0,,0.0,0.0,0.0,,0.0,0.0,0.0,,0.0,0.0,0.0,,0.0,0.0,0.0,0.0,0.0,0.0,0.0,,14.0,3,4.666666666666667,12,17.0,3,5.666666666666667,12,16.0,3,5.333333333333333,10,0.0,3,0.0,11,0.0,3,0.0,10,0.0,3,0.0,9,0.0,3,0.0,9,0.0,3,0.0,8,0.0,3,0.0,7,0.0,4,0.0,6,0.0,3,0.0,5
Billy Dee Williams,Emma Slater,Actor/Actress,New York,United States,76,18,Withdrew,10,5.0,5.0,5.0,,5.0,5.0,5.0,,0.0,0.0,0.0,0.0,0.0,0.0,0.0,0.0,0.0,0.0,0.0,0.0,0.0,0.0,0.0,0.0,0.0,0.0,0.0,0.0,0.0,0.0,0.0,0.0,0.0,0.0,0.0,0.0,0.0,0.0,0.0,,,,,,15.0,3,5.0,12,15.0,3,5.0,11,0.0,4,0.0,10,0.0,4,0.0,10,0.0,4,0.0,10,0.0,4,0.0,9,0.0,4,0.0,8,0.0,4,0.0,7,0.0,4,0.0,6,0.0,3,0.0,5,N/A,N/A,N/A,N/A
Danica McKellar,Valentin Chmerkovskiy,Actor/Actress,California,United States,39,18,Eliminated Week 8,6,8.0,8.0,8.0,,8.0,8.0,8.0,,9.0,9.0,9.0,9.0,8.0,8.0,8.0,8.0,10.0,9.0,10.0,10.0,9.0,9.0,9.0,9.0,9.0,9.5,8.5,9.0,10.0,9.0,9.0,10.0,0.0,0.0,0.0,0.0,0.0,0.0,0.0,,,,,,24.0,3,8.0,3,24.0,3,8.0,4,36.0,4,9.0,2,32.0,4,8.0,6,39.0,4,9.75,2,36.0,4,9.0,3,36.0,4,9.0,4,38.0,4,9.5,3,0.0,4,0.0,6,0.0,3,0.0,5,N/A,N/A,N/A,N/A
James Maslow,Peta Murgatroyd,Actor/Actress,New York,United States,23,18,Eliminated Week 10,4,7.0,7.0,7.0,,9.0,8.0,8.0,,9.0,9.0,9.0,9.0,9.0,8.0,9.0,9.0,10.0,10.0,10.0,10.0,9.0,9.0,8.0,9.0,8.5,9.5,8.0,9.0,8.0,9.0,10.0,9.0,9.5,9.5,9.5,9.5,9.5,9.5,10.0,,,,,,21.0,3,7.0,7,25.0,3,8.333333333333334,1,36.0,4,9.0,2,35.0,4,8.75,2,40.0,4,10.0,1,35.0,4,8.75,5,35.0,4,8.75,6,36.0,4,9.0,4,38.0,4,9.5,3,29.0,3,9.666666666666666,3,N/A,N/A,N/A,N/A
Candace Cameron Bure,Mark Ballas,Actor/Actress,California,United States,37,18,3rd Place,3,9.0,8.0,8.0,,7.0,7.0,7.0,,8.0,8.0,8.0,8.0,7.0,7.0,7.0,7.0,8.0,9.0,9.0,9.0,8.0,8.0,8.0,8.0,9.0,9.5,9.0,9.5,9.0,9.0,9.0,9.0,8.5,9.5,9.5,8.5,8.6666,8.6666,8.6666,,,,,,25.0,3,8.333333333333334,2,21.0,3,7.0,7,32.0,4,8.0,7,28.0,4,7.0,9,35.0,4,8.75,7,32.0,4,8.0,7,37.0,4,9.25,3,36.0,4,9.0,4,36.0,4,9.0,5,25.9998,3,8.6666,4,N/A,N/A,N/A,N/A
Sean Avery,Karina Smirnoff,Athlete,,Canada,33,18,Eliminated Week 2,11,7.0,6.0,7.0,,7.0,7.0,7.0,,0.0,0.0,0.0,0.0,0.0,0.0,0.0,0.0,0.0,0.0,0.0,0.0,0.0,0.0,0.0,0.0,0.0,0.0,0.0,0.0,0.0,0.0,0.0,0.0,0.0,0.0,0.0,0.0,0.0,0.0,0.0,,,,,,20.0,3,6.666666666666667,10,21.0,3,7.0,7,0.0,4,0.0,10,0.0,4,0.0,10,0.0,4,0.0,10,0.0,4,0.0,9,0.0,4,0.0,8,0.0,4,0.0,7,0.0,4,0.0,6,0.0,3,0.0,5,N/A,N/A,N/A,N/A
Diana Nyad,Henry Byalikov,Athlete,New York,United States,64,18,Eliminated Week 2,12,6.0,6.0,6.0,,0.0,0.0,0.0,,0.0,0.0,0.0,0.0,0.0,0.0,0.0,0.0,0.0,0.0,0.0,0.0,0.0,0.0,0.0,0.0,0.0,0.0,0.0,0.0,0.0,0.0,0.0,0.0,0.0,0.0,0.0,0.0,0.0,0.0,0.0,,,,,,18.0,3,6.0,11,0.0,3,0.0,12,0.0,4,0.0,10,0.0,4,0.0,10,0.0,4,0.0,10,0.0,4,0.0,9,0.0,4,0.0,8,0.0,4,0.0,7,0.0,4,0.0,6,0.0,3,0.0,5,N/A,N/A,N/A,N/A
Charlie White,Sharna Burgess,Athlete,Michigan,United States,26,18,Eliminated Week 9,5,9.0,9.0,9.0,,9.0,7.0,9.0,,9.0,9.0,9.0,9.0,7.0,8.0,9.0,9.0,9.0,10.0,9.0,9.0,9.0,9.0,9.0,9.0,8.5,10.0,8.0,9.0,10.0,10.0,10.0,10.0,9.5,9.5,9.5,9.5,0.0,0.0,0.0,,,,,,27.0,3,9.0,1,25.0,3,8.333333333333334,1,36.0,4,9.0,2,33.0,4,8.25,4,37.0,4,9.25,3,36.0,4,9.0,3,35.5,4,8.875,5,40.0,4,10.0,1,38.0,4,9.5,3,0.0,3,0.0,5,N/A,N/A,N/A,N/A
Amy Purdy,Derek Hough,Athlete,Nevada,United States,34,18,2nd Place,2,8.0,8.0,8.0,,8.0,8.0,8.0,,9.0,9.0,9.0,9.0,9.0,8.0,8.0,9.0,9.0,9.0,10.0,9.0,9.0,10.0,9.0,10.0,9.5,9.5,9.0,9.5,10.0,10.0,10.0,10.0,9.5,9.5,10.0,10.0,10.0,9.6666,10.0,,,,,,24.0,3,8.0,3,24.0,3,8.0,4,36.0,4,9.0,2,34.0,4,8.5,3,37.0,4,9.25,3,38.0,4,9.5,2,37.5,4,9.375,2,40.0,4,10.0,1,39.0,4,9.75,2,29.666600000000003,3,9.888866666666667,2,N/A,N/A,N/A,N/A
Meryl Davis,Maksim Chmerkoskiy,Athlete,Michigan,United States,27,18,1st Place,1,8.0,8.0,8.0,,8.0,9.0,8.0,,10.0,9.0,10.0,10.0,10.0,9.0,10.0,10.0,9.0,9.0,9.0,9.0,10.0,10.0,10.0,10.0,10.0,10.0,9.0,10.0,9.0,9.0,8.0,10.0,10.0,10.0,10.0,10.0,10.0,10.0,10.0,,,,,,24.0,3,8.0,3,25.0,3,8.333333333333334,1,39.0,4,9.75,1,39.0,4,9.75,1,36.0,4,9.0,5,40.0,4,10.0,1,39.0,4,9.75,1,36.0,4,9.0,4,40.0,4,10.0,1,30.0,3,10.0,1,N/A,N/A,N/A,N/A
Drew Carey,Cheryl Burke,Comedian,Ohio,United States,55,18,Eliminated Week 6,8,7.0,7.0,7.0,,7.0,7.0,7.0,,7.0,7.0,8.0,8.0,8.0,8.0,9.0,8.0,7.0,7.0,7.0,7.0,8.0,9.0,7.0,8.0,0.0,0.0,0.0,0.0,0.0,0.0,0.0,0.0,0.0,0.0,0.0,0.0,0.0,0.0,0.0,,,,,,21.0,3,7.0,7,21.0,3,7.0,7,30.0,4,7.5,9,33.0,4,8.25,4,28.0,4,7.0,9,32.0,4,8.0,7,0.0,4,0.0,8,0.0,4,0.0,7,0.0,4,0.0,6,0.0,3,0.0,5,N/A,N/A,N/A,N/A
Cody Simpson,Witney Carson,Singer/Rapper,,Australia,17,18,Eliminated Week 5,9,7.0,7.0,8.0,,7.0,7.0,8.0,,9.0,8.0,9.0,9.0,8.0,7.0,8.0,8.0,9.0,8.0,8.0,9.0,0.0,0.0,0.0,0.0,0.0,0.0,0.0,0.0,0.0,0.0,0.0,0.0,0.0,0.0,0.0,0.0,0.0,0.0,0.0,,,,,,22.0,3,7.333333333333333,6,22.0,3,7.333333333333333,6,35.0,4,8.75,6,31.0,4,7.75,8,34.0,4,8.5,8,0.0,4,0.0,9,0.0,4,0.0,8,0.0,4,0.0,7,0.0,4,0.0,6,0.0,3,0.0,5,N/A,N/A,N/A,N/A
NeNe Leakes,Tony Dovolani,TV Personality,New York,United States,46,18,Eliminated Week 7,7,7.0,7.0,7.0,,7.0,7.0,7.0,,8.0,7.0,8.0,8.0,8.0,8.0,8.0,8.0,9.0,9.0,9.0,9.0,8.0,9.0,8.0,8.0,8.0,9.0,7.5,8.5,0.0,0.0,0.0,0.0,0.0,0.0,0.0,0.0,0.0,0.0,0.0,,,,,,21.0,3,7.0,7,21.0,3,7.0,7,31.0,4,7.75,8,32.0,4,8.0,6,36.0,4,9.0,5,33.0,4,8.25,6,33.0,4,8.25,7,0.0,4,0.0,7,0.0,4,0.0,6,0.0,3,0.0,5,N/A,N/A,N/A,N/A
Antonio Sabato Jr.,Cheryl Burke,Actor/Actress,,Italy,42,19,Eliminated Week 7,8,6.0,6.0,6.0,7.0,8.0,7.0,8.0,8.0,7.0,7.0,7.0,8.0,7.0,7.0,7.0,8.0,8.0,6.0,7.0,7.0,7.0,7.0,7.0,7.0,7.0,7.5,7.5,7.5,0.0,0.0,0.0,0.0,0.0,0.0,0.0,0.0,0.0,0.0,0.0,0.0,0.0,0.0,0.0,0.0,25.0,4,6.25,10,31.0,4,7.75,5,29.0,4,7.25,8,29.0,4,7.25,6,28.0,4,7.0,6,28.0,4,7.0,8,29.5,4,7.375,7,0.0,4,0.0,8,0.0,4,0.0,7,0.0,4,0.0,6,0.0,4,0.0,5
Jonathan Bennett,Allison Holker,Actor/Actress,Ohio,United States,33,19,Eliminated Week 6,9,8.0,7.0,7.0,8.0,7.0,7.0,8.0,8.0,8.0,8.0,8.0,8.0,6.0,6.0,6.0,6.0,6.0,6.0,6.0,6.0,8.0,8.0,8.0,8.0,0.0,0.0,0.0,0.0,0.0,0.0,0.0,0.0,0.0,0.0,0.0,0.0,0.0,0.0,0.0,0.0,0.0,0.0,0.0,0.0,30.0,4,7.5,6,30.0,4,7.5,7,32.0,4,8.0,4,24.0,4,6.0,10,24.0,4,6.0,7,32.0,4,8.0,5,0.0,4,0.0,9,0.0,4,0.0,8,0.0,4,0.0,7,0.0,4,0.0,6,0.0,4,0.0,5
Lea Thompson,Artem Chigvintsev,Actor/Actress,Minnesota,United States,53,19,Eliminated Week 9,6,8.0,8.0,8.0,8.0,9.0,8.0,9.0,9.0,7.0,8.0,8.0,8.0,10.0,10.0,10.0,9.0,9.0,8.0,8.0,9.0,8.0,8.0,8.0,8.0,8.5,8.5,9.0,9.0,8.0,8.0,8.0,8.0,8.5,9.0,8.5,9.0,0.0,0.0,0.0,0.0,0.0,0.0,0.0,0.0,32.0,4,8.0,3,35.0,4,8.75,1,31.0,4,7.75,7,39.0,4,9.75,2,34.0,4,8.5,2,32.0,4,8.0,5,35.0,4,8.75,2,32.0,4,8.0,5,35.0,4,8.75,5,0.0,4,0.0,6,0.0,4,0.0,5
Janel Parrish,Valentin Chmerkovskiy,Actor/Actress,Hawaii,United States,25,19,3rd Place,3,7.0,7.0,7.0,8.0,9.0,8.0,8.0,9.0,10.0,10.0,10.0,10.0,9.0,9.0,9.0,9.0,8.0,8.0,8.0,9.0,8.0,7.0,9.0,9.0,8.5,8.0,8.5,8.5,10.75,10.75,10.75,10.75,9.5,9.5,10.0,9.5,9.5,9.5,10.0,10.0,9.6666,10.0,9.6666,9.6666,29.0,4,7.25,7,34.0,4,8.5,2,40.0,4,10.0,1,36.0,4,9.0,4,33.0,4,8.25,4,33.0,4,8.25,4,33.5,4,8.375,4,43.0,4,10.75,1,38.5,4,9.625,1,39.0,4,9.75,1,38.99980000000001,4,9.749950000000002,3
Alfonso Ribeiro,Witney Carson,Actor/Actress,New York,United States,42,19,1st Place,1,9.0,9.0,9.0,9.0,8.0,8.0,8.0,8.0,8.0,8.0,8.0,8.0,10.0,10.0,10.0,10.0,8.0,9.0,9.0,8.0,10.0,10.0,9.0,10.0,8.5,8.5,8.5,8.5,10.75,9.75,9.75,10.75,9.5,9.5,9.5,10.0,9.5,9.0,9.5,9.5,10.0,10.0,10.0,10.0,36.0,4,9.0,1,32.0,4,8.0,4,32.0,4,8.0,4,40.0,4,10.0,1,34.0,4,8.5,2,39.0,4,9.75,1,34.0,4,8.5,3,41.0,4,10.25,2,38.5,4,9.625,1,37.5,4,9.375,3,40.0,4,10.0,1
Lolo Jones,Keo Motsepe,Athlete,Iowa,United States,32,19,Eliminated Week 1,13,6.0,6.0,5.0,5.0,0.0,0.0,0.0,0.0,0.0,0.0,0.0,0.0,0.0,0.0,0.0,0.0,0.0,0.0,0.0,0.0,0.0,0.0,0.0,0.0,0.0,0.0,0.0,0.0,0.0,0.0,0.0,0.0,0.0,0.0,0.0,0.0,0.0,0.0,0.0,0.0,0.0,0.0,0.0,0.0,22.0,4,5.5,12,0.0,4,0.0,13,0.0,4,0.0,12,0.0,4,0.0,11,0.0,4,0.0,10,0.0,4,0.0,10,0.0,4,0.0,9,0.0,4,0.0,8,0.0,4,0.0,7,0.0,4,0.0,6,0.0,4,0.0,5
Randy Couture,Karina Smirnoff,Athlete,Washington,United States,51,19,Eliminated Week 3,11,8.0,7.0,8.0,8.0,7.0,7.0,7.0,7.0,7.0,7.0,6.0,6.0,0.0,0.0,0.0,0.0,0.0,0.0,0.0,0.0,0.0,0.0,0.0,0.0,0.0,0.0,0.0,0.0,0.0,0.0,0.0,0.0,0.0,0.0,0.0,0.0,0.0,0.0,0.0,0.0,0.0,0.0,0.0,0.0,31.0,4,7.75,5,28.0,4,7.0,8,26.0,4,6.5,11,0.0,4,0.0,11,0.0,4,0.0,10,0.0,4,0.0,10,0.0,4,0.0,9,0.0,4,0.0,8,0.0,4,0.0,7,0.0,4,0.0,6,0.0,4,0.0,5
Tommy Chong,Peta Murgatroyd,Comedian,,Canada,76,19,Eliminated Week 10,5,7.0,6.0,7.0,7.0,7.0,7.0,7.0,7.0,8.0,10.0,8.0,8.0,7.0,7.0,7.0,7.0,6.0,6.0,5.0,6.0,7.0,7.0,7.0,7.0,7.5,7.5,7.5,7.5,6.75,7.75,7.75,6.75,7.0,7.5,7.0,7.0,8.0,7.5,8.0,7.5,0.0,0.0,0.0,0.0,27.0,4,6.75,9,28.0,4,7.0,8,34.0,4,8.5,3,28.0,4,7.0,8,23.0,4,5.75,8,28.0,4,7.0,8,30.0,4,7.5,6,29.0,4,7.25,6,28.5,4,7.125,6,31.0,4,7.75,5,0.0,4,0.0,5
Betsey Johnson,Tony Dovolani,Fashion Designer,Connecticut,United States,72,19,Eliminated Week 4,10,5.0,5.0,5.0,5.0,7.0,7.0,7.0,7.0,7.0,9.0,6.0,7.0,8.0,7.0,7.0,7.0,0.0,0.0,0.0,0.0,0.0,0.0,0.0,0.0,0.0,0.0,0.0,0.0,0.0,0.0,0.0,0.0,0.0,0.0,0.0,0.0,0.0,0.0,0.0,0.0,0.0,0.0,0.0,0.0,20.0,4,5.0,13,28.0,4,7.0,8,29.0,4,7.25,8,29.0,4,7.25,6,0.0,4,0.0,10,0.0,4,0.0,10,0.0,4,0.0,9,0.0,4,0.0,8,0.0,4,0.0,7,0.0,4,0.0,6,0.0,4,0.0,5
Michael Waltrip,Emma Slater,Racing Driver,Kentucky,United States,51,19,Eliminated Week 8,7,7.0,6.0,6.0,6.0,6.0,6.0,6.0,6.0,7.0,7.0,7.0,7.0,6.0,6.0,6.0,7.0,5.0,5.0,5.0,5.0,8.0,7.0,8.0,7.0,7.0,7.0,7.0,7.0,6.0,7.0,6.0,6.0,0.0,0.0,0.0,0.0,0.0,0.0,0.0,0.0,0.0,0.0,0.0,0.0,25.0,4,6.25,10,24.0,4,6.0,12,28.0,4,7.0,10,25.0,4,6.25,9,20.0,4,5.0,9,30.0,4,7.5,7,28.0,4,7.0,8,25.0,4,6.25,7,0.0,4,0.0,7,0.0,4,0.0,6,0.0,4,0.0,5
Tavis Smiley,Sharna Burgess,Radio Personality,Mississippi,United States,50,19,Eliminated Week 2,12,7.0,7.0,8.0,7.0,7.0,7.0,7.0,7.0,0.0,0.0,0.0,0.0,0.0,0.0,0.0,0.0,0.0,0.0,0.0,0.0,0.0,0.0,0.0,0.0,0.0,0.0,0.0,0.0,0.0,0.0,0.0,0.0,0.0,0.0,0.0,0.0,0.0,0.0,0.0,0.0,0.0,0.0,0.0,0.0,29.0,4,7.25,7,28.0,4,7.0,8,0.0,4,0.0,12,0.0,4,0.0,11,0.0,4,0.0,10,0.0,4,0.0,10,0.0,4,0.0,9,0.0,4,0.0,8,0.0,4,0.0,7,0.0,4,0.0,6,0.0,4,0.0,5
Bethany Mota,Derek Hough,Social Media Personality,California,United States,18,19,Eliminated Week 11,4,8.0,8.0,8.0,8.0,8.0,9.0,8.0,8.0,10.0,10.0,10.0,10.0,8.0,8.0,8.0,9.0,8.0,8.0,8.0,8.0,9.0,9.0,9.0,9.0,9.5,9.0,9.5,9.5,9.75,9.75,9.75,10.75,9.0,9.5,9.5,9.0,9.5,9.5,9.5,9.5,9.5,9.5,9.5,9.5,32.0,4,8.0,3,33.0,4,8.25,3,40.0,4,10.0,1,33.0,4,8.25,5,32.0,4,8.0,5,36.0,4,9.0,2,37.5,4,9.375,1,40.0,4,10.0,3,37.0,4,9.25,3,38.0,4,9.5,2,38.0,4,9.5,4
Sadie Robertson,Mark Ballas,TV Personality,Louisiana,United States,17,19,2nd Place,2,8.0,8.0,9.0,9.0,8.0,7.0,8.0,8.0,8.0,8.0,8.0,8.0,9.0,10.0,9.0,9.0,9.0,9.0,9.0,9.0,9.0,10.0,8.0,8.0,7.5,7.5,8.0,8.0,9.0,9.0,10.0,10.0,9.0,9.5,9.0,9.0,9.0,9.5,9.5,9.0,10.0,9.6666,10.0,9.6666,34.0,4,8.5,2,31.0,4,7.75,5,32.0,4,8.0,4,37.0,4,9.25,3,36.0,4,9.0,1,35.0,4,8.75,3,31.0,4,7.75,5,38.0,4,9.5,4,36.5,4,9.125,4,37.0,4,9.25,4,39.333200000000005,4,9.833300000000001,2
Suzanne Somers,Tony Dovolani,Actor/Actress,California,United States,68,20,Eliminated Week 5,9,6.0,6.0,6.0,7.0,7.0,7.0,7.0,7.0,6.0,6.0,6.0,7.0,7.0,7.0,7.0,7.0,7.0,7.0,7.0,7.0,0.0,0.0,0.0,0.0,0.0,0.0,0.0,0.0,0.0,0.0,0.0,0.0,0.0,0.0,0.0,0.0,0.0,0.0,0.0,0.0,,,,,25.0,4,6.25,8,28.0,4,7.0,6,25.0,4,6.25,8,28.0,4,7.0,9,28.0,4,7.0,5,0.0,4,0.0,9,0.0,4,0.0,8,0.0,4,0.0,7,0.0,4,0.0,5,0.0,4,0.0,4,N/A,N/A,N/A,N/A
Willow Shields,Mark Ballas,Actor/Actress,New Mexico,United States,14,20,Eliminated Week 7,7,6.0,6.0,6.0,7.0,8.0,8.0,8.0,8.0,8.0,8.0,8.0,8.0,10.0,9.0,10.0,10.0,8.0,8.0,9.0,9.0,9.5,8.5,9.0,9.5,9.5,9.5,9.5,10.5,0.0,0.0,0.0,0.0,0.0,0.0,0.0,0.0,0.0,0.0,0.0,0.0,,,,,25.0,4,6.25,8,32.0,4,8.0,2,32.0,4,8.0,4,39.0,4,9.75,1,34.0,4,8.5,4,36.5,4,9.125,2,39.0,4,9.75,2,0.0,4,0.0,7,0.0,4,0.0,5,0.0,4,0.0,4,N/A,N/A,N/A,N/A
Riker Lynch,Allison Holker,Actor/Actress,Colorado,United States,23,20,2nd Place,2,8.0,7.0,8.0,8.0,8.0,8.0,8.0,8.0,9.0,7.0,9.0,9.0,8.0,8.0,9.0,9.0,10.0,9.0,9.0,10.0,10.0,8.5,9.5,10.0,9.0,10.0,9.0,9.0,10.0,9.0,10.0,10.0,10.0,10.0,10.0,10.0,10.0,10.0,10.0,10.0,,,,,31.0,4,7.75,2,32.0,4,8.0,2,34.0,4,8.5,1,34.0,4,8.5,4,38.0,4,9.5,2,38.0,4,9.5,1,37.0,4,9.25,4,39.0,4,9.75,2,40.0,4,10.0,1,40.0,4,10.0,1,N/A,N/A,N/A,N/A
Rumer Willis,Valentin Chmerkovskiy,Actor/Actress,Kentucky,United States,26,20,1st Place,1,8.0,8.0,8.0,8.0,8.0,8.0,8.0,8.0,8.0,9.0,8.0,8.0,9.0,8.0,9.0,9.0,10.0,9.0,10.0,10.0,9.0,8.5,8.5,9.5,8.5,9.5,9.5,9.5,10.0,10.0,10.0,10.0,10.0,9.5,9.5,10.0,10.0,10.0,10.0,10.0,,,,,32.0,4,8.0,1,32.0,4,8.0,2,33.0,4,8.25,3,35.0,4,8.75,3,39.0,4,9.75,1,35.5,4,8.875,4,37.0,4,9.25,4,40.0,4,10.0,1,39.0,4,9.75,3,40.0,4,10.0,1,N/A,N/A,N/A,N/A
Nastia Liukin,Derek Hough,Athlete,,Russia,25,20,Eliminated Week 9,4,7.0,7.0,8.0,8.0,9.0,8.0,8.0,9.0,9.0,8.0,9.0,8.0,9.0,8.0,9.0,10.0,9.0,9.0,10.0,10.0,9.5,8.5,9.0,9.5,10.75,9.75,9.75,10.75,9.5,9.5,9.5,9.5,10.0,10.0,10.0,10.0,0.0,0.0,0.0,0.0,,,,,30.0,4,7.5,3,34.0,4,8.5,1,34.0,4,8.5,1,36.0,4,9.0,2,38.0,4,9.5,2,36.5,4,9.125,2,41.0,4,10.25,1,38.0,4,9.5,3,40.0,4,10.0,1,0.0,4,0.0,4,N/A,N/A,N/A,N/A
Michael Sam,Peta Murgatroyd,Athlete,Texas,United States,25,20,Eliminated Week 4,10,6.0,6.0,7.0,7.0,7.0,7.0,7.0,7.0,6.0,6.0,6.0,6.0,7.0,7.0,8.0,8.0,0.0,0.0,0.0,0.0,0.0,0.0,0.0,0.0,0.0,0.0,0.0,0.0,0.0,0.0,0.0,0.0,0.0,0.0,0.0,0.0,0.0,0.0,0.0,0.0,,,,,26.0,4,6.5,5,28.0,4,7.0,6,24.0,4,6.0,9,30.0,4,7.5,7,0.0,4,0.0,10,0.0,4,0.0,9,0.0,4,0.0,8,0.0,4,0.0,7,0.0,4,0.0,5,0.0,4,0.0,4,N/A,N/A,N/A,N/A
Robert Herjavec,Kym Johnson,Entrepreneur,,Croatia,52,20,Eliminated Week 8,6,7.0,7.0,7.0,7.0,7.0,7.0,7.0,7.0,7.0,7.0,8.0,7.0,8.0,9.0,8.0,9.0,6.0,6.0,6.0,6.0,8.5,8.0,8.5,8.5,7.0,8.0,8.0,8.0,7.5,7.5,8.5,7.5,0.0,0.0,0.0,0.0,0.0,0.0,0.0,0.0,,,,,28.0,4,7.0,4,28.0,4,7.0,6,29.0,4,7.25,6,34.0,4,8.5,4,24.0,4,6.0,9,33.5,4,8.375,8,31.0,4,7.75,6,31.0,4,7.75,6,0.0,4,0.0,5,0.0,4,0.0,4,N/A,N/A,N/A,N/A
Charlotte McKinney,Keo Motsepe,Model,Florida,United States,21,20,Eliminated Week 3,11,6.0,5.0,5.0,6.0,7.0,6.0,7.0,6.0,6.0,5.0,5.0,6.0,0.0,0.0,0.0,0.0,0.0,0.0,0.0,0.0,0.0,0.0,0.0,0.0,0.0,0.0,0.0,0.0,0.0,0.0,0.0,0.0,0.0,0.0,0.0,0.0,0.0,0.0,0.0,0.0,,,,,22.0,4,5.5,11,26.0,4,6.5,11,22.0,4,5.5,10,0.0,4,0.0,11,0.0,4,0.0,10,0.0,4,0.0,9,0.0,4,0.0,8,0.0,4,0.0,7,0.0,4,0.0,5,0.0,4,0.0,4,N/A,N/A,N/A,N/A
Noah Galloway,Sharna Burgess,Motivational Speaker,Alabama,United States,33,20,3rd Place,3,7.0,6.0,6.0,7.0,7.0,6.0,7.0,7.0,7.0,7.0,8.0,8.0,8.0,8.0,8.0,8.0,7.0,7.0,7.0,7.0,8.5,8.0,8.5,9.0,10.5,8.5,9.5,9.5,8.0,7.5,8.0,8.0,9.5,9.5,9.5,9.5,9.0,9.0,9.0,9.0,,,,,26.0,4,6.5,5,27.0,4,6.75,10,30.0,4,7.5,5,32.0,4,8.0,6,28.0,4,7.0,5,34.0,4,8.5,6,38.0,4,9.5,3,31.5,4,7.875,5,38.0,4,9.5,4,36.0,4,9.0,3,N/A,N/A,N/A,N/A
Redfoo,Emma Slater,Singer/Rapper,California,United States,39,20,Eliminated Week 2,12,6.0,5.0,5.0,6.0,8.0,7.0,8.0,8.0,0.0,0.0,0.0,0.0,0.0,0.0,0.0,0.0,0.0,0.0,0.0,0.0,0.0,0.0,0.0,0.0,0.0,0.0,0.0,0.0,0.0,0.0,0.0,0.0,0.0,0.0,0.0,0.0,0.0,0.0,0.0,0.0,,,,,22.0,4,5.5,11,31.0,4,7.75,5,0.0,4,0.0,12,0.0,4,0.0,11,0.0,4,0.0,10,0.0,4,0.0,9,0.0,4,0.0,8,0.0,4,0.0,7,0.0,4,0.0,5,0.0,4,0.0,4,N/A,N/A,N/A,N/A
Patti LaBelle,Artem Chigvintsev,Singer/Rapper,Pennsylvania,United States,70,20,Eliminated Week 6,8,7.0,6.0,6.0,6.0,7.0,7.0,7.0,7.0,6.0,5.0,5.0,6.0,8.0,7.0,7.0,8.0,7.0,6.0,7.0,7.0,9.0,8.0,8.5,8.5,0.0,0.0,0.0,0.0,0.0,0.0,0.0,0.0,0.0,0.0,0.0,0.0,0.0,0.0,0.0,0.0,,,,,25.0,4,6.25,8,28.0,4,7.0,6,22.0,4,5.5,10,30.0,4,7.5,7,27.0,4,6.75,7,34.0,4,8.5,6,0.0,4,0.0,8,0.0,4,0.0,7,0.0,4,0.0,5,0.0,4,0.0,4,N/A,N/A,N/A,N/A
Chris Soules,Witney Carson,TV Personality,Iowa,United States,33,20,Eliminated Week 8,5,7.0,6.0,6.0,7.0,5.0,6.0,5.0,5.0,7.0,7.0,7.0,7.0,7.0,6.0,7.0,7.0,7.0,6.0,7.0,7.0,9.0,8.0,9.0,9.0,8.0,7.0,8.0,8.0,8.0,7.5,8.5,8.0,0.0,0.0,0.0,0.0,0.0,0.0,0.0,0.0,,,,,26.0,4,6.5,5,21.0,4,5.25,12,28.0,4,7.0,7,27.0,4,6.75,10,27.0,4,6.75,7,35.0,4,8.75,5,31.0,4,7.75,6,32.0,4,8.0,4,0.0,4,0.0,5,0.0,4,0.0,4,N/A,N/A,N/A,N/A
Gary Busey,Anna Trebunskaya,Actor/Actress,Texas,United States,71,21,Eliminated Week 4,10,5.0,5.0,5.0,,5.5,5.5,5.5,,6.0,7.0,6.0,6.0,5.0,6.0,5.0,,0.0,0.0,0.0,0.0,0.0,0.0,0.0,0.0,0.0,0.0,0.0,,0.0,0.0,0.0,,0.0,0.0,0.0,,0.0,0.0,0.0,,0.0,0.0,0.0,,15.0,3,5.0,9,16.5,3,5.5,12,25.0,4,6.25,9,16.0,3,5.333333333333333,10,0.0,4,0.0,10,0.0,4,0.0,10,0.0,3,0.0,9,0.0,3,0.0,8,0.0,3,0.0,7,0.0,3,0.0,5,0.0,3,0.0,5
Alexa PenaVega,Mark Ballas,Actor/Actress,Florida,United States,27,21,Eliminated Week 9,6,7.0,7.0,8.0,,7.5,7.5,8.0,,9.0,9.0,9.0,9.0,7.0,7.0,7.0,,10.0,10.0,10.0,10.0,8.0,7.0,7.0,8.0,9.0,9.5,9.0,,9.6666,8.6666,8.6666,,10.0,10.0,10.0,,0.0,0.0,0.0,,0.0,0.0,0.0,,22.0,3,7.333333333333333,5,23.0,3,7.666666666666667,3,36.0,4,9.0,1,21.0,3,7.0,8,40.0,4,10.0,1,30.0,4,7.5,7,27.5,3,9.166666666666666,5,26.9998,3,8.999933333333333,5,30.0,3,10.0,1,0.0,3,0.0,5,0.0,3,0.0,5
Carlos PenaVega,Witney Carson,Actor/Actress,Missouri,United States,26,21,Eliminated Week 11,4,8.0,8.0,7.0,,7.5,7.5,7.5,,7.0,8.0,8.0,8.0,9.0,8.0,8.0,,10.0,10.0,9.0,10.0,10.0,9.0,9.0,10.0,9.0,10.0,9.0,,9.6666,9.6666,9.6666,,9.0,9.0,9.0,,10.0,10.5,11.0,,10.0,10.0,10.0,,23.0,3,7.666666666666667,3,22.5,3,7.5,4,31.0,4,7.75,6,25.0,3,8.333333333333334,5,39.0,4,9.75,2,38.0,4,9.5,5,28.0,3,9.333333333333334,2,28.9998,3,9.6666,2,27.0,3,9.0,4,31.5,3,10.5,1,30.0,3,10.0,1
Victor Espinoza,Karina Smirnoff,Athlete,,Mexico,43,21,Eliminated Week 2,12,5.0,5.0,5.0,,6.5,5.5,6.5,,0.0,0.0,0.0,0.0,0.0,0.0,0.0,,0.0,0.0,0.0,0.0,0.0,0.0,0.0,0.0,0.0,0.0,0.0,,0.0,0.0,0.0,,0.0,0.0,0.0,,0.0,0.0,0.0,,0.0,0.0,0.0,,15.0,3,5.0,9,18.5,3,6.166666666666667,9,0.0,4,0.0,11,0.0,3,0.0,11,0.0,4,0.0,10,0.0,4,0.0,10,0.0,3,0.0,9,0.0,3,0.0,8,0.0,3,0.0,7,0.0,3,0.0,5,0.0,3,0.0,5
Alek Skarlatos,Lindsay Arnold,Military,California,United States,22,21,3rd Place,3,8.0,7.0,7.0,,7.5,7.0,8.0,,8.0,8.0,9.0,8.0,8.0,8.0,8.0,,8.0,7.0,7.0,7.0,8.0,8.0,7.0,7.0,9.0,9.0,8.5,,9.0,8.0,8.0,,8.5,8.5,8.5,,9.5,9.5,9.5,,9.3333,9.3333,9.3333,,22.0,3,7.333333333333333,5,22.5,3,7.5,4,33.0,4,8.25,3,24.0,3,8.0,6,29.0,4,7.25,7,30.0,4,7.5,7,26.5,3,8.833333333333334,8,25.0,3,8.333333333333334,6,25.5,3,8.5,5,28.5,3,9.5,3,27.999899999999997,3,9.3333,4
Chaka Khan,Keo Motsepe,Singer/Rapper,Illinois,United States,62,21,Eliminated Week 2,13,5.0,4.0,4.0,,5.0,5.0,5.0,,0.0,0.0,0.0,0.0,0.0,0.0,0.0,,0.0,0.0,0.0,0.0,0.0,0.0,0.0,0.0,0.0,0.0,0.0,,0.0,0.0,0.0,,0.0,0.0,0.0,,0.0,0.0,0.0,,0.0,0.0,0.0,,13.0,3,4.333333333333333,12,15.0,3,5.0,13,0.0,4,0.0,11,0.0,3,0.0,11,0.0,4,0.0,10,0.0,4,0.0,10,0.0,3,0.0,9,0.0,3,0.0,8,0.0,3,0.0,7,0.0,3,0.0,5,0.0,3,0.0,5
Andy Grammer,Allison Holker,Singer/Rapper,California,United States,31,21,Eliminated Week 8,7,7.0,7.0,7.0,,7.5,7.5,7.0,,7.0,7.0,8.0,7.0,7.0,8.0,8.0,,9.0,9.0,9.0,9.0,10.0,10.0,10.0,10.0,9.5,9.5,9.0,,8.6666,7.6666,7.6666,,0.0,0.0,0.0,,0.0,0.0,0.0,,0.0,0.0,0.0,,21.0,3,7.0,7,22.0,3,7.333333333333333,8,29.0,4,7.25,8,23.0,3,7.666666666666667,7,36.0,4,9.0,4,40.0,4,10.0,1,28.0,3,9.333333333333334,2,23.9998,3,7.999933333333334,7,0.0,3,0.0,7,0.0,3,0.0,5,0.0,3,0.0,5
Tamar Braxton,Valentin Chmerkovskiy,Singer/Rapper,Maryland,United States,38,21,Withdrew,5,8.0,7.0,8.0,,8.0,8.0,8.5,,8.0,9.0,8.0,8.0,9.0,9.0,9.0,,7.0,7.0,8.0,7.0,10.0,10.0,10.0,10.0,9.0,9.0,9.0,,9.0,9.0,10.0,,8.5,8.0,8.0,,0.0,0.0,0.0,,0.0,0.0,0.0,,23.0,3,7.666666666666667,3,24.5,3,8.166666666666666,1,33.0,4,8.25,3,27.0,3,9.0,2,29.0,4,7.25,7,40.0,4,10.0,1,27.0,3,9.0,6,28.0,3,9.333333333333334,3,24.5,3,8.166666666666666,6,0.0,3,0.0,5,0.0,3,0.0,5
Nick Carter,Sharna Burgess,Singer/Rapper,New York,United States,35,21,2nd Place,2,8.0,8.0,8.0,,7.5,7.5,7.5,,9.0,9.0,9.0,9.0,9.0,9.0,9.0,,9.0,9.0,8.0,9.0,9.0,10.0,10.0,10.0,9.0,9.0,9.0,,11.0,11.0,11.0,,9.0,9.0,9.5,,9.0,9.0,9.0,,10.0,10.0,10.0,,24.0,3,8.0,1,22.5,3,7.5,4,36.0,4,9.0,1,27.0,3,9.0,2,35.0,4,8.75,5,39.0,4,9.75,4,27.0,3,9.0,6,33.0,3,11.0,1,27.5,3,9.166666666666666,3,27.0,3,9.0,4,30.0,3,10.0,1
Hayes Grier,Emma Slater,Social Media Personality,North Carolina,United States,15,21,Eliminated Week 7,8,7.0,7.0,7.0,,8.0,7.0,7.5,,7.0,8.0,7.0,8.0,9.0,9.0,9.0,,8.0,8.0,7.0,7.0,8.0,8.0,8.0,8.0,9.0,9.5,9.5,,0.0,0.0,0.0,,0.0,0.0,0.0,,0.0,0.0,0.0,,0.0,0.0,0.0,,21.0,3,7.0,7,22.5,3,7.5,4,30.0,4,7.5,7,27.0,3,9.0,2,30.0,4,7.5,6,32.0,4,8.0,6,28.0,3,9.333333333333334,2,0.0,3,0.0,8,0.0,3,0.0,7,0.0,3,0.0,5,0.0,3,0.0,5
Bindi Irwin,Derek Hough,TV Personality,,Australia,17,21,1st Place,1,8.0,8.0,8.0,,8.0,8.0,8.0,,8.0,8.0,8.0,8.0,9.0,9.0,10.0,,9.0,9.0,10.0,9.0,10.0,10.0,10.0,10.0,9.5,10.0,9.5,,10.0,9.0,9.0,,10.0,10.0,10.0,,10.5,10.5,10.5,,10.0,10.0,10.0,,24.0,3,8.0,1,24.0,3,8.0,2,32.0,4,8.0,5,28.0,3,9.333333333333334,1,37.0,4,9.25,3,40.0,4,10.0,1,29.0,3,9.666666666666666,1,28.0,3,9.333333333333334,3,30.0,3,10.0,1,31.5,3,10.5,1,30.0,3,10.0,1
Kim Zolciak-Biermann,Tony Dovolani,TV Personality,Florida,United States,37,21,Withdrew,11,4.0,4.0,4.0,,6.5,6.0,6.0,,0.0,0.0,0.0,0.0,0.0,0.0,0.0,,0.0,0.0,0.0,0.0,0.0,0.0,0.0,0.0,0.0,0.0,0.0,,0.0,0.0,0.0,,0.0,0.0,0.0,,0.0,0.0,0.0,,0.0,0.0,0.0,,12.0,3,4.0,13,18.5,3,6.166666666666667,9,0.0,4,0.0,11,0.0,3,0.0,11,0.0,4,0.0,10,0.0,4,0.0,10,0.0,3,0.0,9,0.0,3,0.0,8,0.0,3,0.0,7,0.0,3,0.0,5,0.0,3,0.0,5
Paula Deen,Louis van Amstel,TV Personality,Georgia,United States,68,21,Eliminated Week 6,9,5.0,5.0,5.0,,6.5,6.0,6.0,,5.0,5.0,5.0,5.0,6.0,6.0,6.0,,7.0,7.0,6.0,6.0,6.0,6.0,6.0,6.0,0.0,0.0,0.0,,0.0,0.0,0.0,,0.0,0.0,0.0,,0.0,0.0,0.0,,0.0,0.0,0.0,,15.0,3,5.0,9,18.5,3,6.166666666666667,9,20.0,4,5.0,10,18.0,3,6.0,9,26.0,4,6.5,9,24.0,4,6.0,9,0.0,3,0.0,9,0.0,3,0.0,8,0.0,3,0.0,7,0.0,3,0.0,5,0.0,3,0.0,5
Mischa Barton,Artem Chigvintsev,Actor/Actress,,England,30,22,Eliminated Week 3,11,5.0,5.0,6.0,,5.0,5.0,5.0,,6.0,6.0,6.0,,0.0,0.0,0.0,0.0,0.0,0.0,0.0,0.0,0.0,0.0,0.0,,0.0,0.0,0.0,,0.0,0.0,0.0,,0.0,0.0,0.0,,0.0,0.0,0.0,,,,,,16.0,3,5.333333333333333,10,15.0,3,5.0,11,18.0,3,6.0,11,0.0,4,0.0,11,0.0,4,0.0,10,0.0,3,0.0,10,0.0,3,0.0,9,0.0,3,0.0,7,0.0,3,0.0,6,0.0,3,0.0,4,N/A,N/A,N/A,N/A
Kim Fields,Sasha Farber,Actor/Actress,New York,United States,46,22,Eliminated Week 7,8,7.0,6.0,7.0,,7.0,6.0,6.0,,8.0,7.0,7.0,,8.0,8.0,8.0,8.0,8.0,6.0,6.0,8.0,8.0,8.0,8.0,,8.5,8.5,9.0,,0.0,0.0,0.0,,0.0,0.0,0.0,,0.0,0.0,0.0,,,,,,20.0,3,6.666666666666667,8,19.0,3,6.333333333333333,9,22.0,3,7.333333333333333,5,32.0,4,8.0,6,28.0,4,7.0,7,24.0,3,8.0,6,26.0,3,8.666666666666666,5,0.0,3,0.0,7,0.0,3,0.0,6,0.0,3,0.0,4,N/A,N/A,N/A,N/A
Jodie Sweetin,Keo Motsepe,Actor/Actress,California,United States,34,22,Eliminated Week 8,6,7.0,6.0,7.0,,7.0,7.0,7.0,,8.0,7.0,8.0,,7.0,6.0,7.0,7.0,9.0,8.0,9.0,9.0,9.0,8.0,8.0,,8.0,8.5,9.0,,10.0,10.0,10.0,,0.0,0.0,0.0,,0.0,0.0,0.0,,,,,,20.0,3,6.666666666666667,8,21.0,3,7.0,3,23.0,3,7.666666666666667,3,27.0,4,6.75,9,35.0,4,8.75,2,25.0,3,8.333333333333334,4,25.5,3,8.5,8,30.0,3,10.0,1,0.0,3,0.0,6,0.0,3,0.0,4,N/A,N/A,N/A,N/A
Doug Flutie,Karina Smirnoff,Athlete,Maryland,United States,53,22,Eliminated Week 6,9,5.0,5.0,5.0,,7.0,6.0,7.0,,7.0,6.0,7.0,,6.0,6.0,6.0,6.0,7.0,7.0,7.0,7.0,7.0,7.0,7.0,,0.0,0.0,0.0,,0.0,0.0,0.0,,0.0,0.0,0.0,,0.0,0.0,0.0,,,,,,15.0,3,5.0,11,20.0,3,6.666666666666667,5,20.0,3,6.666666666666667,8,24.0,4,6.0,10,28.0,4,7.0,7,21.0,3,7.0,9,0.0,3,0.0,9,0.0,3,0.0,7,0.0,3,0.0,6,0.0,3,0.0,4,N/A,N/A,N/A,N/A
Von Miller,Witney Carson,Athlete,Texas,United States,27,22,Eliminated Week 7,7,8.0,6.0,7.0,,7.0,6.0,7.0,,7.0,6.0,7.0,,8.0,8.0,8.0,8.0,8.0,7.0,7.0,7.0,8.0,8.0,8.0,,8.5,8.5,9.0,,0.0,0.0,0.0,,0.0,0.0,0.0,,0.0,0.0,0.0,,,,,,21.0,3,7.0,4,20.0,3,6.666666666666667,5,20.0,3,6.666666666666667,8,32.0,4,8.0,6,29.0,4,7.25,6,24.0,3,8.0,6,26.0,3,8.666666666666666,5,0.0,3,0.0,7,0.0,3,0.0,6,0.0,3,0.0,4,N/A,N/A,N/A,N/A
Antonio Brown,Sharna Burgess,Athlete,Florida,United States,27,22,Eliminated Week 9,5,8.0,6.0,7.0,,6.0,6.0,7.0,,7.0,6.0,7.0,,9.0,8.0,9.0,9.0,7.0,6.0,6.0,7.0,9.0,9.0,9.0,,8.5,8.5,9.0,,9.0,9.0,9.0,,9.0,9.0,9.5,,0.0,0.0,0.0,,,,,,21.0,3,7.0,4,19.0,3,6.333333333333333,9,20.0,3,6.666666666666667,8,35.0,4,8.75,3,26.0,4,6.5,9,27.0,3,9.0,3,26.0,3,8.666666666666666,5,27.0,3,9.0,5,27.5,3,9.166666666666666,5,0.0,3,0.0,4,N/A,N/A,N/A,N/A
Paige VanZant,Mark Ballas,Athlete,Oregon,United States,22,22,2nd Place,2,7.0,7.0,7.0,,8.0,8.0,8.0,,8.0,7.0,8.0,,9.0,9.0,9.0,9.0,8.0,8.0,7.0,8.0,9.0,10.0,9.0,,9.0,9.0,9.5,,10.0,9.0,9.0,,10.0,9.5,10.0,,10.0,9.6666,10.0,,,,,,21.0,3,7.0,4,24.0,3,8.0,1,23.0,3,7.666666666666667,3,36.0,4,9.0,1,31.0,4,7.75,4,28.0,3,9.333333333333334,2,27.5,3,9.166666666666666,2,28.0,3,9.333333333333334,4,29.5,3,9.833333333333334,2,29.666600000000003,3,9.888866666666667,1,N/A,N/A,N/A,N/A
Geraldo Rivera,Edyta Sliwinska,Journalist,New York,United States,72,22,Eliminated Week 2,12,5.0,4.0,4.0,,5.0,4.0,4.0,,0.0,0.0,0.0,,0.0,0.0,0.0,0.0,0.0,0.0,0.0,0.0,0.0,0.0,0.0,,0.0,0.0,0.0,,0.0,0.0,0.0,,0.0,0.0,0.0,,0.0,0.0,0.0,,,,,,13.0,3,4.333333333333333,12,13.0,3,4.333333333333333,12,0.0,3,0.0,12,0.0,4,0.0,11,0.0,4,0.0,10,0.0,3,0.0,10,0.0,3,0.0,9,0.0,3,0.0,7,0.0,3,0.0,6,0.0,3,0.0,4,N/A,N/A,N/A,N/A
Nyle DiMarco,Peta Murgatroyd,Model,New York,United States,26,22,1st Place,1,8.0,7.0,8.0,,7.0,6.0,7.0,,8.0,8.0,9.0,,8.0,8.0,9.0,9.0,9.0,10.0,9.0,9.0,8.0,8.0,9.0,,9.5,9.0,9.5,,10.0,9.0,10.0,,9.5,9.5,9.5,,9.6666,9.6666,9.6666,,,,,,23.0,3,7.666666666666667,1,20.0,3,6.666666666666667,5,25.0,3,8.333333333333334,1,34.0,4,8.5,5,37.0,4,9.25,1,25.0,3,8.333333333333334,4,28.0,3,9.333333333333334,1,29.0,3,9.666666666666666,3,28.5,3,9.5,3,28.9998,3,9.6666,2,N/A,N/A,N/A,N/A
Ginger Zee,Valentin Chmerkovskiy,News Anchor,California,United States,35,22,3rd Place,3,8.0,7.0,8.0,,7.0,7.0,7.0,,7.0,7.0,7.0,,9.0,9.0,9.0,9.0,8.0,8.0,8.0,8.0,8.0,8.0,8.0,,9.0,9.0,9.5,,10.0,10.0,10.0,,9.0,9.5,9.5,,9.3333,9.6666,9.3333,,,,,,23.0,3,7.666666666666667,1,21.0,3,7.0,3,21.0,3,7.0,6,36.0,4,9.0,1,32.0,4,8.0,3,24.0,3,8.0,6,27.5,3,9.166666666666666,2,30.0,3,10.0,1,28.0,3,9.333333333333334,4,28.333199999999998,3,9.4444,3,N/A,N/A,N/A,N/A
Wanya Morris,Lindsay Arnold,Singer/Rapper,Pennsylvania,United States,42,22,Eliminated Week 9,4,8.0,7.0,8.0,,8.0,8.0,8.0,,8.0,8.0,8.0,,8.0,9.0,9.0,9.0,8.0,7.0,7.0,8.0,10.0,9.0,10.0,,9.0,9.0,9.5,,8.0,8.0,9.0,,10.0,10.0,10.0,,0.0,0.0,0.0,,,,,,23.0,3,7.666666666666667,1,24.0,3,8.0,1,24.0,3,8.0,2,35.0,4,8.75,3,30.0,4,7.5,5,29.0,3,9.666666666666666,1,27.5,3,9.166666666666666,2,25.0,3,8.333333333333334,6,30.0,3,10.0,1,0.0,3,0.0,4,N/A,N/A,N/A,N/A
Marla Maples,Tony Dovolani,TV Personality,Georgia,United States,52,22,Eliminated Week 4,10,7.0,7.0,7.0,,7.0,6.0,7.0,,7.0,7.0,7.0,,7.0,7.0,7.0,7.0,0.0,0.0,0.0,0.0,0.0,0.0,0.0,,0.0,0.0,0.0,,0.0,0.0,0.0,,0.0,0.0,0.0,,0.0,0.0,0.0,,,,,,21.0,3,7.0,4,20.0,3,6.666666666666667,5,21.0,3,7.0,6,28.0,4,7.0,8,0.0,4,0.0,10,0.0,3,0.0,10,0.0,3,0.0,9,0.0,3,0.0,7,0.0,3,0.0,6,0.0,3,0.0,4,N/A,N/A,N/A,N/A
Jake T. Austin,Jenna Johnson,Actor/Actress,New York,United States,21,23,Eliminated Week 2,13,5.0,6.0,5.0,6.0,6.0,6.0,6.0,6.0,0.0,0.0,0.0,0.0,0.0,0.0,0.0,,0.0,0.0,0.0,,0.0,0.0,0.0,0.0,0.0,0.0,0.0,0.0,0.0,0.0,0.0,,0.0,0.0,0.0,0.0,0.0,0.0,0.0,,0.0,0.0,0.0,0.0,22.0,4,5.5,11,24.0,4,6.0,10,0.0,4,0.0,13,0.0,3,0.0,12,0.0,3,0.0,10,0.0,4,0.0,10,0.0,4,0.0,9,0.0,3,0.0,8,0.0,4,0.0,7,0.0,3,0.0,6,0.0,4,0.0,5
Maureen McCormick,Artem Chigvintsev,Actor/Actress,California,United States,60,23,Eliminated Week 7,8,6.0,5.0,5.0,6.0,7.0,6.0,6.0,7.0,7.0,7.0,7.0,7.0,8.0,8.0,8.0,,8.0,8.0,8.0,,8.0,7.0,8.0,8.0,8.5,8.0,8.0,8.5,0.0,0.0,0.0,,0.0,0.0,0.0,0.0,0.0,0.0,0.0,,0.0,0.0,0.0,0.0,22.0,4,5.5,11,26.0,4,6.5,8,28.0,4,7.0,5,24.0,3,8.0,4,24.0,3,8.0,6,31.0,4,7.75,6,33.0,4,8.25,6,0.0,3,0.0,8,0.0,4,0.0,7,0.0,3,0.0,6,0.0,4,0.0,5
Marilu Henner,Derek Hough,Actor/Actress,Illinois,United States,64,23,Eliminated Week 9,6,7.0,7.0,6.0,7.0,7.0,6.0,7.0,7.0,7.0,7.0,7.0,7.0,7.0,7.0,7.0,,9.0,9.0,9.0,,8.0,9.0,9.0,8.0,7.5,8.0,8.5,8.0,7.0,8.0,8.0,,9.0,9.0,9.0,9.0,0.0,0.0,0.0,,0.0,0.0,0.0,0.0,27.0,4,6.75,3,27.0,4,6.75,7,28.0,4,7.0,5,21.0,3,7.0,10,27.0,3,9.0,2,34.0,4,8.5,5,32.0,4,8.0,8,23.0,3,7.666666666666667,7,36.0,4,9.0,5,0.0,3,0.0,6,0.0,4,0.0,5
Ryan Lochte,Cheryl Burke,Athlete,New York,United States,32,23,Eliminated Week 8,7,6.0,6.0,6.0,6.0,6.0,6.0,6.0,6.0,6.0,7.0,6.0,6.0,7.0,7.0,8.0,,8.0,8.0,8.0,,7.0,8.0,8.0,7.0,8.5,8.0,8.0,8.5,8.0,9.0,9.0,,0.0,0.0,0.0,0.0,0.0,0.0,0.0,,0.0,0.0,0.0,0.0,24.0,4,6.0,9,24.0,4,6.0,10,25.0,4,6.25,8,22.0,3,7.333333333333333,9,24.0,3,8.0,6,30.0,4,7.5,7,33.0,4,8.25,6,26.0,3,8.666666666666666,5,0.0,4,0.0,7,0.0,3,0.0,6,0.0,4,0.0,5
Calvin Johnson Jr.,Lindsay Arnold,Athlete,Georgia,United States,30,23,3rd Place,3,7.0,6.0,6.0,7.0,7.0,7.0,7.0,7.0,8.0,8.0,8.0,8.0,8.0,7.0,8.0,,8.0,8.0,8.0,,9.0,10.0,9.0,9.0,9.5,9.0,9.0,9.5,10.0,10.0,10.0,,9.0,9.0,10.0,9.0,9.0,9.5,9.5,,9.3333,9.6666,9.6666,9.6666,26.0,4,6.5,5,28.0,4,7.0,6,32.0,4,8.0,1,23.0,3,7.666666666666667,6,24.0,3,8.0,6,37.0,4,9.25,3,37.0,4,9.25,1,30.0,3,10.0,3,37.0,4,9.25,4,28.0,3,9.333333333333334,5,38.3331,4,9.583275,3
Laurie Hernandez,Valentin Chmerkovskiy,Athlete,New Jersey,United States,16,23,1st Place,1,8.0,8.0,7.0,8.0,8.0,8.0,8.0,8.0,7.0,8.0,8.0,8.0,10.0,10.0,10.0,,8.0,9.0,8.0,,9.0,9.0,9.0,10.0,8.0,8.5,9.0,9.0,11.0,11.0,11.0,,10.0,10.0,10.0,10.0,10.0,10.0,10.0,,9.6666,10.0,9.6666,10.0,31.0,4,7.75,1,32.0,4,8.0,1,31.0,4,7.75,2,30.0,3,10.0,1,25.0,3,8.333333333333334,5,37.0,4,9.25,3,34.5,4,8.625,3,33.0,3,11.0,2,40.0,4,10.0,1,30.0,3,10.0,1,39.333200000000005,4,9.833300000000001,1
Amber Rose,Maksim Chmerkoskiy,Model,Pennsylvania,United States,32,23,Eliminated Week 6,9,6.0,6.0,6.0,6.0,6.0,6.0,6.0,6.0,7.0,6.0,6.0,6.0,8.0,8.0,8.0,,8.0,8.0,8.0,,7.0,7.0,7.0,7.0,0.0,0.0,0.0,0.0,0.0,0.0,0.0,,0.0,0.0,0.0,0.0,0.0,0.0,0.0,,0.0,0.0,0.0,0.0,24.0,4,6.0,9,24.0,4,6.0,10,25.0,4,6.25,8,24.0,3,8.0,4,24.0,3,8.0,6,28.0,4,7.0,9,0.0,4,0.0,9,0.0,3,0.0,8,0.0,4,0.0,7,0.0,3,0.0,6,0.0,4,0.0,5
Rick Perry,Emma Slater,Politician,Texas,United States,66,23,Eliminated Week 3,12,5.0,5.0,5.0,5.0,6.0,5.0,6.0,5.0,6.0,5.0,6.0,6.0,0.0,0.0,0.0,,0.0,0.0,0.0,,0.0,0.0,0.0,0.0,0.0,0.0,0.0,0.0,0.0,0.0,0.0,,0.0,0.0,0.0,0.0,0.0,0.0,0.0,,0.0,0.0,0.0,0.0,20.0,4,5.0,13,22.0,4,5.5,13,23.0,4,5.75,11,0.0,3,0.0,12,0.0,3,0.0,10,0.0,4,0.0,10,0.0,4,0.0,9,0.0,3,0.0,8,0.0,4,0.0,7,0.0,3,0.0,6,0.0,4,0.0,5
James Hinchcliffe,Sharna Burgess,Racing Driver,,Canada,29,23,2nd Place,2,8.0,8.0,7.0,8.0,7.0,7.0,7.0,8.0,7.0,7.0,8.0,7.0,9.0,9.0,10.0,,10.0,9.0,10.0,,10.0,9.0,9.0,10.0,9.5,9.0,9.0,9.5,11.6666,11.6666,11.6666,,9.0,9.0,9.0,9.0,9.5,10.0,10.0,,9.6666,9.6666,9.6666,10.0,31.0,4,7.75,1,29.0,4,7.25,4,29.0,4,7.25,4,28.0,3,9.333333333333334,2,29.0,3,9.666666666666666,1,38.0,4,9.5,2,37.0,4,9.25,1,34.9998,3,11.6666,1,36.0,4,9.0,5,29.5,3,9.833333333333334,3,38.9998,4,9.74995,2
Babyface,Allison Holker,Singer/Rapper,Indiana,United States,57,23,Eliminated Week 4,11,7.0,6.0,6.0,7.0,8.0,7.0,7.0,8.0,7.0,6.0,6.0,6.0,6.0,6.0,6.0,,0.0,0.0,0.0,,0.0,0.0,0.0,0.0,0.0,0.0,0.0,0.0,0.0,0.0,0.0,,0.0,0.0,0.0,0.0,0.0,0.0,0.0,,0.0,0.0,0.0,0.0,26.0,4,6.5,5,30.0,4,7.5,3,25.0,4,6.25,8,18.0,3,6.0,11,0.0,3,0.0,10,0.0,4,0.0,10,0.0,4,0.0,9,0.0,3,0.0,8,0.0,4,0.0,7,0.0,3,0.0,6,0.0,4,0.0,5
Vanilla Ice,Witney Carson,Singer/Rapper,Texas,United States,48,23,Eliminated Week 4,10,7.0,5.0,6.0,7.0,6.0,7.0,6.0,7.0,6.0,6.0,5.0,6.0,8.0,7.0,8.0,,0.0,0.0,0.0,,0.0,0.0,0.0,0.0,0.0,0.0,0.0,0.0,0.0,0.0,0.0,,0.0,0.0,0.0,0.0,0.0,0.0,0.0,,0.0,0.0,0.0,0.0,25.0,4,6.25,7,26.0,4,6.5,8,23.0,4,5.75,11,23.0,3,7.666666666666667,6,0.0,3,0.0,10,0.0,4,0.0,10,0.0,4,0.0,9,0.0,3,0.0,8,0.0,4,0.0,7,0.0,3,0.0,6,0.0,4,0.0,5
Jana Kramer,Gleb Savchenko,Singer/Rapper,Michigan,United States,32,23,Eliminated Week 11,4,7.0,6.0,6.0,8.0,7.0,8.0,7.0,7.0,6.0,7.0,6.0,7.0,8.0,7.0,8.0,,9.0,8.0,9.0,,10.0,10.0,10.0,10.0,8.0,8.5,9.0,9.0,10.0,10.0,10.0,,10.0,10.0,10.0,10.0,9.5,9.5,10.0,,8.5,9.0,9.0,9.0,27.0,4,6.75,3,29.0,4,7.25,4,26.0,4,6.5,7,23.0,3,7.666666666666667,6,26.0,3,8.666666666666666,4,40.0,4,10.0,1,34.5,4,8.625,3,30.0,3,10.0,3,40.0,4,10.0,1,29.0,3,9.666666666666666,4,35.5,4,8.875,4
Terra Jole,Sasha Farber,TV Personality,Texas,United States,36,23,Eliminated Week 10,5,7.0,6.0,6.0,6.0,8.0,7.0,8.0,8.0,8.0,7.0,8.0,7.0,9.0,8.0,8.0,,9.0,9.0,9.0,,7.0,8.0,8.0,7.0,8.5,8.5,9.0,8.5,8.0,8.0,8.0,,10.0,10.0,9.0,9.0,10.0,10.0,10.0,,0.0,0.0,0.0,0.0,25.0,4,6.25,7,31.0,4,7.75,2,30.0,4,7.5,3,25.0,3,8.333333333333334,3,27.0,3,9.0,2,30.0,4,7.5,7,34.5,4,8.625,3,24.0,3,8.0,6,38.0,4,9.5,3,30.0,3,10.0,1,0.0,4,0.0,5
Charo,Keo Motsepe,Actor/Actress,,Spain,66,24,Eliminated Week 3,11,6.0,5.0,5.0,5.0,6.0,6.0,7.0,6.0,6.0,6.0,6.0,6.0,0.0,0.0,0.0,0.0,0.0,0.0,0.0,0.0,0.0,0.0,0.0,0.0,0.0,0.0,0.0,0.0,0.0,0.0,0.0,0.0,0.0,0.0,0.0,0.0,0.0,0.0,0.0,0.0,,,,,21.0,4,5.25,10,25.0,4,6.25,9,24.0,4,6.0,9,0.0,4,0.0,11,0.0,4,0.0,10,0.0,4,0.0,9,0.0,4,0.0,8,0.0,4,0.0,6,0.0,4,0.0,5,0.0,4,0.0,4,N/A,N/A,N/A,N/A
Mr. T,Kym Herjavec,Actor/Actress,Illinois,United States,64,24,Eliminated Week 4,10,5.0,5.0,5.0,5.0,6.0,5.0,6.0,5.0,6.0,6.0,6.0,6.0,7.0,7.0,7.0,7.0,0.0,0.0,0.0,0.0,0.0,0.0,0.0,0.0,0.0,0.0,0.0,0.0,0.0,0.0,0.0,0.0,0.0,0.0,0.0,0.0,0.0,0.0,0.0,0.0,,,,,20.0,4,5.0,11,22.0,4,5.5,11,24.0,4,6.0,9,28.0,4,7.0,10,0.0,4,0.0,10,0.0,4,0.0,9,0.0,4,0.0,8,0.0,4,0.0,6,0.0,4,0.0,5,0.0,4,0.0,4,N/A,N/A,N/A,N/A
Heather Morris,Maksim Chmerkoskiy,Actor/Actress,California,United States,30,24,Eliminated Week 6,8,7.0,7.0,7.0,7.0,8.0,6.0,8.0,8.0,9.0,8.0,8.0,8.0,8.0,9.0,9.0,9.0,8.0,8.0,9.0,9.0,9.0,9.5,9.0,9.5,0.0,0.0,0.0,0.0,0.0,0.0,0.0,0.0,0.0,0.0,0.0,0.0,0.0,0.0,0.0,0.0,,,,,28.0,4,7.0,3,30.0,4,7.5,3,33.0,4,8.25,2,35.0,4,8.75,3,34.0,4,8.5,4,37.0,4,9.25,1,0.0,4,0.0,8,0.0,4,0.0,6,0.0,4,0.0,5,0.0,4,0.0,4,N/A,N/A,N/A,N/A
Nancy Kerrigan,Artem Chigvintsev,Athlete,Massachusetts,United States,47,24,Eliminated Week 7,7,7.0,7.0,7.0,7.0,7.0,7.0,7.0,7.0,8.0,9.0,8.0,8.0,8.0,9.0,8.0,8.0,9.0,9.0,9.0,9.0,8.5,8.5,8.0,8.5,9.0,9.0,9.0,9.0,0.0,0.0,0.0,0.0,0.0,0.0,0.0,0.0,0.0,0.0,0.0,0.0,,,,,28.0,4,7.0,3,28.0,4,7.0,5,33.0,4,8.25,2,33.0,4,8.25,4,36.0,4,9.0,3,33.5,4,8.375,5,36.0,4,9.0,4,0.0,4,0.0,6,0.0,4,0.0,5,0.0,4,0.0,4,N/A,N/A,N/A,N/A
Bonner Bolton,Sharna Burgess,Athlete,Texas,United States,29,24,Eliminated Week 8,5,6.0,5.0,5.0,6.0,8.0,5.0,8.0,7.0,6.0,6.0,6.0,6.0,8.0,8.0,8.0,8.0,7.0,8.0,8.0,7.0,8.0,8.5,7.5,7.5,7.5,7.5,8.5,7.5,7.5,7.0,7.5,7.0,0.0,0.0,0.0,0.0,0.0,0.0,0.0,0.0,,,,,22.0,4,5.5,9,28.0,4,7.0,5,24.0,4,6.0,9,32.0,4,8.0,5,30.0,4,7.5,8,31.5,4,7.875,6,31.0,4,7.75,7,29.0,4,7.25,5,0.0,4,0.0,5,0.0,4,0.0,4,N/A,N/A,N/A,N/A
Simone Biles,Sasha Farber,Athlete,Ohio,United States,20,24,Eliminated Week 9,4,8.0,8.0,8.0,8.0,7.0,7.0,7.0,8.0,7.0,8.0,9.0,8.0,9.0,9.0,9.0,9.0,9.0,9.0,10.0,10.0,8.5,8.5,8.5,9.0,10.5,9.5,9.5,9.5,9.0,9.0,9.0,9.0,10.0,10.0,10.0,10.0,0.0,0.0,0.0,0.0,,,,,32.0,4,8.0,1,29.0,4,7.25,4,32.0,4,8.0,4,36.0,4,9.0,2,38.0,4,9.5,2,34.5,4,8.625,4,39.0,4,9.75,2,36.0,4,9.0,3,40.0,4,10.0,1,0.0,4,0.0,4,N/A,N/A,N/A,N/A
David Ross,Lindsay Arnold,Athlete,Georgia,United States,40,24,2nd Place,2,7.0,7.0,7.0,7.0,7.0,6.0,7.0,7.0,8.0,7.0,8.0,8.0,7.0,8.0,8.0,8.0,7.0,7.0,8.0,7.0,7.5,8.5,7.5,7.5,8.0,8.0,8.0,8.0,8.0,8.0,8.5,8.0,9.0,8.5,9.0,8.5,9.0,9.0,9.3333,9.0,,,,,28.0,4,7.0,3,27.0,4,6.75,8,31.0,4,7.75,5,31.0,4,7.75,7,29.0,4,7.25,9,31.0,4,7.75,7,32.0,4,8.0,6,32.5,4,8.125,4,35.0,4,8.75,4,36.3333,4,9.083325,3,N/A,N/A,N/A,N/A
Rashad Jennings,Emma Slater,Athlete,Virginia,United States,32,24,1st Place,1,8.0,7.0,8.0,8.0,8.0,8.0,8.0,8.0,7.0,7.0,7.0,7.0,10.0,9.0,10.0,10.0,7.0,8.0,9.0,8.0,8.5,9.5,8.5,8.5,9.5,9.5,10.5,9.5,9.5,9.0,9.5,9.5,9.5,9.0,10.0,10.0,10.0,9.6666,10.0,10.0,,,,,31.0,4,7.75,2,32.0,4,8.0,1,28.0,4,7.0,6,39.0,4,9.75,1,32.0,4,8.0,6,35.0,4,8.75,3,39.0,4,9.75,2,37.5,4,9.375,2,38.5,4,9.625,2,39.6666,4,9.91665,1,N/A,N/A,N/A,N/A
Chris Kattan,Witney Carson,Comedian,California,United States,46,24,Eliminated Week 2,12,5.0,4.0,4.0,4.0,6.0,5.0,6.0,5.0,0.0,0.0,0.0,0.0,0.0,0.0,0.0,0.0,0.0,0.0,0.0,0.0,0.0,0.0,0.0,0.0,0.0,0.0,0.0,0.0,0.0,0.0,0.0,0.0,0.0,0.0,0.0,0.0,0.0,0.0,0.0,0.0,,,,,17.0,4,4.25,12,22.0,4,5.5,11,0.0,4,0.0,12,0.0,4,0.0,11,0.0,4,0.0,10,0.0,4,0.0,9,0.0,4,0.0,8,0.0,4,0.0,6,0.0,4,0.0,5,0.0,4,0.0,4,N/A,N/A,N/A,N/A
Erika Jayne,Gleb Savchenko,Singer/Rapper,Georgia,United States,45,24,Eliminated Week 5,9,6.0,6.0,6.0,6.0,7.0,7.0,7.0,7.0,6.0,7.0,7.0,6.0,8.0,7.0,7.0,8.0,8.0,8.0,8.0,8.0,0.0,0.0,0.0,0.0,0.0,0.0,0.0,0.0,0.0,0.0,0.0,0.0,0.0,0.0,0.0,0.0,0.0,0.0,0.0,0.0,,,,,24.0,4,6.0,7,28.0,4,7.0,5,26.0,4,6.5,7,30.0,4,7.5,8,32.0,4,8.0,6,0.0,4,0.0,9,0.0,4,0.0,8,0.0,4,0.0,6,0.0,4,0.0,5,0.0,4,0.0,4,N/A,N/A,N/A,N/A
Normani,Valentin Chmerkovskiy,Singer/Rapper,Georgia,United States,20,24,3rd Place,3,7.0,6.0,7.0,7.0,8.0,8.0,8.0,8.0,8.0,8.0,9.0,9.0,8.0,7.0,8.0,9.0,10.0,9.0,10.0,10.0,9.0,9.5,8.0,9.5,10.5,10.5,10.5,10.5,10.0,9.5,10.0,10.0,9.5,9.5,9.5,9.5,10.0,9.6666,9.6666,10.0,,,,,27.0,4,6.75,6,32.0,4,8.0,1,34.0,4,8.5,1,32.0,4,8.0,5,39.0,4,9.75,1,36.0,4,9.0,2,42.0,4,10.5,1,39.5,4,9.875,1,38.0,4,9.5,3,39.333200000000005,4,9.833300000000001,2,N/A,N/A,N/A,N/A
Nick Viall,Peta Murgatroyd,TV Personality,Wisconsin,United States,36,24,Eliminated Week 7,6,6.0,6.0,6.0,6.0,7.0,5.0,7.0,6.0,7.0,6.0,7.0,6.0,8.0,7.0,8.0,7.0,9.0,8.0,9.0,8.0,7.5,8.0,7.5,7.5,8.0,8.0,9.0,9.0,0.0,0.0,0.0,0.0,0.0,0.0,0.0,0.0,0.0,0.0,0.0,0.0,,,,,24.0,4,6.0,7,25.0,4,6.25,9,26.0,4,6.5,7,30.0,4,7.5,8,34.0,4,8.5,4,30.5,4,7.625,8,34.0,4,8.5,5,0.0,4,0.0,6,0.0,4,0.0,5,0.0,4,0.0,4,N/A,N/A,N/A,N/A
Sasha Pieterse,Gleb Savchenko,Actor/Actress,,South Africa,21,25,Eliminated Week 5,10,6.0,6.0,6.0,,8.0,7.5,7.0,,7.0,6.0,6.0,,8.0,8.0,8.0,,8.0,8.0,8.0,,0.0,0.0,0.0,0.0,0.0,0.0,0.0,,0.0,0.0,0.0,,0.0,0.0,0.0,,0.0,0.0,0.0,0.0,,,,,18.0,3,6.0,7,22.5,3,7.5,4,19.0,3,6.333333333333333,11,24.0,3,8.0,4,24.0,3,8.0,8,0.0,4,0.0,10,0.0,3,0.0,9,0.0,3,0.0,7,0.0,3,0.0,6,0.0,4,0.0,5,N/A,N/A,N/A,N/A
Frankie Muniz,Witney Carson,Actor/Actress,New Jersey,United States,31,25,3rd Place,3,7.0,6.0,6.0,,8.0,7.5,8.5,,7.0,7.0,7.0,,8.0,8.0,8.0,,10.0,9.0,10.0,,7.0,8.0,8.0,8.0,10.0,10.0,10.0,,9.0,8.5,9.0,,8.5,8.0,9.0,,9.7777,9.3333,9.7777,10.0,,,,,19.0,3,6.333333333333333,5,24.0,3,8.0,1,21.0,3,7.0,6,24.0,3,8.0,4,29.0,3,9.666666666666666,2,31.0,4,7.75,6,30.0,3,10.0,1,26.5,3,8.833333333333334,3,25.5,3,8.5,4,38.8887,4,9.722175,3,N/A,N/A,N/A,N/A
Jordan Fisher,Lindsay Arnold,Actor/Actress,Alabama,United States,23,25,1st Place,1,8.0,7.0,7.0,,8.0,8.0,8.0,,9.0,7.0,9.0,,10.0,9.0,10.0,,10.0,10.0,10.0,,10.0,9.0,10.0,10.0,9.0,9.0,9.0,,10.0,10.0,10.0,,9.5,9.5,10.0,,10.0,10.0,10.0,10.0,,,,,22.0,3,7.333333333333333,1,24.0,3,8.0,1,25.0,3,8.333333333333334,2,29.0,3,9.666666666666666,1,30.0,3,10.0,1,39.0,4,9.75,2,27.0,3,9.0,4,30.0,3,10.0,1,29.0,3,9.666666666666666,1,40.0,4,10.0,1,N/A,N/A,N/A,N/A
Derek Fisher,Sharna Burgess,Athlete,Arkansas,United States,43,25,Eliminated Week 4,11,6.0,6.0,6.0,,6.5,6.0,6.5,,7.0,7.0,7.0,,7.0,8.0,8.0,,0.0,0.0,0.0,,0.0,0.0,0.0,0.0,0.0,0.0,0.0,,0.0,0.0,0.0,,0.0,0.0,0.0,,0.0,0.0,0.0,0.0,,,,,18.0,3,6.0,7,19.0,3,6.333333333333333,11,21.0,3,7.0,6,23.0,3,7.666666666666667,10,0.0,3,0.0,11,0.0,4,0.0,10,0.0,3,0.0,9,0.0,3,0.0,7,0.0,3,0.0,6,0.0,4,0.0,5,N/A,N/A,N/A,N/A
Nikki Bella,Artem Chigvintsev,Athlete,California,United States,33,25,Eliminated Week 7,8,7.0,7.0,6.0,,6.5,6.5,6.5,,7.0,7.0,7.0,,8.0,8.0,8.0,,9.0,9.0,9.0,,9.0,9.0,9.0,9.0,8.0,8.0,8.0,,0.0,0.0,0.0,,0.0,0.0,0.0,,0.0,0.0,0.0,0.0,,,,,20.0,3,6.666666666666667,4,19.5,3,6.5,9,21.0,3,7.0,6,24.0,3,8.0,4,27.0,3,9.0,4,36.0,4,9.0,4,24.0,3,8.0,8,0.0,3,0.0,7,0.0,3,0.0,6,0.0,4,0.0,5,N/A,N/A,N/A,N/A
Terrell Owens,Cheryl Burke,Athlete,Alabama,United States,43,25,Eliminated Week 8,6,5.0,5.0,5.0,,6.5,6.0,7.0,,7.0,7.0,7.0,,8.0,8.0,8.0,,9.0,8.0,8.0,,9.0,9.0,10.0,9.0,8.0,8.0,8.5,,8.5,8.5,8.5,,0.0,0.0,0.0,,0.0,0.0,0.0,0.0,,,,,15.0,3,5.0,12,19.5,3,6.5,9,21.0,3,7.0,6,24.0,3,8.0,4,25.0,3,8.333333333333334,6,37.0,4,9.25,3,24.5,3,8.166666666666666,7,25.5,3,8.5,4,0.0,3,0.0,6,0.0,4,0.0,5,N/A,N/A,N/A,N/A
Victoria Arlen,Valentin Chmerkovskiy,Athlete,New Hamshire,United States,22,25,Eliminated Week 9,5,7.0,6.0,6.0,,7.5,7.0,7.5,,8.0,7.0,7.0,,9.0,9.0,9.0,,9.0,9.0,9.0,,8.0,8.0,7.0,8.0,9.5,9.5,9.5,,8.0,8.0,8.0,,9.0,9.5,9.5,,0.0,0.0,0.0,0.0,,,,,19.0,3,6.333333333333333,5,22.0,3,7.333333333333333,6,22.0,3,7.333333333333333,5,27.0,3,9.0,2,27.0,3,9.0,4,31.0,4,7.75,6,28.5,3,9.5,2,24.0,3,8.0,5,28.0,3,9.333333333333334,3,0.0,4,0.0,5,N/A,N/A,N/A,N/A
Barbara Corcoran,Keo Motsepe,Entrepreneur,New Jersey,United States,68,25,Eliminated Week 2,13,5.0,4.0,5.0,,6.0,5.0,6.0,,0.0,0.0,0.0,,0.0,0.0,0.0,,0.0,0.0,0.0,,0.0,0.0,0.0,0.0,0.0,0.0,0.0,,0.0,0.0,0.0,,0.0,0.0,0.0,,0.0,0.0,0.0,0.0,,,,,14.0,3,4.666666666666667,13,17.0,3,5.666666666666667,13,0.0,3,0.0,12,0.0,3,0.0,12,0.0,3,0.0,11,0.0,4,0.0,10,0.0,3,0.0,9,0.0,3,0.0,7,0.0,3,0.0,6,0.0,4,0.0,5,N/A,N/A,N/A,N/A
Lindsey Stirling,Mark Ballas,Musician,California,United States,31,25,2nd Place,2,7.0,8.0,7.0,,7.5,7.5,7.5,,9.0,9.0,9.0,,9.0,8.0,9.0,,9.0,10.0,9.0,,10.0,10.0,10.0,10.0,8.5,8.5,8.5,,9.5,8.5,9.0,,9.5,9.0,10.0,,10.0,10.0,10.0,10.0,,,,,22.0,3,7.333333333333333,1,22.5,3,7.5,4,27.0,3,9.0,1,26.0,3,8.666666666666666,3,28.0,3,9.333333333333334,3,40.0,4,10.0,1,25.5,3,8.5,6,27.0,3,9.0,2,28.5,3,9.5,2,40.0,4,10.0,1,N/A,N/A,N/A,N/A
Debbie Gibson,Alan Bersten,Singer/Rapper,New York,United States,47,25,Eliminated Week 2,12,6.0,5.0,6.0,,7.0,6.5,7.0,,0.0,0.0,0.0,,0.0,0.0,0.0,,0.0,0.0,0.0,,0.0,0.0,0.0,0.0,0.0,0.0,0.0,,0.0,0.0,0.0,,0.0,0.0,0.0,,0.0,0.0,0.0,0.0,,,,,17.0,3,5.666666666666667,10,20.5,3,6.833333333333333,7,0.0,3,0.0,12,0.0,3,0.0,12,0.0,3,0.0,11,0.0,4,0.0,10,0.0,3,0.0,9,0.0,3,0.0,7,0.0,3,0.0,6,0.0,4,0.0,5,N/A,N/A,N/A,N/A
Nick Lachey,Peta Murgatroyd,Singer/Rapper,Kentucky,United States,43,25,Eliminated Week 6,9,6.0,6.0,6.0,,7.0,6.0,6.0,,7.0,7.0,7.0,,8.0,7.0,7.0,,7.0,8.0,7.0,,7.0,6.0,7.0,6.0,0.0,0.0,0.0,,0.0,0.0,0.0,,0.0,0.0,0.0,,0.0,0.0,0.0,0.0,,,,,18.0,3,6.0,7,19.0,3,6.333333333333333,11,21.0,3,7.0,6,22.0,3,7.333333333333333,11,22.0,3,7.333333333333333,10,26.0,4,6.5,9,0.0,3,0.0,9,0.0,3,0.0,7,0.0,3,0.0,6,0.0,4,0.0,5,N/A,N/A,N/A,N/A
Drew Scott,Emma Slater,TV Personality,,Canada,39,25,Eliminated Week 10,4,6.0,5.0,5.0,,7.0,6.5,7.0,,8.0,7.0,8.0,,8.0,8.0,8.0,,9.0,8.0,8.0,,7.0,7.0,9.0,7.0,9.5,9.5,9.5,,8.0,7.5,8.0,,8.0,8.0,8.0,,9.0,9.5,9.5,9.5,,,,,16.0,3,5.333333333333333,11,20.5,3,6.833333333333333,7,23.0,3,7.666666666666667,3,24.0,3,8.0,4,25.0,3,8.333333333333334,6,30.0,4,7.5,8,28.5,3,9.5,2,23.5,3,7.833333333333333,6,24.0,3,8.0,5,37.5,4,9.375,4,N/A,N/A,N/A,N/A
Vanessa Lachey,Maksim Chmerkoskiy,TV Personality,,Philippines,36,25,Eliminated Week 7,7,7.0,7.0,7.0,,8.0,8.0,7.5,,7.0,8.0,8.0,,8.0,8.0,8.0,,8.0,8.0,8.0,,9.0,9.0,9.0,9.0,9.0,9.0,9.0,,0.0,0.0,0.0,,0.0,0.0,0.0,,0.0,0.0,0.0,0.0,,,,,21.0,3,7.0,3,23.5,3,7.833333333333333,3,23.0,3,7.666666666666667,3,24.0,3,8.0,4,24.0,3,8.0,8,36.0,4,9.0,4,27.0,3,9.0,4,0.0,3,0.0,7,0.0,3,0.0,6,0.0,4,0.0,5,N/A,N/A,N/A,N/A
Jamie Anderson,Artem Chigvintsev,Athlete,California,United States,27,26,Eliminated Week 1,10,6.0,7.0,6.0,,0.0,0.0,0.0,0.0,0.0,0.0,0.0,0.0,0.0,0.0,0.0,,,,,,,,,,,,,,,,,,,,,,,,,,,,,,19.0,3,6.333333333333333,8,0.0,4,0.0,9,0.0,4,0.0,7,0.0,3,0.0,4,N/A,N/A,N/A,N/A,N/A,N/A,N/A,N/A,N/A,N/A,N/A,N/A,N/A,N/A,N/A,N/A,N/A,N/A,N/A,N/A,N/A,N/A,N/A,N/A,N/A,N/A,N/A,N/A
Johnny Damon,Emma Slater,Athlete,Kansas,United States,44,26,Eliminated Week 1,9,6.0,6.0,6.0,,0.0,0.0,0.0,0.0,0.0,0.0,0.0,0.0,0.0,0.0,0.0,,,,,,,,,,,,,,,,,,,,,,,,,,,,,,18.0,3,6.0,9,0.0,4,0.0,9,0.0,4,0.0,7,0.0,3,0.0,4,N/A,N/A,N/A,N/A,N/A,N/A,N/A,N/A,N/A,N/A,N/A,N/A,N/A,N/A,N/A,N/A,N/A,N/A,N/A,N/A,N/A,N/A,N/A,N/A,N/A,N/A,N/A,N/A
Kareem Abdul-Jabbar,Lindsay Arnold,Athlete,New York,United States,71,26,Eliminated Week 2,8,6.0,5.0,6.0,,7.5,8.0,7.0,7.0,0.0,0.0,0.0,0.0,0.0,0.0,0.0,,,,,,,,,,,,,,,,,,,,,,,,,,,,,,17.0,3,5.666666666666667,10,29.5,4,7.375,8,0.0,4,0.0,7,0.0,3,0.0,4,N/A,N/A,N/A,N/A,N/A,N/A,N/A,N/A,N/A,N/A,N/A,N/A,N/A,N/A,N/A,N/A,N/A,N/A,N/A,N/A,N/A,N/A,N/A,N/A,N/A,N/A,N/A,N/A
Arike Ogunbowale,Gleb Savchenko,Athlete,Wisconsin,United States,21,26,Eliminated Week 2,7,7.0,6.0,7.0,,8.5,9.5,8.5,8.5,0.0,0.0,0.0,0.0,0.0,0.0,0.0,,,,,,,,,,,,,,,,,,,,,,,,,,,,,,20.0,3,6.666666666666667,7,35.0,4,8.75,3,0.0,4,0.0,7,0.0,3,0.0,4,N/A,N/A,N/A,N/A,N/A,N/A,N/A,N/A,N/A,N/A,N/A,N/A,N/A,N/A,N/A,N/A,N/A,N/A,N/A,N/A,N/A,N/A,N/A,N/A,N/A,N/A,N/A,N/A
Jennie Finch Daigle,Keo Motsepe,Athlete,California,United States,37,26,Eliminated Week 3,6,7.0,7.0,7.0,,7.5,8.5,8.0,7.5,7.0,8.0,7.0,7.0,0.0,0.0,0.0,,,,,,,,,,,,,,,,,,,,,,,,,,,,,,21.0,3,7.0,5,31.5,4,7.875,6,29.0,4,7.25,6,0.0,3,0.0,4,N/A,N/A,N/A,N/A,N/A,N/A,N/A,N/A,N/A,N/A,N/A,N/A,N/A,N/A,N/A,N/A,N/A,N/A,N/A,N/A,N/A,N/A,N/A,N/A,N/A,N/A,N/A,N/A
Chris Mazdzer,Witney Carson,Athlete,Massachusetts,United States,29,26,Eliminated Week 3,5,7.0,7.0,7.0,,8.5,8.5,8.0,8.0,8.0,9.0,7.0,9.0,0.0,0.0,0.0,,,,,,,,,,,,,,,,,,,,,,,,,,,,,,21.0,3,7.0,5,33.0,4,8.25,4,33.0,4,8.25,5,0.0,3,0.0,4,N/A,N/A,N/A,N/A,N/A,N/A,N/A,N/A,N/A,N/A,N/A,N/A,N/A,N/A,N/A,N/A,N/A,N/A,N/A,N/A,N/A,N/A,N/A,N/A,N/A,N/A,N/A,N/A
Mirai Nagasu,Alan Bersten,Athlete,California,United States,25,26,Eliminated Week 3,4,7.0,8.0,8.0,,9.0,10.0,9.0,9.0,9.0,9.0,8.0,9.0,0.0,0.0,0.0,,,,,,,,,,,,,,,,,,,,,,,,,,,,,,23.0,3,7.666666666666667,3,37.0,4,9.25,1,35.0,4,8.75,3,0.0,3,0.0,4,N/A,N/A,N/A,N/A,N/A,N/A,N/A,N/A,N/A,N/A,N/A,N/A,N/A,N/A,N/A,N/A,N/A,N/A,N/A,N/A,N/A,N/A,N/A,N/A,N/A,N/A,N/A,N/A
Tonya Harding,Sasha Farber,Athlete,Oregon,United States,47,26,3rd Place,3,8.0,8.0,7.0,,8.0,9.0,8.0,8.0,8.5,9.5,8.5,8.5,9.0,9.5,9.5,,,,,,,,,,,,,,,,,,,,,,,,,,,,,,23.0,3,7.666666666666667,3,33.0,4,8.25,4,35.0,4,8.75,3,28.0,3,9.333333333333334,3,N/A,N/A,N/A,N/A,N/A,N/A,N/A,N/A,N/A,N/A,N/A,N/A,N/A,N/A,N/A,N/A,N/A,N/A,N/A,N/A,N/A,N/A,N/A,N/A,N/A,N/A,N/A,N/A
Josh Norman,Sharna Burgess,Athlete,South Carolina,United States,30,26,2nd Place,2,8.0,8.0,8.0,,7.5,8.0,8.0,8.0,9.5,9.5,9.5,9.5,9.5,9.5,9.5,,,,,,,,,,,,,,,,,,,,,,,,,,,,,,24.0,3,8.0,1,31.5,4,7.875,6,38.0,4,9.5,2,28.5,3,9.5,2,N/A,N/A,N/A,N/A,N/A,N/A,N/A,N/A,N/A,N/A,N/A,N/A,N/A,N/A,N/A,N/A,N/A,N/A,N/A,N/A,N/A,N/A,N/A,N/A,N/A,N/A,N/A,N/A
Adam Rippon,Jenna Johnson,Athlete,Pennsylvania,United States,28,26,1st Place,1,8.0,8.0,8.0,,9.0,9.5,9.0,9.5,10.5,10.5,9.5,10.5,9.5,9.5,10.0,,,,,,,,,,,,,,,,,,,,,,,,,,,,,,24.0,3,8.0,1,37.0,4,9.25,1,41.0,4,10.25,1,29.0,3,9.666666666666666,1,N/A,N/A,N/A,N/A,N/A,N/A,N/A,N/A,N/A,N/A,N/A,N/A,N/A,N/A,N/A,N/A,N/A,N/A,N/A,N/A,N/A,N/A,N/A,N/A,N/A,N/A,N/A,N/A
Juan Pablo Di Pace,Cheryl Burke,Actor/Actress,,Argentina,39,27,Eliminated Week 8,5,7.0,7.0,8.0,,9.0,8.0,9.0,,10.0,10.0,10.0,,8.0,8.0,8.0,,10.0,9.0,10.0,,10.0,10.0,10.0,,9.5,9.0,9.5,,10.0,10.0,10.0,,0.0,0.0,0.0,,,,,,,,,,22.0,3,7.333333333333333,3,26.0,3,8.666666666666666,1,30.0,3,10.0,1,24.0,3,8.0,5,29.0,3,9.666666666666666,1,30.0,3,10.0,1,28.0,3,9.333333333333334,3,30.0,3,10.0,1,0.0,3,0.0,5,N/A,N/A,N/A,N/A,N/A,N/A,N/A,N/A
Evanna Lynch,Keo Motsepe,Actor/Actress,,Ireland,27,27,3rd Place,3,7.0,5.0,6.0,,8.0,8.0,8.0,,9.0,9.0,9.0,,8.0,8.0,8.0,,8.0,8.0,8.0,,10.0,9.0,10.0,,10.0,9.5,10.0,,10.0,9.5,9.5,,10.0,10.0,10.0,,,,,,,,,,18.0,3,6.0,9,24.0,3,8.0,5,27.0,3,9.0,2,24.0,3,8.0,5,24.0,3,8.0,6,29.0,3,9.666666666666666,3,29.5,3,9.833333333333334,1,29.0,3,9.666666666666666,2,30.0,3,10.0,1,N/A,N/A,N/A,N/A,N/A,N/A,N/A,N/A
Nancy McKeon,Valentin Chmerkovskiy,Actor/Actress,New York,United States,52,27,Eliminated Week 3,11,6.5,6.5,6.5,,7.0,6.5,7.0,,8.0,7.0,7.0,,0.0,0.0,0.0,,0.0,0.0,0.0,,0.0,0.0,0.0,,0.0,0.0,0.0,,0.0,0.0,0.0,,0.0,0.0,0.0,,,,,,,,,,19.5,3,6.5,8,20.5,3,6.833333333333333,9,22.0,3,7.333333333333333,9,0.0,3,0.0,11,0.0,3,0.0,10,0.0,3,0.0,10,0.0,3,0.0,9,0.0,3,0.0,7,0.0,3,0.0,5,N/A,N/A,N/A,N/A,N/A,N/A,N/A,N/A
John Schneider,Emma Slater,Actor/Actress,New York,United States,58,27,Eliminated Week 7,8,7.0,5.0,6.0,,7.5,6.5,7.5,,7.0,7.0,7.0,,7.0,7.0,7.0,,8.0,8.0,8.0,,6.0,7.0,6.0,,9.0,9.0,9.0,,0.0,0.0,0.0,,0.0,0.0,0.0,,,,,,,,,,18.0,3,6.0,9,21.5,3,7.166666666666667,8,21.0,3,7.0,10,21.0,3,7.0,8,24.0,3,8.0,6,19.0,3,6.333333333333333,9,27.0,3,9.0,5,0.0,3,0.0,7,0.0,3,0.0,5,N/A,N/A,N/A,N/A,N/A,N/A,N/A,N/A
Milo Manheim,Witney Carson,Actor/Actress,California,United States,17,27,2nd Place,2,7.0,6.0,7.0,,9.0,8.0,9.0,,9.0,9.0,9.0,,10.0,9.0,10.0,,9.0,8.0,10.0,,10.0,10.0,10.0,,10.0,9.0,10.0,,9.0,9.0,9.5,,10.0,10.0,10.0,,,,,,,,,,20.0,3,6.666666666666667,5,26.0,3,8.666666666666666,1,27.0,3,9.0,2,29.0,3,9.666666666666666,1,27.0,3,9.0,3,30.0,3,10.0,1,29.0,3,9.666666666666666,2,27.5,3,9.166666666666666,4,30.0,3,10.0,1,N/A,N/A,N/A,N/A,N/A,N/A,N/A,N/A
Danelle Umstead,Artem Chigvintsev,Athlete,New Mexico,United States,46,27,Eliminated Week 2,12,6.0,6.0,6.0,,6.5,6.0,6.0,,0.0,0.0,0.0,,0.0,0.0,0.0,,0.0,0.0,0.0,,0.0,0.0,0.0,,0.0,0.0,0.0,,0.0,0.0,0.0,,0.0,0.0,0.0,,,,,,,,,,18.0,3,6.0,9,18.5,3,6.166666666666667,11,0.0,3,0.0,12,0.0,3,0.0,11,0.0,3,0.0,10,0.0,3,0.0,10,0.0,3,0.0,9,0.0,3,0.0,7,0.0,3,0.0,5,N/A,N/A,N/A,N/A,N/A,N/A,N/A,N/A
Mary Lou Retton,Sasha Farber,Athlete,West Virginia,United States,50,27,Eliminated Week 6,9,6.5,7.0,6.5,,8.0,7.5,7.5,,8.0,8.0,8.0,,9.0,8.0,9.0,,9.0,8.0,8.0,,8.0,8.0,8.0,,0.0,0.0,0.0,,0.0,0.0,0.0,,0.0,0.0,0.0,,,,,,,,,,20.0,3,6.666666666666667,5,23.0,3,7.666666666666667,7,24.0,3,8.0,7,26.0,3,8.666666666666666,2,25.0,3,8.333333333333334,5,24.0,3,8.0,6,0.0,3,0.0,9,0.0,3,0.0,7,0.0,3,0.0,5,N/A,N/A,N/A,N/A,N/A,N/A,N/A,N/A
DeMarcus Ware,Lindsay Arnold,Athlete,Alabama,United States,36,27,Eliminated Week 7,7,8.0,7.0,8.0,,8.0,7.5,8.0,,9.0,8.0,9.0,,7.0,7.0,8.0,,9.0,8.0,9.0,,8.0,9.0,9.0,,9.0,8.5,9.0,,0.0,0.0,0.0,,0.0,0.0,0.0,,,,,,,,,,23.0,3,7.666666666666667,1,23.5,3,7.833333333333333,6,26.0,3,8.666666666666666,5,22.0,3,7.333333333333333,7,26.0,3,8.666666666666666,4,26.0,3,8.666666666666666,5,26.5,3,8.833333333333334,6,0.0,3,0.0,7,0.0,3,0.0,5,N/A,N/A,N/A,N/A,N/A,N/A,N/A,N/A
Nikki Glaser,Gleb Savchenko,Comedian,Ohio,United States,34,27,Eliminated Week 1,13,6.0,5.5,6.0,,0.0,0.0,0.0,,0.0,0.0,0.0,,0.0,0.0,0.0,,0.0,0.0,0.0,,0.0,0.0,0.0,,0.0,0.0,0.0,,0.0,0.0,0.0,,0.0,0.0,0.0,,,,,,,,,,17.5,3,5.833333333333333,12,0.0,3,0.0,13,0.0,3,0.0,12,0.0,3,0.0,11,0.0,3,0.0,10,0.0,3,0.0,10,0.0,3,0.0,9,0.0,3,0.0,7,0.0,3,0.0,5,N/A,N/A,N/A,N/A,N/A,N/A,N/A,N/A
Bobby Bones,Sharna Burgess,Radio Personality,Arkansas,United States,38,27,1st Place,1,7.0,6.0,7.0,,7.0,6.0,6.5,,8.0,7.0,8.0,,7.0,6.0,7.0,,7.0,7.0,7.0,,8.0,7.0,7.0,,9.0,8.5,9.0,,7.5,7.5,7.5,,9.0,9.0,9.0,,,,,,,,,,20.0,3,6.666666666666667,5,19.5,3,6.5,10,23.0,3,7.666666666666667,8,20.0,3,6.666666666666667,9,21.0,3,7.0,8,22.0,3,7.333333333333333,7,26.5,3,8.833333333333334,6,22.5,3,7.5,6,27.0,3,9.0,4,N/A,N/A,N/A,N/A,N/A,N/A,N/A,N/A
Tinashe,Brandon Armstrong,Singer/Rapper,Kentucky,United States,25,27,Eliminated Week 4,10,8.0,7.0,8.0,,9.0,8.0,9.0,,9.0,9.0,9.0,,9.0,8.0,9.0,,0.0,0.0,0.0,,0.0,0.0,0.0,,0.0,0.0,0.0,,0.0,0.0,0.0,,0.0,0.0,0.0,,,,,,,,,,23.0,3,7.666666666666667,1,26.0,3,8.666666666666666,1,27.0,3,9.0,2,26.0,3,8.666666666666666,2,0.0,3,0.0,10,0.0,3,0.0,10,0.0,3,0.0,9,0.0,3,0.0,7,0.0,3,0.0,5,N/A,N/A,N/A,N/A,N/A,N/A,N/A,N/A
Alexis Ren,Alan Bersten,Social Media Personality,California,United States,21,27,4th Place,4,7.0,7.5,7.5,,8.0,8.5,8.0,,9.0,8.0,9.0,,8.0,8.0,9.0,,10.0,9.0,10.0,,9.0,9.0,9.0,,9.0,9.0,9.5,,9.5,9.5,10.0,,9.5,9.5,9.5,,,,,,,,,,22.0,3,7.333333333333333,3,24.5,3,8.166666666666666,4,26.0,3,8.666666666666666,5,25.0,3,8.333333333333334,4,29.0,3,9.666666666666666,1,27.0,3,9.0,4,27.5,3,9.166666666666666,4,29.0,3,9.666666666666666,2,28.5,3,9.5,3,N/A,N/A,N/A,N/A,N/A,N/A,N/A,N/A
Joe Amabile,Jenna Johnson,TV Personality,Illinois,United States,32,27,Eliminated Week 8,6,5.0,4.0,5.0,,5.5,6.0,6.0,,6.0,6.0,6.0,,5.0,5.0,5.0,,6.0,5.0,6.0,,8.0,7.0,7.0,,8.0,7.5,8.0,,8.0,7.5,7.5,,0.0,0.0,0.0,,,,,,,,,,14.0,3,4.666666666666667,13,17.5,3,5.833333333333333,12,18.0,3,6.0,11,15.0,3,5.0,10,17.0,3,5.666666666666667,9,22.0,3,7.333333333333333,7,23.5,3,7.833333333333333,8,23.0,3,7.666666666666667,5,0.0,3,0.0,5,N/A,N/A,N/A,N/A,N/A,N/A,N/A,N/A
Kate Flannery,Pasha Pashkov,Actor/Actress,Pennsylvania,United States,55,28,Eliminated Week 8,7,5.0,5.0,5.0,,7.0,7.0,7.0,,8.0,8.0,8.0,,7.0,7.0,6.0,6.0,8.0,8.0,8.0,,9.0,9.0,9.0,,8.0,8.0,8.0,,8.6666,8.6666,8.6666,,0.0,0.0,0.0,0.0,0.0,0.0,0.0,,0.0,0.0,0.0,,15.0,3,5.0,9,21.0,3,7.0,2,24.0,3,8.0,1,26.0,4,6.5,8,24.0,3,8.0,5,27.0,3,9.0,1,24.0,3,8.0,7,25.9998,3,8.6666,5,0.0,4,0.0,7,0.0,3,0.0,6,0.0,3,0.0,5
James Van Der Beek,Emma Slater,Actor/Actress,Connecticut,United States,42,28,Eliminated Week 10,5,7.0,7.0,7.0,,7.0,6.0,7.0,,8.0,7.0,8.0,,7.0,7.0,7.0,7.0,9.0,8.0,9.0,,9.0,9.0,9.0,,9.0,9.0,9.0,,10.6666,10.6666,10.6666,,9.0,8.5,9.5,9.0,8.5,8.5,8.5,,0.0,0.0,0.0,,21.0,3,7.0,1,20.0,3,6.666666666666667,3,23.0,3,7.666666666666667,3,28.0,4,7.0,6,26.0,3,8.666666666666666,2,27.0,3,9.0,1,27.0,3,9.0,1,31.9998,3,10.6666,1,36.0,4,9.0,3,25.5,3,8.5,5,0.0,3,0.0,5
Kel Mitchell,Witney Carson,Actor/Actress,Illinois,United States,41,28,2nd Place,2,6.0,5.0,5.0,,7.0,6.0,7.0,,7.0,6.0,7.0,,8.0,8.0,8.0,8.0,9.0,8.0,9.0,,9.0,8.0,9.0,,8.5,8.5,8.5,,9.6666,9.6666,10.6666,,9.0,9.0,9.5,9.5,9.5,9.5,9.5,,10.0,9.5,10.0,,16.0,3,5.333333333333333,7,20.0,3,6.666666666666667,3,20.0,3,6.666666666666667,6,32.0,4,8.0,1,26.0,3,8.666666666666666,2,26.0,3,8.666666666666666,4,25.5,3,8.5,5,29.9998,3,9.999933333333333,4,37.0,4,9.25,2,28.5,3,9.5,2,29.5,3,9.833333333333334,2
Ray Lewis,Cheryl Burke,Athlete,Florida,United States,44,28,Withdrew,11,5.0,5.0,5.0,,5.0,5.0,5.0,,0.0,0.0,0.0,,0.0,0.0,0.0,0.0,0.0,0.0,0.0,,0.0,0.0,0.0,,0.0,0.0,0.0,,0.0,0.0,0.0,,0.0,0.0,0.0,0.0,0.0,0.0,0.0,,0.0,0.0,0.0,,15.0,3,5.0,9,15.0,3,5.0,10,0.0,3,0.0,11,0.0,4,0.0,11,0.0,3,0.0,10,0.0,3,0.0,10,0.0,3,0.0,9,0.0,3,0.0,8,0.0,4,0.0,7,0.0,3,0.0,6,0.0,3,0.0,5
Lamar Odom,Peta Murgatroyd,Athlete,New York,United States,39,28,Eliminated Week 4,10,5.0,3.0,3.0,,4.0,4.0,4.0,,4.0,4.0,4.0,,5.0,7.0,4.0,4.0,0.0,0.0,0.0,,0.0,0.0,0.0,,0.0,0.0,0.0,,0.0,0.0,0.0,,0.0,0.0,0.0,0.0,0.0,0.0,0.0,,0.0,0.0,0.0,,11.0,3,3.6666666666666665,12,12.0,3,4.0,12,12.0,3,4.0,10,20.0,4,5.0,10,0.0,3,0.0,10,0.0,3,0.0,10,0.0,3,0.0,9,0.0,3,0.0,8,0.0,4,0.0,7,0.0,3,0.0,6,0.0,3,0.0,5
Sailor Brinkley-Cook,Valentin Chmerkovskiy,Model,New York,United States,21,28,Eliminated Week 6,9,6.0,6.0,6.0,,6.0,6.0,6.0,,7.0,8.0,8.0,,7.0,8.0,8.0,8.0,8.0,8.0,8.0,,9.0,9.0,9.0,,0.0,0.0,0.0,,0.0,0.0,0.0,,0.0,0.0,0.0,0.0,0.0,0.0,0.0,,0.0,0.0,0.0,,18.0,3,6.0,4,18.0,3,6.0,8,23.0,3,7.666666666666667,3,31.0,4,7.75,5,24.0,3,8.0,5,27.0,3,9.0,1,0.0,3,0.0,9,0.0,3,0.0,8,0.0,4,0.0,7,0.0,3,0.0,6,0.0,3,0.0,5
Sean Spicer,Lindsay Arnold,Politician,New York,United States,48,28,Eliminated Week 9,6,4.0,4.0,4.0,,6.0,5.0,5.0,,5.0,5.0,5.0,,5.0,6.0,5.0,5.0,7.0,6.0,6.0,,7.0,7.0,7.0,,7.0,7.0,7.0,,7.0,7.0,6.0,,6.5,6.0,6.5,6.0,0.0,0.0,0.0,,0.0,0.0,0.0,,12.0,3,4.0,11,16.0,3,5.333333333333333,9,15.0,3,5.0,9,21.0,4,5.25,9,19.0,3,6.333333333333333,9,21.0,3,7.0,9,21.0,3,7.0,8,20.0,3,6.666666666666667,7,25.0,4,6.25,6,0.0,3,0.0,6,0.0,3,0.0,5
Mary Wilson,Brandon Armstrong,Singer/Rapper,Nevada,United States,75,28,Eliminated Week 2,12,6.0,5.0,6.0,,5.0,5.0,5.0,,0.0,0.0,0.0,,0.0,0.0,0.0,0.0,0.0,0.0,0.0,,0.0,0.0,0.0,,0.0,0.0,0.0,,0.0,0.0,0.0,,0.0,0.0,0.0,0.0,0.0,0.0,0.0,,0.0,0.0,0.0,,17.0,3,5.666666666666667,5,15.0,3,5.0,10,0.0,3,0.0,11,0.0,4,0.0,11,0.0,3,0.0,10,0.0,3,0.0,10,0.0,3,0.0,9,0.0,3,0.0,8,0.0,4,0.0,7,0.0,3,0.0,6,0.0,3,0.0,5
Lauren Alaina,Gleb Savchenko,Singer/Rapper,Georgia,United States,24,28,4th Place,4,7.0,6.0,6.0,,6.0,6.0,7.0,,6.0,7.0,7.0,,8.0,8.0,8.0,8.0,8.0,7.0,8.0,,9.0,8.0,9.0,,9.0,9.0,9.0,,8.0,8.0,8.0,,9.0,9.0,8.5,8.5,9.0,9.0,9.0,,9.5,9.5,9.5,,19.0,3,6.333333333333333,3,19.0,3,6.333333333333333,6,20.0,3,6.666666666666667,6,32.0,4,8.0,1,23.0,3,7.666666666666667,7,26.0,3,8.666666666666666,4,27.0,3,9.0,1,24.0,3,8.0,6,35.0,4,8.75,5,27.0,3,9.0,3,28.5,3,9.5,4
Ally Brooke,Sasha Farber,Singer/Rapper,Texas,United States,26,28,3rd Place,3,5.0,5.0,6.0,,7.0,6.0,7.0,,8.0,8.0,8.0,,8.0,8.0,8.0,8.0,9.0,9.0,9.0,,8.0,9.0,8.0,,9.0,9.0,9.0,,10.0,10.0,10.0,,10.0,10.0,10.0,10.0,10.0,9.5,10.0,,10.0,10.0,10.0,,16.0,3,5.333333333333333,7,20.0,3,6.666666666666667,3,24.0,3,8.0,1,32.0,4,8.0,1,27.0,3,9.0,1,25.0,3,8.333333333333334,6,27.0,3,9.0,1,30.0,3,10.0,3,40.0,4,10.0,1,29.5,3,9.833333333333334,1,30.0,3,10.0,1
Karamo Brown,Jenna Johnson,TV Personality,Texas,United States,38,28,Eliminated Week 7,8,6.0,5.0,6.0,,7.0,5.0,7.0,,5.0,5.0,6.0,,7.0,7.0,7.0,7.0,7.0,7.0,7.0,,9.0,8.0,8.0,,8.5,8.0,8.0,,0.0,0.0,0.0,,0.0,0.0,0.0,0.0,0.0,0.0,0.0,,0.0,0.0,0.0,,17.0,3,5.666666666666667,5,19.0,3,6.333333333333333,6,16.0,3,5.333333333333333,8,28.0,4,7.0,6,21.0,3,7.0,8,25.0,3,8.333333333333334,6,24.5,3,8.166666666666666,6,0.0,3,0.0,8,0.0,4,0.0,7,0.0,3,0.0,6,0.0,3,0.0,5
Hannah Brown,Alan Bersten,TV Personality,Alabama,United States,24,28,1st Place,1,7.0,7.0,6.0,,8.0,8.0,8.0,,7.0,7.0,7.0,,8.0,8.0,8.0,8.0,9.0,7.0,9.0,,8.0,8.0,8.0,,8.5,9.0,8.5,,10.6666,9.6666,10.6666,,9.0,8.5,9.0,9.0,9.0,9.0,9.0,,10.0,9.5,9.5,,20.0,3,6.666666666666667,2,24.0,3,8.0,1,21.0,3,7.0,5,32.0,4,8.0,1,25.0,3,8.333333333333334,4,24.0,3,8.0,8,26.0,3,8.666666666666666,4,30.9998,3,10.333266666666667,2,35.5,4,8.875,4,27.0,3,9.0,3,29.0,3,9.666666666666666,3
Anne Heche,Keo Motsepe,Actor/Actress,Ohio,United States,51,29,Eliminated Week 4,13,6.0,6.0,6.0,,6.0,6.0,6.0,,5.0,5.0,5.0,,7.0,7.0,7.0,,0.0,0.0,0.0,,0.0,0.0,0.0,,0.0,0.0,0.0,,0.0,0.0,0.0,,0.0,0.0,0.0,,0.0,0.0,0.0,,0.0,0.0,0.0,,18.0,3,6.0,6,18.0,3,6.0,6,15.0,3,5.0,13,21.0,3,7.0,10,0.0,3,0.0,13,0.0,3,0.0,12,0.0,3,0.0,11,0.0,3,0.0,9,0.0,3,0.0,8,0.0,3,0.0,7,0.0,3,0.0,5
Jesse Metcalfe,Sharna Burgess,Actor/Actress,California,United States,41,29,Eliminated Week 5,12,6.0,6.0,6.0,,7.0,7.0,6.0,,7.0,6.0,7.0,,7.0,7.0,7.0,,7.0,6.0,6.0,,0.0,0.0,0.0,,0.0,0.0,0.0,,0.0,0.0,0.0,,0.0,0.0,0.0,,0.0,0.0,0.0,,0.0,0.0,0.0,,18.0,3,6.0,6,20.0,3,6.666666666666667,4,20.0,3,6.666666666666667,9,21.0,3,7.0,10,19.0,3,6.333333333333333,11,0.0,3,0.0,12,0.0,3,0.0,11,0.0,3,0.0,9,0.0,3,0.0,8,0.0,3,0.0,7,0.0,3,0.0,5
Chrishell Stause,Gleb Savchenko,Actor/Actress,Kentucky,United States,39,29,Eliminated Week 8,8,4.0,5.0,4.0,,6.0,6.0,6.0,,7.0,7.0,8.0,,7.0,8.0,7.0,,6.0,6.0,7.0,,8.0,8.0,8.0,,9.0,9.0,8.0,,9.0,9.0,9.0,,0.0,0.0,0.0,,0.0,0.0,0.0,,0.0,0.0,0.0,,13.0,3,4.333333333333333,13,18.0,3,6.0,6,22.0,3,7.333333333333333,4,22.0,3,7.333333333333333,8,19.0,3,6.333333333333333,11,24.0,3,8.0,7,26.0,3,8.666666666666666,5,27.0,3,9.0,5,0.0,3,0.0,8,0.0,3,0.0,7,0.0,3,0.0,5
Skai Jackson,Alan Bersten,Actor/Actress,New York,United States,18,29,Eliminated Week 10,5,7.0,7.0,7.0,,5.0,5.0,5.0,,6.0,6.0,6.0,,10.0,9.0,9.0,,8.0,8.0,8.0,,6.0,6.0,6.0,,9.0,9.0,9.0,,8.6666,9.6666,8.6666,,9.6666,9.6666,9.6666,,9.5,9.5,9.5,,0.0,0.0,0.0,,21.0,3,7.0,1,15.0,3,5.0,14,18.0,3,6.0,11,28.0,3,9.333333333333334,1,24.0,3,8.0,5,18.0,3,6.0,11,27.0,3,9.0,2,26.9998,3,8.999933333333333,7,28.9998,3,9.6666,3,28.5,3,9.5,4,0.0,3,0.0,5
Justina Machado,Sasha Farber,Actor/Actress,Illinois,United States,48,29,4th Place,4,7.0,7.0,7.0,,7.0,7.0,7.0,,7.0,6.0,6.0,,8.0,8.0,8.0,,8.0,8.0,8.0,,9.0,9.0,9.0,,9.0,9.0,8.0,,9.6666,9.6666,9.6666,,8.6666,8.6666,8.6666,,9.5,10.0,9.5,,10.0,10.0,10.0,,21.0,3,7.0,1,21.0,3,7.0,2,19.0,3,6.333333333333333,10,24.0,3,8.0,3,24.0,3,8.0,5,27.0,3,9.0,1,26.0,3,8.666666666666666,5,28.9998,3,9.6666,3,25.9998,3,8.6666,5,29.0,3,9.666666666666666,3,30.0,3,10.0,1
Charles Oakley,Emma Slater,Athlete,Ohio,United States,56,29,Eliminated Week 2,15,4.0,4.0,4.0,,5.0,5.0,5.0,,0.0,0.0,0.0,,0.0,0.0,0.0,,0.0,0.0,0.0,,0.0,0.0,0.0,,0.0,0.0,0.0,,0.0,0.0,0.0,,0.0,0.0,0.0,,0.0,0.0,0.0,,0.0,0.0,0.0,,12.0,3,4.0,14,15.0,3,5.0,14,0.0,3,0.0,15,0.0,3,0.0,14,0.0,3,0.0,13,0.0,3,0.0,12,0.0,3,0.0,11,0.0,3,0.0,9,0.0,3,0.0,8,0.0,3,0.0,7,0.0,3,0.0,5
Veron Davis,Peta Murgatroyd,Athlete,Washington D.C.,United States,36,29,Eliminated Week 6,11,5.0,6.0,6.0,,6.0,6.0,6.0,,8.0,7.0,7.0,,8.0,7.0,7.0,,7.0,7.0,7.0,,7.0,7.0,7.0,,0.0,0.0,0.0,,0.0,0.0,0.0,,0.0,0.0,0.0,,0.0,0.0,0.0,,0.0,0.0,0.0,,17.0,3,5.666666666666667,11,18.0,3,6.0,6,22.0,3,7.333333333333333,4,22.0,3,7.333333333333333,8,21.0,3,7.0,10,21.0,3,7.0,10,0.0,3,0.0,11,0.0,3,0.0,9,0.0,3,0.0,8,0.0,3,0.0,7,0.0,3,0.0,5
Johnny Weir,Britt Stewart,Athlete,Pennsylvania,United States,36,29,Eliminated Week 10,6,6.0,6.0,6.0,,6.0,6.0,6.0,,8.0,8.0,8.0,,8.0,8.0,8.0,,10.0,10.0,9.0,,7.0,8.0,7.0,,9.0,9.0,9.0,,10.0,10.0,10.0,,10.0,10.0,10.0,,9.5,9.5,9.5,,0.0,0.0,0.0,,18.0,3,6.0,6,18.0,3,6.0,6,24.0,3,8.0,1,24.0,3,8.0,3,29.0,3,9.666666666666666,1,22.0,3,7.333333333333333,9,27.0,3,9.0,2,30.0,3,10.0,1,30.0,3,10.0,1,28.5,3,9.5,4,0.0,3,0.0,5
Nev Schulman,Jenna Johnson,Producer,New York,United States,35,29,2nd Place,2,7.0,7.0,6.0,,7.0,7.0,7.0,,8.0,8.0,8.0,,8.0,8.0,8.0,,8.0,9.0,9.0,,9.0,9.0,8.0,,10.0,10.0,10.0,,10.0,10.0,10.0,,9.6666,9.6666,9.6666,,10.0,10.0,10.0,,10.0,10.0,10.0,,20.0,3,6.666666666666667,3,21.0,3,7.0,2,24.0,3,8.0,1,24.0,3,8.0,3,26.0,3,8.666666666666666,3,26.0,3,8.666666666666666,5,30.0,3,10.0,1,30.0,3,10.0,1,28.9998,3,9.6666,3,30.0,3,10.0,1,30.0,3,10.0,1
AJ McLean,Cheryl Burke,Singer/Rapper,Florida,United States,42,29,Eliminated Week 9,7,6.0,6.0,6.0,,7.0,6.0,6.0,,7.0,7.0,7.0,,8.0,8.0,8.0,,8.0,8.0,8.0,,9.0,9.0,9.0,,9.0,8.0,9.0,,9.0,9.0,9.0,,7.6666,8.6666,8.6666,,0.0,0.0,0.0,,0.0,0.0,0.0,,18.0,3,6.0,6,19.0,3,6.333333333333333,5,21.0,3,7.0,7,24.0,3,8.0,3,24.0,3,8.0,5,27.0,3,9.0,1,26.0,3,8.666666666666666,5,27.0,3,9.0,5,24.9998,3,8.333266666666667,6,0.0,3,0.0,7,0.0,3,0.0,5
Nelly,Daniella Karagach,Singer/Rapper,Texas,United States,45,29,3rd Place,3,5.0,5.0,6.0,,6.0,6.0,6.0,,6.0,6.0,6.0,,7.0,7.0,7.0,,8.0,8.0,8.0,,8.0,8.0,8.0,,9.0,9.0,9.0,,8.0,8.0,8.0,,8.0,8.0,8.0,,9.5,9.0,9.5,,9.5,9.5,9.5,,16.0,3,5.333333333333333,12,18.0,3,6.0,6,18.0,3,6.0,11,21.0,3,7.0,10,24.0,3,8.0,5,24.0,3,8.0,7,27.0,3,9.0,2,24.0,3,8.0,8,24.0,3,8.0,7,28.0,3,9.333333333333334,6,28.5,3,9.5,4
Kaitlyn Bristowe,Artem Chigvintsev,TV Personality,,Canada,35,29,1st Place,1,6.0,7.0,7.0,,7.0,8.0,7.0,,8.0,7.0,8.0,,9.0,8.0,8.0,,9.0,9.0,9.0,,9.0,9.0,9.0,,7.0,9.0,8.0,,9.0,10.0,9.0,,10.0,10.0,10.0,,10.0,10.0,10.0,,10.0,10.0,10.0,,20.0,3,6.666666666666667,3,22.0,3,7.333333333333333,1,23.0,3,7.666666666666667,3,25.0,3,8.333333333333334,2,27.0,3,9.0,2,27.0,3,9.0,1,24.0,3,8.0,9,28.0,3,9.333333333333334,4,30.0,3,10.0,1,30.0,3,10.0,1,30.0,3,10.0,1
Carole Baskin,Pasha Pashkov,TV Personality,Texas,United States,59,29,Eliminated Week 3,14,4.0,4.0,3.0,,6.0,5.0,5.0,,5.0,4.0,3.0,,0.0,0.0,0.0,,0.0,0.0,0.0,,0.0,0.0,0.0,,0.0,0.0,0.0,,0.0,0.0,0.0,,0.0,0.0,0.0,,0.0,0.0,0.0,,0.0,0.0,0.0,,11.0,3,3.6666666666666665,15,16.0,3,5.333333333333333,12,12.0,3,4.0,14,0.0,3,0.0,14,0.0,3,0.0,13,0.0,3,0.0,12,0.0,3,0.0,11,0.0,3,0.0,9,0.0,3,0.0,8,0.0,3,0.0,7,0.0,3,0.0,5
Monica Aldama,Valentin Chmerkovskiy,TV Personality,Alabama,United States,48,29,Eliminated Week 7,10,6.0,7.0,6.0,,5.0,6.0,5.0,,7.0,7.0,7.0,,8.0,8.0,8.0,,9.0,9.0,8.0,,9.0,9.0,9.0,,7.0,8.0,7.0,,0.0,0.0,0.0,,0.0,0.0,0.0,,0.0,0.0,0.0,,0.0,0.0,0.0,,19.0,3,6.333333333333333,5,16.0,3,5.333333333333333,12,21.0,3,7.0,7,24.0,3,8.0,3,26.0,3,8.666666666666666,3,27.0,3,9.0,1,22.0,3,7.333333333333333,10,0.0,3,0.0,9,0.0,3,0.0,8,0.0,3,0.0,7,0.0,3,0.0,5
Jeannie Mai,Brandon Armstrong,TV Personality,California,United States,41,29,Withdrew,9,6.0,6.0,6.0,,6.0,6.0,6.0,,7.0,7.0,8.0,,7.0,7.0,7.0,,8.0,8.0,8.0,,8.0,8.0,9.0,,8.0,9.0,8.0,,0.0,0.0,0.0,,0.0,0.0,0.0,,0.0,0.0,0.0,,0.0,0.0,0.0,,18.0,3,6.0,6,18.0,3,6.0,6,22.0,3,7.333333333333333,4,21.0,3,7.0,10,24.0,3,8.0,5,25.0,3,8.333333333333334,6,25.0,3,8.333333333333334,8,0.0,3,0.0,9,0.0,3,0.0,8,0.0,3,0.0,7,0.0,3,0.0,5
Martin Kove,Britt Stewart,Actor/Actress,New York,United States,75,30,Eliminated Week 2,15,4.0,3.0,3.0,3.0,4.0,3.0,4.0,4.0,0.0,0.0,0.0,,0.0,0.0,0.0,0.0,0.0,0.0,0.0,0.0,0.0,0.0,0.0,0.0,0.0,0.0,0.0,0.0,0.0,0.0,0.0,0.0,0.0,0.0,0.0,0.0,0.0,0.0,0.0,0.0,,,,,13.0,4,3.25,15,15.0,4,3.75,15,0.0,3,0.0,15,0.0,4,0.0,14,0.0,4,0.0,12,0.0,4,0.0,11,0.0,4,0.0,10,0.0,4,0.0,9,0.0,4,0.0,7,0.0,4,0.0,5,N/A,N/A,N/A,N/A
Brian Austin Green,Sharna Burgess,Actor/Actress,California,United States,48,30,Eliminated Week 4,13,6.0,6.0,6.0,6.0,6.0,5.0,6.0,6.0,7.0,6.0,6.0,,6.5,6.0,7.0,6.5,0.0,0.0,0.0,0.0,0.0,0.0,0.0,0.0,0.0,0.0,0.0,0.0,0.0,0.0,0.0,0.0,0.0,0.0,0.0,0.0,0.0,0.0,0.0,0.0,,,,,24.0,4,6.0,9,23.0,4,5.75,13,19.0,3,6.333333333333333,12,26.0,4,6.5,13,0.0,4,0.0,12,0.0,4,0.0,11,0.0,4,0.0,10,0.0,4,0.0,9,0.0,4,0.0,7,0.0,4,0.0,5,N/A,N/A,N/A,N/A
Melora Hardin,Artem Chigvintsev,Actor/Actress,Texas,United States,54,30,Eliminated Week 9,6,7.0,6.0,7.0,6.0,7.0,6.0,7.0,7.0,8.0,7.0,8.0,,9.0,9.5,9.0,9.0,9.0,9.0,9.0,9.0,8.0,9.0,8.0,9.0,9.5,9.5,9.5,9.5,10.5,10.5,10.5,10.5,8.5,9.5,9.0,9.0,0.0,0.0,0.0,0.0,,,,,26.0,4,6.5,5,27.0,4,6.75,5,23.0,3,7.666666666666667,4,36.5,4,9.125,1,36.0,4,9.0,3,34.0,4,8.5,8,38.0,4,9.5,3,42.0,4,10.5,1,36.0,4,9.0,5,0.0,4,0.0,5,N/A,N/A,N/A,N/A
Matt James,Lindsay Arnold,Athlete,North Carolina,United States,29,30,Eliminated Week 4,12,6.0,6.0,6.0,6.0,5.0,5.0,6.0,6.0,7.0,6.0,7.0,,7.0,6.5,7.5,7.5,0.0,0.0,0.0,0.0,0.0,0.0,0.0,0.0,0.0,0.0,0.0,0.0,0.0,0.0,0.0,0.0,0.0,0.0,0.0,0.0,0.0,0.0,0.0,0.0,,,,,24.0,4,6.0,9,22.0,4,5.5,14,20.0,3,6.666666666666667,10,28.5,4,7.125,12,0.0,4,0.0,12,0.0,4,0.0,11,0.0,4,0.0,10,0.0,4,0.0,9,0.0,4,0.0,7,0.0,4,0.0,5,N/A,N/A,N/A,N/A
"Mike ""The Miz"" Mizanin",Witney Carson,Athlete,Ohio,United States,40,30,Eliminated Week 7,9,6.0,6.0,6.0,6.0,7.0,5.0,7.0,7.0,7.0,7.0,8.0,,8.5,7.5,8.5,8.0,8.0,8.0,8.0,8.0,9.0,8.0,9.0,8.0,8.0,8.0,8.0,8.0,0.0,0.0,0.0,0.0,0.0,0.0,0.0,0.0,0.0,0.0,0.0,0.0,,,,,24.0,4,6.0,9,26.0,4,6.5,8,22.0,3,7.333333333333333,5,32.5,4,8.125,7,32.0,4,8.0,9,34.0,4,8.5,8,32.0,4,8.0,9,0.0,4,0.0,9,0.0,4,0.0,7,0.0,4,0.0,5,N/A,N/A,N/A,N/A
Suni Lee,Sasha Farber,Athlete,Minnesota,United States,18,30,Eliminated Week 9,5,7.0,7.0,7.0,7.0,7.0,7.0,7.0,7.0,7.0,7.0,7.0,,8.5,8.0,9.0,8.5,9.0,9.0,9.0,9.0,9.0,9.0,9.0,9.0,8.25,8.25,8.25,9.25,10.5,10.5,10.5,10.5,10.0,9.0,9.5,9.0,0.0,0.0,0.0,0.0,,,,,28.0,4,7.0,2,28.0,4,7.0,4,21.0,3,7.0,7,34.0,4,8.5,4,36.0,4,9.0,3,36.0,4,9.0,5,34.0,4,8.5,6,42.0,4,10.5,1,37.5,4,9.375,3,0.0,4,0.0,5,N/A,N/A,N/A,N/A
Iman Shumpert,Daniella Karagach,Athlete,Illinois,United States,31,30,1st Place,1,7.0,4.0,5.0,5.0,7.0,6.0,6.0,6.0,7.0,6.0,6.0,,8.5,6.5,8.5,8.0,7.0,7.0,7.0,7.0,10.0,10.0,10.0,10.0,9.5,7.5,8.5,8.5,9.0,8.0,9.0,9.0,9.5,9.0,10.0,9.0,10.0,10.0,10.0,10.0,,,,,21.0,4,5.25,14,25.0,4,6.25,9,19.0,3,6.333333333333333,12,31.5,4,7.875,9,28.0,4,7.0,11,40.0,4,10.0,1,34.0,4,8.5,6,35.0,4,8.75,7,37.5,4,9.375,3,40.0,4,10.0,1,N/A,N/A,N/A,N/A
Cody Rigsby,Cheryl Burke,Fitness Instructor,California,United States,34,30,3rd Place,3,6.0,6.0,6.0,6.0,6.0,6.0,6.0,6.0,6.0,6.0,6.0,,7.5,6.5,7.5,7.5,8.0,8.0,8.0,8.0,9.0,9.0,9.0,9.0,8.5,8.5,9.5,9.5,10.0,10.0,9.0,9.0,9.0,9.0,8.5,9.0,9.5,9.5,9.5,9.5,,,,,24.0,4,6.0,9,24.0,4,6.0,10,18.0,3,6.0,14,29.0,4,7.25,11,32.0,4,8.0,9,36.0,4,9.0,5,36.0,4,9.0,5,38.0,4,9.5,5,35.5,4,8.875,6,38.0,4,9.5,4,N/A,N/A,N/A,N/A
Melanie C,Gleb Savchenko,Singer/Rapper,,England,47,30,Eliminated Week 5,11,7.0,7.0,6.0,7.0,7.0,7.0,8.0,8.0,7.0,7.0,8.0,,8.0,8.0,8.5,8.5,9.0,9.0,9.0,9.0,0.0,0.0,0.0,0.0,0.0,0.0,0.0,0.0,0.0,0.0,0.0,0.0,0.0,0.0,0.0,0.0,0.0,0.0,0.0,0.0,,,,,27.0,4,6.75,4,30.0,4,7.5,3,22.0,3,7.333333333333333,5,33.0,4,8.25,6,36.0,4,9.0,3,0.0,4,0.0,11,0.0,4,0.0,10,0.0,4,0.0,9,0.0,4,0.0,7,0.0,4,0.0,5,N/A,N/A,N/A,N/A
Jimmie Allen,Emma Slater,Singer/Rapper,Delaware,United States,36,30,Eliminated Week 8,7,6.0,5.0,6.0,5.0,7.0,6.0,7.0,7.0,6.0,6.0,8.0,,8.5,7.5,8.5,8.0,8.0,8.0,9.0,9.0,10.0,9.0,10.0,9.0,9.0,9.0,10.0,10.0,8.0,8.0,8.0,8.0,0.0,0.0,0.0,0.0,0.0,0.0,0.0,0.0,,,,,22.0,4,5.5,13,27.0,4,6.75,5,20.0,3,6.666666666666667,10,32.5,4,8.125,7,34.0,4,8.5,8,38.0,4,9.5,3,38.0,4,9.5,3,32.0,4,8.0,8,0.0,4,0.0,7,0.0,4,0.0,5,N/A,N/A,N/A,N/A
Olivia Jade,Valentin Chmerkovskiy,Social Media Personality,California,United States,21,30,Eliminated Week 8,8,7.0,6.0,6.0,6.0,7.0,6.0,7.0,7.0,8.0,8.0,8.0,,8.0,9.0,9.0,9.0,9.0,9.0,9.0,9.0,9.0,9.0,9.0,9.0,11.0,9.0,11.0,11.0,9.0,9.0,9.0,9.0,0.0,0.0,0.0,0.0,0.0,0.0,0.0,0.0,,,,,25.0,4,6.25,7,27.0,4,6.75,5,24.0,3,8.0,1,35.0,4,8.75,2,36.0,4,9.0,3,36.0,4,9.0,5,42.0,4,10.5,1,36.0,4,9.0,6,0.0,4,0.0,7,0.0,4,0.0,5,N/A,N/A,N/A,N/A
JoJo Siwa,Jenna Johnson,Social Media Personality,Nebraska,United States,18,30,2nd Place,2,8.0,7.0,7.0,7.0,8.0,8.0,7.0,8.0,8.0,8.0,8.0,,8.5,8.5,9.0,9.0,10.0,10.0,10.0,10.0,10.0,10.0,10.0,10.0,10.0,9.0,10.0,10.0,10.5,9.5,10.5,10.5,10.0,10.0,10.0,10.0,10.0,10.0,10.0,10.0,,,,,29.0,4,7.25,1,31.0,4,7.75,2,24.0,3,8.0,1,35.0,4,8.75,2,40.0,4,10.0,1,40.0,4,10.0,1,39.0,4,9.75,2,41.0,4,10.25,4,40.0,4,10.0,1,40.0,4,10.0,1,N/A,N/A,N/A,N/A
Christine Chiu,Pasha Pashkov,TV Personality,,Taiwan China,38,30,Eliminated Week 3,14,6.0,7.0,6.0,6.0,6.0,6.0,6.0,6.0,7.0,7.0,7.0,,0.0,0.0,0.0,0.0,0.0,0.0,0.0,0.0,0.0,0.0,0.0,0.0,0.0,0.0,0.0,0.0,0.0,0.0,0.0,0.0,0.0,0.0,0.0,0.0,0.0,0.0,0.0,0.0,,,,,25.0,4,6.25,7,24.0,4,6.0,10,21.0,3,7.0,7,0.0,4,0.0,14,0.0,4,0.0,12,0.0,4,0.0,11,0.0,4,0.0,10,0.0,4,0.0,9,0.0,4,0.0,7,0.0,4,0.0,5,N/A,N/A,N/A,N/A
Kenya Moore,Brandon Armstrong,TV Personality,Michigan,United States,50,30,Eliminated Week 6,10,7.0,6.0,6.0,7.0,6.0,6.0,6.0,6.0,7.0,7.0,7.0,,7.0,7.0,8.0,7.5,9.0,9.0,9.0,9.0,8.0,8.0,8.0,8.0,0.0,0.0,0.0,0.0,0.0,0.0,0.0,0.0,0.0,0.0,0.0,0.0,0.0,0.0,0.0,0.0,,,,,26.0,4,6.5,5,24.0,4,6.0,10,21.0,3,7.0,7,29.5,4,7.375,10,36.0,4,9.0,3,32.0,4,8.0,10,0.0,4,0.0,10,0.0,4,0.0,9,0.0,4,0.0,7,0.0,4,0.0,5,N/A,N/A,N/A,N/A
Amanda Kloots,Alan Bersten,TV Personality,Ohio,United States,39,30,4th Place,4,7.0,7.0,7.0,7.0,8.0,8.0,8.0,8.0,8.0,8.0,8.0,,8.5,8.5,8.5,8.5,10.0,10.0,9.0,10.0,9.0,9.0,10.0,10.0,8.25,8.25,8.25,9.25,10.5,10.5,10.5,10.5,9.5,10.0,10.0,10.0,9.5,10.0,9.5,10.0,,,,,28.0,4,7.0,2,32.0,4,8.0,1,24.0,3,8.0,1,34.0,4,8.5,4,39.0,4,9.75,2,38.0,4,9.5,3,34.0,4,8.5,6,42.0,4,10.5,1,39.5,4,9.875,2,39.0,4,9.75,3,N/A,N/A,N/A,N/A
Jason Lewis,Peta Murgatroyd,Actor/Actress,California,United States,51,31,Eliminated Week 1,16,5.0,4.0,4.0,5.0,0.0,0.0,0.0,0.0,0.0,0.0,0.0,0.0,0.0,0.0,0.0,0.0,0.0,0.0,0.0,0.0,0.0,0.0,0.0,0.0,0.0,0.0,0.0,0.0,0.0,0.0,0.0,0.0,0.0,0.0,0.0,0.0,0.0,0.0,0.0,0.0,,,,,18.0,4,4.5,15,0.0,4,0.0,16,0.0,4,0.0,15,0.0,4,0.0,14,0.0,4,0.0,13,0.0,4,0.0,11,0.0,4,0.0,10,0.0,4,0.0,9,0.0,4,0.0,7,0.0,4,0.0,5,N/A,N/A,N/A,N/A
Cheryl Ladd,Louis van Amstel,Actor/Actress,South Dakota,United States,71,31,Eliminated Week 3,14,6.0,5.0,5.0,5.0,5.0,6.0,5.0,5.0,6.0,6.0,6.0,6.0,0.0,0.0,0.0,0.0,0.0,0.0,0.0,0.0,0.0,0.0,0.0,0.0,0.0,0.0,0.0,0.0,0.0,0.0,0.0,0.0,0.0,0.0,0.0,0.0,0.0,0.0,0.0,0.0,,,,,21.0,4,5.25,10,21.0,4,5.25,15,24.0,4,6.0,13,0.0,4,0.0,14,0.0,4,0.0,13,0.0,4,0.0,11,0.0,4,0.0,10,0.0,4,0.0,9,0.0,4,0.0,7,0.0,4,0.0,5,N/A,N/A,N/A,N/A
Selma Blair,Sasha Farber,Actor/Actress,Michigan,United States,50,31,Withdrew,12,7.0,7.0,7.0,7.0,7.0,7.0,7.0,7.0,7.0,7.0,7.0,7.0,8.0,8.0,8.0,8.0,10.0,10.0,10.0,10.0,0.0,0.0,0.0,0.0,0.0,0.0,0.0,0.0,0.0,0.0,0.0,0.0,0.0,0.0,0.0,0.0,0.0,0.0,0.0,0.0,,,,,28.0,4,7.0,3,28.0,4,7.0,6,28.0,4,7.0,9,32.0,4,8.0,6,40.0,4,10.0,4,0.0,4,0.0,11,0.0,4,0.0,10,0.0,4,0.0,9,0.0,4,0.0,7,0.0,4,0.0,5,N/A,N/A,N/A,N/A
Joseph Baena,Daniella Karagach,Actor/Actress,California,United States,24,31,Eliminated Week 5,11,6.0,5.0,6.0,6.0,6.0,6.0,6.0,6.0,8.0,7.0,7.0,7.0,7.0,7.0,7.0,7.0,9.0,8.5,9.0,8.5,0.0,0.0,0.0,0.0,0.0,0.0,0.0,0.0,0.0,0.0,0.0,0.0,0.0,0.0,0.0,0.0,0.0,0.0,0.0,0.0,,,,,23.0,4,5.75,9,24.0,4,6.0,13,29.0,4,7.25,7,28.0,4,7.0,11,35.0,4,8.75,10,0.0,4,0.0,11,0.0,4,0.0,10,0.0,4,0.0,9,0.0,4,0.0,7,0.0,4,0.0,5,N/A,N/A,N/A,N/A
Trevor Donovan,Emma Slater,Actor/Actress,California,United States,39,31,Eliminated Week 9,6,5.0,5.0,5.0,6.0,7.0,7.0,8.0,8.0,7.0,6.0,7.0,7.0,7.0,7.0,7.0,7.0,9.0,9.0,9.0,9.0,9.0,8.0,8.0,9.0,10.0,9.0,10.0,10.0,9.25,10.25,9.25,10.25,8.5,8.0,8.0,8.0,0.0,0.0,0.0,0.0,,,,,21.0,4,5.25,10,30.0,4,7.5,4,27.0,4,6.75,10,28.0,4,7.0,11,36.0,4,9.0,7,34.0,4,8.5,5,39.0,4,9.75,1,39.0,4,9.75,5,32.5,4,8.125,6,0.0,4,0.0,5,N/A,N/A,N/A,N/A
Daniel Durant,Britt Stewart,Actor/Actress,Michigan,United States,32,31,Eliminated Week 9,5,7.0,6.0,7.0,7.0,7.0,7.0,7.0,8.0,8.0,7.0,8.0,8.0,7.0,7.0,7.0,8.0,8.125,8.125,8.625,8.625,9.0,8.0,8.0,9.0,9.0,8.5,9.5,9.5,10.0,9.0,10.0,10.0,9.0,8.0,9.0,8.5,0.0,0.0,0.0,0.0,,,,,27.0,4,6.75,6,29.0,4,7.25,5,31.0,4,7.75,5,29.0,4,7.25,9,33.5,4,8.375,11,34.0,4,8.5,5,36.5,4,9.125,4,39.0,4,9.75,5,34.5,4,8.625,5,0.0,4,0.0,5,N/A,N/A,N/A,N/A
Wayne Brady,Witney Carson,Comedian,Georgia,United States,50,31,3rd Place,3,7.0,7.0,7.0,8.0,8.0,8.0,8.0,8.0,8.0,8.0,8.0,9.0,9.0,9.0,9.0,9.0,10.125,10.125,10.125,10.625,8.0,9.0,8.0,9.0,9.5,9.0,9.5,10.0,11.25,11.25,11.25,11.25,9.5,9.0,9.0,9.0,9.5,9.5,9.5,9.5,,,,,29.0,4,7.25,2,32.0,4,8.0,1,33.0,4,8.25,1,36.0,4,9.0,1,41.0,4,10.25,2,34.0,4,8.5,5,38.0,4,9.5,3,45.0,4,11.25,1,36.5,4,9.125,3,38.0,4,9.5,3,N/A,N/A,N/A,N/A
Sam Champion,Cheryl Burke,News Anchor,Kentucky,United States,61,31,Eliminated Week 4,13,5.0,5.0,5.0,5.0,6.0,6.0,7.0,7.0,6.0,6.0,6.0,7.0,7.0,6.0,6.0,6.0,0.0,0.0,0.0,0.0,0.0,0.0,0.0,0.0,0.0,0.0,0.0,0.0,0.0,0.0,0.0,0.0,0.0,0.0,0.0,0.0,0.0,0.0,0.0,0.0,,,,,20.0,4,5.0,12,26.0,4,6.5,11,25.0,4,6.25,12,25.0,4,6.25,13,0.0,4,0.0,13,0.0,4,0.0,11,0.0,4,0.0,10,0.0,4,0.0,9,0.0,4,0.0,7,0.0,4,0.0,5,N/A,N/A,N/A,N/A
Jessie James Decker,Alan Bersten,Singer/Rapper,,Italy,34,31,Eliminated Week 6,10,5.0,5.0,5.0,5.0,7.0,6.0,6.0,6.0,6.0,6.0,7.0,7.0,8.0,7.0,8.0,8.0,8.875,8.875,9.375,8.875,8.0,8.0,8.0,8.0,0.0,0.0,0.0,0.0,0.0,0.0,0.0,0.0,0.0,0.0,0.0,0.0,0.0,0.0,0.0,0.0,,,,,20.0,4,5.0,12,25.0,4,6.25,12,26.0,4,6.5,11,31.0,4,7.75,8,36.0,4,9.0,7,32.0,4,8.0,9,0.0,4,0.0,10,0.0,4,0.0,9,0.0,4,0.0,7,0.0,4,0.0,5,N/A,N/A,N/A,N/A
Jordin Sparks,Brandon Armstrong,Singer/Rapper,Arizona,United States,32,31,Eliminated Week 7,9,7.0,6.0,6.0,7.0,7.0,6.0,7.0,7.0,7.0,7.0,7.0,8.0,9.0,8.0,8.0,9.0,8.875,8.375,8.875,9.375,9.0,8.0,8.0,9.0,8.5,9.0,8.5,8.5,0.0,0.0,0.0,0.0,0.0,0.0,0.0,0.0,0.0,0.0,0.0,0.0,,,,,26.0,4,6.5,7,27.0,4,6.75,9,29.0,4,7.25,7,34.0,4,8.5,4,35.5,4,8.875,9,34.0,4,8.5,5,34.5,4,8.625,8,0.0,4,0.0,9,0.0,4,0.0,7,0.0,4,0.0,5,N/A,N/A,N/A,N/A
Heidi D'Amelio,Artem Chigvintsev,Social Media Personality,Louisiana,United States,50,31,Eliminated Week 8,8,6.0,6.0,6.0,6.0,7.0,7.0,7.0,7.0,8.0,8.0,8.0,8.0,9.0,8.0,8.0,9.0,9.625,10.125,9.625,9.625,9.0,9.0,9.0,9.0,8.5,9.0,9.0,8.5,9.0,8.0,9.0,9.0,0.0,0.0,0.0,0.0,0.0,0.0,0.0,0.0,,,,,24.0,4,6.0,8,28.0,4,7.0,6,32.0,4,8.0,4,34.0,4,8.5,4,39.0,4,9.75,5,36.0,4,9.0,3,35.0,4,8.75,7,35.0,4,8.75,7,0.0,4,0.0,7,0.0,4,0.0,5,N/A,N/A,N/A,N/A
Charli D'Amelio,Mark Ballas,Social Media Personality,Connecticut,United States,18,31,1st Place,1,8.0,8.0,8.0,8.0,8.0,8.0,8.0,8.0,8.0,8.0,8.0,9.0,9.0,9.0,9.0,9.0,10.375,10.375,10.375,10.875,10.0,10.0,10.0,10.0,9.5,9.5,10.0,10.0,11.25,11.25,11.25,11.25,10.0,10.0,10.0,10.0,10.0,10.0,10.0,10.0,,,,,32.0,4,8.0,1,32.0,4,8.0,1,33.0,4,8.25,1,36.0,4,9.0,1,42.0,4,10.5,1,40.0,4,10.0,1,39.0,4,9.75,1,45.0,4,11.25,1,40.0,4,10.0,1,40.0,4,10.0,1,N/A,N/A,N/A,N/A
Teresa Giudice,Pasha Pashkov,TV Personality,New Jersey,United States,50,31,Eliminated Week 2,15,5.0,5.0,5.0,5.0,6.0,5.0,6.0,6.0,0.0,0.0,0.0,0.0,0.0,0.0,0.0,0.0,0.0,0.0,0.0,0.0,0.0,0.0,0.0,0.0,0.0,0.0,0.0,0.0,0.0,0.0,0.0,0.0,0.0,0.0,0.0,0.0,0.0,0.0,0.0,0.0,,,,,20.0,4,5.0,12,23.0,4,5.75,14,0.0,4,0.0,15,0.0,4,0.0,14,0.0,4,0.0,13,0.0,4,0.0,11,0.0,4,0.0,10,0.0,4,0.0,9,0.0,4,0.0,7,0.0,4,0.0,5,N/A,N/A,N/A,N/A
Vinny Guadagnino,Koko Iwasaki,TV Personality,New York,United States,34,31,Eliminated Week 8,7,4.0,4.0,5.0,4.0,7.0,6.0,7.0,7.0,6.0,5.0,6.0,6.0,8.0,7.0,7.0,7.0,7.75,7.75,7.75,7.75,7.0,7.0,7.0,7.0,7.5,8.0,8.0,8.0,8.0,7.0,7.0,7.0,0.0,0.0,0.0,0.0,0.0,0.0,0.0,0.0,,,,,17.0,4,4.25,16,27.0,4,6.75,9,23.0,4,5.75,14,29.0,4,7.25,9,31.0,4,7.75,12,28.0,4,7.0,10,31.5,4,7.875,9,29.0,4,7.25,8,0.0,4,0.0,7,0.0,4,0.0,5,N/A,N/A,N/A,N/A
Shangela,Gleb Savchenko,TV Personality,Texas,United States,40,31,4th Place,4,7.0,7.0,7.0,7.0,7.0,7.0,7.0,7.0,8.0,7.0,7.0,8.0,8.0,8.0,8.0,8.0,9.75,9.25,9.75,9.75,9.0,9.0,9.0,9.0,9.0,9.5,9.0,9.0,11.25,10.25,10.25,10.25,9.5,9.0,9.0,9.0,9.5,9.5,9.5,9.5,,,,,28.0,4,7.0,3,28.0,4,7.0,6,30.0,4,7.5,6,32.0,4,8.0,6,38.5,4,9.625,6,36.0,4,9.0,3,36.5,4,9.125,4,42.0,4,10.5,3,36.5,4,9.125,3,38.0,4,9.5,3,N/A,N/A,N/A,N/A
Gabby Windey,Valentin Chmerkovskiy,TV Personality,Illinois,United States,31,31,2nd Place,2,7.0,7.0,7.0,7.0,8.0,8.0,8.0,8.0,8.0,8.0,8.0,9.0,9.0,9.0,9.0,9.0,10.25,10.25,10.25,10.25,9.0,9.0,9.0,10.0,9.0,9.0,8.5,9.0,10.0,10.0,10.0,10.0,10.0,10.0,10.0,10.0,10.0,10.0,10.0,10.0,,,,,28.0,4,7.0,3,32.0,4,8.0,1,33.0,4,8.25,1,36.0,4,9.0,1,41.0,4,10.25,2,37.0,4,9.25,2,35.5,4,8.875,6,40.0,4,10.0,4,40.0,4,10.0,1,40.0,4,10.0,1,N/A,N/A,N/A,N/A
Jamie Lynn Spears,Alan Bersten,Actor/Actress,Mississippi,United States,32,32,Eliminated Week 2,13,5.0,5.0,5.0,,6.0,5.0,5.0,,0.0,0.0,0.0,0.0,0.0,0.0,0.0,,0.0,0.0,0.0,,0.0,0.0,0.0,0.0,0.0,0.0,0.0,0.0,0.0,0.0,0.0,0.0,0.0,0.0,0.0,0.0,0.0,0.0,0.0,,0.0,0.0,0.0,,15.0,3,5.0,9,16.0,3,5.333333333333333,9,0.0,4,0.0,13,0.0,3,0.0,12,0.0,3,0.0,11,0.0,4,0.0,10,0.0,4,0.0,9,0.0,4,0.0,8,0.0,4,0.0,7,0.0,3,0.0,6,0.0,3,0.0,6
Mira Sorvino,Gleb Savchenko,Actor/Actress,New York,United States,55,32,Eliminated Week 5,10,6.0,5.0,6.0,,6.0,6.0,6.0,,6.0,6.0,7.0,7.0,7.0,7.0,7.0,,7.0,8.0,7.0,,0.0,0.0,0.0,0.0,0.0,0.0,0.0,0.0,0.0,0.0,0.0,0.0,0.0,0.0,0.0,0.0,0.0,0.0,0.0,,0.0,0.0,0.0,,17.0,3,5.666666666666667,7,18.0,3,6.0,7,26.0,4,6.5,6,21.0,3,7.0,6,22.0,3,7.333333333333333,8,0.0,4,0.0,10,0.0,4,0.0,9,0.0,4,0.0,8,0.0,4,0.0,7,0.0,3,0.0,6,0.0,3,0.0,6
Barry Williams,Peta Murgatroyd,Actor/Actress,California,United States,68,32,Eliminated Week 8,7,6.0,5.0,5.0,,5.0,5.0,5.0,,6.0,6.0,7.0,6.0,6.0,6.0,6.0,,8.0,8.0,8.0,,8.25,7.25,8.25,8.25,8.0,8.0,8.5,8.0,8.75,8.75,8.75,8.75,0.0,0.0,0.0,0.0,0.0,0.0,0.0,,0.0,0.0,0.0,,16.0,3,5.333333333333333,8,15.0,3,5.0,10,25.0,4,6.25,7,18.0,3,6.0,10,24.0,3,8.0,4,32.0,4,8.0,7,32.5,4,8.125,7,35.0,4,8.75,5,0.0,4,0.0,7,0.0,3,0.0,6,0.0,3,0.0,6
Alyson Hannigan,Sasha Farber,Actor/Actress,Washington D.C.,United States,49,32,5th Place,5,5.0,4.0,4.0,,7.0,6.0,6.0,,6.0,6.0,6.0,6.0,6.0,6.0,6.0,,7.0,7.0,7.0,,7.5,7.5,7.5,8.5,8.5,8.5,9.5,8.5,8.75,8.75,9.75,8.75,7.75,7.75,8.75,7.75,8.5,8.5,8.5,,9.0,8.5,9.0,,13.0,3,4.333333333333333,11,19.0,3,6.333333333333333,6,24.0,4,6.0,8,18.0,3,6.0,10,21.0,3,7.0,9,31.0,4,7.75,8,35.0,4,8.75,6,36.0,4,9.0,4,32.0,4,8.0,5,25.5,3,8.5,5,26.5,3,8.833333333333334,5
Xochitl Gomez,Valentin Chmerkovskiy,Actor/Actress,California,United States,17,32,1st Place,1,6.0,6.0,6.0,,8.0,8.0,8.0,,8.0,8.0,8.0,8.0,9.0,9.0,9.0,,9.0,10.0,9.0,,10.25,10.25,11.25,10.25,9.5,9.0,9.5,9.0,10.0,10.0,10.0,10.0,9.75,9.75,10.75,10.75,10.0,10.0,10.0,,10.0,10.0,10.0,,18.0,3,6.0,5,24.0,3,8.0,1,32.0,4,8.0,3,27.0,3,9.0,1,28.0,3,9.333333333333334,1,42.0,4,10.5,1,37.0,4,9.25,1,40.0,4,10.0,2,41.0,4,10.25,2,30.0,3,10.0,1,30.0,3,10.0,1
Adrian Peterson,Britt Stewart,Athlete,Texas,United States,38,32,Eliminated Week 4,11,6.0,6.0,6.0,,5.0,5.0,5.0,,5.0,5.0,6.0,6.0,7.0,7.0,7.0,,0.0,0.0,0.0,,0.0,0.0,0.0,0.0,0.0,0.0,0.0,0.0,0.0,0.0,0.0,0.0,0.0,0.0,0.0,0.0,0.0,0.0,0.0,,0.0,0.0,0.0,,18.0,3,6.0,5,15.0,3,5.0,10,22.0,4,5.5,11,21.0,3,7.0,6,0.0,3,0.0,11,0.0,4,0.0,10,0.0,4,0.0,9,0.0,4,0.0,8,0.0,4,0.0,7,0.0,3,0.0,6,0.0,3,0.0,6
Matt Walsh,Koko Iwasaki,Comedian,Illinois,United States,58,32,Eliminated Week 1,14,4.0,4.0,4.0,,0.0,0.0,0.0,,0.0,0.0,0.0,0.0,0.0,0.0,0.0,,0.0,0.0,0.0,,0.0,0.0,0.0,0.0,0.0,0.0,0.0,0.0,0.0,0.0,0.0,0.0,0.0,0.0,0.0,0.0,0.0,0.0,0.0,,0.0,0.0,0.0,,12.0,3,4.0,12,0.0,3,0.0,14,0.0,4,0.0,13,0.0,3,0.0,12,0.0,3,0.0,11,0.0,4,0.0,10,0.0,4,0.0,9,0.0,4,0.0,8,0.0,4,0.0,7,0.0,3,0.0,6,0.0,3,0.0,6
Tyson Beckford,Jenna Johnson,Model,New York,United States,52,32,Eliminated Week 3,12,4.0,4.0,4.0,,6.0,6.0,6.0,,5.0,5.0,5.0,5.0,0.0,0.0,0.0,,0.0,0.0,0.0,,0.0,0.0,0.0,0.0,0.0,0.0,0.0,0.0,0.0,0.0,0.0,0.0,0.0,0.0,0.0,0.0,0.0,0.0,0.0,,0.0,0.0,0.0,,12.0,3,4.0,12,18.0,3,6.0,7,20.0,4,5.0,12,0.0,3,0.0,12,0.0,3,0.0,11,0.0,4,0.0,10,0.0,4,0.0,9,0.0,4,0.0,8,0.0,4,0.0,7,0.0,3,0.0,6,0.0,3,0.0,6
Jason Mraz,Daniella Karagach,Singer/Rapper,Virginia,United States,46,32,2nd Place,2,7.0,7.0,7.0,,8.0,8.0,8.0,,9.0,8.0,9.0,8.0,8.0,8.0,8.0,,9.0,9.0,9.0,,9.75,9.75,9.75,9.75,8.5,8.5,10.0,9.0,8.0,9.0,8.0,8.0,10.75,10.75,10.75,10.75,9.5,9.5,9.5,,10.0,10.0,10.0,,21.0,3,7.0,2,24.0,3,8.0,1,34.0,4,8.5,1,24.0,3,8.0,3,27.0,3,9.0,3,39.0,4,9.75,3,36.0,4,9.0,4,33.0,4,8.25,6,43.0,4,10.75,1,28.5,3,9.5,4,30.0,3,10.0,1
Lele Pons,Brandon Armstrong,Social Media Personality,,Venezuela,27,32,Eliminated Week 7,8,6.0,7.0,6.0,,7.0,7.0,7.0,,7.0,6.0,7.0,7.0,7.0,7.0,8.0,,8.0,8.0,8.0,,9.0,9.0,9.0,10.0,9.5,9.0,9.0,9.0,0.0,0.0,0.0,0.0,0.0,0.0,0.0,0.0,0.0,0.0,0.0,,0.0,0.0,0.0,,19.0,3,6.333333333333333,4,21.0,3,7.0,3,27.0,4,6.75,5,22.0,3,7.333333333333333,5,24.0,3,8.0,4,37.0,4,9.25,5,36.5,4,9.125,3,0.0,4,0.0,8,0.0,4,0.0,7,0.0,3,0.0,6,0.0,3,0.0,6
Harry Jowsey,Rylee Arnold,TV Personality,,Australia,26,32,Eliminated Week 9,6,4.0,4.0,4.0,,5.0,5.0,5.0,,6.0,5.0,7.0,6.0,7.0,7.0,7.0,,6.0,6.0,6.0,,7.25,7.25,7.25,7.25,8.0,8.0,8.0,8.0,7.0,7.0,7.0,7.0,8.0,7.0,8.0,7.0,0.0,0.0,0.0,,0.0,0.0,0.0,,12.0,3,4.0,12,15.0,3,5.0,10,24.0,4,6.0,8,21.0,3,7.0,6,18.0,3,6.0,10,29.0,4,7.25,9,32.0,4,8.0,8,28.0,4,7.0,7,30.0,4,7.5,6,0.0,3,0.0,6,0.0,3,0.0,6
Mauricio Umansky,Emma Slater,TV Personality,,Mexico,53,32,Eliminated Week 6,9,5.0,5.0,5.0,,4.0,4.0,4.0,,7.0,5.0,6.0,5.0,7.0,6.0,6.0,,8.0,8.0,8.0,,8.5,8.5,7.5,8.5,0.0,0.0,0.0,0.0,0.0,0.0,0.0,0.0,0.0,0.0,0.0,0.0,0.0,0.0,0.0,,0.0,0.0,0.0,,15.0,3,5.0,9,12.0,3,4.0,13,23.0,4,5.75,10,19.0,3,6.333333333333333,9,24.0,3,8.0,4,33.0,4,8.25,6,0.0,4,0.0,9,0.0,4,0.0,8,0.0,4,0.0,7,0.0,3,0.0,6,0.0,3,0.0,6
Charity Lawson,Artem Chigvintsev,TV Personality,Georgia,United States,27,32,4th Place,4,7.0,7.0,8.0,,7.0,7.0,7.0,,8.0,8.0,8.0,8.0,8.0,8.0,8.0,,10.0,9.0,9.0,,9.75,9.75,8.75,9.75,9.0,9.0,9.0,9.0,9.75,9.75,9.75,9.75,9.0,10.0,9.0,10.0,10.0,9.5,10.0,,9.5,10.0,10.0,,22.0,3,7.333333333333333,1,21.0,3,7.0,3,32.0,4,8.0,3,24.0,3,8.0,3,28.0,3,9.333333333333334,1,38.0,4,9.5,4,36.0,4,9.0,4,39.0,4,9.75,3,38.0,4,9.5,3,29.5,3,9.833333333333334,2,29.5,3,9.833333333333334,3
Ariana Madix,Pasha Pashkov,TV Personality,Florida,United States,38,32,3rd Place,3,7.0,7.0,7.0,,6.0,7.0,7.0,,9.0,8.0,9.0,8.0,8.0,9.0,8.0,,8.0,8.0,8.0,,10.0,10.0,10.0,11.0,9.0,9.0,10.0,9.0,9.75,10.75,10.75,10.75,9.0,9.0,9.0,10.0,9.5,9.5,10.0,,9.5,10.0,10.0,,21.0,3,7.0,2,20.0,3,6.666666666666667,5,34.0,4,8.5,1,25.0,3,8.333333333333334,2,24.0,3,8.0,4,41.0,4,10.25,2,37.0,4,9.25,1,42.0,4,10.5,1,37.0,4,9.25,4,29.0,3,9.666666666666666,3,29.5,3,9.833333333333334,3
Tori Spelling,Pasha Pashkov,Actor/Actress,California,United States,51,33,Eliminated Week 2,12,6.0,6.0,5.0,,7.0,6.0,6.0,,0.0,0.0,0.0,0.0,0.0,0.0,0.0,0.0,0.0,0.0,0.0,,0.0,0.0,0.0,,0.0,0.0,0.0,,0.0,0.0,0.0,,0.0,0.0,0.0,,,,,,,,,,17.0,3,5.666666666666667,11,19.0,3,6.333333333333333,9,0.0,4,0.0,12,0.0,4,0.0,10,0.0,3,0.0,9,0.0,3,0.0,8,0.0,3,0.0,7,0.0,3,0.0,6,0.0,3,0.0,6,N/A,N/A,N/A,N/A,N/A,N/A,N/A,N/A
Eric Roberts,Britt Stewart,Actor/Actress,California,United States,68,33,Eliminated Week 3,10,5.0,5.0,5.0,,6.0,4.0,5.0,,6.5,5.5,5.5,5.5,0.0,0.0,0.0,0.0,0.0,0.0,0.0,,0.0,0.0,0.0,,0.0,0.0,0.0,,0.0,0.0,0.0,,0.0,0.0,0.0,,,,,,,,,,15.0,3,5.0,13,15.0,3,5.0,12,23.0,4,5.75,10,0.0,4,0.0,10,0.0,3,0.0,9,0.0,3,0.0,8,0.0,3,0.0,7,0.0,3,0.0,6,0.0,3,0.0,6,N/A,N/A,N/A,N/A,N/A,N/A,N/A,N/A
Reginald VelJohnson,Emma Slater,Actor/Actress,New York,United States,74,33,Eliminated Week 3,10,6.0,5.0,5.0,,6.0,4.0,5.0,,6.0,5.0,5.0,5.0,0.0,0.0,0.0,0.0,0.0,0.0,0.0,,0.0,0.0,0.0,,0.0,0.0,0.0,,0.0,0.0,0.0,,0.0,0.0,0.0,,,,,,,,,,16.0,3,5.333333333333333,12,15.0,3,5.0,12,21.0,4,5.25,11,0.0,4,0.0,10,0.0,3,0.0,9,0.0,3,0.0,8,0.0,3,0.0,7,0.0,3,0.0,6,0.0,3,0.0,6,N/A,N/A,N/A,N/A,N/A,N/A,N/A,N/A
Chandler Kinney,Brandon Armstrong,Actor/Actress,California,United States,24,33,3rd Place,3,8.0,7.0,8.0,,8.0,8.0,8.0,,8.5,8.5,9.0,8.5,8.0,8.0,8.0,8.0,9.0,9.0,9.0,,10.0,11.0,11.0,,10.0,10.0,10.0,,9.5,9.5,10.0,,10.0,10.0,10.0,,,,,,,,,,23.0,3,7.666666666666667,1,24.0,3,8.0,1,34.5,4,8.625,2,32.0,4,8.0,4,27.0,3,9.0,1,32.0,3,10.666666666666666,1,30.0,3,10.0,1,29.0,3,9.666666666666666,1,30.0,3,10.0,1,N/A,N/A,N/A,N/A,N/A,N/A,N/A,N/A
Dwight Howard ,Daniella Karagach,Athlete,Georgia,United States,38,33,Eliminated Week 7,6,8.0,7.0,7.0,,8.0,7.0,7.0,,7.0,6.5,6.0,6.5,7.0,8.0,7.0,7.0,8.0,8.0,8.0,,11.0,10.0,10.0,,8.0,8.0,8.0,,0.0,0.0,0.0,,0.0,0.0,0.0,,,,,,,,,,22.0,3,7.333333333333333,2,22.0,3,7.333333333333333,2,26.0,4,6.5,9,29.0,4,7.25,9,24.0,3,8.0,6,31.0,3,10.333333333333334,3,24.0,3,8.0,6,0.0,3,0.0,6,0.0,3,0.0,6,N/A,N/A,N/A,N/A,N/A,N/A,N/A,N/A
Danny Amendola,Witney Carson,Athlete,Texas,United States,39,33,5th Place,5,7.0,6.0,7.0,,7.0,7.0,7.0,,7.5,7.5,8.0,7.0,9.0,9.0,9.0,9.0,8.5,8.5,8.5,,10.0,9.0,9.0,,8.5,8.5,8.5,,9.0,9.0,9.0,,9.0,9.5,9.5,,,,,,,,,,20.0,3,6.666666666666667,5,21.0,3,7.0,5,30.0,4,7.5,6,36.0,4,9.0,1,25.5,3,8.5,4,28.0,3,9.333333333333334,5,25.5,3,8.5,5,27.0,3,9.0,4,28.0,3,9.333333333333334,5,N/A,N/A,N/A,N/A,N/A,N/A,N/A,N/A
Stephen Nedoroscik,Rylee Arnold,Athlete,Florida,United States,26,33,4th Place,4,7.0,7.0,7.0,,8.0,7.0,7.0,,8.0,8.0,7.5,7.5,8.0,9.0,8.0,8.0,8.0,8.0,8.0,,10.0,9.0,9.0,,9.5,9.0,8.5,,9.0,8.5,9.0,,10.0,9.5,10.0,,,,,,,,,,21.0,3,7.0,3,22.0,3,7.333333333333333,2,31.0,4,7.75,3,33.0,4,8.25,3,24.0,3,8.0,6,28.0,3,9.333333333333334,5,27.0,3,9.0,3,26.5,3,8.833333333333334,5,29.5,3,9.833333333333334,2,N/A,N/A,N/A,N/A,N/A,N/A,N/A,N/A
Ilona Maher,Alan Bersten,Athlete,California,United States,28,33,2nd Place,2,6.0,6.0,6.0,,7.0,7.0,7.0,,7.5,7.0,7.0,6.5,8.0,8.0,8.0,8.0,9.0,8.5,8.5,,8.0,8.0,8.0,,9.0,8.5,8.5,,9.5,9.5,9.5,,9.5,9.5,9.5,,,,,,,,,,18.0,3,6.0,8,21.0,3,7.0,5,28.0,4,7.0,7,32.0,4,8.0,4,26.0,3,8.666666666666666,2,24.0,3,8.0,7,26.0,3,8.666666666666666,4,28.5,3,9.5,3,28.5,3,9.5,4,N/A,N/A,N/A,N/A,N/A,N/A,N/A,N/A
Anna Delvey,Ezra Sosa,Con artist,,Russia,33,33,Eliminated Week 2,12,6.0,6.0,6.0,,6.0,5.0,6.0,,0.0,0.0,0.0,0.0,0.0,0.0,0.0,0.0,0.0,0.0,0.0,,0.0,0.0,0.0,,0.0,0.0,0.0,,0.0,0.0,0.0,,0.0,0.0,0.0,,,,,,,,,,18.0,3,6.0,8,17.0,3,5.666666666666667,11,0.0,4,0.0,12,0.0,4,0.0,10,0.0,3,0.0,9,0.0,3,0.0,8,0.0,3,0.0,7,0.0,3,0.0,6,0.0,3,0.0,6,N/A,N/A,N/A,N/A,N/A,N/A,N/A,N/A
Brooks Nader,Gleb Savchenko,Model,New York,United States,27,33,Eliminated Week 4,9,6.0,6.0,6.0,,7.0,6.0,7.0,,7.5,7.5,8.0,7.5,8.0,8.0,8.0,8.0,0.0,0.0,0.0,,0.0,0.0,0.0,,0.0,0.0,0.0,,0.0,0.0,0.0,,0.0,0.0,0.0,,,,,,,,,,18.0,3,6.0,8,20.0,3,6.666666666666667,8,30.5,4,7.625,5,32.0,4,8.0,4,0.0,3,0.0,9,0.0,3,0.0,8,0.0,3,0.0,7,0.0,3,0.0,6,0.0,3,0.0,6,N/A,N/A,N/A,N/A,N/A,N/A,N/A,N/A
Phaedra Parks,Val Chmerkovskiy,TV Personality,Georgia,United States,51,33,Eliminated Week 5,8,7.0,6.0,6.0,,7.0,7.0,7.0,,7.5,7.5,6.0,7.0,8.0,8.0,8.0,8.0,8.0,8.0,8.0,,0.0,0.0,0.0,,0.0,0.0,0.0,,0.0,0.0,0.0,,0.0,0.0,0.0,,,,,,,,,,19.0,3,6.333333333333333,6,21.0,3,7.0,5,28.0,4,7.0,7,32.0,4,8.0,4,24.0,3,8.0,6,0.0,3,0.0,8,0.0,3,0.0,7,0.0,3,0.0,6,0.0,3,0.0,6,N/A,N/A,N/A,N/A,N/A,N/A,N/A,N/A
Jenn Tran,Sasha Farber,TV Personality,Florida,United States,26,33,Eliminated Week 6,7,7.0,6.0,6.0,,6.0,6.0,7.0,,8.0,8.0,7.0,8.0,8.0,8.0,8.0,8.0,8.5,8.5,8.5,,11.0,10.0,10.0,,0.0,0.0,0.0,,0.0,0.0,0.0,,0.0,0.0,0.0,,,,,,,,,,19.0,3,6.333333333333333,6,19.0,3,6.333333333333333,9,31.0,4,7.75,3,32.0,4,8.0,4,25.5,3,8.5,4,31.0,3,10.333333333333334,3,0.0,3,0.0,7,0.0,3,0.0,6,0.0,3,0.0,6,N/A,N/A,N/A,N/A,N/A,N/A,N/A,N/A
Joey Graziadei,Jenna Johnson,TV Personality,Louisiana,United States,29,33,1st Place,1,7.0,7.0,7.0,,8.0,7.0,7.0,,9.0,9.0,8.5,8.5,9.0,9.0,9.0,9.0,8.5,8.5,9.0,,11.0,10.0,11.0,,9.0,9.5,9.0,,9.5,10.0,9.5,,9.5,10.0,10.0,,,,,,,,,,21.0,3,7.0,3,22.0,3,7.333333333333333,2,35.0,4,8.75,1,36.0,4,9.0,1,26.0,3,8.666666666666666,2,32.0,3,10.666666666666666,1,27.5,3,9.166666666666666,2,29.0,3,9.666666666666666,1,29.5,3,9.833333333333334,2,N/A,N/A,N/A,N/A,N/A,N/A,N/A,N/A
Corey Feldman,Jenna Johnson,Actor/Actress,California,United States,54,34,Eliminated Week 2,13,4.0,5.0,,,5.0,5.0,5.0,,0.0,0.0,0.0,,0.0,0.0,0.0,,0.0,0.0,0.0,0.0,0.0,0.0,0.0,0.0,0.0,0.0,0.0,0.0,0.0,0.0,0.0,0.0,0.0,0.0,0.0,0.0,0.0,0.0,0.0,,0.0,0.0,0.0,,9.0,2,4.5,13,15.0,3,5.0,14,0.0,3,0.0,13,0.0,3,0.0,12,0.0,4,0.0,11,0.0,4,0.0,11,0.0,4,0.0,10,0.0,4,0.0,9,0.0,4,0.0,8,0.0,3,0.0,7,0.0,3,0.0,6
Danielle Fishel,Pasha Pashkov,Actor/Actress,California,United States,44,34,Eliminated Week 8,8,6.0,6.0,,,7.0,6.0,6.0,,7.0,7.0,7.0,,7.0,7.0,7.0,,7.0,7.0,7.0,8.0,9.0,9.0,9.0,9.0,8.5,8.5,8.5,9.5,9.5,9.0,9.5,9.0,0.0,0.0,0.0,0.0,0.0,0.0,0.0,,0.0,0.0,0.0,,12.0,2,6.0,6,19.0,3,6.333333333333333,10,21.0,3,7.0,8,21.0,3,7.0,9,29.0,4,7.25,8,36.0,4,9.0,3,35.0,4,8.75,6,37.0,4,9.25,7,0.0,4,0.0,8,0.0,3,0.0,7,0.0,3,0.0,6
Elaine Hendrix,Alan Bersten (Rashad Jennings week 9),Actor/Actress,Georgia,United States,55,34,5th Place,5,6.0,6.0,,,7.0,7.0,7.0,,7.0,7.0,7.0,,8.0,8.0,8.0,,8.0,7.0,7.0,8.0,9.0,9.0,9.0,9.0,8.0,8.0,8.0,8.0,9.0,9.5,10.0,9.0,9.0,9.0,9.0,9.0,9.5,9.5,9.5,,9.6666,9.6666,9.6666,,12.0,2,6.0,6,21.0,3,7.0,5,21.0,3,7.0,8,24.0,3,8.0,2,30.0,4,7.5,6,36.0,4,9.0,3,32.0,4,8.0,8,37.5,4,9.375,6,36.0,4,9.0,6,28.5,3,9.5,4,28.9998,3,9.6666,5
Baron Davis,Britt Stewart,Athlete,California,United States,46,34,Eliminated Week 2,13,5.0,5.0,,,6.0,6.0,6.0,,0.0,0.0,0.0,,0.0,0.0,0.0,,0.0,0.0,0.0,0.0,0.0,0.0,0.0,0.0,0.0,0.0,0.0,0.0,0.0,0.0,0.0,0.0,0.0,0.0,0.0,0.0,0.0,0.0,0.0,,0.0,0.0,0.0,,10.0,2,5.0,9,18.0,3,6.0,11,0.0,3,0.0,13,0.0,3,0.0,12,0.0,4,0.0,11,0.0,4,0.0,11,0.0,4,0.0,10,0.0,4,0.0,9,0.0,4,0.0,8,0.0,3,0.0,7,0.0,3,0.0,6
Jordan Chiles,Ezra Sosa (Apolo Anton Ohno week 9),Athlete,Texas,United States,24,34,3rd Place,3,5.0,5.0,,,8.0,7.0,7.0,,8.0,8.0,8.0,,8.0,8.0,8.0,,8.0,8.0,8.0,8.0,10.0,9.0,10.0,10.0,10.0,9.0,9.0,10.0,10.0,9.5,10.0,9.5,9.5,10.5,9.5,9.5,9.5,9.5,9.5,,9.6666,10.0,10.0,,10.0,2,5.0,9,22.0,3,7.333333333333333,1,24.0,3,8.0,1,24.0,3,8.0,2,32.0,4,8.0,5,39.0,4,9.75,1,38.0,4,9.5,4,39.0,4,9.75,2,39.0,4,9.75,5,28.5,3,9.5,4,29.666600000000003,3,9.888866666666667,2
Andy Richter,Emma Slater/Kaitlyn Bristowe (week 9),Comedian,California,United States,59,34,Eliminated Week 9,7,5.0,4.0,,,6.0,5.0,5.0,,6.0,6.0,6.0,,6.0,6.0,6.0,,6.0,6.0,6.0,6.0,7.0,6.0,7.0,7.0,7.25,7.25,7.25,7.25,8.0,8.5,9.5,8.0,8.0,7.0,7.0,7.0,0.0,0.0,0.0,,0.0,0.0,0.0,,9.0,2,4.5,13,16.0,3,5.333333333333333,13,18.0,3,6.0,11,18.0,3,6.0,11,24.0,4,6.0,10,27.0,4,6.75,10,29.0,4,7.25,9,34.0,4,8.5,8,29.0,4,7.25,7,0.0,3,0.0,7,0.0,3,0.0,6
Robert Irwin,Witney Carson (Xoshitl Gomez week 9),Conservationist,,Australia,22,34,1st Place,1,8.0,7.0,,,8.0,7.0,7.0,,8.0,7.0,7.0,,7.0,7.0,8.0,,8.0,9.0,9.0,9.0,9.0,9.0,9.0,9.0,10.75,9.75,9.75,10.75,9.0,9.5,10.0,9.5,10.5,10.5,10.5,10.5,10.0,9.5,10.0,,9.6666,10.0,10.0,,15.0,2,7.5,1,22.0,3,7.333333333333333,1,22.0,3,7.333333333333333,5,22.0,3,7.333333333333333,8,35.0,4,8.75,2,36.0,4,9.0,3,41.0,4,10.25,3,38.0,4,9.5,4,42.0,4,10.5,1,29.5,3,9.833333333333334,1,29.666600000000003,3,9.888866666666667,2
Hilaria Baldwin,Gleb Savchenko,Entrepreneur,New York,United States,41,34,Eliminated Week 4,11,7.0,7.0,,,7.0,7.0,7.0,,7.0,8.0,7.0,,8.0,7.0,8.0,,0.0,0.0,0.0,0.0,0.0,0.0,0.0,0.0,0.0,0.0,0.0,0.0,0.0,0.0,0.0,0.0,0.0,0.0,0.0,0.0,0.0,0.0,0.0,,0.0,0.0,0.0,,14.0,2,7.0,3,21.0,3,7.0,5,22.0,3,7.333333333333333,5,23.0,3,7.666666666666667,5,0.0,4,0.0,11,0.0,4,0.0,11,0.0,4,0.0,10,0.0,4,0.0,9,0.0,4,0.0,8,0.0,3,0.0,7,0.0,3,0.0,6
Lauren Jauregui,Brandon Armstrong,Singer/Rapper,Florida,United States,29,34,Eliminated Week 3,12,7.0,6.0,,,7.0,7.0,7.0,,6.0,6.0,6.0,,0.0,0.0,0.0,,0.0,0.0,0.0,0.0,0.0,0.0,0.0,0.0,0.0,0.0,0.0,0.0,0.0,0.0,0.0,0.0,0.0,0.0,0.0,0.0,0.0,0.0,0.0,,0.0,0.0,0.0,,13.0,2,6.5,4,21.0,3,7.0,5,18.0,3,6.0,11,0.0,3,0.0,12,0.0,4,0.0,11,0.0,4,0.0,11,0.0,4,0.0,10,0.0,4,0.0,9,0.0,4,0.0,8,0.0,3,0.0,7,0.0,3,0.0,6
Scott Hoying,Rylee Arnold,Singer/Rapper,California,United States,34,34,Eliminated Week 6,10,5.0,5.0,,,6.0,6.0,6.0,,8.0,7.0,7.0,,7.0,7.0,7.0,,7.0,8.0,7.0,8.0,7.0,7.0,7.0,7.0,0.0,0.0,0.0,0.0,0.0,0.0,0.0,0.0,0.0,0.0,0.0,0.0,0.0,0.0,0.0,,0.0,0.0,0.0,,10.0,2,5.0,9,18.0,3,6.0,11,22.0,3,7.333333333333333,5,21.0,3,7.0,9,30.0,4,7.5,6,28.0,4,7.0,9,0.0,4,0.0,10,0.0,4,0.0,9,0.0,4,0.0,8,0.0,3,0.0,7,0.0,3,0.0,6
Alix Earle,Val Chmerkovskiy (Joey Graziadei week 9),Social media personality,Florida,United States,24,34,2nd Place,2,7.0,6.0,,,7.0,7.0,7.0,,8.0,7.0,8.0,,8.0,8.0,8.0,,8.0,9.0,9.0,9.0,9.0,9.0,8.0,9.0,11.0,11.0,10.0,11.0,9.5,10.0,9.5,9.5,10.0,10.0,10.0,10.0,9.5,10.0,9.5,,10.0,10.0,10.0,,13.0,2,6.5,4,21.0,3,7.0,5,23.0,3,7.666666666666667,3,24.0,3,8.0,2,35.0,4,8.75,2,35.0,4,8.75,6,43.0,4,10.75,1,38.5,4,9.625,3,40.0,4,10.0,4,29.0,3,9.666666666666666,2,30.0,3,10.0,1
Jen Affleck,Jan Ravnik,TV Personality,Utah,United States,26,34,Eliminated Week 7,9,6.0,6.0,,,8.0,7.0,7.0,,7.0,6.0,6.0,,7.0,8.0,8.0,,8.0,7.0,7.0,7.0,8.0,8.0,8.0,8.0,8.5,8.5,8.5,8.5,0.0,0.0,0.0,0.0,0.0,0.0,0.0,0.0,0.0,0.0,0.0,,0.0,0.0,0.0,,12.0,2,6.0,6,22.0,3,7.333333333333333,1,19.0,3,6.333333333333333,10,23.0,3,7.666666666666667,5,29.0,4,7.25,8,32.0,4,8.0,7,34.0,4,8.5,7,0.0,4,0.0,9,0.0,4,0.0,8,0.0,3,0.0,7,0.0,3,0.0,6
Whitney Leavitt,Mark Ballas,TV Personality,Utah,United States,32,34,Eliminated Week 10,6,7.0,8.0,,,7.0,7.0,8.0,,8.0,8.0,8.0,,9.0,8.0,8.0,,9.0,8.0,8.0,8.0,10.0,9.0,10.0,10.0,10.25,10.25,10.25,11.25,9.5,10.0,10.0,10.0,10.5,10.5,10.5,10.5,9.0,10.0,10.0,,0.0,0.0,0.0,,15.0,2,7.5,1,22.0,3,7.333333333333333,1,24.0,3,8.0,1,25.0,3,8.333333333333334,1,33.0,4,8.25,4,39.0,4,9.75,1,42.0,4,10.5,2,39.5,4,9.875,1,42.0,4,10.5,1,29.0,3,9.666666666666666,2,0.0,3,0.0,6
Dylan Efron,Daniella Karagach (Rumer Willis week 9),TV Personality,California,United States,33,34,4th Place,4,5.0,5.0,,,7.0,6.0,7.0,,7.0,8.0,8.0,,7.0,8.0,8.0,,9.0,9.0,9.0,9.0,8.0,8.0,8.0,8.0,9.75,9.75,8.75,9.75,9.0,9.5,10.0,9.5,10.5,10.5,10.5,10.5,9.0,9.0,9.5,,9.6666,9.6666,10.0,,10.0,2,5.0,9,20.0,3,6.666666666666667,9,23.0,3,7.666666666666667,3,23.0,3,7.666666666666667,5,36.0,4,9.0,1,32.0,4,8.0,7,38.0,4,9.5,4,38.0,4,9.5,4,42.0,4,10.5,1,27.5,3,9.166666666666666,6,29.3332,3,9.777733333333334,4
