contestant_id,celebrity_name,judge_total,p_mean,p_median,p_q025,p_q975,actual_eliminated,eval_week,season,week,judge_rank,fan_rank,sum_rank,k_actual_elim,predicted_eliminated,week_correct,predicted_elim_names,actual_elim_names,num_contestants
0,Evander Holyfield,18.0,0.1435957582012495,0.1122961279254356,0.0115223080943931,0.4428814959265312,False,True,1,1,4,4,8,0,False,True,,,6
1,Joey McIntyre,20.0,0.2759848879800244,0.2388253310230479,0.0318069829100633,0.7494151965245203,False,True,1,1,1,1,2,0,False,True,,,6
2,John O'Hurley,20.0,0.2641383209066729,0.2285812109599096,0.0251768367514728,0.7072708860791092,False,True,1,1,1,2,3,0,False,True,,,6
3,Kelly Monaco,13.0,0.0569120119731901,0.0248168780925732,0.0002310507189768,0.2975699989937995,False,True,1,1,6,6,12,0,False,True,,,6
4,Rachel Hunter,20.0,0.1845025168739438,0.1281532192271441,0.0164519627316378,0.6189797459980626,False,True,1,1,1,3,4,0,False,True,,,6
5,Trista Sutter,18.0,0.0748665040649192,0.0516688111975718,0.0071037797286477,0.2865933202005676,False,True,1,1,4,5,9,0,False,True,,,6
0,Evander Holyfield,14.0,0.0567633958427027,0.0339855355860267,0.0004385713300438,0.2245231878046536,False,True,1,2,6,6,12,1,True,False,Evander Holyfield,Trista Sutter,6
1,Joey McIntyre,21.0,0.1811001196864657,0.1304115456607536,0.0089669398376235,0.6088526925973662,False,True,1,2,3,3,6,1,False,False,Evander Holyfield,Trista Sutter,6
2,John O'Hurley,26.0,0.401909823850994,0.3731319427555082,0.0492845897019761,0.8820957487795303,False,True,1,2,1,1,2,1,False,False,Evander Holyfield,Trista Sutter,6
3,Kelly Monaco,17.0,0.1072222179103962,0.0631044573402764,0.0020655325211063,0.4496080675012592,False,True,1,2,5,4,9,1,False,False,Evander Holyfield,Trista Sutter,6
4,Rachel Hunter,24.0,0.1948926256014205,0.1314074227376107,0.0180003616291938,0.6561113084501254,False,True,1,2,2,2,4,1,False,False,Evander Holyfield,Trista Sutter,6
5,Trista Sutter,19.0,0.0581118171080207,0.038424103339372,0.003839577753291,0.2324100770908587,True,True,1,2,4,5,9,1,False,False,Evander Holyfield,Trista Sutter,6
0,Evander Holyfield,13.0,0.0546751953484965,0.0322558098789406,0.0004453424848754,0.2174650015028268,True,True,1,3,5,5,10,1,True,True,Evander Holyfield,Evander Holyfield,5
1,Joey McIntyre,22.0,0.2106832758462083,0.1591821791502912,0.0149338297491918,0.6559091768457621,False,True,1,3,3,3,6,1,False,True,Evander Holyfield,Evander Holyfield,5
2,John O'Hurley,24.0,0.2672633535330146,0.2226440132457413,0.0270525990468727,0.7162275896222192,False,True,1,3,2,2,4,1,False,True,Evander Holyfield,Evander Holyfield,5
3,Kelly Monaco,21.0,0.192144068598091,0.1389651513071183,0.0130297930796734,0.5989745374946526,False,True,1,3,4,4,8,1,False,True,Evander Holyfield,Evander Holyfield,5
4,Rachel Hunter,26.0,0.2752341066741893,0.1895927419679876,0.0225507286997845,0.8129354945842701,False,True,1,3,1,1,2,1,False,True,Evander Holyfield,Evander Holyfield,5
1,Joey McIntyre,20.0,0.1179067870531998,0.0644834835918738,0.0010739274520985,0.5266021581927759,False,True,1,4,4,4,8,1,True,False,Joey McIntyre,Rachel Hunter,4
2,John O'Hurley,21.0,0.1305449404851411,0.0752399511846048,0.0032170581822506,0.5356258806424303,False,True,1,4,3,3,6,1,False,False,Joey McIntyre,Rachel Hunter,4
3,Kelly Monaco,26.0,0.5098312786483639,0.5121768218520171,0.0862322961355688,0.9222681272215382,False,True,1,4,1,1,2,1,False,False,Joey McIntyre,Rachel Hunter,4
4,Rachel Hunter,25.0,0.2417169938132951,0.1777877159869698,0.0187418640679824,0.7649023756246651,True,True,1,4,2,2,4,1,False,False,Joey McIntyre,Rachel Hunter,4
1,Joey McIntyre,22.5,0.1581870700423613,0.0969177770167503,0.0014498232250752,0.6374537212520197,True,True,1,5,3,3,6,1,True,True,Joey McIntyre,Joey McIntyre,3
2,John O'Hurley,27.0,0.6245449818488881,0.6571342884173914,0.1018959218017258,0.9904090269218369,False,True,1,5,1,1,2,1,False,True,Joey McIntyre,Joey McIntyre,3
3,Kelly Monaco,23.5,0.2172679481087506,0.1564176432375893,0.0064765896329219,0.7022578251921778,False,True,1,5,2,2,4,1,False,True,Joey McIntyre,Joey McIntyre,3
0,Drew Lachey,24.0,0.2198331406653569,0.1778428105970471,0.0258291316370506,0.6418772517205013,False,True,2,1,1,1,2,1,False,True,Kenny Mayne,Kenny Mayne,10
1,George Hamilton,18.0,0.0619828634362635,0.0450160465069221,0.0025849309326723,0.22942003724557,False,True,2,1,8,8,16,1,False,True,Kenny Mayne,Kenny Mayne,10
2,Giselle Fernandez,23.0,0.0871826174009107,0.0571438590864548,0.0079358069612756,0.3631458009954279,False,True,2,1,2,5,7,1,False,True,Kenny Mayne,Kenny Mayne,10
3,Jerry Rice,21.0,0.1966333069792317,0.1655823995883787,0.0182565390485483,0.5487858108106914,False,True,2,1,5,2,7,1,False,True,Kenny Mayne,Kenny Mayne,10
4,Kenny Mayne,13.0,0.0142211130976266,0.0097999565434712,0.0003672000106736,0.0510056628449348,True,True,2,1,9,10,19,1,True,True,Kenny Mayne,Kenny Mayne,10
5,Lisa Rinna,19.0,0.0689153354067295,0.0460630846184085,0.005468392230022,0.2894534127610116,False,True,2,1,7,6,13,1,False,True,Kenny Mayne,Kenny Mayne,10
6,Master P,12.0,0.0385619390588331,0.0250933604353356,0.0001356370019914,0.1521306547234625,False,True,2,1,10,9,19,1,False,True,Kenny Mayne,Kenny Mayne,10
7,Stacy Keibler,22.0,0.1467176634937087,0.1093621986181996,0.0147721428581919,0.4631575272877039,False,True,2,1,4,3,7,1,False,True,Kenny Mayne,Kenny Mayne,10
8,Tatum O'Neal,23.0,0.1028584335782946,0.073208540558315,0.0112550310864098,0.3559989206165517,False,True,2,1,2,4,6,1,False,True,Kenny Mayne,Kenny Mayne,10
9,Tia Carrere,20.0,0.0630935868830444,0.0486560543304593,0.0064128523898414,0.2148665377402096,False,True,2,1,6,7,13,1,False,True,Kenny Mayne,Kenny Mayne,10
0,Drew Lachey,27.0,0.2102955546144331,0.1673450385162204,0.0218684451934515,0.6325159635708636,False,True,2,2,2,2,4,1,False,True,Tatum O'Neal,Tatum O'Neal,9
1,George Hamilton,22.0,0.0751116196955803,0.0547828845130382,0.0031791369319301,0.2702924308243952,False,True,2,2,5,4,9,1,False,True,Tatum O'Neal,Tatum O'Neal,9
2,Giselle Fernandez,24.0,0.052552954705203,0.0351204389632402,0.0045335370520524,0.2123541622507851,False,True,2,2,3,6,9,1,False,True,Tatum O'Neal,Tatum O'Neal,9
3,Jerry Rice,23.0,0.1683377189137386,0.1367123859442059,0.0082774047434379,0.5143822888010213,False,True,2,2,4,3,7,1,False,True,Tatum O'Neal,Tatum O'Neal,9
5,Lisa Rinna,20.0,0.0498767773592909,0.031581885157609,0.001544362798278,0.2416326917218666,False,True,2,2,7,7,14,1,False,True,Tatum O'Neal,Tatum O'Neal,9
6,Master P,16.0,0.0466373217511503,0.0308762275429646,0.0001499187691262,0.1746164552787764,False,True,2,2,9,8,17,1,False,True,Tatum O'Neal,Tatum O'Neal,9
7,Stacy Keibler,29.0,0.3259981419330977,0.276292369847476,0.0315171942733168,0.8498475058669318,False,True,2,2,1,1,2,1,False,True,Tatum O'Neal,Tatum O'Neal,9
8,Tatum O'Neal,17.0,0.0184334596466089,0.011772795900622,0.0002258038652573,0.0691173005527676,True,True,2,2,8,9,17,1,True,True,Tatum O'Neal,Tatum O'Neal,9
9,Tia Carrere,22.0,0.052756451380897,0.0382384727300697,0.0037985915794717,0.1911847400055738,False,True,2,2,5,5,10,1,False,True,Tatum O'Neal,Tatum O'Neal,9
0,Drew Lachey,27.0,0.2289116704271481,0.1894615001289266,0.026016709927984,0.6666455661546361,False,True,2,3,1,2,3,1,False,False,Master P,Giselle Fernandez,8
1,George Hamilton,22.0,0.084700150892063,0.0623610789715036,0.0043021943782013,0.2983107924050124,False,True,2,3,5,6,11,1,False,False,Master P,Giselle Fernandez,8
2,Giselle Fernandez,22.0,0.0397069529280385,0.0275427353379453,0.003410722623423,0.1517604445713342,True,True,2,3,5,8,13,1,False,False,Master P,Giselle Fernandez,8
3,Jerry Rice,19.0,0.1087893253571521,0.0767768544617537,0.0022580342695211,0.4020921157903225,False,True,2,3,7,5,12,1,False,False,Master P,Giselle Fernandez,8
5,Lisa Rinna,25.0,0.1331962186020488,0.0973178133138553,0.0152064446938536,0.4692129129536496,False,True,2,3,4,3,7,1,False,False,Master P,Giselle Fernandez,8
6,Master P,14.0,0.042251574064328,0.0268480008730342,0.0001121921427269,0.1575229039738887,False,True,2,3,8,7,15,1,True,False,Master P,Giselle Fernandez,8
7,Stacy Keibler,27.0,0.2328914992542544,0.1903501364279814,0.0244329732110573,0.6430229535184431,False,True,2,3,1,1,2,1,False,False,Master P,Giselle Fernandez,8
9,Tia Carrere,26.0,0.1295526084749667,0.1018459636616331,0.0121014807565209,0.4070809807833509,False,True,2,3,3,4,7,1,False,False,Master P,Giselle Fernandez,8
0,Drew Lachey,28.0,0.2250669624489591,0.1831232529428858,0.0245340618169394,0.6412815833727075,False,True,2,4,1,1,2,1,False,True,Master P,Master P,7
1,George Hamilton,21.0,0.085430284011789,0.0644789387082402,0.0047292927398854,0.3003359788997757,False,True,2,4,6,6,12,1,False,True,Master P,Master P,7
3,Jerry Rice,24.0,0.2233927899965727,0.1932290099825675,0.0190522711893432,0.5939837792691669,False,True,2,4,5,2,7,1,False,True,Master P,Master P,7
5,Lisa Rinna,26.0,0.1495284462271061,0.105475590755275,0.0184610096316345,0.529790410785987,False,True,2,4,2,4,6,1,False,True,Master P,Master P,7
6,Master P,8.0,0.0378671512945468,0.024024991841431,0.00010010861223,0.1514790022292796,True,True,2,4,7,7,14,1,True,True,Master P,Master P,7
7,Stacy Keibler,26.0,0.1756454091190287,0.1360729710622872,0.0172731531424698,0.5342872359378259,False,True,2,4,2,3,5,1,False,True,Master P,Master P,7
9,Tia Carrere,25.0,0.1030689569019973,0.0807212672137791,0.0096098974766463,0.3340950055549745,False,True,2,4,4,5,9,1,False,True,Master P,Master P,7
0,Drew Lachey,27.0,0.1930432541792776,0.1464443636202833,0.013517667194859,0.6397567264075048,False,True,2,5,2,2,4,1,False,True,Tia Carrere,Tia Carrere,6
1,George Hamilton,24.0,0.0826312888901822,0.055310067788164,0.0017100724489508,0.3070228497947716,False,True,2,5,4,5,9,1,False,True,Tia Carrere,Tia Carrere,6
3,Jerry Rice,23.0,0.1316118868658784,0.0921266425827911,0.0014064660086215,0.4910269804070457,False,True,2,5,5,3,8,1,False,True,Tia Carrere,Tia Carrere,6
5,Lisa Rinna,25.0,0.095273535018861,0.0641742162081934,0.0047312144003172,0.3818318677614983,False,True,2,5,3,4,7,1,False,True,Tia Carrere,Tia Carrere,6
7,Stacy Keibler,30.0,0.4615174297618859,0.4316541220020957,0.0485211795888575,0.9520359557748096,False,True,2,5,1,1,2,1,False,True,Tia Carrere,Tia Carrere,6
9,Tia Carrere,22.0,0.0359226052839147,0.0226650623146879,0.0004330093594401,0.1466461388420664,True,True,2,5,6,6,12,1,True,True,Tia Carrere,Tia Carrere,6
0,Drew Lachey,30.0,0.3281954353891634,0.2889196675263193,0.0395122983238916,0.778087565899417,False,True,2,6,1,2,3,1,False,True,George Hamilton,George Hamilton,5
1,George Hamilton,23.0,0.0663928197675644,0.0400017462958127,0.0009402673926093,0.2640434715457258,True,True,2,6,4,5,9,1,True,True,George Hamilton,George Hamilton,5
3,Jerry Rice,23.0,0.1327799812691868,0.0892733945626904,0.0017702471691011,0.4808310894668929,False,True,2,6,4,4,8,1,False,True,George Hamilton,George Hamilton,5
5,Lisa Rinna,27.0,0.1367103788043263,0.0966302315759098,0.0122796671125134,0.4823592763514764,False,True,2,6,3,3,6,1,False,True,George Hamilton,George Hamilton,5
7,Stacy Keibler,30.0,0.3359213847697589,0.2969103729516252,0.0355036740559277,0.8114928753267839,False,True,2,6,1,1,2,1,False,True,George Hamilton,George Hamilton,5
0,Drew Lachey,27.5,0.3249595462417068,0.2897645878692184,0.039398747807941,0.7782630356129934,False,True,2,7,1,2,3,1,False,False,Jerry Rice,Lisa Rinna,4
3,Jerry Rice,20.5,0.1293780884543665,0.0814360092638527,0.0010072539781747,0.5027028360080172,False,True,2,7,4,4,8,1,True,False,Jerry Rice,Lisa Rinna,4
5,Lisa Rinna,26.5,0.2145005147149833,0.1680811517428867,0.0266597883102609,0.6606590188064756,True,True,2,7,3,3,6,1,False,False,Jerry Rice,Lisa Rinna,4
7,Stacy Keibler,27.5,0.3311618505889434,0.2955247385148878,0.0352067976884121,0.7780239188653609,False,True,2,7,1,1,2,1,False,False,Jerry Rice,Lisa Rinna,4
0,Ally Brooke,16.0,0.0629961234072906,0.0433716153962382,0.002529692247406,0.2306679260529059,False,True,28,1,7,5,12,0,False,True,,,12
1,Hannah Brown,20.0,0.1998575671601117,0.1644754618547234,0.0264154927897748,0.5425668813513126,False,True,28,1,2,2,4,0,False,True,,,12
2,James Van Der Beek,21.0,0.219523792071196,0.1670158450339929,0.0245762688205403,0.6831179609174703,False,True,28,1,1,1,2,0,False,True,,,12
3,Karamo Brown,17.0,0.0367172057192739,0.0286150723020591,0.0036464260336462,0.1165261548101651,False,True,28,1,5,9,14,0,False,True,,,12
4,Kate Flannery,15.0,0.028248113139055,0.0210098850526772,0.0014094930729319,0.0954951745511937,False,True,28,1,9,11,20,0,False,True,,,12
5,Kel Mitchell,16.0,0.0624021507140483,0.0430706761108848,0.0033041615329784,0.2365297554787168,False,True,28,1,7,6,13,0,False,True,,,12
6,Lamar Odom,11.0,0.0110841425963473,0.0074034975255021,9.874862496313698e-05,0.0435374404743591,False,True,28,1,12,12,24,0,False,True,,,12
7,Lauren Alaina,19.0,0.1760147898092956,0.1496365030491823,0.0193449780650443,0.4899571986481106,False,True,28,1,3,3,6,0,False,True,,,12
8,Mary Wilson,17.0,0.0744061881853493,0.0490103798412787,0.0056524143762976,0.3018312631592607,False,True,28,1,5,4,9,0,False,True,,,12
9,Ray Lewis,15.0,0.0436425571679347,0.0265928013733452,0.0017197629317277,0.1869667627047703,False,True,28,1,9,8,17,0,False,True,,,12
10,Sailor Brinkley-Cook,18.0,0.0339246140062797,0.0214379447831499,0.0035113588594309,0.1596617822825534,False,True,28,1,4,10,14,0,False,True,,,12
11,Sean Spicer,12.0,0.0511827560238175,0.0376447973732444,0.0002523429228297,0.1769785161674212,False,True,28,1,11,7,18,0,False,True,,,12
0,Ally Brooke,20.0,0.1020567348750985,0.0765753138773681,0.0078291797450988,0.3432378660241642,False,True,28,2,3,4,7,2,False,False,Lamar Odom; Ray Lewis,Mary Wilson; Ray Lewis,12
1,Hannah Brown,24.0,0.3183541232872869,0.2682596361346425,0.0495924402824977,0.837643210904115,False,True,28,2,1,1,2,2,False,False,Lamar Odom; Ray Lewis,Mary Wilson; Ray Lewis,12
2,James Van Der Beek,20.0,0.0845418042377309,0.0629891319242744,0.0096053618325648,0.2779409321714049,False,True,28,2,3,5,8,2,False,False,Lamar Odom; Ray Lewis,Mary Wilson; Ray Lewis,12
3,Karamo Brown,19.0,0.0373701246295613,0.0289164843096575,0.0031899321329976,0.1160143174821854,False,True,28,2,6,8,14,2,False,False,Lamar Odom; Ray Lewis,Mary Wilson; Ray Lewis,12
4,Kate Flannery,21.0,0.0803881234915938,0.06223107241899,0.0097335614847327,0.2660889828778262,False,True,28,2,2,6,8,2,False,False,Lamar Odom; Ray Lewis,Mary Wilson; Ray Lewis,12
5,Kel Mitchell,20.0,0.1025017794428197,0.0730605332299239,0.0093445872419853,0.3450325959817774,False,True,28,2,3,3,6,2,False,False,Lamar Odom; Ray Lewis,Mary Wilson; Ray Lewis,12
6,Lamar Odom,12.0,0.0100923773455797,0.006828926732122,6.635504444113508e-05,0.0396593921068437,False,True,28,2,12,12,24,2,True,False,Lamar Odom; Ray Lewis,Mary Wilson; Ray Lewis,12
7,Lauren Alaina,19.0,0.1043515744313543,0.0834984625399287,0.007067353690022,0.3353871239565653,False,True,28,2,6,2,8,2,False,False,Lamar Odom; Ray Lewis,Mary Wilson; Ray Lewis,12
8,Mary Wilson,15.0,0.0323889403274619,0.0175136609296389,0.0006226826993025,0.1461037675728737,True,True,28,2,10,9,19,2,False,False,Lamar Odom; Ray Lewis,Mary Wilson; Ray Lewis,12
9,Ray Lewis,15.0,0.0309097227231961,0.0166703753831614,0.0004675824960737,0.1461040329484652,True,True,28,2,10,10,20,2,True,False,Lamar Odom; Ray Lewis,Mary Wilson; Ray Lewis,12
10,Sailor Brinkley-Cook,18.0,0.0189912653084459,0.0124173378173933,0.0015935874636166,0.077604296840071,False,True,28,2,8,11,19,2,False,False,Lamar Odom; Ray Lewis,Mary Wilson; Ray Lewis,12
11,Sean Spicer,16.0,0.0780534298998706,0.0637306070485057,0.0010630012247036,0.2371901961292232,False,True,28,2,9,7,16,2,False,False,Lamar Odom; Ray Lewis,Mary Wilson; Ray Lewis,12
0,Ally Brooke,24.0,0.2041023087384892,0.163536124792957,0.0290816433760427,0.6079122993247305,False,True,28,3,1,1,2,0,False,True,,,10
1,Hannah Brown,21.0,0.1294041228229489,0.1009817408796424,0.0108805284137404,0.4052131744202497,False,True,28,3,5,4,9,0,False,True,,,10
2,James Van Der Beek,23.0,0.1442106588066646,0.1133666295172514,0.0190020665838066,0.4277597849219251,False,True,28,3,3,2,5,0,False,True,,,10
3,Karamo Brown,16.0,0.020946732980829,0.0157680695712094,0.000673156548455,0.0710558313615578,False,True,28,3,8,9,17,0,False,True,,,10
4,Kate Flannery,24.0,0.1331008876397583,0.0981280414489923,0.018295006233912,0.4574516171967233,False,True,28,3,1,3,4,0,False,True,,,10
5,Kel Mitchell,20.0,0.0934740199398543,0.0663226783749115,0.0075940083506906,0.3106148565530507,False,True,28,3,6,6,12,0,False,True,,,10
6,Lamar Odom,12.0,0.0136210750711516,0.0094237660705256,0.0001400303320158,0.0521431163209518,False,True,28,3,10,10,20,0,False,True,,,10
7,Lauren Alaina,20.0,0.1220893668660057,0.0994489030272691,0.0101452971406291,0.3809146783772983,False,True,28,3,6,5,11,0,False,True,,,10
10,Sailor Brinkley-Cook,23.0,0.0606158239361922,0.034931523716784,0.0066281517803112,0.3090939876142934,False,True,28,3,3,8,11,0,False,True,,,10
11,Sean Spicer,15.0,0.0784350031981056,0.0655814921891094,0.0007320983979012,0.2428723618285858,False,True,28,3,9,7,16,0,False,True,,,10
0,Ally Brooke,32.0,0.1674887661041086,0.1303747088197303,0.0208274155516121,0.5058068910161843,False,True,28,4,1,4,5,1,False,True,Lamar Odom,Lamar Odom,10
1,Hannah Brown,32.0,0.1869603074639031,0.1559662299598922,0.0201165495144707,0.5452499074663505,False,True,28,4,1,2,3,1,False,True,Lamar Odom,Lamar Odom,10
2,James Van Der Beek,28.0,0.0679653348790253,0.0517077000523498,0.0065157631839596,0.2224546232627219,False,True,28,4,6,5,11,1,False,True,Lamar Odom,Lamar Odom,10
3,Karamo Brown,28.0,0.0383346026364685,0.029843079660452,0.0035702858018271,0.1230003212664248,False,True,28,4,6,8,14,1,False,True,Lamar Odom,Lamar Odom,10
4,Kate Flannery,26.0,0.0343318352869943,0.0270849432110069,0.0023789127189673,0.1101686996041886,False,True,28,4,8,9,17,1,False,True,Lamar Odom,Lamar Odom,10
5,Kel Mitchell,32.0,0.1691955934204235,0.1263813122730799,0.0197031616941827,0.5334793804118256,False,True,28,4,1,3,4,1,False,True,Lamar Odom,Lamar Odom,10
6,Lamar Odom,20.0,0.013688081611438,0.0095584128348502,0.0001812183280639,0.0519800505995598,True,True,28,4,10,10,20,1,True,True,Lamar Odom,Lamar Odom,10
7,Lauren Alaina,32.0,0.2149154955167384,0.1884845206791151,0.0254406858119813,0.5649436399614437,False,True,28,4,1,1,2,1,False,True,Lamar Odom,Lamar Odom,10
10,Sailor Brinkley-Cook,31.0,0.048105141231113,0.0286742892183881,0.0051522966160673,0.2365878651104348,False,True,28,4,5,7,12,1,False,True,Lamar Odom,Lamar Odom,10
11,Sean Spicer,21.0,0.0590148418497868,0.0448215144336293,0.0003260138709429,0.1943708633098514,False,True,28,4,9,6,15,1,False,True,Lamar Odom,Lamar Odom,10
0,Ally Brooke,27.0,0.2527641659468663,0.2074761424486291,0.038086012087785,0.7101187038146214,False,True,28,5,1,1,2,0,False,True,,,9
1,Hannah Brown,25.0,0.1506425211181263,0.1200947751878346,0.011833204350991,0.4717569215578572,False,True,28,5,4,4,8,0,False,True,,,9
2,James Van Der Beek,26.0,0.1547171644378245,0.1227243778862379,0.0228645938145912,0.4693561324026455,False,True,28,5,2,3,5,0,False,True,,,9
3,Karamo Brown,21.0,0.0189182142435666,0.0139039626286321,0.0004608043729849,0.0684136311854803,False,True,28,5,8,9,17,0,False,True,,,9
4,Kate Flannery,24.0,0.0565437199423669,0.045748206577937,0.0053991957245093,0.1750091015055437,False,True,28,5,5,6,11,0,False,True,,,9
5,Kel Mitchell,26.0,0.1836211416563167,0.1404666530593693,0.0225341394502602,0.5700840511024328,False,True,28,5,2,2,4,0,False,True,,,9
7,Lauren Alaina,23.0,0.0976435543386503,0.0726698980148043,0.0051656170782513,0.3340753474301711,False,True,28,5,7,5,12,0,False,True,,,9
10,Sailor Brinkley-Cook,24.0,0.0309552193811055,0.0202277295231254,0.0030143877111434,0.1369890804440525,False,True,28,5,5,8,13,0,False,True,,,9
11,Sean Spicer,19.0,0.0541942989351766,0.0402785576311805,0.000160105353941,0.1887006275680271,False,True,28,5,9,7,16,0,False,True,,,9
0,Ally Brooke,25.0,0.0950473358693395,0.0699555688120678,0.0049949188930982,0.3157477019158536,False,True,28,6,6,5,11,1,False,False,Sean Spicer,Sailor Brinkley-Cook,9
1,Hannah Brown,24.0,0.0795721469137084,0.0574922967764354,0.002362361649104,0.3026371647680502,False,True,28,6,8,7,15,1,False,False,Sean Spicer,Sailor Brinkley-Cook,9
2,James Van Der Beek,27.0,0.1904981489454518,0.151417571474122,0.0253988137789359,0.5615249536720847,False,True,28,6,1,1,2,1,False,False,Sean Spicer,Sailor Brinkley-Cook,9
3,Karamo Brown,25.0,0.0437098974127289,0.0341083256969841,0.0040417693606517,0.1320627259647214,False,True,28,6,6,9,15,1,False,False,Sean Spicer,Sailor Brinkley-Cook,9
4,Kate Flannery,27.0,0.1392682394827143,0.1054239384664008,0.0198837177911325,0.4511315871490721,False,True,28,6,1,4,5,1,False,False,Sean Spicer,Sailor Brinkley-Cook,9
5,Kel Mitchell,26.0,0.1397618517511424,0.106549778030567,0.0162493833333161,0.4426399157861299,False,True,28,6,4,3,7,1,False,False,Sean Spicer,Sailor Brinkley-Cook,9
7,Lauren Alaina,26.0,0.1811786973916647,0.155904211824478,0.0208228175344045,0.4826219779512754,False,True,28,6,4,2,6,1,False,False,Sean Spicer,Sailor Brinkley-Cook,9
10,Sailor Brinkley-Cook,27.0,0.0802557794420347,0.0461932816030844,0.0088330184141619,0.3772426507840494,True,True,28,6,1,6,7,1,False,False,Sean Spicer,Sailor Brinkley-Cook,9
11,Sean Spicer,21.0,0.0507079027912149,0.0369811718513727,0.0001029148964262,0.176202308870193,False,True,28,6,9,8,17,1,True,False,Sean Spicer,Sailor Brinkley-Cook,9
0,Ally Brooke,27.0,0.1956065831845255,0.1578821510041545,0.0269234110731754,0.5651035934224189,False,True,28,7,1,2,3,1,False,True,Karamo Brown,Karamo Brown,8
1,Hannah Brown,26.0,0.1502173746583101,0.1228465495301871,0.0127055632357722,0.4597704666899592,False,True,28,7,4,4,8,1,False,True,Karamo Brown,Karamo Brown,8
2,James Van Der Beek,27.0,0.1707906597751986,0.1320595014117165,0.0241682655160274,0.5050662454101265,False,True,28,7,1,3,4,1,False,True,Karamo Brown,Karamo Brown,8
3,Karamo Brown,24.5,0.0340467601643718,0.0263466221044378,0.0025770700280321,0.113697521313447,True,True,28,7,6,8,14,1,True,True,Karamo Brown,Karamo Brown,8
4,Kate Flannery,24.0,0.0361168841447647,0.0280589397654412,0.0022582235875016,0.1183502414327084,False,True,28,7,7,7,14,1,False,True,Karamo Brown,Karamo Brown,8
5,Kel Mitchell,25.5,0.1085412063519368,0.0777144143794955,0.0096254095102826,0.3686974409547795,False,True,28,7,5,5,10,1,False,True,Karamo Brown,Karamo Brown,8
7,Lauren Alaina,27.0,0.2539288286389364,0.2242263622205073,0.0320806993184612,0.6477026446989366,False,True,28,7,1,1,2,1,False,True,Karamo Brown,Karamo Brown,8
11,Sean Spicer,21.0,0.0507517030819557,0.0355340006511061,0.0001347681556611,0.1757180353865949,False,True,28,7,8,6,14,1,False,True,Karamo Brown,Karamo Brown,8
0,Ally Brooke,30.0,0.1714544202861011,0.1358632263361468,0.0210690006423803,0.5173634508575907,False,True,28,8,3,4,7,1,False,False,Sean Spicer,Kate Flannery,7
1,Hannah Brown,30.9998,0.2328585032039103,0.2009250593566499,0.026767638931735,0.6234880100436742,False,True,28,8,2,1,3,1,False,False,Sean Spicer,Kate Flannery,7
2,James Van Der Beek,31.9998,0.2239772689413323,0.1872536990229811,0.0295765936629313,0.6487833822985237,False,True,28,8,1,2,3,1,False,False,Sean Spicer,Kate Flannery,7
4,Kate Flannery,25.9998,0.0488101668972669,0.0384150329547859,0.0036942194121822,0.1525526121313904,True,True,28,8,5,7,12,1,False,False,Sean Spicer,Kate Flannery,7
5,Kel Mitchell,29.9998,0.1735602905207158,0.1327727057224036,0.0187653169625188,0.5347027920023495,False,True,28,8,4,3,7,1,False,False,Sean Spicer,Kate Flannery,7
7,Lauren Alaina,24.0,0.0825731976447933,0.0594174596045938,0.0027707867161111,0.3028037477540988,False,True,28,8,6,5,11,1,False,False,Sean Spicer,Kate Flannery,7
11,Sean Spicer,20.0,0.06676615250588,0.0507878618311246,0.0003093378912646,0.2259252456862343,False,True,28,8,7,6,13,1,True,False,Sean Spicer,Kate Flannery,7
0,Ally Brooke,40.0,0.2985798732204289,0.2508905992885968,0.0445828240968987,0.7877134697344662,False,True,28,9,1,1,2,1,False,True,Sean Spicer,Sean Spicer,6
1,Hannah Brown,35.5,0.1608594666753844,0.1303398711286896,0.0121879797662396,0.5010230261716986,False,True,28,9,4,4,8,1,False,True,Sean Spicer,Sean Spicer,6
2,James Van Der Beek,36.0,0.1271268012737169,0.0968425215924015,0.0175249408678874,0.3875159454796737,False,True,28,9,3,5,8,1,False,True,Sean Spicer,Sean Spicer,6
5,Kel Mitchell,37.0,0.1806767767931026,0.139987558019253,0.0207875985195578,0.5593024291609052,False,True,28,9,2,2,4,1,False,True,Sean Spicer,Sean Spicer,6
7,Lauren Alaina,35.0,0.1673516686225511,0.1385350856023784,0.0140751810981925,0.4819029159338713,False,True,28,9,5,3,8,1,False,True,Sean Spicer,Sean Spicer,6
11,Sean Spicer,25.0,0.0654054134148161,0.0474494719129985,0.0002493401104694,0.2167024133759713,True,True,28,9,6,6,12,1,True,True,Sean Spicer,Sean Spicer,6
0,Ally Brooke,29.5,0.4206860680644961,0.3835158301445794,0.067746714286185,0.911186757366361,False,True,28,10,1,1,2,1,False,True,James Van Der Beek,James Van Der Beek,5
1,Hannah Brown,27.0,0.137076052861791,0.1052597503558976,0.0036858135580832,0.4925926531135369,False,True,28,10,3,4,7,1,False,True,James Van Der Beek,James Van Der Beek,5
2,James Van Der Beek,25.5,0.046947768095832,0.0289456712007324,0.000617805129637,0.1784497127391102,True,True,28,10,5,5,10,1,True,True,James Van Der Beek,James Van Der Beek,5
5,Kel Mitchell,28.5,0.2450858628902913,0.1967741742008783,0.0273205685471989,0.6984303796756144,False,True,28,10,2,2,4,1,False,True,James Van Der Beek,James Van Der Beek,5
7,Lauren Alaina,27.0,0.1502042480875895,0.1140416388059546,0.0068175841587513,0.4748380937684289,False,True,28,10,3,3,6,1,False,True,James Van Der Beek,James Van Der Beek,5
0,AJ McLean,18.0,0.0410548326562413,0.031759834545577,0.0034717938410683,0.1399991414454487,False,True,29,1,6,8,14,0,False,True,,,15
1,Anne Heche,18.0,0.0275073648804687,0.0199199637909442,0.0027996107267751,0.1006913038814625,False,True,29,1,6,11,17,0,False,True,,,15
2,Carole Baskin,11.0,0.0082469163877774,0.0048298163952632,4.9426909421701286e-05,0.0350982313155884,False,True,29,1,15,14,29,0,False,True,,,15
3,Charles Oakley,12.0,0.0063101628880728,0.0043723771323556,8.461512373186215e-05,0.0233159049387221,False,True,29,1,14,15,29,0,False,True,,,15
4,Chrishell Stause,13.0,0.0132880975187423,0.0078391068394594,0.0001775332778524,0.0578067040798686,False,True,29,1,13,13,26,0,False,True,,,15
5,Jeannie Mai,18.0,0.0605498947864139,0.0420411461513608,0.0050748748893889,0.2542385365293497,False,True,29,1,6,7,13,0,False,True,,,15
6,Jesse Metcalfe,18.0,0.0397949807322741,0.0298942414127597,0.0029100542701635,0.1437351811427737,False,True,29,1,6,9,15,0,False,True,,,15
7,Johnny Weir,18.0,0.0381264300370748,0.0278409102190614,0.0040410447077651,0.1408220029995492,False,True,29,1,6,10,16,0,False,True,,,15
8,Justina Machado,21.0,0.1709951527311304,0.1294741666970694,0.0177813351593399,0.5466633913368263,False,True,29,1,1,2,3,0,False,True,,,15
9,Kaitlyn Bristowe,20.0,0.1101952617284591,0.0726664379620069,0.011064063374,0.4250799483999624,False,True,29,1,3,3,6,0,False,True,,,15
10,Monica Aldama,19.0,0.0762198531468463,0.0504719696152822,0.0058527681227699,0.2788243835430589,False,True,29,1,5,6,11,0,False,True,,,15
11,Nelly,16.0,0.0990685240838209,0.08133927145271,0.001894473609328,0.3195401986835469,False,True,29,1,12,5,17,0,False,True,,,15
12,Nev Schulman,20.0,0.0999251822116709,0.0751179892449717,0.0099075254607019,0.3604721494165995,False,True,29,1,3,4,7,0,False,True,,,15
13,Skai Jackson,21.0,0.1857789866029946,0.1461060660468816,0.0217453161225094,0.5747272689512973,False,True,29,1,1,1,2,0,False,True,,,15
14,Veron Davis,17.0,0.0229383596080119,0.0170878175700985,0.0020917910904236,0.0793874669303208,False,True,29,1,11,12,23,0,False,True,,,15
0,AJ McLean,19.0,0.0442527957909094,0.0339080542253771,0.0030655138029953,0.1508282054575599,False,True,29,2,5,7,12,1,False,True,Charles Oakley,Charles Oakley,15
1,Anne Heche,18.0,0.0201263442958402,0.0141667569218566,0.0011661877239137,0.0758797176159284,False,True,29,2,6,13,19,1,False,True,Charles Oakley,Charles Oakley,15
2,Carole Baskin,16.0,0.0150710192515493,0.0095935549101533,0.0002575942988764,0.0572772779998156,False,True,29,2,12,14,26,1,False,True,Charles Oakley,Charles Oakley,15
3,Charles Oakley,15.0,0.007215587385286,0.005060044090494,7.025419228169628e-05,0.0265760992647417,True,True,29,2,14,15,29,1,True,True,Charles Oakley,Charles Oakley,15
4,Chrishell Stause,18.0,0.0302187884133821,0.0203835259215368,0.0016870978245058,0.1174225872395833,False,True,29,2,6,9,15,1,False,True,Charles Oakley,Charles Oakley,15
5,Jeannie Mai,18.0,0.0472771750344587,0.0309414572109569,0.0021539215756056,0.2157618609751432,False,True,29,2,6,6,12,1,False,True,Charles Oakley,Charles Oakley,15
6,Jesse Metcalfe,20.0,0.0651744528276921,0.0459100419183218,0.0056873415779592,0.2515850863951273,False,True,29,2,4,5,9,1,False,True,Charles Oakley,Charles Oakley,15
7,Johnny Weir,18.0,0.0294782573437651,0.0208597424745969,0.0015970665648987,0.1110808872978337,False,True,29,2,6,10,16,1,False,True,Charles Oakley,Charles Oakley,15
8,Justina Machado,21.0,0.1746932684654664,0.1355539775125487,0.0183406827456005,0.5449514987463056,False,True,29,2,2,2,4,1,False,True,Charles Oakley,Charles Oakley,15
9,Kaitlyn Bristowe,22.0,0.2304297358363757,0.1620089785569395,0.0202787774246459,0.7554413725434855,False,True,29,2,1,1,2,1,False,True,Charles Oakley,Charles Oakley,15
10,Monica Aldama,16.0,0.0254924185970139,0.0122066069783361,0.0003289738273651,0.1188410073123083,False,True,29,2,12,11,23,1,False,True,Charles Oakley,Charles Oakley,15
11,Nelly,18.0,0.1206508108427086,0.0990652167346123,0.0021206669432004,0.3638378847749715,False,True,29,2,6,4,10,1,False,True,Charles Oakley,Charles Oakley,15
12,Nev Schulman,21.0,0.137288870693353,0.102586355640534,0.0126631670288452,0.4850487477032475,False,True,29,2,2,3,5,1,False,True,Charles Oakley,Charles Oakley,15
13,Skai Jackson,15.0,0.0304748044787154,0.0164403296333194,0.0001553904335925,0.1480835018872449,False,True,29,2,14,8,22,1,False,True,Charles Oakley,Charles Oakley,15
14,Veron Davis,18.0,0.0221556707434834,0.0164394144715482,0.0013930800000594,0.075773865508975,False,True,29,2,6,12,18,1,False,True,Charles Oakley,Charles Oakley,15
0,AJ McLean,21.0,0.0497671695993869,0.0395897917084795,0.0048155893209264,0.1627663878721731,False,True,29,3,7,10,17,1,False,True,Carole Baskin,Carole Baskin,14
1,Anne Heche,15.0,0.0090876008311145,0.0058501714586565,0.0001481458903257,0.0358582101959321,False,True,29,3,13,13,26,1,False,True,Carole Baskin,Carole Baskin,14
2,Carole Baskin,12.0,0.0078842252654652,0.0044630394930891,3.150007825551007e-05,0.0340084209431116,True,True,29,3,14,14,28,1,True,True,Carole Baskin,Carole Baskin,14
4,Chrishell Stause,22.0,0.064380055711238,0.0447799988393473,0.0087447368774326,0.2444452354873916,False,True,29,3,4,8,12,1,False,True,Carole Baskin,Carole Baskin,14
5,Jeannie Mai,22.0,0.0923856462657998,0.06703195828269,0.0113922299389313,0.3480128241799339,False,True,29,3,4,5,9,1,False,True,Carole Baskin,Carole Baskin,14
6,Jesse Metcalfe,20.0,0.0386172157160307,0.029022384372885,0.0029601205447659,0.1435356070194483,False,True,29,3,9,12,21,1,False,True,Carole Baskin,Carole Baskin,14
7,Johnny Weir,24.0,0.1069836178748106,0.0755147141320056,0.0142144931084438,0.4039697521231668,False,True,29,3,1,3,4,1,False,True,Carole Baskin,Carole Baskin,14
8,Justina Machado,19.0,0.0670430417128331,0.0411439950622893,0.0030485881414518,0.3069072970931502,False,True,29,3,10,7,17,1,False,True,Carole Baskin,Carole Baskin,14
9,Kaitlyn Bristowe,23.0,0.1304760709255555,0.090190635623631,0.0132109109099413,0.4951226851492953,False,True,29,3,3,2,5,1,False,True,Carole Baskin,Carole Baskin,14
10,Monica Aldama,21.0,0.0719815811918662,0.0486770133547125,0.005918986086434,0.2639805082002069,False,True,29,3,7,6,13,1,False,True,Carole Baskin,Carole Baskin,14
11,Nelly,18.0,0.1019012724159623,0.0823989915400952,0.0017219974340182,0.325796127646054,False,True,29,3,11,4,15,1,False,True,Carole Baskin,Carole Baskin,14
12,Nev Schulman,24.0,0.1535349846396742,0.1164996126677391,0.0149467727419086,0.5054115427419417,False,True,29,3,1,1,2,1,False,True,Carole Baskin,Carole Baskin,14
13,Skai Jackson,18.0,0.0568736900599112,0.0396836162692649,0.002041121157036,0.2298451478672225,False,True,29,3,11,9,20,1,False,True,Carole Baskin,Carole Baskin,14
14,Veron Davis,22.0,0.049083827790351,0.0360484414816689,0.0061789968233662,0.1845995109971522,False,True,29,3,4,11,15,1,False,True,Carole Baskin,Carole Baskin,14
0,AJ McLean,24.0,0.0456599949419164,0.0345264093379173,0.0015587998042916,0.1626984113121421,False,True,29,4,3,7,10,1,False,True,Anne Heche,Anne Heche,13
1,Anne Heche,21.0,0.0108950973221006,0.0069578435259898,6.56256711635666e-05,0.045182189574589,True,True,29,4,10,13,23,1,True,True,Anne Heche,Anne Heche,13
4,Chrishell Stause,22.0,0.02296970526263,0.0142820633115691,0.0002504100114368,0.0981447432454358,False,True,29,4,8,10,18,1,False,True,Anne Heche,Anne Heche,13
5,Jeannie Mai,21.0,0.027766492084327,0.0150679081020979,8.54090395931447e-05,0.1434848998166241,False,True,29,4,10,9,19,1,False,True,Anne Heche,Anne Heche,13
6,Jesse Metcalfe,21.0,0.0155165331779543,0.0114923140637042,7.339403629445359e-05,0.0576606954446848,False,True,29,4,10,12,22,1,False,True,Anne Heche,Anne Heche,13
7,Johnny Weir,24.0,0.0422333606840298,0.0315277092064254,0.0022553877045635,0.1537089006448635,False,True,29,4,3,8,11,1,False,True,Anne Heche,Anne Heche,13
8,Justina Machado,24.0,0.0922108329420625,0.0604842765982107,0.0024908113952191,0.393525071339341,False,True,29,4,3,3,6,1,False,True,Anne Heche,Anne Heche,13
9,Kaitlyn Bristowe,25.0,0.1015568470740898,0.0651410429564523,0.0070151633505027,0.3871541480775853,False,True,29,4,2,2,4,1,False,True,Anne Heche,Anne Heche,13
10,Monica Aldama,24.0,0.06512526920724,0.0405130848119911,0.0023228199888942,0.2555966409828957,False,True,29,4,3,6,9,1,False,True,Anne Heche,Anne Heche,13
11,Nelly,21.0,0.0707920150525896,0.0525035929785548,0.0001471403636997,0.2488150638920982,False,True,29,4,10,4,14,1,False,True,Anne Heche,Anne Heche,13
12,Nev Schulman,24.0,0.0659961219386446,0.0441642392357562,0.0023281207904256,0.2672827697014402,False,True,29,4,3,5,8,1,False,True,Anne Heche,Anne Heche,13
13,Skai Jackson,28.0,0.4230499991887677,0.3574029600023705,0.0763877542883089,0.9589463213821356,False,True,29,4,1,1,2,1,False,True,Anne Heche,Anne Heche,13
14,Veron Davis,22.0,0.016227731123647,0.0118346412074122,0.000218492449648,0.061123042095923,False,True,29,4,8,11,19,1,False,True,Anne Heche,Anne Heche,13
0,AJ McLean,24.0,0.0410568716248524,0.0318341155521206,0.0031389543926036,0.1354251535911574,False,True,29,5,5,9,14,1,False,True,Jesse Metcalfe,Jesse Metcalfe,12
4,Chrishell Stause,19.0,0.013628241534959,0.007766309966061,0.0001028653025352,0.062017718762503,False,True,29,5,11,11,22,1,False,True,Jesse Metcalfe,Jesse Metcalfe,12
5,Jeannie Mai,24.0,0.0620462710108177,0.0426436431326736,0.0043764085008383,0.2646048558789227,False,True,29,5,5,8,13,1,False,True,Jesse Metcalfe,Jesse Metcalfe,12
6,Jesse Metcalfe,19.0,0.0124341945004879,0.0088882768373524,8.608218011909541e-05,0.0475989803957059,True,True,29,5,11,12,23,1,True,True,Jesse Metcalfe,Jesse Metcalfe,12
7,Johnny Weir,29.0,0.181163312625335,0.1182299480921047,0.020370225829693,0.6744164378941099,False,True,29,5,1,1,2,1,False,True,Jesse Metcalfe,Jesse Metcalfe,12
8,Justina Machado,24.0,0.0847817176949446,0.0547400126061731,0.0042185932148131,0.3628983116798288,False,True,29,5,5,7,12,1,False,True,Jesse Metcalfe,Jesse Metcalfe,12
9,Kaitlyn Bristowe,27.0,0.1489066003786483,0.0995706418366517,0.0146442244385234,0.5387519871357694,False,True,29,5,2,3,5,1,False,True,Jesse Metcalfe,Jesse Metcalfe,12
10,Monica Aldama,26.0,0.0997058041787009,0.0690274250855451,0.007761402921905,0.3627922482560393,False,True,29,5,3,5,8,1,False,True,Jesse Metcalfe,Jesse Metcalfe,12
11,Nelly,24.0,0.1536941783309841,0.1304401290195602,0.0047672590124684,0.4445061658998998,False,True,29,5,5,2,7,1,False,True,Jesse Metcalfe,Jesse Metcalfe,12
12,Nev Schulman,26.0,0.1013990148448409,0.0755619432250009,0.008632893249035,0.3602913346417811,False,True,29,5,3,4,7,1,False,True,Jesse Metcalfe,Jesse Metcalfe,12
13,Skai Jackson,24.0,0.0866483557880953,0.0647921680705151,0.0050467094569518,0.3353674017758177,False,True,29,5,5,6,11,1,False,True,Jesse Metcalfe,Jesse Metcalfe,12
14,Veron Davis,21.0,0.0145354374873335,0.0101463065362553,0.000433178719363,0.0519237347311086,False,True,29,5,10,10,20,1,False,True,Jesse Metcalfe,Jesse Metcalfe,12
0,AJ McLean,27.0,0.0975742041622232,0.0754960962732133,0.0098110598881931,0.3308262084305892,False,True,29,6,1,6,7,1,False,True,Veron Davis,Veron Davis,11
4,Chrishell Stause,24.0,0.0405202978238155,0.0282455157598461,0.0043827351604444,0.1643232496419407,False,True,29,6,7,8,15,1,False,True,Veron Davis,Veron Davis,11
5,Jeannie Mai,25.0,0.0785902884651604,0.05448419176048,0.0078969310422006,0.3317990076811183,False,True,29,6,6,7,13,1,False,True,Veron Davis,Veron Davis,11
7,Johnny Weir,22.0,0.0238097192248414,0.0162670916281741,0.0011541071986212,0.091015791460337,False,True,29,6,9,10,19,1,False,True,Veron Davis,Veron Davis,11
8,Justina Machado,27.0,0.1763841042156947,0.1328562120869605,0.0187985296689708,0.5435088762011517,False,True,29,6,1,1,2,1,False,True,Veron Davis,Veron Davis,11
9,Kaitlyn Bristowe,27.0,0.1498105955151512,0.1027012505684877,0.0149480009959792,0.5276853245578305,False,True,29,6,1,3,4,1,False,True,Veron Davis,Veron Davis,11
10,Monica Aldama,27.0,0.1372017345337297,0.0965025134359738,0.0099513902823287,0.5129196277113546,False,True,29,6,1,4,5,1,False,True,Veron Davis,Veron Davis,11
11,Nelly,24.0,0.152422291648755,0.1294452654214488,0.0049302042929292,0.4378625220171149,False,True,29,6,7,2,9,1,False,True,Veron Davis,Veron Davis,11
12,Nev Schulman,26.0,0.1022888249546738,0.0729269722449523,0.0093342763589499,0.3631662279106502,False,True,29,6,5,5,10,1,False,True,Veron Davis,Veron Davis,11
13,Skai Jackson,18.0,0.0271788929986979,0.0132989350335092,0.0001028580083076,0.1392933851530782,False,True,29,6,11,9,20,1,False,True,Veron Davis,Veron Davis,11
14,Veron Davis,21.0,0.0142190464572567,0.0096437234904775,0.000479496667349,0.0512141712181222,True,True,29,6,10,11,21,1,True,True,Veron Davis,Veron Davis,11
0,AJ McLean,26.0,0.042914860570316,0.0315639535387622,0.002864743247204,0.1579446705587679,False,True,29,7,5,7,12,2,False,False,Kaitlyn Bristowe; Monica Aldama,Jeannie Mai; Monica Aldama,10
4,Chrishell Stause,26.0,0.0429049732866242,0.0295185787857878,0.0023044514707723,0.1655774311210424,False,True,29,7,5,8,13,2,False,False,Kaitlyn Bristowe; Monica Aldama,Jeannie Mai; Monica Aldama,10
5,Jeannie Mai,25.0,0.0468467421395989,0.031018655724417,0.0010295610875575,0.2193518694613043,True,True,29,7,8,6,14,2,False,False,Kaitlyn Bristowe; Monica Aldama,Jeannie Mai; Monica Aldama,10
7,Johnny Weir,27.0,0.0598957399515105,0.043226943099536,0.0056775523341711,0.2148572378787394,False,True,29,7,2,5,7,2,False,False,Kaitlyn Bristowe; Monica Aldama,Jeannie Mai; Monica Aldama,10
8,Justina Machado,26.0,0.088137231589012,0.0572796631793104,0.0029390082306057,0.3622917749040671,False,True,29,7,5,4,9,2,False,False,Kaitlyn Bristowe; Monica Aldama,Jeannie Mai; Monica Aldama,10
9,Kaitlyn Bristowe,24.0,0.034844091383903,0.0197549452284628,0.0004692868988749,0.1686391677560099,False,True,29,7,9,9,18,2,True,False,Kaitlyn Bristowe; Monica Aldama,Jeannie Mai; Monica Aldama,10
10,Monica Aldama,22.0,0.0190410323616994,0.0084848132849861,6.489443086558169e-05,0.0996407147541592,True,True,29,7,10,10,20,2,True,False,Kaitlyn Bristowe; Monica Aldama,Jeannie Mai; Monica Aldama,10
11,Nelly,27.0,0.2219478691269663,0.1976016105411568,0.0095016222141522,0.5863124713452693,False,True,29,7,2,2,4,2,False,False,Kaitlyn Bristowe; Monica Aldama,Jeannie Mai; Monica Aldama,10
12,Nev Schulman,30.0,0.3159533359879378,0.246341739521132,0.0297801024885568,0.89275174184686,False,True,29,7,1,1,2,2,False,False,Kaitlyn Bristowe; Monica Aldama,Jeannie Mai; Monica Aldama,10
13,Skai Jackson,27.0,0.1275141236024314,0.0954312440840334,0.0103032128045596,0.426735745097513,False,True,29,7,2,3,5,2,False,False,Kaitlyn Bristowe; Monica Aldama,Jeannie Mai; Monica Aldama,10
0,AJ McLean,27.0,0.0493393141398596,0.036036709450839,0.0029851800139581,0.1732970698167177,False,True,29,8,5,7,12,1,False,False,Nelly,Chrishell Stause,8
4,Chrishell Stause,27.0,0.0481508493254711,0.0341818349162762,0.0027728195380013,0.1783834256166532,True,True,29,8,5,8,13,1,False,False,Nelly,Chrishell Stause,8
7,Johnny Weir,30.0,0.1715767308292596,0.1240300943784694,0.0229342603975326,0.5995512821334059,False,True,29,8,1,3,4,1,False,False,Nelly,Chrishell Stause,8
8,Justina Machado,28.9998,0.2006845546911241,0.1616419999848309,0.0199684719072967,0.5827296882786072,False,True,29,8,3,2,5,1,False,False,Nelly,Chrishell Stause,8
9,Kaitlyn Bristowe,28.0,0.1115108265680079,0.0751110119842938,0.0083445891238553,0.4080981295376379,False,True,29,8,4,4,8,1,False,False,Nelly,Chrishell Stause,8
11,Nelly,24.0,0.0760367639570102,0.0495382708984382,0.0001532521742403,0.2798528361410337,False,True,29,8,8,6,14,1,True,False,Nelly,Chrishell Stause,8
12,Nev Schulman,30.0,0.2406901637189924,0.1961458812934145,0.0245448239050542,0.6986243778318292,False,True,29,8,1,1,2,1,False,False,Nelly,Chrishell Stause,8
13,Skai Jackson,26.9998,0.1020107967702748,0.0790001378781711,0.0044291463278817,0.3756246518220165,False,True,29,8,7,5,12,1,False,False,Nelly,Chrishell Stause,8
0,AJ McLean,24.9998,0.0337523929307237,0.0224308179406217,0.0007292233226074,0.1223378762018562,True,True,29,9,6,7,13,1,True,True,AJ McLean,AJ McLean,7
7,Johnny Weir,30.0,0.1567509698715545,0.1153429638978909,0.0189816393089511,0.5400255479004117,False,True,29,9,1,4,5,1,False,True,AJ McLean,AJ McLean,7
8,Justina Machado,25.9998,0.09005266752353,0.0537450942936404,0.002140848394339,0.4053656106157342,False,True,29,9,5,6,11,1,False,True,AJ McLean,AJ McLean,7
9,Kaitlyn Bristowe,30.0,0.240512067016694,0.1808224465577755,0.0251348896336825,0.7464972621941456,False,True,29,9,1,1,2,1,False,True,AJ McLean,AJ McLean,7
11,Nelly,24.0,0.1039694519294852,0.0758901893134659,0.0003762067165002,0.352700862366899,False,True,29,9,7,5,12,1,False,True,AJ McLean,AJ McLean,7
12,Nev Schulman,28.9998,0.1579522177812164,0.1244216952543247,0.0130498556191773,0.5020415357349699,False,True,29,9,3,3,6,1,False,True,AJ McLean,AJ McLean,7
13,Skai Jackson,28.9998,0.2170102329467959,0.1832350119269995,0.0206945513315395,0.6035649532604139,False,True,29,9,3,2,5,1,False,True,AJ McLean,AJ McLean,7
7,Johnny Weir,28.5,0.04414587014408,0.0319916333951079,0.0014225567525105,0.1710001200665801,True,True,29,10,4,6,10,2,True,False,Johnny Weir; Nelly,Johnny Weir; Skai Jackson,6
8,Justina Machado,29.0,0.1413218059504809,0.1002557645996323,0.0063591319845951,0.5319266518914865,False,True,29,10,3,3,6,2,False,False,Johnny Weir; Nelly,Johnny Weir; Skai Jackson,6
9,Kaitlyn Bristowe,30.0,0.3055619875697406,0.2373279109159255,0.0307428397658548,0.8330939884530104,False,True,29,10,1,1,2,2,False,False,Johnny Weir; Nelly,Johnny Weir; Skai Jackson,6
11,Nelly,28.0,0.1268326209644171,0.0914753540029771,0.0005197276756789,0.4207531900961295,False,True,29,10,6,4,10,2,True,False,Johnny Weir; Nelly,Johnny Weir; Skai Jackson,6
12,Nev Schulman,30.0,0.2831849294789267,0.2357505409926417,0.0258874530957867,0.7994381888273875,False,True,29,10,1,2,3,2,False,False,Johnny Weir; Nelly,Johnny Weir; Skai Jackson,6
13,Skai Jackson,28.5,0.0989527858923544,0.0707533950787763,0.0023573356921936,0.3796076612103801,True,True,29,10,4,5,9,2,False,False,Johnny Weir; Nelly,Johnny Weir; Skai Jackson,6
0,Amanda Kloots,28.0,0.1335697276712858,0.095947216746125,0.0129173447825342,0.5084439226331066,False,True,30,1,2,2,4,0,False,True,,,15
1,Brian Austin Green,24.0,0.0415567193633231,0.0347421651127594,0.0041313271504206,0.1205157716336792,False,True,30,1,9,10,19,0,False,True,,,15
2,Christine Chiu,25.0,0.0171817233488884,0.0122225418032505,0.001791819099381,0.0580584470412088,False,True,30,1,7,14,21,0,False,True,,,15
3,Cody Rigsby,24.0,0.1276534328107355,0.1057290987378878,0.0060233206399934,0.3946545507658276,False,True,30,1,9,3,12,0,False,True,,,15
4,Iman Shumpert,21.0,0.0771156519689774,0.0560975062063095,0.0011711021113597,0.2804629478882862,False,True,30,1,14,5,19,0,False,True,,,15
5,Jimmie Allen,22.0,0.0312373131370584,0.024094268819133,0.0015307936489254,0.1076691053472706,False,True,30,1,13,13,26,0,False,True,,,15
6,JoJo Siwa,29.0,0.1672067021372583,0.1299078083314709,0.0166389355523421,0.5447716712830336,False,True,30,1,1,1,2,0,False,True,,,15
7,Kenya Moore,26.0,0.0619743185431568,0.0432045208991213,0.0076186095275596,0.2618753062429761,False,True,30,1,5,6,11,0,False,True,,,15
8,Martin Kove,13.0,0.0047038187615202,0.0026882635700719,6.456775159571173e-06,0.020583498821526,False,True,30,1,15,15,30,0,False,True,,,15
9,Matt James,24.0,0.0410236120668852,0.0314394017317184,0.0040883478820496,0.1251015647853356,False,True,30,1,9,11,20,0,False,True,,,15
10,Melanie C,27.0,0.0343680604905928,0.023101998926697,0.0049205223763311,0.13893079589203,False,True,30,1,4,12,16,0,False,True,,,15
11,Melora Hardin,26.0,0.0545077659366015,0.0396339719984049,0.0070010264178219,0.1974988673211645,False,True,30,1,5,7,12,0,False,True,,,15
12,"Mike ""The Miz"" Mizanin",24.0,0.0480255288708888,0.0371151035060927,0.0041599556552696,0.1440163283150282,False,True,30,1,9,9,18,0,False,True,,,15
13,Olivia Jade,25.0,0.0488047929896811,0.0346043130958947,0.0044653128530125,0.1763305934527222,False,True,30,1,7,8,15,0,False,True,,,15
14,Suni Lee,28.0,0.111070831903146,0.0779823630283172,0.0128017155605092,0.4567790673611809,False,True,30,1,2,4,6,0,False,True,,,15
0,Amanda Kloots,32.0,0.2075065608668621,0.1475711959083661,0.018927283791825,0.6929738671699126,False,True,30,2,1,1,2,1,False,True,Martin Kove,Martin Kove,15
1,Brian Austin Green,23.0,0.0261726859517594,0.0221721612442952,0.0010279315819139,0.0803462672349445,False,True,30,2,13,12,25,1,False,True,Martin Kove,Martin Kove,15
2,Christine Chiu,24.0,0.0098168779021737,0.0074575174327933,0.0006044454344881,0.0339233277658412,False,True,30,2,10,14,24,1,False,True,Martin Kove,Martin Kove,15
3,Cody Rigsby,24.0,0.0994136975467202,0.0784065845008087,0.0023577149883167,0.3376891075244334,False,True,30,2,10,4,14,1,False,True,Martin Kove,Martin Kove,15
4,Iman Shumpert,25.0,0.1119608435824104,0.0912918944291267,0.0037274690115499,0.3821006606053188,False,True,30,2,9,3,12,1,False,True,Martin Kove,Martin Kove,15
5,Jimmie Allen,27.0,0.0593113039191459,0.0473329201490103,0.0057035778862816,0.2021445029014618,False,True,30,2,5,6,11,1,False,True,Martin Kove,Martin Kove,15
6,JoJo Siwa,31.0,0.1627989015052458,0.1249410036312628,0.0156258748220796,0.5329385793494058,False,True,30,2,2,2,4,1,False,True,Martin Kove,Martin Kove,15
7,Kenya Moore,24.0,0.0290972760977993,0.0195762883259968,0.0018184282971796,0.1206550410269986,False,True,30,2,10,11,21,1,False,True,Martin Kove,Martin Kove,15
8,Martin Kove,15.0,0.0055619000845058,0.0033695270871051,9.22890239078311e-06,0.0243012815284179,True,True,30,2,15,15,30,1,True,True,Martin Kove,Martin Kove,15
9,Matt James,22.0,0.022769201214432,0.0163159876485506,0.0004922837931247,0.0751072720902926,False,True,30,2,14,13,27,1,False,True,Martin Kove,Martin Kove,15
10,Melanie C,30.0,0.0456029708721061,0.0282366837024922,0.0057480392164784,0.2012136543394874,False,True,30,2,3,10,13,1,False,True,Martin Kove,Martin Kove,15
11,Melora Hardin,27.0,0.0460073615062861,0.0328873414951062,0.0051218882063017,0.1696190697477156,False,True,30,2,5,9,14,1,False,True,Martin Kove,Martin Kove,15
12,"Mike ""The Miz"" Mizanin",26.0,0.0510791596578862,0.0402291117009823,0.0039005895334573,0.1603926343889067,False,True,30,2,8,8,16,1,False,True,Martin Kove,Martin Kove,15
13,Olivia Jade,27.0,0.0512831184709911,0.0368880455051967,0.0044113826441553,0.190292851144408,False,True,30,2,5,7,12,1,False,True,Martin Kove,Martin Kove,15
14,Suni Lee,28.0,0.0716181408216751,0.0486871056468477,0.0064714890064403,0.289809685299951,False,True,30,2,4,5,9,1,False,True,Martin Kove,Martin Kove,15
0,Amanda Kloots,24.0,0.1894314044167082,0.1408670277208563,0.0186227663816836,0.648206574708228,False,True,30,3,1,1,2,1,False,False,Brian Austin Green,Christine Chiu,14
1,Brian Austin Green,19.0,0.0209454802907416,0.0170449959914438,0.0002642264695797,0.0666311166226836,False,True,30,3,12,13,25,1,True,False,Brian Austin Green,Christine Chiu,14
2,Christine Chiu,21.0,0.0132648017785506,0.0097856314002412,0.0009666831988234,0.0440605597833713,True,True,30,3,7,14,21,1,False,False,Brian Austin Green,Christine Chiu,14
3,Cody Rigsby,18.0,0.0533522553104562,0.0366013038975609,0.0001362926567444,0.2334397761867881,False,True,30,3,14,7,21,1,False,False,Brian Austin Green,Christine Chiu,14
4,Iman Shumpert,19.0,0.0706321722667506,0.0493249887504452,0.0004372677433399,0.2691547844179796,False,True,30,3,12,5,17,1,False,False,Brian Austin Green,Christine Chiu,14
5,Jimmie Allen,20.0,0.0321045297184593,0.0242828922223171,0.0008519200189454,0.1138120816759584,False,True,30,3,10,10,20,1,False,False,Brian Austin Green,Christine Chiu,14
6,JoJo Siwa,24.0,0.1894240111858577,0.1500675039775413,0.0179768765278598,0.610816557295257,False,True,30,3,1,2,3,1,False,False,Brian Austin Green,Christine Chiu,14
7,Kenya Moore,21.0,0.0390739380630698,0.0260020857694619,0.0027185533914089,0.1628273019908003,False,True,30,3,7,9,16,1,False,False,Brian Austin Green,Christine Chiu,14
9,Matt James,20.0,0.0296502648918931,0.0217556028836793,0.0008004562444087,0.0926247238143908,False,True,30,3,10,11,21,1,False,False,Brian Austin Green,Christine Chiu,14
10,Melanie C,22.0,0.0235091961816276,0.0185708207866584,0.0037300065573972,0.0823900779252667,False,True,30,3,5,12,17,1,False,False,Brian Austin Green,Christine Chiu,14
11,Melora Hardin,23.0,0.0786964421889634,0.0568397371739287,0.0106753825693189,0.2872201231569803,False,True,30,3,4,4,8,1,False,False,Brian Austin Green,Christine Chiu,14
12,"Mike ""The Miz"" Mizanin",22.0,0.0699220004946517,0.0537766747164571,0.0066013209235773,0.2146781354447385,False,True,30,3,5,6,11,1,False,False,Brian Austin Green,Christine Chiu,14
13,Olivia Jade,24.0,0.1448518045942372,0.0979824186134553,0.0140308962949068,0.5149216718910872,False,True,30,3,1,3,4,1,False,False,Brian Austin Green,Christine Chiu,14
14,Suni Lee,21.0,0.0451416986180322,0.0298274814736763,0.002674355662988,0.1826905647899034,False,True,30,3,7,8,15,1,False,False,Brian Austin Green,Christine Chiu,14
0,Amanda Kloots,34.0,0.1068678381194499,0.0764199207944382,0.0116960120728211,0.4313125111663161,False,True,30,4,4,4,8,2,False,True,Brian Austin Green; Matt James,Brian Austin Green; Matt James,13
1,Brian Austin Green,26.0,0.012685795705435,0.0097321246210286,6.157971713766921e-05,0.0419554860371045,True,True,30,4,13,13,26,2,True,True,Brian Austin Green; Matt James,Brian Austin Green; Matt James,13
3,Cody Rigsby,29.0,0.0773879097889892,0.0572593276618514,0.000822692200757,0.2873675870846305,False,True,30,4,11,7,18,2,False,True,Brian Austin Green; Matt James,Brian Austin Green; Matt James,13
4,Iman Shumpert,31.5,0.1239246153195426,0.1030687515888338,0.004395595818313,0.4183256813775422,False,True,30,4,9,3,12,2,False,True,Brian Austin Green; Matt James,Brian Austin Green; Matt James,13
5,Jimmie Allen,32.5,0.0592356226922689,0.046535227327229,0.0049859381115353,0.1965506393045952,False,True,30,4,7,9,16,2,False,True,Brian Austin Green; Matt James,Brian Austin Green; Matt James,13
6,JoJo Siwa,35.0,0.1427144028017507,0.1084080104138404,0.0112777864191833,0.5021203755191879,False,True,30,4,2,2,4,2,False,True,Brian Austin Green; Matt James,Brian Austin Green; Matt James,13
7,Kenya Moore,29.5,0.0240114503811947,0.0161566611385101,0.0010557217289485,0.0975179932572846,False,True,30,4,10,11,21,2,False,True,Brian Austin Green; Matt James,Brian Austin Green; Matt James,13
9,Matt James,28.5,0.0216016022123844,0.0153424307101025,0.0004088561117528,0.0679027131448988,True,True,30,4,12,12,24,2,True,True,Brian Austin Green; Matt James,Brian Austin Green; Matt James,13
10,Melanie C,33.0,0.0240392067149718,0.0187109661587625,0.0035621386298816,0.0860557133088668,False,True,30,4,6,10,16,2,False,True,Brian Austin Green; Matt James,Brian Austin Green; Matt James,13
11,Melora Hardin,36.5,0.1550872648018474,0.1001105031838145,0.0167744824698919,0.5777912512744704,False,True,30,4,1,1,2,2,False,True,Brian Austin Green; Matt James,Brian Austin Green; Matt James,13
12,"Mike ""The Miz"" Mizanin",32.5,0.0607410078176433,0.0479766283889201,0.0063398144432193,0.1867445594595684,False,True,30,4,7,8,15,2,False,True,Brian Austin Green; Matt James,Brian Austin Green; Matt James,13
13,Olivia Jade,35.0,0.104326904075107,0.0734028587418207,0.0113128610557213,0.3823434564065324,False,True,30,4,2,5,7,2,False,True,Brian Austin Green; Matt James,Brian Austin Green; Matt James,13
14,Suni Lee,34.0,0.0873763795694145,0.0610300994409019,0.0094179673196659,0.3466168361941499,False,True,30,4,4,6,10,2,False,True,Brian Austin Green; Matt James,Brian Austin Green; Matt James,13
0,Amanda Kloots,39.0,0.2005576123191124,0.15038019291061,0.0177104092456629,0.6419687910648707,False,True,30,5,2,2,4,1,False,False,"Mike ""The Miz"" Mizanin",Melanie C,11
3,Cody Rigsby,32.0,0.0979558363306921,0.0747929959215182,0.0013114084138115,0.3542220466626322,False,True,30,5,9,3,12,1,False,False,"Mike ""The Miz"" Mizanin",Melanie C,11
4,Iman Shumpert,28.0,0.0515709906528507,0.0296449316268784,7.689471122761028e-05,0.2189905692303893,False,True,30,5,11,8,19,1,False,False,"Mike ""The Miz"" Mizanin",Melanie C,11
5,Jimmie Allen,34.0,0.0500244345526309,0.0389007607106948,0.0026460777221574,0.1619870884137307,False,True,30,5,8,9,17,1,False,False,"Mike ""The Miz"" Mizanin",Melanie C,11
6,JoJo Siwa,40.0,0.261115343251629,0.2120662455098253,0.0246498886711807,0.7247844537030222,False,True,30,5,1,1,2,1,False,False,"Mike ""The Miz"" Mizanin",Melanie C,11
7,Kenya Moore,36.0,0.0696082289812892,0.0468354718368963,0.0065624527649995,0.2857102153939163,False,True,30,5,3,5,8,1,False,False,"Mike ""The Miz"" Mizanin",Melanie C,11
10,Melanie C,36.0,0.0283554567107094,0.0216086061010172,0.0040149731727185,0.0996371983506517,True,True,30,5,3,11,14,1,False,False,"Mike ""The Miz"" Mizanin",Melanie C,11
11,Melora Hardin,36.0,0.0605650062465572,0.0433399491023448,0.006898282510183,0.2138521895695542,False,True,30,5,3,7,10,1,False,False,"Mike ""The Miz"" Mizanin",Melanie C,11
12,"Mike ""The Miz"" Mizanin",32.0,0.0348770951504865,0.0259758026777067,0.0007909234265119,0.1161679055238879,False,True,30,5,9,10,19,1,True,False,"Mike ""The Miz"" Mizanin",Melanie C,11
13,Olivia Jade,36.0,0.068297645178603,0.0499985892820256,0.005939955518342,0.2578550737117264,False,True,30,5,3,6,9,1,False,False,"Mike ""The Miz"" Mizanin",Melanie C,11
14,Suni Lee,36.0,0.0770723506254393,0.0534578099680737,0.0069577286643047,0.2787758878089426,False,True,30,5,3,4,7,1,False,False,"Mike ""The Miz"" Mizanin",Melanie C,11
0,Amanda Kloots,38.0,0.1007557936898161,0.0686050230686516,0.0091191211672975,0.4200836427287652,False,True,30,6,3,4,7,1,False,True,Kenya Moore,Kenya Moore,10
3,Cody Rigsby,36.0,0.1260586421560938,0.1007063662526947,0.004192228207681,0.4053037840574471,False,True,30,6,5,3,8,1,False,True,Kenya Moore,Kenya Moore,10
4,Iman Shumpert,40.0,0.3548633572234798,0.3231181645263936,0.0777654133526139,0.7879223916934143,False,True,30,6,1,1,2,1,False,True,Kenya Moore,Kenya Moore,10
5,Jimmie Allen,38.0,0.0819242500793636,0.0625087182535199,0.0096950883174789,0.300445172794562,False,True,30,6,3,5,8,1,False,True,Kenya Moore,Kenya Moore,10
6,JoJo Siwa,40.0,0.1921488523418038,0.1467028094233279,0.0182944364669062,0.5915086399003227,False,True,30,6,1,2,3,1,False,True,Kenya Moore,Kenya Moore,10
7,Kenya Moore,32.0,0.0133037871385122,0.0081021336530886,0.0001561233004826,0.0587558828249643,True,True,30,6,10,10,20,1,True,True,Kenya Moore,Kenya Moore,10
11,Melora Hardin,34.0,0.020896489187963,0.0134116459779864,0.0005518663682594,0.0809344703096372,False,True,30,6,8,9,17,1,False,True,Kenya Moore,Kenya Moore,10
12,"Mike ""The Miz"" Mizanin",34.0,0.0266457633284976,0.0190552635047075,0.0005976331271968,0.0915476823838187,False,True,30,6,8,8,16,1,False,True,Kenya Moore,Kenya Moore,10
13,Olivia Jade,36.0,0.0383343157304487,0.0267661746773704,0.002759606239267,0.1520723326157947,False,True,30,6,5,7,12,1,False,True,Kenya Moore,Kenya Moore,10
14,Suni Lee,36.0,0.045068749124021,0.0290947496784564,0.0027290919743588,0.1930228907217581,False,True,30,6,5,6,11,1,False,True,Kenya Moore,Kenya Moore,10
0,Amanda Kloots,34.0,0.0480352005266909,0.0285560960577027,0.0012166255391234,0.2198521193093386,False,True,30,7,6,7,13,1,False,True,"Mike ""The Miz"" Mizanin","Mike ""The Miz"" Mizanin",9
3,Cody Rigsby,36.0,0.1644473202198089,0.1448688894654722,0.0046170222028837,0.4788400989718856,False,True,30,7,5,2,7,1,False,True,"Mike ""The Miz"" Mizanin","Mike ""The Miz"" Mizanin",9
4,Iman Shumpert,34.0,0.1078244209141198,0.0829086427619661,0.000858853482967,0.3755909974139436,False,True,30,7,6,4,10,1,False,True,"Mike ""The Miz"" Mizanin","Mike ""The Miz"" Mizanin",9
5,Jimmie Allen,38.0,0.0983827391275915,0.0775630035955914,0.009504504618946,0.3202569338865309,False,True,30,7,3,5,8,1,False,True,"Mike ""The Miz"" Mizanin","Mike ""The Miz"" Mizanin",9
6,JoJo Siwa,39.0,0.1563874391687741,0.1202105242596308,0.0129266034654985,0.5463350080122882,False,True,30,7,2,3,5,1,False,True,"Mike ""The Miz"" Mizanin","Mike ""The Miz"" Mizanin",9
11,Melora Hardin,38.0,0.0761867384975025,0.0534349499494207,0.0087926506830016,0.2850294087328834,False,True,30,7,3,6,9,1,False,True,"Mike ""The Miz"" Mizanin","Mike ""The Miz"" Mizanin",9
12,"Mike ""The Miz"" Mizanin",32.0,0.0262583608888065,0.019201117411486,0.0002131383076953,0.0926910824396669,True,True,30,7,9,9,18,1,True,True,"Mike ""The Miz"" Mizanin","Mike ""The Miz"" Mizanin",9
13,Olivia Jade,42.0,0.2845900389010786,0.1964460826558102,0.025571838228693,0.8708085313215089,False,True,30,7,1,1,2,1,False,True,"Mike ""The Miz"" Mizanin","Mike ""The Miz"" Mizanin",9
14,Suni Lee,34.0,0.0378877417556269,0.02369946791806,0.0009888678663497,0.1585897353154525,False,True,30,7,6,8,14,1,False,True,"Mike ""The Miz"" Mizanin","Mike ""The Miz"" Mizanin",9
0,Amanda Kloots,42.0,0.1932901367723491,0.1438284097013694,0.0192562622339298,0.6333384436119913,False,True,30,8,1,1,2,2,False,True,Jimmie Allen; Olivia Jade,Jimmie Allen; Olivia Jade,8
3,Cody Rigsby,38.0,0.1843071411214048,0.1617726145405091,0.0085803541864921,0.5184720732040461,False,True,30,8,5,2,7,2,False,True,Jimmie Allen; Olivia Jade,Jimmie Allen; Olivia Jade,8
4,Iman Shumpert,35.0,0.1101239756691777,0.0820085914909839,0.0014161667924285,0.3907889667102743,False,True,30,8,7,6,13,2,False,True,Jimmie Allen; Olivia Jade,Jimmie Allen; Olivia Jade,8
5,Jimmie Allen,32.0,0.0229639105802314,0.0163072499384499,0.0002201460996372,0.0828506647916433,True,True,30,8,8,8,16,2,True,True,Jimmie Allen; Olivia Jade,Jimmie Allen; Olivia Jade,8
6,JoJo Siwa,41.0,0.156091669296027,0.121137831327917,0.0117320586841046,0.5410474784657171,False,True,30,8,4,4,8,2,False,True,Jimmie Allen; Olivia Jade,Jimmie Allen; Olivia Jade,8
11,Melora Hardin,42.0,0.1326046122716552,0.0930542852752027,0.0161353442916044,0.5018486723009703,False,True,30,8,1,5,6,2,False,True,Jimmie Allen; Olivia Jade,Jimmie Allen; Olivia Jade,8
13,Olivia Jade,36.0,0.0391855465564526,0.0252358715024925,0.002047445905532,0.1523627096585178,True,True,30,8,6,7,13,2,True,True,Jimmie Allen; Olivia Jade,Jimmie Allen; Olivia Jade,8
14,Suni Lee,42.0,0.161433007732702,0.1184717323788301,0.0176385364260379,0.6062831036879136,False,True,30,8,1,3,4,2,False,True,Jimmie Allen; Olivia Jade,Jimmie Allen; Olivia Jade,8
0,Amanda Kloots,39.5,0.2510513778175497,0.1937760467859722,0.0206658239816121,0.7405222845927435,False,True,30,9,2,2,4,2,False,False,Cody Rigsby; Melora Hardin,Melora Hardin; Suni Lee,6
3,Cody Rigsby,35.5,0.1073253304471229,0.0796674235847015,0.0009222364810221,0.3814352086324409,False,True,30,9,6,4,10,2,True,False,Cody Rigsby; Melora Hardin,Melora Hardin; Suni Lee,6
4,Iman Shumpert,37.5,0.2105017125456843,0.1781537837901627,0.0089044812382255,0.5763461562850968,False,True,30,9,3,3,6,2,False,False,Cody Rigsby; Melora Hardin,Melora Hardin; Suni Lee,6
6,JoJo Siwa,40.0,0.3173749773419806,0.2691863904297605,0.0304111004334672,0.7858692135834865,False,True,30,9,1,1,2,2,False,False,Cody Rigsby; Melora Hardin,Melora Hardin; Suni Lee,6
11,Melora Hardin,36.0,0.0341384306842147,0.0223111656062847,0.0009629126743094,0.1315963426874596,True,True,30,9,5,6,11,2,True,False,Cody Rigsby; Melora Hardin,Melora Hardin; Suni Lee,6
14,Suni Lee,37.5,0.0796081711634476,0.0544650664912308,0.0054496836987822,0.3015655635644129,True,True,30,9,3,5,8,2,False,False,Cody Rigsby; Melora Hardin,Melora Hardin; Suni Lee,6
0,Charli D'Amelio,32.0,0.214008644296595,0.1525452826992375,0.0194414901550035,0.6662333784812133,False,True,31,1,1,1,2,1,False,True,Jason Lewis,Jason Lewis,16
1,Cheryl Ladd,21.0,0.0202135965164167,0.014841252843941,0.0008660068593488,0.0579564703626022,False,True,31,1,10,13,23,1,False,True,Jason Lewis,Jason Lewis,16
2,Daniel Durant,27.0,0.0575987411050034,0.0454671808744912,0.0064694703742448,0.1769281842350793,False,True,31,1,6,7,13,1,False,True,Jason Lewis,Jason Lewis,16
3,Gabby Windey,28.0,0.1116820787924697,0.0818019386138705,0.0139604271419124,0.3881244145740189,False,True,31,1,3,4,7,1,False,True,Jason Lewis,Jason Lewis,16
4,Heidi D'Amelio,24.0,0.0305347266736196,0.0234917744987027,0.0025147318112383,0.0998847829866421,False,True,31,1,8,11,19,1,False,True,Jason Lewis,Jason Lewis,16
5,Jason Lewis,18.0,0.0080705777214733,0.0054320220604855,0.0002104353931111,0.0311622266825999,True,True,31,1,15,16,31,1,True,True,Jason Lewis,Jason Lewis,16
6,Jessie James Decker,20.0,0.014907485580609,0.0098537982412343,0.0004178162261837,0.049440894559585,False,True,31,1,12,14,26,1,False,True,Jason Lewis,Jason Lewis,16
7,Jordin Sparks,26.0,0.037505424495194,0.0286214862171193,0.0047706195358771,0.1198625404815452,False,True,31,1,7,9,16,1,False,True,Jason Lewis,Jason Lewis,16
8,Joseph Baena,23.0,0.0583908300669858,0.0386463886174058,0.0019996282322673,0.216224581979435,False,True,31,1,9,6,15,1,False,True,Jason Lewis,Jason Lewis,16
9,Sam Champion,20.0,0.0214766568035265,0.0163324345243602,0.0005528395023599,0.0656975638630319,False,True,31,1,12,12,24,1,False,True,Jason Lewis,Jason Lewis,16
10,Selma Blair,28.0,0.0914350532193597,0.0691806379081352,0.0085257033113298,0.3477170782702516,False,True,31,1,3,5,8,1,False,True,Jason Lewis,Jason Lewis,16
11,Shangela,28.0,0.1153865995439067,0.0866176626343092,0.0127038631537822,0.4080206653631966,False,True,31,1,3,3,6,1,False,True,Jason Lewis,Jason Lewis,16
12,Teresa Giudice,20.0,0.011140317761026,0.0079769607508039,0.0004573756344077,0.037944937816889,False,True,31,1,12,15,27,1,False,True,Jason Lewis,Jason Lewis,16
13,Trevor Donovan,21.0,0.0412553824262015,0.0296898438535626,0.0008842161551478,0.1416836313700206,False,True,31,1,10,8,18,1,False,True,Jason Lewis,Jason Lewis,16
14,Vinny Guadagnino,17.0,0.0366757630473084,0.0291455588875388,0.0001228807122115,0.1348848121709948,False,True,31,1,16,10,26,1,False,True,Jason Lewis,Jason Lewis,16
15,Wayne Brady,29.0,0.1297181219503043,0.1067044744952477,0.0177894122359342,0.4429009613138547,False,True,31,1,2,2,4,1,False,True,Jason Lewis,Jason Lewis,16
0,Charli D'Amelio,32.0,0.1470605120678914,0.1074880958028042,0.013925944794143,0.5136105764162756,False,True,31,2,1,3,4,1,False,True,Teresa Giudice,Teresa Giudice,15
1,Cheryl Ladd,21.0,0.0092161609957852,0.0059033724456716,6.735096068248559e-05,0.0354755820221333,False,True,31,2,15,14,29,1,False,True,Teresa Giudice,Teresa Giudice,15
2,Daniel Durant,29.0,0.0479684440690077,0.0371638101809258,0.0055587091839558,0.1489612662887947,False,True,31,2,5,8,13,1,False,True,Teresa Giudice,Teresa Giudice,15
3,Gabby Windey,32.0,0.1725708015961381,0.125161049182249,0.0240861692569856,0.5694835160798531,False,True,31,2,1,1,2,1,False,True,Teresa Giudice,Teresa Giudice,15
4,Heidi D'Amelio,28.0,0.0343811570543947,0.0274506527350341,0.0034090900336777,0.1103954381465268,False,True,31,2,6,10,16,1,False,True,Teresa Giudice,Teresa Giudice,15
6,Jessie James Decker,25.0,0.0162272834231699,0.0110200155542414,0.0005999020840202,0.0503639344178132,False,True,31,2,12,13,25,1,False,True,Teresa Giudice,Teresa Giudice,15
7,Jordin Sparks,27.0,0.0234304442550663,0.0172407791265097,0.0021920945157767,0.0771236554033366,False,True,31,2,9,12,21,1,False,True,Teresa Giudice,Teresa Giudice,15
8,Joseph Baena,24.0,0.0356542168768269,0.0209471320744871,0.0004353185278976,0.1504255487106413,False,True,31,2,13,9,22,1,False,True,Teresa Giudice,Teresa Giudice,15
9,Sam Champion,26.0,0.0282545784811739,0.0225992686421296,0.0014754905463108,0.0865121109420126,False,True,31,2,11,11,22,1,False,True,Teresa Giudice,Teresa Giudice,15
10,Selma Blair,28.0,0.0519996122846848,0.0358546406503841,0.0032121961893397,0.2033506181008537,False,True,31,2,6,7,13,1,False,True,Teresa Giudice,Teresa Giudice,15
11,Shangela,28.0,0.0657114334553955,0.047240223208935,0.0047429614583123,0.2678505081239918,False,True,31,2,6,6,12,1,False,True,Teresa Giudice,Teresa Giudice,15
12,Teresa Giudice,23.0,0.0081802816894469,0.0055715739837124,0.0001925485907059,0.0312192158917325,True,True,31,2,14,15,29,1,True,True,Teresa Giudice,Teresa Giudice,15
13,Trevor Donovan,30.0,0.1101435627326513,0.09350403799648,0.0133886608354071,0.3017796485665513,False,True,31,2,4,4,8,1,False,True,Teresa Giudice,Teresa Giudice,15
14,Vinny Guadagnino,27.0,0.0855595585042175,0.080725618287102,0.0023895460548393,0.268021466243788,False,True,31,2,9,5,14,1,False,True,Teresa Giudice,Teresa Giudice,15
15,Wayne Brady,32.0,0.1636419525141493,0.1311728596514772,0.0256211927972281,0.5426947272155562,False,True,31,2,1,2,3,1,False,True,Teresa Giudice,Teresa Giudice,15
0,Charli D'Amelio,33.0,0.1459138378401667,0.1098361167537142,0.0150212206572713,0.5040611758309884,False,True,31,3,1,3,4,1,False,True,Cheryl Ladd,Cheryl Ladd,14
1,Cheryl Ladd,24.0,0.0140995537723207,0.0097018702296519,0.0002803235521547,0.0493943630956042,True,True,31,3,13,14,27,1,True,True,Cheryl Ladd,Cheryl Ladd,14
2,Daniel Durant,31.0,0.0640558889863655,0.0506346815619926,0.0080890217305797,0.203104046011247,False,True,31,3,5,7,12,1,False,True,Cheryl Ladd,Cheryl Ladd,14
3,Gabby Windey,33.0,0.171753960590579,0.1259454527250556,0.0241181606899626,0.5754526685924909,False,True,31,3,1,1,2,1,False,True,Cheryl Ladd,Cheryl Ladd,14
4,Heidi D'Amelio,32.0,0.0772734744226313,0.0625520495963432,0.0097087117985774,0.2581098880935522,False,True,31,3,4,6,10,1,False,True,Cheryl Ladd,Cheryl Ladd,14
6,Jessie James Decker,26.0,0.0173633584854034,0.0120631327994869,0.0006189435493946,0.0556698330854446,False,True,31,3,11,13,24,1,False,True,Cheryl Ladd,Cheryl Ladd,14
7,Jordin Sparks,29.0,0.0308954418806258,0.0235268110772855,0.0034503545712522,0.1023447455093263,False,True,31,3,7,11,18,1,False,True,Cheryl Ladd,Cheryl Ladd,14
8,Joseph Baena,29.0,0.0776377052278168,0.0561914325263725,0.0040296336375364,0.2803997752467739,False,True,31,3,7,5,12,1,False,True,Cheryl Ladd,Cheryl Ladd,14
9,Sam Champion,25.0,0.0206256873721473,0.0158290936970728,0.0004720344457143,0.0630081681012808,False,True,31,3,12,12,24,1,False,True,Cheryl Ladd,Cheryl Ladd,14
10,Selma Blair,28.0,0.0440027490394408,0.0299777042668651,0.0019124581146215,0.1805056750620456,False,True,31,3,9,9,18,1,False,True,Cheryl Ladd,Cheryl Ladd,14
11,Shangela,30.0,0.0853997435270862,0.061764698341548,0.0075264182805968,0.3335188368908865,False,True,31,3,6,4,10,1,False,True,Cheryl Ladd,Cheryl Ladd,14
13,Trevor Donovan,27.0,0.0496136543284402,0.0384884693020446,0.0017095016172826,0.1648694074727791,False,True,31,3,10,8,18,1,False,True,Cheryl Ladd,Cheryl Ladd,14
14,Vinny Guadagnino,23.0,0.0372771624590101,0.0298852323051389,0.0001176311804151,0.1347465979614293,False,True,31,3,14,10,24,1,False,True,Cheryl Ladd,Cheryl Ladd,14
15,Wayne Brady,33.0,0.1640877820679657,0.1350885689737802,0.0239206754782338,0.5380339002935409,False,True,31,3,1,2,3,1,False,True,Cheryl Ladd,Cheryl Ladd,14
0,Charli D'Amelio,36.0,0.1579713338237693,0.1203554142112249,0.0158836892821656,0.528959902868429,False,True,31,4,1,3,4,1,False,True,Sam Champion,Sam Champion,13
2,Daniel Durant,29.0,0.0235059118911504,0.0175290060570448,0.0009577464485157,0.0707780944823028,False,True,31,4,9,12,21,1,False,True,Sam Champion,Sam Champion,13
3,Gabby Windey,36.0,0.1850658336452901,0.1388870111471287,0.0245337480787299,0.6038717659638932,False,True,31,4,1,1,2,1,False,True,Sam Champion,Sam Champion,13
4,Heidi D'Amelio,34.0,0.0651144321129463,0.0517646355235611,0.0079898936747425,0.2015148492227776,False,True,31,4,4,6,10,1,False,True,Sam Champion,Sam Champion,13
6,Jessie James Decker,31.0,0.0296566379314721,0.0231404466282661,0.0023508765910121,0.0865855308303739,False,True,31,4,8,11,19,1,False,True,Sam Champion,Sam Champion,13
7,Jordin Sparks,34.0,0.0566925124880722,0.0420203769399833,0.0073750245648815,0.1735734215331274,False,True,31,4,4,8,12,1,False,True,Sam Champion,Sam Champion,13
8,Joseph Baena,28.0,0.0432848884188497,0.0260895283898542,0.000619797882682,0.1829194369435106,False,True,31,4,11,9,20,1,False,True,Sam Champion,Sam Champion,13
9,Sam Champion,25.0,0.0144237040195149,0.0095938337164951,9.58809541510928e-05,0.0477231890151682,True,True,31,4,13,13,26,1,True,True,Sam Champion,Sam Champion,13
10,Selma Blair,32.0,0.0602759829875729,0.0431301214034747,0.0036428412098378,0.2323342276693265,False,True,31,4,6,7,13,1,False,True,Sam Champion,Sam Champion,13
11,Shangela,32.0,0.076438196419427,0.0569404905568537,0.0056439313633729,0.3072607397378259,False,True,31,4,6,4,10,1,False,True,Sam Champion,Sam Champion,13
13,Trevor Donovan,28.0,0.0399036744060422,0.0272898039091116,0.0006621071984448,0.1402872601661642,False,True,31,4,11,10,21,1,False,True,Sam Champion,Sam Champion,13
14,Vinny Guadagnino,29.0,0.0702443063946979,0.0650078898704662,0.0009142450531443,0.2206125145720553,False,True,31,4,9,5,14,1,False,True,Sam Champion,Sam Champion,13
15,Wayne Brady,36.0,0.1774225854611945,0.1465284533113038,0.0267940889816842,0.5834017929572215,False,True,31,4,1,2,3,1,False,True,Sam Champion,Sam Champion,13
0,Charli D'Amelio,42.0,0.188123958589528,0.1405004743586923,0.0190035532385225,0.6087407454266864,False,True,31,5,1,1,2,2,False,False,Daniel Durant; Vinny Guadagnino,Joseph Baena; Selma Blair,12
2,Daniel Durant,33.5,0.0189224466991199,0.0130696856168152,0.0004019604144521,0.0640257960858774,False,True,31,5,11,12,23,2,True,False,Daniel Durant; Vinny Guadagnino,Joseph Baena; Selma Blair,12
3,Gabby Windey,41.0,0.1684584531601877,0.1269106463266929,0.0220719204932915,0.5506457792736449,False,True,31,5,2,2,4,2,False,False,Daniel Durant; Vinny Guadagnino,Joseph Baena; Selma Blair,12
4,Heidi D'Amelio,39.0,0.0580627059298268,0.0459541433387153,0.0069974176672659,0.1870663863339705,False,True,31,5,5,7,12,2,False,False,Daniel Durant; Vinny Guadagnino,Joseph Baena; Selma Blair,12
6,Jessie James Decker,36.0,0.0263335369932542,0.0193911339063527,0.0015657423114635,0.0801429745516191,False,True,31,5,7,10,17,2,False,False,Daniel Durant; Vinny Guadagnino,Joseph Baena; Selma Blair,12
7,Jordin Sparks,35.5,0.0222884630414543,0.0155865441308792,0.0014849771335057,0.0811690285704137,False,True,31,5,9,11,20,2,False,False,Daniel Durant; Vinny Guadagnino,Joseph Baena; Selma Blair,12
8,Joseph Baena,35.0,0.0544005690831161,0.0352421153424518,0.0012616660828787,0.214575087172841,True,True,31,5,10,8,18,2,False,False,Daniel Durant; Vinny Guadagnino,Joseph Baena; Selma Blair,12
10,Selma Blair,40.0,0.1070207208154477,0.0806987001841817,0.0101039632291035,0.4026693430666166,True,True,31,5,4,4,8,2,False,False,Daniel Durant; Vinny Guadagnino,Joseph Baena; Selma Blair,12
11,Shangela,38.5,0.095168284580955,0.0670676775374852,0.0088795222022653,0.3604791412928939,False,True,31,5,6,5,11,2,False,False,Daniel Durant; Vinny Guadagnino,Joseph Baena; Selma Blair,12
13,Trevor Donovan,36.0,0.0608982017785727,0.047551030033214,0.0024238912339108,0.1988986781149428,False,True,31,5,7,6,13,2,False,False,Daniel Durant; Vinny Guadagnino,Joseph Baena; Selma Blair,12
14,Vinny Guadagnino,31.0,0.0379229417279192,0.0283478212012174,9.848762896265225e-05,0.1406642419408892,False,True,31,5,12,9,21,2,True,False,Daniel Durant; Vinny Guadagnino,Joseph Baena; Selma Blair,12
15,Wayne Brady,41.0,0.1623997176006178,0.1352020031076346,0.0229640787639809,0.5190212467109876,False,True,31,5,2,3,5,2,False,False,Daniel Durant; Vinny Guadagnino,Joseph Baena; Selma Blair,12
0,Charli D'Amelio,40.0,0.3193024340639665,0.2481828463008625,0.0332468425736722,0.831577282294558,False,True,31,6,1,1,2,1,False,True,Jessie James Decker,Jessie James Decker,10
2,Daniel Durant,34.0,0.0470066756628853,0.0371296707359079,0.0025738936600884,0.1369661293557683,False,True,31,6,5,7,12,1,False,True,Jessie James Decker,Jessie James Decker,10
3,Gabby Windey,37.0,0.1607434401684958,0.1199700784853552,0.0205176227973597,0.5174415094146904,False,True,31,6,2,2,4,1,False,True,Jessie James Decker,Jessie James Decker,10
4,Heidi D'Amelio,36.0,0.0708677450059965,0.0582133617954656,0.0089134246524018,0.2199390784763585,False,True,31,6,3,6,9,1,False,True,Jessie James Decker,Jessie James Decker,10
6,Jessie James Decker,32.0,0.0250356791241115,0.0168719354581486,0.0007126242362756,0.0801040199326049,True,True,31,6,9,10,19,1,True,True,Jessie James Decker,Jessie James Decker,10
7,Jordin Sparks,34.0,0.0368654142713372,0.0276515245514763,0.0030474513187423,0.1167589574141424,False,True,31,6,5,9,14,1,False,True,Jessie James Decker,Jessie James Decker,10
11,Shangela,36.0,0.129353388793211,0.0956071446792256,0.0114607289583013,0.4529266858455882,False,True,31,6,3,3,6,1,False,True,Jessie James Decker,Jessie James Decker,10
13,Trevor Donovan,34.0,0.0889979706342543,0.0743741778968682,0.0041257673015017,0.2669371507497972,False,True,31,6,5,4,9,1,False,True,Jessie James Decker,Jessie James Decker,10
14,Vinny Guadagnino,28.0,0.0431815494233912,0.0313460618229116,6.305766778262132e-05,0.1542552459768904,False,True,31,6,10,8,18,1,False,True,Jessie James Decker,Jessie James Decker,10
15,Wayne Brady,34.0,0.0786457028523504,0.0613166603031795,0.003116480779469,0.2879020470601054,False,True,31,6,5,5,10,1,False,True,Jessie James Decker,Jessie James Decker,10
0,Charli D'Amelio,39.0,0.2118513842181485,0.161057850799394,0.0221733363640428,0.6486355311717965,False,True,31,7,1,2,3,1,False,True,Jordin Sparks,Jordin Sparks,9
2,Daniel Durant,36.5,0.06242651474971,0.0491883110614199,0.006620496680776,0.1858184698880642,False,True,31,7,4,6,10,1,False,True,Jordin Sparks,Jordin Sparks,9
3,Gabby Windey,35.5,0.0751433475705368,0.0519130433607405,0.004851213365511,0.2678825279184212,False,True,31,7,6,5,11,1,False,True,Jordin Sparks,Jordin Sparks,9
4,Heidi D'Amelio,35.0,0.0356383320759925,0.0263027686414539,0.00242369810842,0.1135902216039503,False,True,31,7,7,8,15,1,False,True,Jordin Sparks,Jordin Sparks,9
7,Jordin Sparks,34.5,0.0265008717127315,0.0182168624082522,0.0013944592312741,0.0930410297221581,True,True,31,7,8,9,17,1,True,True,Jordin Sparks,Jordin Sparks,9
11,Shangela,36.5,0.1077137423979908,0.0772935918962403,0.0084507317613537,0.4044182934683513,False,True,31,7,4,4,8,1,False,True,Jordin Sparks,Jordin Sparks,9
13,Trevor Donovan,39.0,0.2688775516208164,0.2411091834352913,0.0478040349510509,0.6743529242409247,False,True,31,7,1,1,2,1,False,True,Jordin Sparks,Jordin Sparks,9
14,Vinny Guadagnino,31.5,0.0467847673629587,0.0352888723785421,0.0001015777805561,0.1690151751825377,False,True,31,7,9,7,16,1,False,True,Jordin Sparks,Jordin Sparks,9
15,Wayne Brady,38.0,0.1650634882911144,0.1443279204798702,0.0226555459704229,0.5141081590648967,False,True,31,7,3,3,6,1,False,True,Jordin Sparks,Jordin Sparks,9
0,Charli D'Amelio,45.0,0.220265053201265,0.1689244134279741,0.0237265403053007,0.6398329253175531,False,True,31,8,1,2,3,2,False,True,Heidi D'Amelio; Vinny Guadagnino,Heidi D'Amelio; Vinny Guadagnino,8
2,Daniel Durant,39.0,0.0606700616491769,0.0473751317041332,0.0054208886534792,0.1871474696238327,False,True,31,8,5,6,11,2,False,True,Heidi D'Amelio; Vinny Guadagnino,Heidi D'Amelio; Vinny Guadagnino,8
3,Gabby Windey,40.0,0.1155218557993858,0.0796576976808241,0.0112445994739808,0.3900725020667424,False,True,31,8,4,4,8,2,False,True,Heidi D'Amelio; Vinny Guadagnino,Heidi D'Amelio; Vinny Guadagnino,8
4,Heidi D'Amelio,35.0,0.0319118514769242,0.0227351868538577,0.0016210572176884,0.110869350700383,True,True,31,8,7,8,15,2,True,True,Heidi D'Amelio; Vinny Guadagnino,Heidi D'Amelio; Vinny Guadagnino,8
11,Shangela,42.0,0.1616387912630424,0.1269277444441704,0.0205051448455009,0.5298431107246953,False,True,31,8,3,3,6,2,False,True,Heidi D'Amelio; Vinny Guadagnino,Heidi D'Amelio; Vinny Guadagnino,8
13,Trevor Donovan,39.0,0.1126598298989233,0.0954068006715053,0.0079872566334693,0.3269126614797553,False,True,31,8,5,5,10,2,False,True,Heidi D'Amelio; Vinny Guadagnino,Heidi D'Amelio; Vinny Guadagnino,8
14,Vinny Guadagnino,29.0,0.0512382013015415,0.0394078312302399,0.0001261668155129,0.1750811617444486,True,True,31,8,8,7,15,2,True,True,Heidi D'Amelio; Vinny Guadagnino,Heidi D'Amelio; Vinny Guadagnino,8
15,Wayne Brady,45.0,0.2460943554097404,0.2129801996317033,0.0401047303503574,0.6712022792684044,False,True,31,8,1,1,2,2,False,True,Heidi D'Amelio; Vinny Guadagnino,Heidi D'Amelio; Vinny Guadagnino,8
0,Charli D'Amelio,40.0,0.2875129140981322,0.2366094321969855,0.0313230707201313,0.7414645022763909,False,True,31,9,1,2,3,2,False,True,Daniel Durant; Trevor Donovan,Daniel Durant; Trevor Donovan,6
2,Daniel Durant,34.5,0.0483936685502601,0.0353361824139103,0.0015496222893982,0.1606538909990129,True,True,31,9,5,6,11,2,True,True,Daniel Durant; Trevor Donovan,Daniel Durant; Trevor Donovan,6
3,Gabby Windey,40.0,0.3318198665485766,0.2806024784704381,0.0524193620241337,0.8409165429260796,False,True,31,9,1,1,2,2,False,True,Daniel Durant; Trevor Donovan,Daniel Durant; Trevor Donovan,6
11,Shangela,36.5,0.1381154496275968,0.1008834317303467,0.0068327560453964,0.4910791828102378,False,True,31,9,3,3,6,2,False,True,Daniel Durant; Trevor Donovan,Daniel Durant; Trevor Donovan,6
13,Trevor Donovan,32.5,0.0638185069501802,0.0375068504139955,0.0004237274526645,0.2343722753282,True,True,31,9,6,5,11,2,True,True,Daniel Durant; Trevor Donovan,Daniel Durant; Trevor Donovan,6
15,Wayne Brady,36.5,0.1303395942252538,0.102385961937824,0.0066459135552888,0.42677095438839,False,True,31,9,3,4,7,2,False,True,Daniel Durant; Trevor Donovan,Daniel Durant; Trevor Donovan,6
0,Adrian Peterson,18.0,0.0308898994666242,0.0226303372133111,0.003048062712477,0.1167029139862974,False,True,32,1,5,9,14,1,False,True,Matt Walsh,Matt Walsh,14
1,Alyson Hannigan,13.0,0.061349437288052,0.0462225668868483,0.0006056930599239,0.2261649906647853,False,True,32,1,11,5,16,1,False,True,Matt Walsh,Matt Walsh,14
2,Ariana Madix,21.0,0.1791561367977171,0.1316240500601678,0.0230959095075849,0.6138309233949444,False,True,32,1,2,3,5,1,False,True,Matt Walsh,Matt Walsh,14
3,Barry Williams,16.0,0.0468392560758052,0.0378898419641172,0.0025360005844249,0.1433236725767731,False,True,32,1,8,7,15,1,False,True,Matt Walsh,Matt Walsh,14
4,Charity Lawson,22.0,0.2212883593587479,0.1760947787592471,0.0179372514767473,0.6468317038059752,False,True,32,1,1,1,2,1,False,True,Matt Walsh,Matt Walsh,14
5,Harry Jowsey,12.0,0.0502963921026981,0.0375387842517879,0.0002136125640648,0.1882626117103845,False,True,32,1,12,6,18,1,False,True,Matt Walsh,Matt Walsh,14
6,Jamie Lynn Spears,15.0,0.0113927512645184,0.0081259003088157,0.0007457806489208,0.0442637672214736,False,True,32,1,9,13,22,1,False,True,Matt Walsh,Matt Walsh,14
7,Jason Mraz,21.0,0.194645737532348,0.1551906883411378,0.0248392163835972,0.5725259446758076,False,True,32,1,2,2,4,1,False,True,Matt Walsh,Matt Walsh,14
8,Lele Pons,19.0,0.045376228820723,0.0281780508805049,0.0052401281368471,0.2171031589275907,False,True,32,1,4,8,12,1,False,True,Matt Walsh,Matt Walsh,14
9,Matt Walsh,12.0,0.0088173239633915,0.0061136745973861,0.0001431815763372,0.0309127230350552,True,True,32,1,12,14,26,1,True,True,Matt Walsh,Matt Walsh,14
10,Mauricio Umansky,15.0,0.0292883400291143,0.0248165600436279,0.0014464788484198,0.0884367063374587,False,True,32,1,9,11,20,1,False,True,Matt Walsh,Matt Walsh,14
11,Mira Sorvino,17.0,0.0301510911196974,0.0211788661416489,0.0028348770082823,0.1019342973211364,False,True,32,1,7,10,17,1,False,True,Matt Walsh,Matt Walsh,14
12,Tyson Beckford,12.0,0.0121320209931588,0.0075892608271003,0.0001890522721492,0.0551690708439094,False,True,32,1,12,12,24,1,False,True,Matt Walsh,Matt Walsh,14
13,Xochitl Gomez,18.0,0.0783770251874035,0.0569782799027206,0.0053824381058236,0.2852625262299442,False,True,32,1,5,4,9,1,False,True,Matt Walsh,Matt Walsh,14
0,Adrian Peterson,15.0,0.0109796395062906,0.0075851108566727,0.0003530373875594,0.0405258978523193,False,True,32,2,10,12,22,1,False,False,Mauricio Umansky,Jamie Lynn Spears,13
1,Alyson Hannigan,19.0,0.1321175623767923,0.1071831081382173,0.0070930307375005,0.4246901692678837,False,True,32,2,6,3,9,1,False,False,Mauricio Umansky,Jamie Lynn Spears,13
2,Ariana Madix,20.0,0.0927317193342448,0.0601148851294474,0.0082917838032449,0.3701130274026653,False,True,32,2,5,5,10,1,False,False,Mauricio Umansky,Jamie Lynn Spears,13
3,Barry Williams,15.0,0.0282944036257955,0.0204335811381609,0.0005936620142363,0.1002349905976482,False,True,32,2,10,8,18,1,False,False,Mauricio Umansky,Jamie Lynn Spears,13
4,Charity Lawson,21.0,0.1060138836734046,0.0736263449116833,0.0104553889575487,0.4156861347898242,False,True,32,2,3,4,7,1,False,False,Mauricio Umansky,Jamie Lynn Spears,13
5,Harry Jowsey,15.0,0.0616456242678541,0.0516713380005279,0.0005160929473804,0.2081155991082622,False,True,32,2,10,6,16,1,False,False,Mauricio Umansky,Jamie Lynn Spears,13
6,Jamie Lynn Spears,16.0,0.0097721133635119,0.0068616556878149,0.0005105546710967,0.0383400731557111,True,True,32,2,9,13,22,1,False,False,Mauricio Umansky,Jamie Lynn Spears,13
7,Jason Mraz,24.0,0.2392590110286247,0.1917400209638318,0.0337905064000941,0.6667770646493486,False,True,32,2,1,1,2,1,False,False,Mauricio Umansky,Jamie Lynn Spears,13
8,Lele Pons,21.0,0.0462110252536515,0.0274260983813094,0.0048524490072761,0.2214983175256543,False,True,32,2,3,7,10,1,False,False,Mauricio Umansky,Jamie Lynn Spears,13
10,Mauricio Umansky,12.0,0.0128334141234264,0.008922803943312,9.893703169540152e-05,0.0474651861216644,False,True,32,2,13,11,24,1,True,False,Mauricio Umansky,Jamie Lynn Spears,13
11,Mira Sorvino,18.0,0.0252100256920661,0.018231144742241,0.0022100192330896,0.0816207248379924,False,True,32,2,7,10,17,1,False,False,Mauricio Umansky,Jamie Lynn Spears,13
12,Tyson Beckford,18.0,0.0276016808769542,0.0196889233309906,0.0017180194329791,0.1087951424079132,False,True,32,2,7,9,16,1,False,False,Mauricio Umansky,Jamie Lynn Spears,13
13,Xochitl Gomez,24.0,0.2073298968773828,0.1461804003707968,0.0139826370509015,0.6707035410371219,False,True,32,2,1,2,3,1,False,False,Mauricio Umansky,Jamie Lynn Spears,13
0,Adrian Peterson,22.0,0.0104250683629048,0.0072349770780389,0.0002617815145576,0.0388865277477012,False,True,32,3,11,12,23,1,True,False,Adrian Peterson,Tyson Beckford,12
1,Alyson Hannigan,24.0,0.0789749201539722,0.0589151556991851,0.0015370999839227,0.2893517119376177,False,True,32,3,8,5,13,1,False,False,Adrian Peterson,Tyson Beckford,12
2,Ariana Madix,34.0,0.2130924576398418,0.1610242970390368,0.0253151822635106,0.655242502307919,False,True,32,3,1,2,3,1,False,False,Adrian Peterson,Tyson Beckford,12
3,Barry Williams,25.0,0.0397142288517198,0.0312555530694191,0.0018806241602829,0.1257997895554352,False,True,32,3,7,7,14,1,False,False,Adrian Peterson,Tyson Beckford,12
4,Charity Lawson,32.0,0.1405794028398839,0.1008992357223274,0.0138812317998134,0.4939238496514422,False,True,32,3,3,3,6,1,False,False,Adrian Peterson,Tyson Beckford,12
5,Harry Jowsey,24.0,0.0744960648044876,0.0632412224634165,0.0010496578260519,0.2381116596402901,False,True,32,3,8,6,14,1,False,False,Adrian Peterson,Tyson Beckford,12
7,Jason Mraz,34.0,0.2280898595930589,0.1844131632966623,0.0285494525743553,0.6326107145188834,False,True,32,3,1,1,2,1,False,False,Adrian Peterson,Tyson Beckford,12
8,Lele Pons,27.0,0.024425531233421,0.0156061068602199,0.0021126186594676,0.1022569036728881,False,True,32,3,5,8,13,1,False,False,Adrian Peterson,Tyson Beckford,12
10,Mauricio Umansky,23.0,0.0227659681514419,0.0180327629625261,0.0008069315531865,0.0741689181815172,False,True,32,3,10,10,20,1,False,False,Adrian Peterson,Tyson Beckford,12
11,Mira Sorvino,26.0,0.023518437355281,0.0163930174694291,0.0020385264976298,0.0780510719212809,False,True,32,3,6,9,15,1,False,False,Adrian Peterson,Tyson Beckford,12
12,Tyson Beckford,20.0,0.0111061663633405,0.0068663227393411,0.0001359867192839,0.0466804351083066,True,True,32,3,12,11,23,1,False,False,Adrian Peterson,Tyson Beckford,12
13,Xochitl Gomez,32.0,0.1328118946506461,0.0934556277865145,0.0103283945100587,0.4743347538793755,False,True,32,3,3,4,7,1,False,False,Adrian Peterson,Tyson Beckford,12
0,Adrian Peterson,21.0,0.0192459932304856,0.0139868487150756,0.0012933081335186,0.0669500651806161,True,True,32,4,6,11,17,1,False,False,Mauricio Umansky,Adrian Peterson,11
1,Alyson Hannigan,18.0,0.0574675448486237,0.0415637164189363,0.0003257072701933,0.2197818754589244,False,True,32,4,10,6,16,1,False,False,Mauricio Umansky,Adrian Peterson,11
2,Ariana Madix,25.0,0.168952896970828,0.1264670110115712,0.0216870893508424,0.566291077200876,False,True,32,4,2,2,4,1,False,False,Mauricio Umansky,Adrian Peterson,11
3,Barry Williams,18.0,0.0254644864391319,0.0175329136613313,0.0002665448725296,0.0942642861691387,False,True,32,4,10,8,18,1,False,False,Mauricio Umansky,Adrian Peterson,11
4,Charity Lawson,24.0,0.1213084893481308,0.0844787085463823,0.0116490622931026,0.447194028102588,False,True,32,4,3,4,7,1,False,False,Mauricio Umansky,Adrian Peterson,11
5,Harry Jowsey,21.0,0.1015633360601163,0.0872325279565685,0.0021187316233699,0.3071003389750393,False,True,32,4,6,5,11,1,False,False,Mauricio Umansky,Adrian Peterson,11
7,Jason Mraz,24.0,0.1456058051847583,0.1002416200099196,0.0119310512966757,0.4813791464585867,False,True,32,4,3,3,6,1,False,False,Mauricio Umansky,Adrian Peterson,11
8,Lele Pons,22.0,0.0283952788457746,0.0184082095360507,0.0022319810802328,0.1119560299638492,False,True,32,4,5,7,12,1,False,False,Mauricio Umansky,Adrian Peterson,11
10,Mauricio Umansky,19.0,0.0229243159516294,0.0182267342630734,0.0005355756423888,0.076739931621229,False,True,32,4,9,10,19,1,True,False,Mauricio Umansky,Adrian Peterson,11
11,Mira Sorvino,21.0,0.0242631897497224,0.0174866047424734,0.0018151960956636,0.0798796921226119,False,True,32,4,6,9,15,1,False,False,Mauricio Umansky,Adrian Peterson,11
13,Xochitl Gomez,27.0,0.2848086633707988,0.2109048976936329,0.0197500368348535,0.8093360018632823,False,True,32,4,1,1,2,1,False,False,Mauricio Umansky,Adrian Peterson,11
1,Alyson Hannigan,21.0,0.0785525016468507,0.0597475658026017,0.0010547431973432,0.2799998628361104,False,True,32,5,9,5,14,1,False,True,Mira Sorvino,Mira Sorvino,10
2,Ariana Madix,24.0,0.0848323816572254,0.0519546880217782,0.0056137010134072,0.3579757031576409,False,True,32,5,4,4,8,1,False,True,Mira Sorvino,Mira Sorvino,10
3,Barry Williams,24.0,0.06517683350067,0.0554348765942769,0.0053820750102384,0.1884658826026182,False,True,32,5,4,6,10,1,False,True,Mira Sorvino,Mira Sorvino,10
4,Charity Lawson,28.0,0.2216005050062669,0.1707086020951911,0.0199793778751622,0.6586804205299197,False,True,32,5,1,1,2,1,False,True,Mira Sorvino,Mira Sorvino,10
5,Harry Jowsey,18.0,0.043898600027979,0.0321633640283906,9.388013053236605e-05,0.1766701429502835,False,True,32,5,10,8,18,1,False,True,Mira Sorvino,Mira Sorvino,10
7,Jason Mraz,27.0,0.1905347265072078,0.1446547106682489,0.0241350725949478,0.5530707013692276,False,True,32,5,3,3,6,1,False,True,Mira Sorvino,Mira Sorvino,10
8,Lele Pons,24.0,0.0312696780331667,0.0203384308691825,0.002462822371266,0.1284773057288485,False,True,32,5,4,9,13,1,False,True,Mira Sorvino,Mira Sorvino,10
10,Mauricio Umansky,24.0,0.0521731247004589,0.0456853958990321,0.0044347306699661,0.1566807108987033,False,True,32,5,4,7,11,1,False,True,Mira Sorvino,Mira Sorvino,10
11,Mira Sorvino,22.0,0.0215206718117967,0.0149763148782697,0.0012149293243995,0.0730359975781748,True,True,32,5,8,10,18,1,True,True,Mira Sorvino,Mira Sorvino,10
13,Xochitl Gomez,28.0,0.2104409771083774,0.1491404393166697,0.0158076630685582,0.6552259826797523,False,True,32,5,1,2,3,1,False,True,Mira Sorvino,Mira Sorvino,10
1,Alyson Hannigan,31.0,0.0790493797530747,0.0593087973495418,0.0010119408380607,0.2933058148808943,False,True,32,6,8,5,13,1,False,True,Mauricio Umansky,Mauricio Umansky,9
2,Ariana Madix,41.0,0.2169062971205496,0.1656611408218521,0.0280146420568679,0.6491874680792034,False,True,32,6,2,2,4,1,False,True,Mauricio Umansky,Mauricio Umansky,9
3,Barry Williams,32.0,0.0400685754049453,0.0299573243054212,0.0012337355390862,0.1340530197801103,False,True,32,6,7,8,15,1,False,True,Mauricio Umansky,Mauricio Umansky,9
4,Charity Lawson,38.0,0.1193698839797489,0.0825328352245224,0.0114518120174622,0.4339750415698863,False,True,32,6,4,4,8,1,False,True,Mauricio Umansky,Mauricio Umansky,9
5,Harry Jowsey,29.0,0.0588863339182171,0.0446528538636837,0.0002891886967294,0.2149043156353152,False,True,32,6,9,6,15,1,False,True,Mauricio Umansky,Mauricio Umansky,9
7,Jason Mraz,39.0,0.1693093652491569,0.1200966363398819,0.0153402073432093,0.5265194269186245,False,True,32,6,3,3,6,1,False,True,Mauricio Umansky,Mauricio Umansky,9
8,Lele Pons,37.0,0.0421270531171657,0.0280577773953442,0.0042619001266584,0.1934300200764558,False,True,32,6,5,7,12,1,False,True,Mauricio Umansky,Mauricio Umansky,9
10,Mauricio Umansky,33.0,0.034922319690001,0.0295273189835705,0.0018158187864244,0.1075906060795786,True,True,32,6,6,9,15,1,True,True,Mauricio Umansky,Mauricio Umansky,9
13,Xochitl Gomez,42.0,0.2393607917671405,0.1697719517810972,0.0177234568007604,0.727633881166107,False,True,32,6,1,1,2,1,False,True,Mauricio Umansky,Mauricio Umansky,9
1,Alyson Hannigan,35.0,0.1604175726564193,0.1315196985029511,0.0099674678179103,0.5009405074936762,False,True,32,7,6,3,9,1,False,False,Barry Williams,Lele Pons,8
2,Ariana Madix,37.0,0.2077669581117957,0.1615533611866174,0.0275720819346737,0.6407881648821412,False,True,32,7,1,1,2,1,False,False,Barry Williams,Lele Pons,8
3,Barry Williams,32.5,0.0308304274647758,0.0214795187904494,0.0005587763912965,0.1113321052840779,False,True,32,7,7,8,15,1,True,False,Barry Williams,Lele Pons,8
4,Charity Lawson,36.0,0.1276145499772369,0.0880892955323441,0.0127249495670037,0.4582588036215984,False,True,32,7,4,5,9,1,False,False,Barry Williams,Lele Pons,8
5,Harry Jowsey,32.0,0.0575772814882655,0.0420484633886772,0.0003051155450005,0.211639131966521,False,True,32,7,8,7,15,1,False,False,Barry Williams,Lele Pons,8
7,Jason Mraz,36.0,0.1538682225173584,0.1045857953961435,0.0139150762838265,0.5136461909670503,False,True,32,7,4,4,8,1,False,False,Barry Williams,Lele Pons,8
8,Lele Pons,36.5,0.0725422910797922,0.0440945492497985,0.0075287466254801,0.3060507081056395,True,True,32,7,3,6,9,1,False,False,Barry Williams,Lele Pons,8
13,Xochitl Gomez,37.0,0.1893826967043559,0.1342213667026009,0.0155231451920291,0.6230089558332536,False,True,32,7,1,2,3,1,False,False,Barry Williams,Lele Pons,8
1,Alyson Hannigan,36.0,0.1766904056236855,0.145289759905066,0.010284936355423,0.5258906162718158,False,True,32,8,4,3,7,1,False,False,Harry Jowsey,Barry Williams,7
2,Ariana Madix,42.0,0.2846918266826604,0.2279027789332524,0.0374520192698995,0.7691638195229605,False,True,32,8,1,1,2,1,False,False,Harry Jowsey,Barry Williams,7
3,Barry Williams,35.0,0.0679624971604493,0.0569476272693748,0.0048956391975837,0.2194776308782068,True,True,32,8,5,6,11,1,False,False,Harry Jowsey,Barry Williams,7
4,Charity Lawson,39.0,0.1546288783814077,0.110808408767919,0.0148604247862442,0.524594792692714,False,True,32,8,3,4,7,1,False,False,Harry Jowsey,Barry Williams,7
5,Harry Jowsey,28.0,0.0572631814856442,0.0392664564517423,0.000206411900214,0.2080620498191603,False,True,32,8,7,7,14,1,True,False,Harry Jowsey,Barry Williams,7
7,Jason Mraz,33.0,0.0811770763378489,0.0379764082430297,0.0019494403137096,0.3832279041931634,False,True,32,8,6,5,11,1,False,False,Harry Jowsey,Barry Williams,7
13,Xochitl Gomez,40.0,0.1775861343283039,0.1267825544060615,0.0149806566432714,0.5942035504104114,False,True,32,8,2,2,4,1,False,False,Harry Jowsey,Barry Williams,7
1,Alyson Hannigan,32.0,0.1064401537347583,0.080620555883223,0.0017594372478301,0.3901869156798979,False,True,32,9,5,5,10,1,False,True,Harry Jowsey,Harry Jowsey,6
2,Ariana Madix,37.0,0.1235582007700169,0.0828686379233002,0.0090335577120871,0.4877567613965191,False,True,32,9,4,4,8,1,False,True,Harry Jowsey,Harry Jowsey,6
4,Charity Lawson,38.0,0.1324877707699742,0.0904123738950439,0.0111459238816252,0.4853534892558785,False,True,32,9,3,3,6,1,False,True,Harry Jowsey,Harry Jowsey,6
5,Harry Jowsey,30.0,0.0782433976388547,0.0610798804504601,0.0004471458479711,0.2763481420507504,True,True,32,9,6,6,12,1,True,True,Harry Jowsey,Harry Jowsey,6
7,Jason Mraz,43.0,0.3474562193850214,0.3085713594936192,0.0500629966929964,0.8243038352949376,False,True,32,9,1,1,2,1,False,True,Harry Jowsey,Harry Jowsey,6
13,Xochitl Gomez,41.0,0.2118142577013743,0.1544370051323252,0.0163527381959619,0.6505084032736073,False,True,32,9,2,2,4,1,False,True,Harry Jowsey,Harry Jowsey,6
1,Alyson Hannigan,25.5,0.0895059303043331,0.0617353010344139,0.0005242370884545,0.3652690236793934,False,True,32,10,5,5,10,0,False,True,,,5
2,Ariana Madix,29.0,0.1962307787696568,0.146775164088228,0.0250162169948565,0.6378852904064954,False,True,32,10,3,3,6,0,False,True,,,5
4,Charity Lawson,29.5,0.2388094754395543,0.1864267137181799,0.026331043258587,0.699239679506127,False,True,32,10,2,2,4,0,False,True,,,5
7,Jason Mraz,28.5,0.1853140864415403,0.1194934495988658,0.0132565564580544,0.6253274563601641,False,True,32,10,4,4,8,0,False,True,,,5
13,Xochitl Gomez,30.0,0.2901397290449153,0.2256825638016696,0.026768061536219,0.7738963618453446,False,True,32,10,1,1,2,0,False,True,,,5
0,Anna Delvey,18.0,0.0141586682923306,0.0092331732349328,0.0006005907198025,0.0560853721092771,False,True,33,1,8,11,19,0,False,True,,,13
1,Brooks Nader,18.0,0.0169121943804526,0.0113894364488938,0.0007774335841652,0.0689008013582862,False,True,33,1,8,10,18,0,False,True,,,13
2,Chandler Kinney,23.0,0.2150895940192896,0.1626029051847721,0.0254290773193588,0.7143829522466529,False,True,33,1,1,1,2,0,False,True,,,13
3,Danny Amendola,20.0,0.0992787017253022,0.0720018707183043,0.0061128827370606,0.3218864184392004,False,True,33,1,5,5,10,0,False,True,,,13
4,Dwight Howard,22.0,0.214747264040985,0.1774625118910762,0.0339509548139512,0.6065296230329308,False,True,33,1,2,2,4,0,False,True,,,13
5,Eric Roberts,15.0,0.0123025773112778,0.0091817158037127,5.069992466125896e-05,0.043494473872933,False,True,33,1,13,12,25,0,False,True,,,13
6,Ilona Maher,18.0,0.0782050214691567,0.0477624499716878,0.0011918929059866,0.3028108002331106,False,True,33,1,8,6,14,0,False,True,,,13
7,Jenn Tran,19.0,0.0256509767696995,0.0185138397976515,0.0019532198359961,0.1036852813632499,False,True,33,1,6,9,15,0,False,True,,,13
8,Joey Graziadei,21.0,0.1005432252492892,0.0737438979784592,0.0088038883131898,0.3323827804993604,False,True,33,1,3,4,7,0,False,True,,,13
9,Phaedra Parks,19.0,0.0372829891659469,0.0287402902153885,0.0026988370561373,0.1249205284110903,False,True,33,1,6,7,13,0,False,True,,,13
10,Reginald VelJohnson,16.0,0.0265851996899784,0.0188185636108561,0.0002399412009772,0.0977559199297879,False,True,33,1,12,8,20,0,False,True,,,13
11,Stephen Nedoroscik,21.0,0.1486518129768761,0.1183321799977373,0.0175098225323625,0.4457162390769905,False,True,33,1,3,3,6,0,False,True,,,13
12,Tori Spelling,17.0,0.010591774909415,0.0067675399106449,0.0004547240970944,0.0409979905947851,False,True,33,1,11,13,24,0,False,True,,,13
0,Anna Delvey,17.0,0.0094634416987303,0.0060915426422006,0.0002966935427358,0.0364044834507652,True,True,33,2,11,13,24,2,True,False,Anna Delvey; Eric Roberts,Anna Delvey; Tori Spelling,13
1,Brooks Nader,20.0,0.0259995142796238,0.017605170191458,0.0028482705050878,0.0997450029133155,False,True,33,2,8,8,16,2,False,False,Anna Delvey; Eric Roberts,Anna Delvey; Tori Spelling,13
2,Chandler Kinney,24.0,0.1988646718994929,0.1437621958893559,0.0233223250222409,0.7019155138804678,False,True,33,2,1,1,2,2,False,False,Anna Delvey; Eric Roberts,Anna Delvey; Tori Spelling,13
3,Danny Amendola,21.0,0.1029157199407853,0.0744094858394559,0.0076427121296701,0.3259457809537473,False,True,33,2,5,5,10,2,False,False,Anna Delvey; Eric Roberts,Anna Delvey; Tori Spelling,13
4,Dwight Howard,22.0,0.1498361088089126,0.1229737596267911,0.02055805284354,0.4321201154680732,False,True,33,2,2,2,4,2,False,False,Anna Delvey; Eric Roberts,Anna Delvey; Tori Spelling,13
5,Eric Roberts,15.0,0.0121401603627582,0.0088929732772172,7.155233221214303e-05,0.043213829088943,False,True,33,2,12,12,24,2,True,False,Anna Delvey; Eric Roberts,Anna Delvey; Tori Spelling,13
6,Ilona Maher,21.0,0.1341676369371226,0.0993834427756647,0.0093180005894024,0.4263856635631027,False,True,33,2,5,4,9,2,False,False,Anna Delvey; Eric Roberts,Anna Delvey; Tori Spelling,13
7,Jenn Tran,19.0,0.0213848031908547,0.0154235487000075,0.0015656969082749,0.0917854446508143,False,True,33,2,9,9,18,2,False,False,Anna Delvey; Eric Roberts,Anna Delvey; Tori Spelling,13
8,Joey Graziadei,22.0,0.1020905025589338,0.0741046967617564,0.0094223286331444,0.3457612452124148,False,True,33,2,2,6,8,2,False,False,Anna Delvey; Eric Roberts,Anna Delvey; Tori Spelling,13
9,Phaedra Parks,21.0,0.0557050859845526,0.0435220705043478,0.0071613329566567,0.1715422873075074,False,True,33,2,5,7,12,2,False,False,Anna Delvey; Eric Roberts,Anna Delvey; Tori Spelling,13
10,Reginald VelJohnson,15.0,0.0205502975679367,0.013301252120381,0.0001284544493195,0.0770412697488451,False,True,33,2,12,10,22,2,False,False,Anna Delvey; Eric Roberts,Anna Delvey; Tori Spelling,13
11,Stephen Nedoroscik,22.0,0.1497172759051379,0.1206188379404162,0.019152674331027,0.4202851200859812,False,True,33,2,2,3,5,2,False,False,Anna Delvey; Eric Roberts,Anna Delvey; Tori Spelling,13
12,Tori Spelling,19.0,0.0171647808651581,0.0112746619365162,0.0017466308488818,0.0688433024118696,True,True,33,2,9,11,20,2,False,False,Anna Delvey; Eric Roberts,Anna Delvey; Tori Spelling,13
1,Brooks Nader,30.5,0.0412948835033818,0.0268485131734581,0.0051639425011789,0.1709376701916853,False,True,33,3,5,8,13,2,False,True,Eric Roberts; Reginald VelJohnson,Eric Roberts; Reginald VelJohnson,11
2,Chandler Kinney,34.5,0.1936796675398629,0.1447074343581464,0.0234566646461311,0.6365861409548889,False,True,33,3,2,2,4,2,False,True,Eric Roberts; Reginald VelJohnson,Eric Roberts; Reginald VelJohnson,11
3,Danny Amendola,30.0,0.1089629877995243,0.0793025027015422,0.0070763986983432,0.3651575598538673,False,True,33,3,6,4,10,2,False,True,Eric Roberts; Reginald VelJohnson,Eric Roberts; Reginald VelJohnson,11
4,Dwight Howard,26.0,0.0592590499481846,0.0488429169523559,0.0025581246929943,0.1959730388397587,False,True,33,3,9,6,15,2,False,True,Eric Roberts; Reginald VelJohnson,Eric Roberts; Reginald VelJohnson,11
5,Eric Roberts,23.0,0.018174442447002,0.0137923991623081,0.0001627621349379,0.0589521892770577,True,True,33,3,10,11,21,2,True,True,Eric Roberts; Reginald VelJohnson,Eric Roberts; Reginald VelJohnson,11
6,Ilona Maher,28.0,0.1073472296244714,0.0708166347869192,0.0031499312351883,0.3811169504495048,False,True,33,3,7,5,12,2,False,True,Eric Roberts; Reginald VelJohnson,Eric Roberts; Reginald VelJohnson,11
7,Jenn Tran,31.0,0.0503259946038871,0.035083046743368,0.0061372258854442,0.2301348258510641,False,True,33,3,3,7,10,2,False,True,Eric Roberts; Reginald VelJohnson,Eric Roberts; Reginald VelJohnson,11
8,Joey Graziadei,35.0,0.2156775060411241,0.1661939937445479,0.0200372638938715,0.6790045966886599,False,True,33,3,1,1,2,2,False,True,Eric Roberts; Reginald VelJohnson,Eric Roberts; Reginald VelJohnson,11
9,Phaedra Parks,28.0,0.040262209505062,0.03050135101941,0.0031495337788314,0.1323472004503693,False,True,33,3,7,9,16,2,False,True,Eric Roberts; Reginald VelJohnson,Eric Roberts; Reginald VelJohnson,11
10,Reginald VelJohnson,21.0,0.0231768173209812,0.0155471233659931,0.0001010012201588,0.0872474674304309,True,True,33,3,11,10,21,2,True,True,Eric Roberts; Reginald VelJohnson,Eric Roberts; Reginald VelJohnson,11
11,Stephen Nedoroscik,31.0,0.1418392116665183,0.1134291760916084,0.0146702701225648,0.4124913029365665,False,True,33,3,3,3,6,2,False,True,Eric Roberts; Reginald VelJohnson,Eric Roberts; Reginald VelJohnson,11
1,Brooks Nader,32.0,0.0258419186099901,0.0178739317863208,0.0012670011438169,0.0953093584424934,True,True,33,4,4,9,13,1,False,False,Dwight Howard,Brooks Nader,9
2,Chandler Kinney,32.0,0.0618015164318471,0.0393090736218401,0.0021213690061777,0.2609748343729029,False,True,33,4,4,5,9,1,False,False,Dwight Howard,Brooks Nader,9
3,Danny Amendola,36.0,0.3130926504898695,0.2682990509066983,0.0409838893619382,0.769759086678348,False,True,33,4,1,1,2,1,False,False,Dwight Howard,Brooks Nader,9
4,Dwight Howard,29.0,0.0353555793851378,0.0258311934921605,0.0002499001396628,0.1403985695412699,False,True,33,4,9,7,16,1,True,False,Dwight Howard,Brooks Nader,9
6,Ilona Maher,32.0,0.1121120085632102,0.0717814964244763,0.0021687601321287,0.4142120134809474,False,True,33,4,4,4,8,1,False,False,Dwight Howard,Brooks Nader,9
7,Jenn Tran,32.0,0.0290390861204521,0.0200703163107475,0.0014593253786252,0.1175494159865492,False,True,33,4,4,8,12,1,False,False,Dwight Howard,Brooks Nader,9
8,Joey Graziadei,36.0,0.2590376256735424,0.2130169258678358,0.0240437844170368,0.7447113017479627,False,True,33,4,1,2,3,1,False,False,Dwight Howard,Brooks Nader,9
9,Phaedra Parks,32.0,0.0414915424793301,0.0307291899246114,0.0023852004456907,0.1532274156613244,False,True,33,4,4,6,10,1,False,False,Dwight Howard,Brooks Nader,9
11,Stephen Nedoroscik,33.0,0.1222280722466202,0.0935215082032219,0.0069868890712349,0.3724705057100935,False,True,33,4,3,3,6,1,False,False,Dwight Howard,Brooks Nader,9
2,Chandler Kinney,27.0,0.3090879930549305,0.2410058191400561,0.03598581218345,0.8606948648994025,False,True,33,5,1,1,2,1,False,True,Phaedra Parks,Phaedra Parks,8
3,Danny Amendola,25.5,0.1321487573486936,0.0973740611200251,0.0079609968182077,0.4698480997312639,False,True,33,5,4,4,8,1,False,True,Phaedra Parks,Phaedra Parks,8
4,Dwight Howard,24.0,0.0540322759446685,0.0417793441574357,0.0011574923899853,0.1906574199703864,False,True,33,5,6,6,12,1,False,True,Phaedra Parks,Phaedra Parks,8
6,Ilona Maher,26.0,0.2319603802390401,0.1926361016092787,0.0194734294960693,0.6218244189416836,False,True,33,5,2,2,4,1,False,True,Phaedra Parks,Phaedra Parks,8
7,Jenn Tran,25.5,0.0505361294374304,0.0345698349153626,0.0045823935790409,0.2283712378350665,False,True,33,5,4,7,11,1,False,True,Phaedra Parks,Phaedra Parks,8
8,Joey Graziadei,26.0,0.137382117017993,0.1038942345692484,0.013526244868292,0.4390227413386496,False,True,33,5,2,3,5,1,False,True,Phaedra Parks,Phaedra Parks,8
9,Phaedra Parks,24.0,0.0261819784936467,0.0190242924462055,0.0005142898692929,0.0964751742188696,True,True,33,5,6,8,14,1,True,True,Phaedra Parks,Phaedra Parks,8
11,Stephen Nedoroscik,24.0,0.0586703684635968,0.0397040762776785,0.0007441253208102,0.2287262065286539,False,True,33,5,6,5,11,1,False,True,Phaedra Parks,Phaedra Parks,8
2,Chandler Kinney,32.0,0.2092584906330084,0.1625044332042499,0.0246180176163718,0.6578069555893366,False,True,33,6,1,3,4,1,False,False,Ilona Maher,Jenn Tran,7
3,Danny Amendola,28.0,0.1002487213150292,0.0693342147148979,0.0036991953066624,0.3580474906151086,False,True,33,6,5,5,10,1,False,False,Ilona Maher,Jenn Tran,7
4,Dwight Howard,31.0,0.2285094718875272,0.1969153536590709,0.0372029840980652,0.6091083416525268,False,True,33,6,3,1,4,1,False,False,Ilona Maher,Jenn Tran,7
6,Ilona Maher,24.0,0.0616786527082002,0.0312390474814503,0.0001867748520639,0.2701093655660203,False,True,33,6,7,7,14,1,True,False,Ilona Maher,Jenn Tran,7
7,Jenn Tran,31.0,0.0839986782385475,0.0574065795813205,0.0099440081928237,0.3668687036622461,True,True,33,6,3,6,9,1,False,False,Ilona Maher,Jenn Tran,7
8,Joey Graziadei,32.0,0.2097532770408319,0.1693761865756876,0.0208019325433,0.6190967428430808,False,True,33,6,1,2,3,1,False,False,Ilona Maher,Jenn Tran,7
11,Stephen Nedoroscik,28.0,0.1065527081768554,0.081400388568213,0.0047119748287201,0.3399898973296887,False,True,33,6,5,4,9,1,False,False,Ilona Maher,Jenn Tran,7
2,Chandler Kinney,30.0,0.4017103068981585,0.3383762227695639,0.0542524976687703,0.9500781916340708,False,True,33,7,1,1,2,1,False,True,Dwight Howard,Dwight Howard,6
3,Danny Amendola,25.5,0.0941164259145847,0.0619548713976463,0.0017498956251903,0.3745176180801063,False,True,33,7,5,5,10,1,False,True,Dwight Howard,Dwight Howard,6
4,Dwight Howard,24.0,0.0571651140195602,0.0431411496164706,0.0006218009230081,0.2005877007690748,True,True,33,7,6,6,12,1,True,True,Dwight Howard,Dwight Howard,6
6,Ilona Maher,26.0,0.1451803292765609,0.1027922873863381,0.0026468003497244,0.4737264477623614,False,True,33,7,4,3,7,1,False,True,Dwight Howard,Dwight Howard,6
8,Joey Graziadei,27.5,0.134986177833212,0.0996039083880766,0.0117381992610758,0.4413495640948573,False,True,33,7,2,4,6,1,False,True,Dwight Howard,Dwight Howard,6
11,Stephen Nedoroscik,27.0,0.1668416460579235,0.1342627323029631,0.0101074594488552,0.478945399056016,False,True,33,7,3,2,5,1,False,True,Dwight Howard,Dwight Howard,6
2,Chandler Kinney,29.0,0.26659687113503,0.2038902679794518,0.0321574590746949,0.7502581196213046,False,True,33,8,1,2,3,0,False,True,,,5
3,Danny Amendola,27.0,0.0957837867989644,0.0604487010076883,0.0022047113053141,0.428608315185591,False,True,33,8,4,4,8,0,False,True,,,5
6,Ilona Maher,28.5,0.2966083362265952,0.2583187271033154,0.0280739118554974,0.7222328867491041,False,True,33,8,3,1,4,0,False,True,,,5
8,Joey Graziadei,29.0,0.2644927087964724,0.2154349954043171,0.0277899790515886,0.7267499698588847,False,True,33,8,1,3,4,0,False,True,,,5
11,Stephen Nedoroscik,26.5,0.0765182970429378,0.0508090939092792,0.0009187069468732,0.2915346131203517,False,True,33,8,5,5,10,0,False,True,,,5
0,Alix Earle,13.0,0.0923046778395276,0.0672546957522027,0.0090899102661315,0.3324865623264479,False,True,34,1,4,4,8,0,False,True,,,14
1,Andy Richter,9.0,0.0669552432995051,0.060163003095909,0.0003009919088811,0.2060174416191996,False,True,34,1,13,5,18,0,False,True,,,14
2,Baron Davis,10.0,0.0120412978190524,0.00869148465595,0.000499686568174,0.0459344053701162,False,True,34,1,9,14,23,0,False,True,,,14
3,Corey Feldman,9.0,0.0236940937452663,0.0163757740378017,0.0001801140724095,0.0764565990103713,False,True,34,1,13,13,26,0,False,True,,,14
4,Danielle Fishel,12.0,0.048243181311861,0.0383620854841062,0.003459261443058,0.1642066130437559,False,True,34,1,6,9,15,0,False,True,,,14
5,Dylan Efron,10.0,0.0555653537513401,0.0336228512586053,0.0006849600717556,0.2553195380555115,False,True,34,1,9,7,16,0,False,True,,,14
6,Elaine Hendrix,12.0,0.1176077694452081,0.098163772250194,0.0068401431535567,0.3729354497052662,False,True,34,1,6,3,9,0,False,True,,,14
7,Hilaria Baldwin,14.0,0.0536395900258077,0.0306261479301378,0.0076309904423303,0.2528138352088043,False,True,34,1,3,8,11,0,False,True,,,14
8,Jen Affleck,12.0,0.0392647505326554,0.0306297002333216,0.0033767341324156,0.1248858269735053,False,True,34,1,6,11,17,0,False,True,,,14
9,Jordan Chiles,10.0,0.0461088053758766,0.0264059809362716,0.0007705964007151,0.2137000226868561,False,True,34,1,9,10,19,0,False,True,,,14
10,Lauren Jauregui,13.0,0.0602906410980312,0.0493908685363694,0.0079743868766167,0.1852919330934935,False,True,34,1,4,6,10,0,False,True,,,14
11,Robert Irwin,15.0,0.232308589347669,0.1837498116269887,0.0341481487951561,0.7129852912188798,False,True,34,1,1,1,2,0,False,True,,,14
12,Scott Hoying,10.0,0.0283002515899861,0.0217696375710457,0.0006148840172059,0.0999010413416862,False,True,34,1,9,12,21,0,False,True,,,14
13,Whitney Leavitt,15.0,0.1236757548182128,0.0734976537713542,0.0144677083477931,0.552124858361518,False,True,34,1,1,2,3,0,False,True,,,14
0,Alix Earle,21.0,0.0856921707474213,0.0610377332059167,0.0092840933973551,0.3025192207538785,False,True,34,2,5,5,10,2,False,True,Baron Davis; Corey Feldman,Baron Davis; Corey Feldman,14
1,Andy Richter,16.0,0.051871307370895,0.0429053949163999,0.0002491181862152,0.1679541889249749,False,True,34,2,13,9,22,2,False,True,Baron Davis; Corey Feldman,Baron Davis; Corey Feldman,14
2,Baron Davis,18.0,0.0119896417466716,0.0084875436761863,0.0007964026826706,0.0456297122526434,True,True,34,2,11,14,25,2,True,True,Baron Davis; Corey Feldman,Baron Davis; Corey Feldman,14
3,Corey Feldman,15.0,0.0140113722339901,0.0089007241128886,5.426079791243605e-05,0.0508302698992133,True,True,34,2,14,13,27,2,True,True,Baron Davis; Corey Feldman,Baron Davis; Corey Feldman,14
4,Danielle Fishel,19.0,0.0331287983004547,0.026481276317881,0.0023371083922111,0.1208900480514324,False,True,34,2,10,10,20,2,False,True,Baron Davis; Corey Feldman,Baron Davis; Corey Feldman,14
5,Dylan Efron,20.0,0.0931830992533969,0.0664541646745414,0.0068333852174245,0.3547264399085769,False,True,34,2,9,4,13,2,False,True,Baron Davis; Corey Feldman,Baron Davis; Corey Feldman,14
6,Elaine Hendrix,21.0,0.151025539604738,0.128465684577163,0.0161077710115705,0.4317639525315211,False,True,34,2,5,2,7,2,False,True,Baron Davis; Corey Feldman,Baron Davis; Corey Feldman,14
7,Hilaria Baldwin,21.0,0.0303293739937677,0.0181729331605352,0.0045101478263053,0.1291327153091656,False,True,34,2,5,11,16,2,False,True,Baron Davis; Corey Feldman,Baron Davis; Corey Feldman,14
8,Jen Affleck,22.0,0.0810391050325784,0.0633568164807313,0.0116501799113129,0.2667445328773539,False,True,34,2,1,6,7,2,False,True,Baron Davis; Corey Feldman,Baron Davis; Corey Feldman,14
9,Jordan Chiles,22.0,0.1583246360219085,0.1237624139618834,0.0174583377644014,0.4928364117741473,False,True,34,2,1,1,2,2,False,True,Baron Davis; Corey Feldman,Baron Davis; Corey Feldman,14
10,Lauren Jauregui,21.0,0.0556707073389165,0.0452584202629496,0.0081534489087452,0.1771904856077471,False,True,34,2,5,8,13,2,False,True,Baron Davis; Corey Feldman,Baron Davis; Corey Feldman,14
11,Robert Irwin,22.0,0.136724517801465,0.1079716054591172,0.0198236687300506,0.4413408279108799,False,True,34,2,1,3,4,2,False,True,Baron Davis; Corey Feldman,Baron Davis; Corey Feldman,14
12,Scott Hoying,18.0,0.0279712219387204,0.0207687024526586,0.0012805447659097,0.1054791097360141,False,True,34,2,11,12,23,2,False,True,Baron Davis; Corey Feldman,Baron Davis; Corey Feldman,14
13,Whitney Leavitt,22.0,0.0690385086150753,0.0403880697714563,0.0090891689550286,0.3128741561894105,False,True,34,2,1,7,8,2,False,True,Baron Davis; Corey Feldman,Baron Davis; Corey Feldman,14
0,Alix Earle,23.0,0.1137777730270811,0.082175243083012,0.0115304410497961,0.368198175679694,False,True,34,3,3,3,6,1,False,True,Lauren Jauregui,Lauren Jauregui,12
1,Andy Richter,18.0,0.0574519037220536,0.0459096379157158,0.0002173897883487,0.1900467002442278,False,True,34,3,11,8,19,1,False,True,Lauren Jauregui,Lauren Jauregui,12
4,Danielle Fishel,21.0,0.0402835552416886,0.0319217119572541,0.0031045038253207,0.1397886761164717,False,True,34,3,8,9,17,1,False,True,Lauren Jauregui,Lauren Jauregui,12
5,Dylan Efron,23.0,0.1647560668360329,0.127760220486234,0.0200166537808722,0.4988106087324584,False,True,34,3,3,2,5,1,False,True,Lauren Jauregui,Lauren Jauregui,12
6,Elaine Hendrix,21.0,0.0982266112089215,0.0822869718360062,0.0053595103299175,0.3040252086711855,False,True,34,3,8,5,13,1,False,True,Lauren Jauregui,Lauren Jauregui,12
7,Hilaria Baldwin,22.0,0.0258012254848874,0.0158458290273554,0.0037952160277225,0.1121487691993907,False,True,34,3,5,10,15,1,False,True,Lauren Jauregui,Lauren Jauregui,12
8,Jen Affleck,19.0,0.0168819297667095,0.0116278043533016,0.0004214747165403,0.0620970367337378,False,True,34,3,10,11,21,1,False,True,Lauren Jauregui,Lauren Jauregui,12
9,Jordan Chiles,24.0,0.2169376921918618,0.1760553711948882,0.0241826303610414,0.6096998218263766,False,True,34,3,1,1,2,1,False,True,Lauren Jauregui,Lauren Jauregui,12
10,Lauren Jauregui,18.0,0.012969981474638,0.0083219408591896,0.0001919377313841,0.0488316119738678,True,True,34,3,11,12,23,1,True,True,Lauren Jauregui,Lauren Jauregui,12
11,Robert Irwin,22.0,0.0847085766579711,0.0642971927452161,0.009299466376561,0.2782450214463736,False,True,34,3,5,6,11,1,False,True,Lauren Jauregui,Lauren Jauregui,12
12,Scott Hoying,22.0,0.0676732515043066,0.0543886473241991,0.0087375869114531,0.2055405884053871,False,True,34,3,5,7,12,1,False,True,Lauren Jauregui,Lauren Jauregui,12
13,Whitney Leavitt,24.0,0.1005314328838476,0.0563263948625572,0.0116138586514054,0.4815342099944435,False,True,34,3,1,4,5,1,False,True,Lauren Jauregui,Lauren Jauregui,12
0,Alix Earle,24.0,0.1266592833396642,0.0915263937876104,0.0130395144567392,0.4100255606715656,False,True,34,4,2,3,5,1,False,False,Danielle Fishel,Hilaria Baldwin,11
1,Andy Richter,18.0,0.0429728180734977,0.0320631979319914,6.782717771744875e-05,0.1529025754972785,False,True,34,4,11,8,19,1,False,False,Danielle Fishel,Hilaria Baldwin,11
4,Danielle Fishel,21.0,0.0299643469285754,0.022892477031863,0.001115731810708,0.1064104554340814,False,True,34,4,9,10,19,1,True,False,Danielle Fishel,Hilaria Baldwin,11
5,Dylan Efron,23.0,0.1249943133134176,0.0915372747980831,0.0100922323471953,0.4363286982228867,False,True,34,4,5,4,9,1,False,False,Danielle Fishel,Hilaria Baldwin,11
6,Elaine Hendrix,24.0,0.2194512180550752,0.1889059498730342,0.0271197982075046,0.5971609615196515,False,True,34,4,2,1,3,1,False,False,Danielle Fishel,Hilaria Baldwin,11
7,Hilaria Baldwin,23.0,0.0281615870313246,0.0172674184977259,0.0042671801845211,0.1163289483162894,True,True,34,4,5,11,16,1,False,False,Danielle Fishel,Hilaria Baldwin,11
8,Jen Affleck,23.0,0.0511314648963908,0.0402051536363942,0.0058715993340588,0.1526884095900027,False,True,34,4,5,7,12,1,False,False,Danielle Fishel,Hilaria Baldwin,11
9,Jordan Chiles,24.0,0.1613823119351654,0.1228780051021278,0.0182437756040116,0.5022589637828294,False,True,34,4,2,2,4,1,False,False,Danielle Fishel,Hilaria Baldwin,11
11,Robert Irwin,22.0,0.0632156492781019,0.0428058923988412,0.0041570756791224,0.2372438265143265,False,True,34,4,8,6,14,1,False,False,Danielle Fishel,Hilaria Baldwin,11
12,Scott Hoying,21.0,0.0341873652512406,0.0248059409775232,0.0014440922921062,0.1326128403732475,False,True,34,4,9,9,18,1,False,False,Danielle Fishel,Hilaria Baldwin,11
13,Whitney Leavitt,25.0,0.1178796418975462,0.0637341412268717,0.0126052752818288,0.5757247395143839,False,True,34,4,1,5,6,1,False,False,Danielle Fishel,Hilaria Baldwin,11
0,Alix Earle,35.0,0.1561665232635376,0.1126567679301951,0.0130509355375075,0.5105265853585483,False,True,34,5,2,3,5,0,False,True,,,10
1,Andy Richter,24.0,0.0497687552286709,0.0378092196489179,9.044533516898009e-05,0.1775831890902316,False,True,34,5,10,7,17,0,False,True,,,10
4,Danielle Fishel,29.0,0.0319582764195355,0.0251717766500848,0.0012471871051653,0.122437626399639,False,True,34,5,8,9,17,0,False,True,,,10
5,Dylan Efron,36.0,0.2748521079444093,0.2437532765519498,0.0408734960585072,0.711505418426128,False,True,34,5,1,1,2,0,False,True,,,10
6,Elaine Hendrix,30.0,0.0945887006614391,0.0780460198847065,0.0038103955406571,0.2901473231729154,False,True,34,5,6,5,11,0,False,True,,,10
8,Jen Affleck,29.0,0.025510798906329,0.0182220265028175,0.0011330274240761,0.0890574538844595,False,True,34,5,8,10,18,0,False,True,,,10
9,Jordan Chiles,32.0,0.1006845141961392,0.0692037131633943,0.0079908379943201,0.3662360626268909,False,True,34,5,5,4,9,0,False,True,,,10
11,Robert Irwin,35.0,0.1711797210831062,0.1358368926216989,0.0233328722695053,0.5586487571065059,False,True,34,5,2,2,4,0,False,True,,,10
12,Scott Hoying,30.0,0.0444883473752566,0.0352702836899374,0.0024557777311176,0.1519208158695974,False,True,34,5,6,8,14,0,False,True,,,10
13,Whitney Leavitt,33.0,0.0508022549215761,0.030274521349752,0.005248125433429,0.2261877159509017,False,True,34,5,4,6,10,0,False,True,,,10
0,Alix Earle,35.0,0.0842967824751763,0.0576881293767369,0.0073670281290765,0.2916385948999787,False,True,34,6,6,5,11,1,False,True,Scott Hoying,Scott Hoying,10
1,Andy Richter,27.0,0.0610024401342254,0.0497542994920496,0.0002280646596576,0.1958135930748032,False,True,34,6,10,8,18,1,False,True,Scott Hoying,Scott Hoying,10
4,Danielle Fishel,36.0,0.0780773809838767,0.0611047206456711,0.0119073453482118,0.2520289578496135,False,True,34,6,3,7,10,1,False,True,Scott Hoying,Scott Hoying,10
5,Dylan Efron,32.0,0.078418556766729,0.0513858302125578,0.0027621970328056,0.3250340001994228,False,True,34,6,7,6,13,1,False,True,Scott Hoying,Scott Hoying,10
6,Elaine Hendrix,36.0,0.1806248494672949,0.1536514977232797,0.0163959238891512,0.5046290570032734,False,True,34,6,3,2,5,1,False,True,Scott Hoying,Scott Hoying,10
8,Jen Affleck,32.0,0.0295695114678622,0.0220724480332754,0.0017146539676769,0.0958695466466033,False,True,34,6,7,9,16,1,False,True,Scott Hoying,Scott Hoying,10
9,Jordan Chiles,39.0,0.2412453345738691,0.1944880790796466,0.0273820499411306,0.6652258004254793,False,True,34,6,1,1,2,1,False,True,Scott Hoying,Scott Hoying,10
11,Robert Irwin,36.0,0.1121846124205758,0.0862456284694092,0.0147894867660253,0.3616504598771862,False,True,34,6,3,4,7,1,False,True,Scott Hoying,Scott Hoying,10
12,Scott Hoying,28.0,0.0222854401665179,0.0153532983294305,0.0003619745474222,0.0900064476625306,True,True,34,6,9,10,19,1,True,True,Scott Hoying,Scott Hoying,10
13,Whitney Leavitt,39.0,0.1122950915438723,0.0631978199851385,0.0121659338267487,0.5269267562679572,False,True,34,6,1,3,4,1,False,True,Scott Hoying,Scott Hoying,10
0,Alix Earle,43.0,0.2333168346949714,0.175313532841744,0.0205198006094725,0.6892130705962068,False,True,34,7,1,1,2,1,False,True,Jen Affleck,Jen Affleck,9
1,Andy Richter,29.0,0.0699563568153894,0.0574714936343226,0.000238066313101,0.2340065063305366,False,True,34,7,9,7,16,1,False,True,Jen Affleck,Jen Affleck,9
4,Danielle Fishel,35.0,0.0440785154965477,0.0345584557424688,0.0023727904855427,0.1602426489067793,False,True,34,7,6,8,14,1,False,True,Jen Affleck,Jen Affleck,9
5,Dylan Efron,38.0,0.1431452541850619,0.1051358467584215,0.0104944010257633,0.4879364469626583,False,True,34,7,4,3,7,1,False,True,Jen Affleck,Jen Affleck,9
6,Elaine Hendrix,32.0,0.0720154250379762,0.0553878820953265,0.0013147192956832,0.2430874674625378,False,True,34,7,8,6,14,1,False,True,Jen Affleck,Jen Affleck,9
8,Jen Affleck,34.0,0.0305445306489973,0.0223262264216762,0.0014054094690027,0.1052575127285423,True,True,34,7,7,9,16,1,True,True,Jen Affleck,Jen Affleck,9
9,Jordan Chiles,38.0,0.1219327686167433,0.0894360547894376,0.0096720251814891,0.4195809688806529,False,True,34,7,4,4,8,1,False,True,Jen Affleck,Jen Affleck,9
11,Robert Irwin,41.0,0.1762645242807691,0.1455025889111025,0.0247839208790728,0.5633122668757046,False,True,34,7,3,2,5,1,False,True,Jen Affleck,Jen Affleck,9
13,Whitney Leavitt,42.0,0.1087457902235434,0.0663176729333111,0.0131133125796016,0.4714239703974494,False,True,34,7,2,5,7,1,False,True,Jen Affleck,Jen Affleck,9
0,Alix Earle,38.5,0.1321749131772783,0.098656724878215,0.0140525902679223,0.4099070841496157,False,True,34,8,3,5,8,1,False,True,Danielle Fishel,Danielle Fishel,8
1,Andy Richter,34.0,0.0557552805722844,0.0426906384300363,0.000123494792069,0.1938182053447885,False,True,34,8,8,7,15,1,False,True,Danielle Fishel,Danielle Fishel,8
4,Danielle Fishel,37.0,0.0492288936239477,0.0373874197025982,0.0036442374202164,0.1740796204234125,True,True,34,8,7,8,15,1,True,True,Danielle Fishel,Danielle Fishel,8
5,Dylan Efron,38.0,0.1536825826006648,0.1141303892551427,0.0145748634811135,0.5082336369779317,False,True,34,8,4,2,6,1,False,True,Danielle Fishel,Danielle Fishel,8
6,Elaine Hendrix,37.5,0.1464439782018034,0.1251050251455727,0.0112300070099884,0.4397857605803103,False,True,34,8,6,3,9,1,False,True,Danielle Fishel,Danielle Fishel,8
9,Jordan Chiles,39.0,0.2156507360747539,0.1759491544542685,0.0247711095319066,0.6028938058296612,False,True,34,8,2,1,3,1,False,True,Danielle Fishel,Danielle Fishel,8
11,Robert Irwin,38.0,0.1139294112001866,0.0874151325409744,0.0133733952051833,0.3756685629854843,False,True,34,8,4,6,10,1,False,True,Danielle Fishel,Danielle Fishel,8
13,Whitney Leavitt,39.5,0.1331342045490806,0.0746988404829497,0.0148212316671193,0.6093027233600241,False,True,34,8,1,4,5,1,False,True,Danielle Fishel,Danielle Fishel,8
0,Alix Earle,40.0,0.1253311066277221,0.0943423797563189,0.0123058004197671,0.4173169788823613,False,True,34,9,4,4,8,1,False,True,Andy Richter,Andy Richter,7
1,Andy Richter,29.0,0.0662379604425892,0.0516282739645681,0.0001930776780297,0.230595401075528,True,True,34,9,7,7,14,1,True,True,Andy Richter,Andy Richter,7
5,Dylan Efron,42.0,0.2552927515710843,0.2170739397919066,0.0331251409863516,0.670170213460464,False,True,34,9,1,1,2,1,False,True,Andy Richter,Andy Richter,7
6,Elaine Hendrix,36.0,0.1167998192950323,0.0954505036156042,0.005769314604631,0.3494682993736443,False,True,34,9,6,5,11,1,False,True,Andy Richter,Andy Richter,7
9,Jordan Chiles,39.0,0.1333750228119941,0.0964691948250409,0.0133157166341887,0.4518936848689644,False,True,34,9,5,3,8,1,False,True,Andy Richter,Andy Richter,7
11,Robert Irwin,42.0,0.1998210249147432,0.1656818402162429,0.0284456989139026,0.6267802178339594,False,True,34,9,1,2,3,1,False,True,Andy Richter,Andy Richter,7
13,Whitney Leavitt,42.0,0.1031423143368347,0.0605276480254714,0.012069412478879,0.4675533714248556,False,True,34,9,1,6,7,1,False,True,Andy Richter,Andy Richter,7
0,Alix Earle,29.0,0.1740427587546107,0.1262677324256998,0.0164662230915835,0.5297258852868624,False,True,34,10,2,3,5,1,False,False,Dylan Efron,Whitney Leavitt,6
5,Dylan Efron,27.5,0.0632236832779891,0.0324034659659317,0.0002600703695193,0.3157413392645249,False,True,34,10,6,6,12,1,True,False,Dylan Efron,Whitney Leavitt,6
6,Elaine Hendrix,28.5,0.1786524801789516,0.1453005399233178,0.009574531562501,0.5227074847575319,False,True,34,10,4,2,6,1,False,False,Dylan Efron,Whitney Leavitt,6
9,Jordan Chiles,28.5,0.1273263706418418,0.0910145734910014,0.0068859038070289,0.4700379605156492,False,True,34,10,4,4,8,1,False,False,Dylan Efron,Whitney Leavitt,6
11,Robert Irwin,29.5,0.3640998311418809,0.3301423977992364,0.054077822499059,0.8752360305057991,False,True,34,10,1,1,2,1,False,False,Dylan Efron,Whitney Leavitt,6
13,Whitney Leavitt,29.0,0.0926548760047258,0.0624895407934608,0.0109637310211932,0.3630430730174975,True,True,34,10,2,5,7,1,False,False,Dylan Efron,Whitney Leavitt,6
