season,week,contestant_id,celebrity_name,judge_total,p_mean,p_median,p_q025,p_q975
1,1,0,Evander Holyfield,18.0,0.12955774364884445,0.09856476913339737,0.01052693336649609,0.4165480693519693
1,1,1,Joey McIntyre,20.0,0.27550210335641573,0.2339326855203479,0.03134554661987974,0.7154721720310108
1,1,2,John O'Hurley,20.0,0.262490393340519,0.21730500694406538,0.02741484435283525,0.6969634349703329
1,1,3,Kelly Monaco,13.0,0.051120228257385485,0.020428632607643233,0.00020977545332725027,0.2873129826788838
1,1,4,Rachel Hunter,20.0,0.2001876990426755,0.1400862697915941,0.018760093284296515,0.6565198149876483
1,1,5,Trista Sutter,18.0,0.08114183235415982,0.054884417553515724,0.007906412197726264,0.3023041707522368
1,2,0,Evander Holyfield,14.0,0.04674185584956315,0.02673218990203309,0.00037039857530340406,0.20249533397259808
1,2,1,Joey McIntyre,21.0,0.17349706548614813,0.12571138531019171,0.00995767734633504,0.5703034732493044
1,2,2,John O'Hurley,26.0,0.4077378030110299,0.3733667522206961,0.04787424198191427,0.8973269516967374
1,2,3,Kelly Monaco,17.0,0.09869799598678902,0.05483108300968803,0.0020729912819983623,0.43685153434130364
1,2,4,Rachel Hunter,24.0,0.2110242607053162,0.14790216501191353,0.017827801528813882,0.6900769327347328
1,2,5,Trista Sutter,19.0,0.06230101896115359,0.03925216448701707,0.003732571161060385,0.24207494639068805
1,3,0,Evander Holyfield,13.0,0.04519011614762441,0.024745046059065592,0.000365267497556493,0.2001530635101021
1,3,1,Joey McIntyre,22.0,0.204041898322057,0.1576339814211306,0.014507162771447708,0.6236513080338199
1,3,2,John O'Hurley,24.0,0.26713290400517226,0.22045382674978348,0.027369237872939708,0.7125092741312519
1,3,3,Kelly Monaco,21.0,0.18513065470046378,0.13542416533629076,0.012788080461405808,0.6187706281688137
1,3,4,Rachel Hunter,26.0,0.2985044268246826,0.2237766676319306,0.02673636262738391,0.8321856438028034
1,4,1,Joey McIntyre,20.0,0.10641968327844978,0.05317256019571526,0.0010181806741883283,0.4948303345434771
1,4,2,John O'Hurley,21.0,0.12136093090195652,0.07193459317439702,0.002017685084440617,0.5101843017782358
1,4,3,Kelly Monaco,26.0,0.5155134295533016,0.522973004012852,0.07807365640327209,0.932254813205458
1,4,4,Rachel Hunter,25.0,0.2567059562662921,0.1930077627099176,0.021036585838489184,0.7642867024717439
1,5,1,Joey McIntyre,22.5,0.14586997828241258,0.08744413786139121,0.0016463545524807394,0.5825891269582514
1,5,2,John O'Hurley,27.0,0.6443892113059706,0.6912264036741878,0.10523964930263664,0.9875144063864152
1,5,3,Kelly Monaco,23.5,0.2097408104116168,0.14671532849471228,0.006617204387184697,0.720605059251817
1,6,2,John O'Hurley,27.0,0.207397497020489,0.12561151438183676,0.0027623935699077817,0.773891313632747
1,6,3,Kelly Monaco,27.5,0.792602502979511,0.8743884856181634,0.22610868636725306,0.9972376064300917
2,1,0,Drew Lachey,24.0,0.21456302706480382,0.16232015686187684,0.02474166568062673,0.6574804936302273
2,1,1,George Hamilton,18.0,0.05755135262383566,0.04250713706446342,0.002803138699235655,0.20939988607047857
2,1,2,Giselle Fernandez,23.0,0.10061869888374411,0.06410687452950828,0.00937959322966607,0.43332910144135733
2,1,3,Jerry Rice,21.0,0.18833303548972435,0.15872698624601717,0.01789572772998125,0.5449359607502158
2,1,4,Kenny Mayne,13.0,0.013240790526096826,0.008414466384429256,0.00031191487002324577,0.05346172758550018
2,1,5,Lisa Rinna,19.0,0.06848369102928362,0.0447159134720588,0.006305753401117187,0.2792154901859595
2,1,6,Master P,12.0,0.034850908922330955,0.02001078599031912,0.00017763621292569282,0.1501532383873585
2,1,7,Stacy Keibler,22.0,0.14902012841573775,0.11217140296613931,0.015980458946367335,0.4567423556441826
2,1,8,Tatum O'Neal,23.0,0.10726917063980555,0.07578344219328924,0.01175976862576983,0.3747743321873896
2,1,9,Tia Carrere,20.0,0.06606919640463739,0.04826518457925613,0.006474039031556832,0.2403617195615694
2,2,0,Drew Lachey,27.0,0.20722978686903326,0.15709803572859599,0.017338183250117843,0.6499472734544023
2,2,1,George Hamilton,22.0,0.06978260028113527,0.0518698658397016,0.003244200995768391,0.24970867260334248
2,2,2,Giselle Fernandez,24.0,0.05916762421996962,0.039486772929774205,0.0041184059055135985,0.23859203157798364
2,2,3,Jerry Rice,23.0,0.1582778463964003,0.126632453125457,0.008542872270795823,0.49831465336087605
2,2,5,Lisa Rinna,20.0,0.04879464206376596,0.030353928933173423,0.001645115266045664,0.2264735244665201
2,2,6,Master P,16.0,0.042402357216396486,0.024620038804442305,0.0002496482851981933,0.17324793930319005
2,2,7,Stacy Keibler,29.0,0.34167126532455666,0.3033184815769383,0.03508867130521827,0.8509727152578322
2,2,8,Tatum O'Neal,17.0,0.01847696156041191,0.011288827164608078,0.00025870859172934105,0.07840568932125125
2,2,9,Tia Carrere,22.0,0.05419691606833053,0.037907834358306206,0.0030716890689038135,0.19736144528208702
2,3,0,Drew Lachey,27.0,0.22399874330581016,0.17454795976118637,0.024042652460282952,0.6684392510812086
2,3,1,George Hamilton,22.0,0.07943140208843125,0.06199836942448746,0.0044821828281070624,0.2787347263509872
2,3,2,Giselle Fernandez,22.0,0.04400677230561107,0.030112450999774564,0.0030746182139867336,0.17938943252476444
2,3,3,Jerry Rice,19.0,0.09791134265915215,0.06687388592383732,0.0018329843314070177,0.35582976993957655
2,3,5,Lisa Rinna,25.0,0.138713339271213,0.0990959205862459,0.017577688809276546,0.4794003562045498
2,3,6,Master P,14.0,0.03838099821241363,0.020268215391603908,0.00018483522591659443,0.1622549653100443
2,3,7,Stacy Keibler,27.0,0.24074514631739194,0.19692334398885436,0.029010823048367582,0.6519388165412233
2,3,9,Tia Carrere,26.0,0.13681225583997683,0.10514399771683045,0.014415015363865033,0.4353255923384289
2,4,0,Drew Lachey,28.0,0.2216153358083439,0.17124802841648684,0.025726156550423145,0.6696598432496005
2,4,1,George Hamilton,21.0,0.08085194679280139,0.06338192371716406,0.005709199744940679,0.2796576663550012
2,4,3,Jerry Rice,24.0,0.21506744878045347,0.18433680388802837,0.02089839940988204,0.6233237058939741
2,4,5,Lisa Rinna,26.0,0.1573914365239877,0.11104225695081618,0.020480907281129546,0.5404870794817492
2,4,6,Master P,8.0,0.03498429336279542,0.01783085865376298,0.00014322368557883046,0.15528635464310894
2,4,7,Stacy Keibler,26.0,0.18080517109175837,0.14037193835295986,0.020273648179618166,0.5162187647617777
2,4,9,Tia Carrere,25.0,0.10928436763985977,0.08119194971992724,0.01057761795917732,0.37502746308976964
2,5,0,Drew Lachey,27.0,0.18651843065845172,0.13797054260724695,0.011122610373586113,0.6160683017590474
2,5,1,George Hamilton,24.0,0.07579083036631286,0.05309530196835044,0.001802442843693048,0.278742704151598
2,5,3,Jerry Rice,23.0,0.11750242065936609,0.07817151388763506,0.0013274161469570718,0.4298784563394662
2,5,5,Lisa Rinna,25.0,0.09573942263087148,0.062432079927418824,0.0045639532299858055,0.3872470304363063
2,5,7,Stacy Keibler,30.0,0.4888325182416063,0.4852030230426272,0.05733014362291003,0.9574573390469056
2,5,9,Tia Carrere,22.0,0.03561637744339159,0.021506359995991344,0.00043631383532156373,0.14771253543452215
2,6,0,Drew Lachey,30.0,0.3249356666833306,0.27689457416995716,0.038365355706756345,0.8170944782113392
2,6,1,George Hamilton,23.0,0.06080405208356881,0.0399281719685549,0.0010774480862301209,0.24065060137938976
2,6,3,Jerry Rice,23.0,0.11931516234619206,0.07762417501690647,0.001334192587353679,0.45774453824769407
2,6,5,Lisa Rinna,27.0,0.14098985061275507,0.09874196174060279,0.01324542051493959,0.509873423149853
2,6,7,Stacy Keibler,30.0,0.35395526827415347,0.32418127869922797,0.04158076387305263,0.820298050446487
2,7,0,Drew Lachey,27.5,0.3170763648555842,0.2767389946776415,0.037716163317084224,0.7968050566605177
2,7,3,Jerry Rice,20.5,0.1141050450305921,0.06561462667080226,0.0007843717781863675,0.4499575208286339
2,7,5,Lisa Rinna,26.5,0.224490672099207,0.174002959442459,0.02789345894865081,0.6808655350902018
2,7,7,Stacy Keibler,27.5,0.3443279180146167,0.31454677788720276,0.04087268311861874,0.7878087732758948
2,8,0,Drew Lachey,28.9998,0.44666106134451145,0.4215943682332215,0.06019934042370189,0.916375047148195
2,8,3,Jerry Rice,26.666600000000003,0.17037388908023107,0.10969218412067382,0.0018353553384300974,0.6320734778967545
2,8,7,Stacy Keibler,28.6665,0.3829650495752575,0.3576143928473743,0.04572207013037878,0.8757554547572557
3,1,0,Emmitt Smith,24.0,0.15373081693650748,0.10728900452046354,0.013389583868741553,0.5250722399174697
3,1,1,Harry Hamlin,17.0,0.0434702073313802,0.023415606558854524,0.0009179016141952806,0.20211462215588438
3,1,2,Jerry Springer,16.0,0.040414088452165375,0.019428514035799968,0.000669390473419362,0.21009971803976318
3,1,3,Joey Lawrence,21.0,0.09542799674299646,0.06427866592760668,0.008050566590358531,0.35299574097632197
3,1,4,Mario Lopez,26.0,0.2795428723760358,0.2222493510847353,0.025159238668932347,0.7847181561275696
3,1,5,Monique Coleman,19.0,0.062154351807365234,0.04128018251787627,0.0031149058263643466,0.24666478905747663
3,1,6,Sara Evans,15.0,0.030547413286546254,0.014886649155973469,0.000452377504032252,0.15848019872220567
3,1,7,Shanna Moakler,18.0,0.05564107039798387,0.03192612823768768,0.0017751828059025519,0.26382714529093937
3,1,8,Tucker Carlson,12.0,0.02336869289385928,0.00908114481907772,8.866340993757502e-05,0.13366659343660336
3,1,9,Vivica A. Fox,22.0,0.11350701204743953,0.07966272947243284,0.0088863033945846,0.397126567233022
3,1,10,Willa Ford,22.0,0.1021954777277205,0.07101970171103252,0.00819200345664046,0.362443888916314
3,2,0,Emmitt Smith,24.0,0.08058927664095203,0.050153237010265014,0.0031447647806034135,0.34594001331609353
3,2,1,Harry Hamlin,21.0,0.04156498873330599,0.021553183431126506,0.0003199087788344918,0.2058071494809576
3,2,2,Jerry Springer,19.0,0.030646283180619144,0.01147137826737291,7.737244028761574e-05,0.1871952002139585
3,2,3,Joey Lawrence,29.0,0.4053040650550012,0.3603421357699199,0.03578557846336124,0.9393886276006125
3,2,4,Mario Lopez,21.0,0.04404201989852169,0.023662590572373486,0.0005021245244775132,0.1931573713047192
3,2,5,Monique Coleman,26.0,0.15311456694986422,0.11123080187948552,0.013769552418095372,0.5097144112273185
3,2,6,Sara Evans,21.0,0.03962636826745492,0.02067089130571397,0.0004223136268056024,0.18994538870564334
3,2,7,Shanna Moakler,22.0,0.05565223792039639,0.030399378279024343,0.000879559559240848,0.26198572499219824
3,2,9,Vivica A. Fox,24.0,0.08641993381547186,0.057499599674075974,0.004188992839028097,0.33234284128144376
3,2,10,Willa Ford,23.0,0.0630402595384125,0.03928800894577279,0.001683375890260905,0.26190743342972556
3,3,0,Emmitt Smith,19.0,0.0289355581211492,0.012116698400802447,0.00011399101694474002,0.16156795416438652
3,3,1,Harry Hamlin,22.0,0.059600523415649434,0.032680114614147535,0.0016292148198455507,0.2792097309505545
3,3,2,Jerry Springer,21.0,0.05058450689512632,0.02358601813487317,0.0007997589585568175,0.27578229918428354
3,3,3,Joey Lawrence,22.0,0.06513524365891685,0.03742010323120928,0.0021525941090430535,0.2798416282721234
3,3,4,Mario Lopez,22.0,0.06400079433558585,0.03798820887009585,0.0012520209491083537,0.2590204704526823
3,3,5,Monique Coleman,27.0,0.27031673899135195,0.22442438036862322,0.03297416089751715,0.747402910887528
3,3,6,Sara Evans,25.0,0.12770936090695176,0.09094815560622083,0.011979058032271749,0.4468365484900019
3,3,9,Vivica A. Fox,27.0,0.2766045898067175,0.22888934466304878,0.023313346477419544,0.7396693069924287
3,3,10,Willa Ford,22.0,0.05711268386855112,0.03399221388578354,0.0014283297799297535,0.25416668103864576
3,4,0,Emmitt Smith,24.0,0.07145141751005628,0.041551576309535126,0.001925592650981044,0.3257701621115417
3,4,2,Jerry Springer,22.0,0.05324613560092332,0.024805481627627073,0.0007401298806568483,0.29977508942564557
3,4,3,Joey Lawrence,27.0,0.17533901681366407,0.13501415545236656,0.016872638852495295,0.5476936596589556
3,4,4,Mario Lopez,29.0,0.3131800103456846,0.26067163730907245,0.03336240376416739,0.8049271322563686
3,4,5,Monique Coleman,24.0,0.07619499074994451,0.04952851727020616,0.0031862331721504798,0.3153599705734952
3,4,6,Sara Evans,20.0,0.03079301715345508,0.013591190647826993,0.00018653833969978613,0.16088856410519262
3,4,9,Vivica A. Fox,24.0,0.07589678557910418,0.04895890724859059,0.003469587213474734,0.298177810770293
3,4,10,Willa Ford,28.0,0.20389862624716798,0.15775698458367388,0.021732951307059545,0.635582416925519
3,5,0,Emmitt Smith,27.0,0.19349109213144713,0.1457039293404349,0.016774342818630782,0.6126993867120049
3,5,2,Jerry Springer,24.0,0.04967833163991792,0.021687494126923237,0.0005616245991293111,0.2910561260756929
3,5,3,Joey Lawrence,25.0,0.07610811707638723,0.04569080701923878,0.002977103335338636,0.3172477599938262
3,5,4,Mario Lopez,27.0,0.22420724856307425,0.17972920495859454,0.023040621601614044,0.6332029945708528
3,5,5,Monique Coleman,27.0,0.2155585901354854,0.17249592821865245,0.025959631917298064,0.6358213439736806
3,5,6,Sara Evans,24.0,0.04159432985019247,0.02075142891494204,0.0006810769451395733,0.21207180505207335
3,5,10,Willa Ford,27.0,0.19936229060349558,0.15108815863983388,0.019770829008251868,0.6031518683926406
3,6,0,Emmitt Smith,25.0,0.1907849790060818,0.14279791294704464,0.0113243422535384,0.6248081899847701
3,6,2,Jerry Springer,18.0,0.05617012736379758,0.02283911674017619,0.00029956231418671296,0.3383993725683889
3,6,3,Joey Lawrence,24.0,0.1762646288456019,0.12298755336334921,0.013007992652714009,0.5779824322895778
3,6,4,Mario Lopez,28.0,0.44393512731426926,0.4186708447991686,0.052384649746600176,0.9130424109930669
3,6,5,Monique Coleman,23.0,0.13284513747024945,0.09234103598818039,0.006661098490207943,0.4806463719926065
3,7,0,Emmitt Smith,28.5,0.2520983843377391,0.20933348805038493,0.022367113459099454,0.7272534455357365
3,7,2,Jerry Springer,23.0,0.05140187880518853,0.020084872687096796,0.00029941978644157266,0.30415455212274045
3,7,3,Joey Lawrence,28.5,0.2977488356925672,0.26164748969423723,0.0332149655397868,0.7486785945844138
3,7,4,Mario Lopez,28.0,0.23898085706936104,0.19481699739165106,0.02411471402009524,0.656768493820292
3,7,5,Monique Coleman,27.0,0.15977004409514414,0.11630170401605858,0.013820996812090876,0.5485380829583923
3,8,0,Emmitt Smith,27.0,0.1378372711439111,0.08222778682063639,0.0022014061181448883,0.5601175662105166
3,8,3,Joey Lawrence,27.0,0.15436016795376367,0.09815845654501199,0.004581643341059824,0.5647655663902524
3,8,4,Mario Lopez,28.5,0.6115973270277126,0.6542209941565944,0.09264663668070923,0.985954368521118
3,8,5,Monique Coleman,26.5,0.09620523387461256,0.05664862640965941,0.0007899955309658355,0.4317811383620533
3,9,0,Emmitt Smith,29.5,0.3034424482220336,0.25379927171886085,0.026657844856238122,0.799363053365259
3,9,3,Joey Lawrence,29.5,0.35079012425991746,0.3238067722538429,0.04043668634084807,0.8198660869830896
3,9,4,Mario Lopez,29.5,0.3457674275180489,0.3145730232997428,0.03604830738244675,0.8214636877206417
3,10,0,Emmitt Smith,29.666600000000003,0.46615993778005343,0.44748611484589196,0.046812358653695776,0.9279780681995343
3,10,4,Mario Lopez,29.666600000000003,0.5338400622199465,0.552513885154108,0.0720219318004654,0.9531876413463041
4,1,0,Apolo Anton Ohno,21.0,0.1213669603943749,0.08647484967936131,0.008977998357683948,0.44229178820269055
4,1,1,Billy Ray Cyrus,13.0,0.01974602699911684,0.00883389482773251,7.845755674915176e-05,0.10290738049980484
4,1,2,Clyde Drexler,16.0,0.03714943572338006,0.020083697291577406,0.0007942112799340823,0.1767307624550553
4,1,3,Heather Mills,18.0,0.05019126833832749,0.029392443688870805,0.0025101514250131553,0.23636494595291693
4,1,4,Ian Ziering,21.0,0.11441116113857425,0.07799299428937212,0.009587081098717724,0.4326699337898301
4,1,5,Joey Fatone,24.0,0.24633357363644473,0.19039519064655622,0.021725387606184737,0.736916035152559
4,1,6,John Ratzenberger,17.0,0.043833914056080725,0.023386835148731397,0.001431485695763605,0.2108530356052736
4,1,7,Laila Ali,23.0,0.20673977651183256,0.15638531625198615,0.019042247838804798,0.6200858915033397
4,1,8,Leeza Gibbons,15.0,0.029688649448549473,0.015126156623365711,0.0003486621932835494,0.15173098110865363
4,1,9,Paulina Porizkova,19.0,0.06712059303812476,0.04268174710676259,0.0043741819217966195,0.27366755452447916
4,1,10,Shandi Finnessey,19.0,0.06341864071519425,0.041339204717490446,0.004165679324430929,0.26690321237161546
4,2,0,Apolo Anton Ohno,26.0,0.2121445692875831,0.16889223744583873,0.018187900200028802,0.6710632821311043
4,2,1,Billy Ray Cyrus,21.0,0.041285349376800284,0.024356116890980477,0.0009120414626451784,0.1927462199061092
4,2,2,Clyde Drexler,18.0,0.022298763817522296,0.009935154141274617,0.00012251348568956722,0.12322245894104948
4,2,3,Heather Mills,24.0,0.092692909320129,0.06224093263346696,0.008430455237476344,0.3502707746142163
4,2,4,Ian Ziering,22.0,0.061648262497940934,0.03555781010372818,0.002104635760689812,0.26735139259614366
4,2,5,Joey Fatone,24.0,0.10269762577074566,0.06892708979411383,0.007169534295745778,0.4007900073498266
4,2,6,John Ratzenberger,21.0,0.04404797743477316,0.023084849374767367,0.0011315715750459387,0.20727224083441123
4,2,7,Laila Ali,27.0,0.3045530698006689,0.24006476700001644,0.02623767245334862,0.8093664964528464
4,2,8,Leeza Gibbons,21.0,0.04319046755082812,0.024866606172134178,0.001062457875575967,0.19051990860389728
4,2,9,Paulina Porizkova,21.0,0.04337674297852212,0.024516220677409488,0.0011544021909015538,0.19658580104237475
4,2,10,Shandi Finnessey,20.0,0.03206426216448648,0.016845475001816927,0.0005746901327152233,0.1601508043608127
4,3,0,Apolo Anton Ohno,23.0,0.12443687776662668,0.08987213390211585,0.010465191648733456,0.426989166334488
4,3,1,Billy Ray Cyrus,21.0,0.055571176471411105,0.034939888169927595,0.003426595359711831,0.23584510851681895
4,3,2,Clyde Drexler,16.0,0.01820618017571565,0.0069929609665641684,7.937011105703528e-05,0.10668376111950634
4,3,3,Heather Mills,24.0,0.14666218571962533,0.1048994238646987,0.014902307568423097,0.5143243350921112
4,3,4,Ian Ziering,24.0,0.1653141122827005,0.12359347205428385,0.016632696188745785,0.5652233248538044
4,3,5,Joey Fatone,24.0,0.15847605244425705,0.1219904841363199,0.014868021797955652,0.5089160394911799
4,3,6,John Ratzenberger,20.0,0.04577869551384175,0.024540970576259535,0.0015935262192473593,0.20868048933410283
4,3,7,Laila Ali,21.0,0.06840124636454244,0.04238144832993043,0.003304171985970722,0.28797737535018364
4,3,8,Leeza Gibbons,24.0,0.16106356843390346,0.12053792639714125,0.016738180019981938,0.526719306706836
4,3,10,Shandi Finnessey,21.0,0.05608990482737607,0.036011346139419226,0.003309663187209374,0.2309248119713015
4,4,0,Apolo Anton Ohno,26.0,0.21098986182965238,0.1650020784363408,0.017443979872250506,0.6315926954111221
4,4,1,Billy Ray Cyrus,21.0,0.07233829008619272,0.04792481967459364,0.003941854885741511,0.2986316956644592
4,4,2,Clyde Drexler,15.0,0.03325912321484999,0.015614833202649385,0.00037691111422209783,0.17537813065197602
4,4,3,Heather Mills,23.0,0.10004274241767473,0.06704641666962903,0.008287921733495475,0.38721358621635665
4,4,4,Ian Ziering,24.0,0.13627094373544715,0.09640425178950626,0.011370178420002477,0.5019590910305954
4,4,5,Joey Fatone,28.0,0.2858993586037937,0.23526042958319293,0.026601317674849523,0.7915791418374816
4,4,6,John Ratzenberger,16.0,0.03692597130930226,0.01722301616114392,0.0004532649018264426,0.1888599766389498
4,4,7,Laila Ali,21.0,0.08788087322426431,0.05676355621901406,0.0039058083066027057,0.3539530612290612
4,4,8,Leeza Gibbons,16.0,0.036392835578822814,0.01862648716844416,0.00045458761799590207,0.18171397164408168
4,5,0,Apolo Anton Ohno,30.0,0.31225303428368273,0.26134201770984433,0.028159302745500884,0.8270803681936648
4,5,1,Billy Ray Cyrus,17.0,0.044435930807932025,0.025113124811267245,0.000819241317105306,0.21296811983399094
4,5,2,Clyde Drexler,13.0,0.03168578995887849,0.014523929853264695,0.00023894389122655315,0.16975577145463627
4,5,3,Heather Mills,21.0,0.07093858793975104,0.04327613688424806,0.0035916719603680935,0.3054600896033132
4,5,4,Ian Ziering,24.0,0.12207218977344805,0.08468572978166922,0.007984362242169562,0.48550627188731577
4,5,5,Joey Fatone,25.0,0.1343448135037335,0.09415158405066579,0.010199224886163004,0.4788357992520737
4,5,6,John Ratzenberger,18.0,0.05369606913138695,0.02773207546386585,0.0013683281738097325,0.24529819771615913
4,5,7,Laila Ali,28.0,0.23057358460118726,0.18131035405105406,0.02165533138944863,0.673694286094979
4,6,0,Apolo Anton Ohno,28.0,0.2720705233136748,0.22625271464502955,0.02442321668921373,0.7522656527194599
4,6,1,Billy Ray Cyrus,21.0,0.049167624398832724,0.02717764383291525,0.0008711517952796488,0.23497043963694736
4,6,3,Heather Mills,23.0,0.07189631285426734,0.04178433278502882,0.003137226125628586,0.3129190385022064
4,6,4,Ian Ziering,24.0,0.10192431093146,0.06494551934379755,0.005390416069329656,0.4117118494986283
4,6,5,Joey Fatone,27.0,0.1939687308312639,0.1460299161676526,0.017681606885252006,0.6195747015809393
4,6,6,John Ratzenberger,19.0,0.03674490637837512,0.015931819147511316,0.0002957270235944653,0.19382176642221116
4,6,7,Laila Ali,28.0,0.27422759129212604,0.2239133498065924,0.028109663271948505,0.7419854967244176
4,7,0,Apolo Anton Ohno,27.0,0.17475200758805265,0.13048491533146767,0.012269712825781662,0.5895920753734534
4,7,1,Billy Ray Cyrus,19.0,0.03773416934518653,0.017886505430979527,0.00024653125162968126,0.19091063119447307
4,7,4,Ian Ziering,27.0,0.16287591453870637,0.11758663104950318,0.012765358131393132,0.5571636056210746
4,7,5,Joey Fatone,29.5,0.2640591731652836,0.21341679314555484,0.028291585831249924,0.7363918790207085
4,7,6,John Ratzenberger,22.5,0.068520351380434,0.03601472046720725,0.0021576824066219936,0.31236830124408765
4,7,7,Laila Ali,29.5,0.29205838398233686,0.24544670289655185,0.030841520692666782,0.7455739823835248
4,8,0,Apolo Anton Ohno,29.0,0.37479068404346205,0.3387250827812923,0.037012749184367304,0.8731338497338503
4,8,1,Billy Ray Cyrus,19.0,0.047171353757595486,0.022261565056611872,0.0003488022141928253,0.24731739566782093
4,8,4,Ian Ziering,23.5,0.11484377339583092,0.0721028205536606,0.004150701534249746,0.4702066166311184
4,8,5,Joey Fatone,27.5,0.24542274745871917,0.19423659897877732,0.02301880864305268,0.7179202248649486
4,8,7,Laila Ali,26.5,0.2177714413443924,0.16923602909663704,0.017066764999252363,0.6599115078484451
4,9,0,Apolo Anton Ohno,29.5,0.16793760080382322,0.11419481647184751,0.007324177635487004,0.6349126745796988
4,9,4,Ian Ziering,29.0,0.07773863644027257,0.035680201904322265,0.000720665707019861,0.3989153663381376
4,9,5,Joey Fatone,30.0,0.3591713901339368,0.3121429963257567,0.0425654739551946,0.845803134974795
4,9,7,Laila Ali,30.0,0.39515237262196745,0.3648280262600774,0.04696670439328762,0.85424315314751
4,10,0,Apolo Anton Ohno,29.3332,0.6578329507517807,0.7023318964320369,0.12093064498495779,0.9906045044680463
4,10,5,Joey Fatone,28.6665,0.20365293119395145,0.1467078807450024,0.006285916469660255,0.7141421296904237
4,10,7,Laila Ali,28.333200000000005,0.13851411805426767,0.08579218416944934,0.001265159004880129,0.5943127107235487
5,1,0,Albert Reed,21.0,0.05019974302682441,0.029987772289427776,0.002144584467007986,0.2072246567443522
5,1,1,Cameron Mathison,21.0,0.04857474246865558,0.02972328402131391,0.0022340047553988515,0.18357097362126332
5,1,2,Floyd Mayweather Jr. ,18.0,0.02377969584689658,0.012312499064649235,0.00024455793351610167,0.11719509606557833
5,1,3,Helio Castroneves,25.0,0.17713662462673474,0.13418457985838297,0.013277182827871837,0.5837657539333985
5,1,4,Jane Seymour,24.0,0.13427826720257555,0.09162233420802474,0.012305958170959249,0.52482908772226
5,1,5,Jennie Garth,21.0,0.05223753796301502,0.028967615263024556,0.0028117991483101305,0.22643533769361168
5,1,6,Josie Maran,16.0,0.018461133560361543,0.007701009476458923,5.584211060282309e-05,0.10213811396747514
5,1,7,Marie Osmond,21.0,0.06050002599251046,0.03415420824837245,0.002213410212372969,0.2733136360517541
5,1,8,Mark Cuban,21.0,0.05267966387973889,0.03070512086162322,0.002711538640274523,0.22067384626645395
5,1,9,Mel B,24.0,0.12412713324272802,0.08328062452876037,0.010630207203329658,0.47052317520657944
5,1,10,Sabrina Bryan,26.0,0.22585523700000312,0.16406336300725172,0.017571127164675696,0.7542960546240057
5,1,11,Wayne Newton,19.0,0.032170195189956084,0.016064589273846176,0.0006157656400514864,0.16277823145400303
5,2,0,Albert Reed,21.0,0.05272505638806287,0.031599312283212395,0.002164341225745577,0.22086472826970865
5,2,1,Cameron Mathison,21.0,0.05117689010245257,0.0314785825160171,0.0023315631408887404,0.19244446311523547
5,2,2,Floyd Mayweather Jr. ,21.0,0.04956325838498218,0.032048122910265125,0.0021941493963175476,0.20933181850100907
5,2,3,Helio Castroneves,27.0,0.2693080513006214,0.22328289960343994,0.022732754062744897,0.7478050216514944
5,2,4,Jane Seymour,21.0,0.06328190313424883,0.037511975391967115,0.0030142089707535843,0.2944524592612805
5,2,5,Jennie Garth,21.0,0.054980159082353874,0.030706859938327488,0.003194744077268569,0.24250292364229378
5,2,7,Marie Osmond,24.0,0.12813365091662218,0.08316405992518083,0.009254498129433172,0.4529102109107645
5,2,8,Mark Cuban,18.0,0.03128141768289265,0.014283272213563007,0.00047813905288659347,0.16096475239533378
5,2,9,Mel B,23.0,0.09034669197750422,0.05685326079149937,0.0059206356263716365,0.3658586637450794
5,2,10,Sabrina Bryan,26.0,0.1913430932108679,0.1399110742482929,0.015848973918368005,0.6400837682591831
5,2,11,Wayne Newton,15.0,0.017859827819391345,0.006624941743516209,5.9735404268966444e-05,0.10737801324925421
5,3,1,Cameron Mathison,23.0,0.05488833007896109,0.03337167245115827,0.0025711405948033576,0.20925393224941607
5,3,2,Floyd Mayweather Jr. ,21.0,0.035048049643640264,0.019805743804254927,0.000732421925229112,0.16166453194379857
5,3,3,Helio Castroneves,24.0,0.08794719118955145,0.05063709371560331,0.004063514611541038,0.3480888966177923
5,3,4,Jane Seymour,27.0,0.17976730448435244,0.13031622227986422,0.01765856437346173,0.6394554633487244
5,3,5,Jennie Garth,26.0,0.12178091438465963,0.0863717066248205,0.011510648902614305,0.45985517134476656
5,3,7,Marie Osmond,26.0,0.13901612526416268,0.0940444885687911,0.011837189875291526,0.4982397141140845
5,3,8,Mark Cuban,20.0,0.032803879796763726,0.014805215359909848,0.0005292335765977672,0.17637914125961865
5,3,9,Mel B,27.0,0.1663276740416404,0.12246129068253209,0.015423892960429281,0.5635433902502843
5,3,10,Sabrina Bryan,27.0,0.16070907072609997,0.11641354244920271,0.01422422842895576,0.5344687642393329
5,3,11,Wayne Newton,18.0,0.02171146039016838,0.008381113593174915,0.00012445070482097317,0.12446430058588825
5,4,1,Cameron Mathison,27.0,0.10250985160046791,0.07119932869556911,0.007995289648711927,0.3735856259947458
5,4,2,Floyd Mayweather Jr. ,23.0,0.030118179146375525,0.015471218581930889,0.00022435643401731175,0.15023047284512117
5,4,3,Helio Castroneves,27.0,0.12651819101284875,0.08214030164063303,0.005733680121929267,0.46765637773834945
5,4,4,Jane Seymour,26.0,0.08949088203453776,0.05574391376444615,0.0044341903343778875,0.40514973942758514
5,4,5,Jennie Garth,27.0,0.10984389377467293,0.07151253189307377,0.008168335599819181,0.4259799692019879
5,4,7,Marie Osmond,26.0,0.09085927334434536,0.05576363301356779,0.003117989335953576,0.36671135028933344
5,4,8,Mark Cuban,22.0,0.02675216556816539,0.01051569950769797,0.00010103020471986733,0.14935800889966816
5,4,9,Mel B,26.0,0.081383669858684,0.04912850202481592,0.0037210463858171955,0.36405488030446903
5,4,10,Sabrina Bryan,30.0,0.3425238936599024,0.2716628667426835,0.02661602586615216,0.9128807332009952
5,5,1,Cameron Mathison,26.0,0.11392341127052742,0.07723181290133276,0.00884124056635385,0.3895946878918099
5,5,3,Helio Castroneves,23.0,0.07097537701164612,0.03518377438287936,0.0009571922170934904,0.33114386490183967
5,5,4,Jane Seymour,26.0,0.13477008501104476,0.09026298148424491,0.010733082503194593,0.5375709890441221
5,5,5,Jennie Garth,25.0,0.0917369239112584,0.056332899352787014,0.006199273546016003,0.40149999176786555
5,5,7,Marie Osmond,21.0,0.04362566761711594,0.01956823358692804,0.0003244926727665226,0.23478870517894063
5,5,8,Mark Cuban,21.0,0.03822639935216297,0.016841962096299082,0.00034194434670266067,0.196900067885031
5,5,9,Mel B,29.0,0.2960908770149021,0.237939893489729,0.028843604297833628,0.8063856883573448
5,5,10,Sabrina Bryan,28.0,0.2106512588113422,0.1604235727759133,0.019196277205969704,0.6619030617682562
5,6,1,Cameron Mathison,25.0,0.07875824630985619,0.04930465867759411,0.002891616424065724,0.2982216350416991
5,6,3,Helio Castroneves,28.0,0.2164752145828482,0.16544416613216292,0.014521606047326718,0.678448742528277
5,6,4,Jane Seymour,22.0,0.04714953879678188,0.02192743767095992,0.0004101799949829231,0.25158329509452343
5,6,5,Jennie Garth,27.0,0.14177229772085487,0.09756763986479576,0.011664796327076088,0.5067103987285267
5,6,7,Marie Osmond,23.0,0.059718733682199904,0.028436676154448365,0.0007979302688030361,0.3222660053469525
5,6,9,Mel B,30.0,0.37674641286698,0.3259217304253656,0.03528369140644774,0.9070691551356511
5,6,10,Sabrina Bryan,25.0,0.07937955604047901,0.05072255638636514,0.0028453246595178034,0.3146848176463529
5,7,1,Cameron Mathison,25.5,0.06728994757086354,0.038550369896594425,0.0012571751420932188,0.2874998297116787
5,7,3,Helio Castroneves,26.0,0.139218170587418,0.08571454282564037,0.004357272624128348,0.5430352064041116
5,7,4,Jane Seymour,25.0,0.05212902067830317,0.02481749237492388,0.0003688845501480315,0.2896985556636548
5,7,5,Jennie Garth,26.5,0.20640939693180593,0.15980209608332904,0.01941888039232677,0.6278795198289099
5,7,7,Marie Osmond,26.0,0.13390037488560722,0.08795405420343705,0.006386222060108746,0.5352735542441767
5,7,9,Mel B,27.0,0.40105308934600215,0.35752692211702386,0.04321622490702719,0.9097116586801398
5,8,1,Cameron Mathison,25.5,0.09713844534647287,0.060083062709544,0.0033154958045760576,0.377569566137998
5,8,3,Helio Castroneves,28.5,0.420848846875663,0.4008073565164464,0.04250176751923286,0.903207907879217
5,8,5,Jennie Garth,25.0,0.08352345118227619,0.04240974508382693,0.0023660270538756354,0.3904400173347358
5,8,7,Marie Osmond,24.5,0.08138331198110439,0.03926155550756651,0.0009773410905943294,0.4261192029313899
5,8,9,Mel B,28.0,0.3171059446144835,0.2686586910384231,0.027085401594126146,0.8362248647958016
5,9,3,Helio Castroneves,30.0,0.39541987870676704,0.3576714090500045,0.03557465993278099,0.8799206828196731
5,9,5,Jennie Garth,29.0,0.14974353036069726,0.09021558233942392,0.009588421644314154,0.5789023487266233
5,9,7,Marie Osmond,28.0,0.0831237633766326,0.03815363131571644,0.0008076353171775646,0.45741737077048156
5,9,9,Mel B,30.0,0.37171282755590307,0.33458599351553764,0.03692467621466193,0.8661312286607175
5,10,3,Helio Castroneves,27.999900000000004,0.429161322259032,0.40636800624597114,0.03944285238776853,0.9177841979821825
5,10,7,Marie Osmond,23.0,0.12132575421336116,0.057020153539518,0.001643341748200386,0.5802388323701425
5,10,9,Mel B,28.3332,0.44951292352760686,0.44593545976795435,0.045650883203022616,0.9221291609968527
6,1,0,Adam Carolla,15.0,0.024080924308200875,0.011403768682227668,0.00017695252719714564,0.12800558975241294
6,1,1,Cristian de la Fuente,21.0,0.07398095788203206,0.0443904241928454,0.0038952673268676736,0.3183046044133184
6,1,2,Jason Taylor,22.0,0.07955870273680016,0.05205194799223046,0.0056042875467618835,0.28879797123663625
6,1,3,Kristi Yamaguchi,27.0,0.25958781341635784,0.19864279919583477,0.02253637766587982,0.7907526011504185
6,1,4,Mario,24.0,0.13564267978453748,0.09692470148681517,0.011451589691279641,0.4760481108733215
6,1,5,Marissa Jaret Winokur,18.0,0.04075730353870845,0.022256880724025783,0.001110317558772432,0.19904366812212373
6,1,6,Marlee Matlin,22.0,0.08465137238007042,0.05488853316062267,0.005555188687626367,0.33977093990180285
6,1,7,Monica Seles,15.0,0.024951353617242596,0.010129170296119525,0.00016354065803738724,0.13715367452324662
6,1,8,Penn Jillette,16.0,0.02487702749893778,0.012855533981053572,0.00040438517674887926,0.12159492282760351
6,1,9,Priscilla Presley,24.0,0.1388470189587512,0.09786517208184481,0.012595823847079727,0.47172047410667634
6,1,10,Shannon Elizabeth,21.0,0.07272910324358212,0.045226275589445,0.0032718226147435353,0.3019541564857079
6,1,11,Steve Guttenberg,18.0,0.040335742634779015,0.023545792955429162,0.0008180131049468523,0.17514812002072538
6,2,0,Adam Carolla,19.0,0.04062131319933498,0.02211804075635823,0.0011769389494452778,0.18788293447499121
6,2,1,Cristian de la Fuente,20.0,0.052112398655521745,0.0280790462956353,0.0016442997394732796,0.24313708650237897
6,2,2,Jason Taylor,27.0,0.17768843533656095,0.13246166029869125,0.01838465267372984,0.5731682186922339
6,2,3,Kristi Yamaguchi,27.0,0.1772898554233929,0.13409157436747882,0.017415635653321382,0.5853540092457629
6,2,4,Mario,26.0,0.1568717201569388,0.1141597808967353,0.014255303766997284,0.536282118656558
6,2,5,Marissa Jaret Winokur,21.0,0.05837995595415019,0.03568854147447892,0.0032665640931139207,0.2568916170792636
6,2,6,Marlee Matlin,24.0,0.09900868266290438,0.06648368438060581,0.007416519265486457,0.38264528400238906
6,2,7,Monica Seles,15.0,0.023023131884172064,0.009141839152841408,0.000155016667272618,0.12823071562343719
6,2,8,Penn Jillette,17.0,0.026067256196369577,0.013430111807749782,0.0005992332401564109,0.11888432289609599
6,2,9,Priscilla Presley,21.0,0.06110871654625695,0.037028591843130974,0.0027690197126871248,0.26963857118437934
6,2,10,Shannon Elizabeth,24.0,0.10184585814756801,0.07158550236801002,0.007711698634632306,0.3728803580639902
6,2,11,Steve Guttenberg,16.0,0.02598267583682955,0.01301295611896557,0.0002014605723188819,0.1211756760136902
6,3,0,Adam Carolla,21.0,0.043760157461354844,0.023962930894798763,0.0010261583202522955,0.20896427205853443
6,3,1,Cristian de la Fuente,25.0,0.14415797657786128,0.10103767839590944,0.013723870890197411,0.5287566029140972
6,3,2,Jason Taylor,23.0,0.07064754719077859,0.04427784233009435,0.0035693458039053948,0.26933055737123934
6,3,3,Kristi Yamaguchi,27.0,0.2704651633842267,0.21568970970963267,0.023945066658491793,0.7682545677413467
6,3,4,Mario,21.0,0.04304675941985564,0.02474329468599012,0.001022844820571596,0.19760742770781467
6,3,5,Marissa Jaret Winokur,19.0,0.028233094347485638,0.012736078455256795,0.00018371714393353224,0.1508430004589664
6,3,6,Marlee Matlin,21.0,0.044102078880562605,0.021895909681320807,0.0009091896789844696,0.2249760550170235
6,3,9,Priscilla Presley,26.0,0.20520535509911575,0.15975484698680004,0.01910458788715457,0.6307103335085826
6,3,10,Shannon Elizabeth,24.0,0.10563210786028177,0.06970013108218359,0.00676782062325365,0.38726243981160496
6,3,11,Steve Guttenberg,21.0,0.0447497597784772,0.024682853106186155,0.0008230717713497292,0.20050519369324363
6,4,0,Adam Carolla,19.0,0.025611991124800722,0.010998050263785947,0.0001330330137194541,0.14686038779425745
6,4,1,Cristian de la Fuente,26.0,0.11106370752117366,0.07168018010841534,0.007843442663404143,0.4345629633435104
6,4,2,Jason Taylor,29.0,0.21675857301263132,0.16817781781785032,0.022995132479030875,0.637645773626339
6,4,3,Kristi Yamaguchi,29.0,0.21904699416407583,0.17406297869764625,0.02152673389972086,0.6515622284215924
6,4,4,Mario,24.0,0.0661134493370344,0.041237417057085814,0.0031469395202935674,0.2772781423525606
6,4,5,Marissa Jaret Winokur,24.0,0.06891621058252206,0.041430536861729435,0.0029881945867182695,0.2944036975483485
6,4,6,Marlee Matlin,24.0,0.0665403953823078,0.03797161546244138,0.00294811862079093,0.2963574222364984
6,4,9,Priscilla Presley,22.0,0.048499129563628396,0.025053652581082567,0.0009116218893078284,0.2440789676587751
6,4,10,Shannon Elizabeth,28.0,0.17744954931182583,0.13344575495592761,0.01680718439620376,0.564962292203907
6,5,1,Cristian de la Fuente,23.0,0.06765083503983477,0.03659623969768839,0.0013054661377568872,0.3417489340139736
6,5,2,Jason Taylor,27.0,0.17410995344868208,0.13081647083898107,0.01507383595727973,0.5498624580333469
6,5,3,Kristi Yamaguchi,29.0,0.32939589669067754,0.27666054668399387,0.035181306502793504,0.8552601671100414
6,5,4,Mario,27.0,0.18815975888573103,0.1431435603849846,0.017670220886587363,0.5960169037956965
6,5,5,Marissa Jaret Winokur,24.0,0.08149611387059566,0.05038341880431083,0.003599291574395434,0.339160129584313
6,5,6,Marlee Matlin,22.0,0.04841476316006529,0.0228401859882865,0.000705430845720759,0.23134783970070388
6,5,9,Priscilla Presley,21.0,0.044206585779686614,0.020264647333213592,0.0002919155576406321,0.2282894477556613
6,5,10,Shannon Elizabeth,23.0,0.066566093124727,0.036475859159310633,0.0011179738346300996,0.3164919350229186
6,6,1,Cristian de la Fuente,27.0,0.15753692685268908,0.10666605357159234,0.011138868390185613,0.5818683730191062
6,6,2,Jason Taylor,24.0,0.06676878063706691,0.03916149264232113,0.0013029881457745402,0.27609752422679495
6,6,3,Kristi Yamaguchi,30.0,0.34314814686413125,0.2933597709471199,0.03647618556750537,0.8563189431616647
6,6,4,Mario,28.0,0.20236393971546654,0.15549276842009702,0.020409794153746264,0.6351351794570819
6,6,5,Marissa Jaret Winokur,26.0,0.11733377173114541,0.07850116249942267,0.007213401436330137,0.4440435840867865
6,6,6,Marlee Matlin,21.0,0.03656605867807879,0.013971686181527061,0.0001896953136785332,0.19340757659094482
6,6,10,Shannon Elizabeth,24.0,0.07628237552142202,0.041905396971304965,0.0013327025593648735,0.37019114666647707
6,7,1,Cristian de la Fuente,23.0,0.045378503603856,0.0182466121891297,0.00019643900881892944,0.2828748026529787
6,7,2,Jason Taylor,27.5,0.32273339309817806,0.27851758645514174,0.038744143147282785,0.7919803089361841
6,7,3,Kristi Yamaguchi,27.0,0.24058962243033105,0.1954322782195725,0.028063295673279042,0.6954784930819035
6,7,4,Mario,25.5,0.11698077330643958,0.07993432159965924,0.006962929950318866,0.43722546930985046
6,7,5,Marissa Jaret Winokur,26.0,0.1536212148405982,0.11084178766692003,0.012391592515453808,0.5487190004952793
6,7,10,Shannon Elizabeth,25.5,0.1206964927205972,0.07902966662118623,0.00589244941448842,0.4681090920012852
6,8,1,Cristian de la Fuente,28.5,0.4701678810220621,0.44420092992677185,0.061832297210893096,0.9287772264846166
6,8,2,Jason Taylor,26.0,0.10018750909004788,0.059041292604175295,0.0021474458254547584,0.42010904837489693
6,8,3,Kristi Yamaguchi,27.5,0.22703413412438286,0.18553965119020283,0.01903363336860941,0.65262906863126
6,8,4,Mario,26.5,0.13643233126377877,0.09138103295789618,0.006342084263869982,0.48014839856862396
6,8,5,Marissa Jaret Winokur,25.0,0.06617814449972842,0.031546857033252954,0.0005375507413999779,0.33743987805548536
6,9,1,Cristian de la Fuente,28.0,0.30261618866024265,0.2489310916976606,0.03132303918475498,0.7975941045346172
6,9,2,Jason Taylor,27.5,0.19278912984185967,0.13852111129799616,0.011338591627090307,0.6236230221346584
6,9,3,Kristi Yamaguchi,28.5,0.42804196691360846,0.40973620116887693,0.050077012748620676,0.8841621014092012
6,9,5,Marissa Jaret Winokur,26.0,0.07655271458428925,0.037983792182728196,0.0007723407642055094,0.3798805750268097
6,10,1,Cristian de la Fuente,26.0,0.12980573040524124,0.06903179744787666,0.001423628269194847,0.6150148153286538
6,10,2,Jason Taylor,28.5,0.2960365746636124,0.24388168849694125,0.021316708121791057,0.7766104720655617
6,10,3,Kristi Yamaguchi,30.0,0.5741576949311463,0.5914055033101462,0.09650584859895424,0.9674876996196679
7,1,0,Brooke Burke,24.5,0.24623247879400464,0.18506528646488069,0.021013995376185333,0.7412422529230553
7,1,1,Cloris Leachman,16.0,0.025593715737927514,0.012551537276116454,0.0005887673699946852,0.13335651248054434
7,1,2,Cody Linley,20.5,0.07804168470272461,0.052532054321097,0.004858403913665164,0.30735845130920225
7,1,3,Jeffrey Ross,12.0,0.012505986636002865,0.004386424641832384,2.9222351068584274e-05,0.0707531556444998
7,1,4,Kim Kardashian,18.5,0.044320983013460984,0.025533284893649394,0.0018232395148265388,0.20563108637722274
7,1,5,Lance Bass,21.5,0.09758261017293711,0.07323058446281919,0.008053277155479653,0.3433705026350927
7,1,6,Maurice Greene,19.5,0.05261315879623218,0.03315217959923923,0.0031605386712901334,0.21262484260002945
7,1,7,Misty May-Treanor,21.0,0.08395522569632649,0.05510052120212475,0.009187119928168728,0.3310845240492927
7,1,8,Rocco DiSpirito,17.5,0.03818919170960686,0.020876995566905077,0.0011047647831180368,0.1802709284759493
7,1,9,Susan Lucci,18.5,0.044418185986861806,0.025630696452578223,0.0024994961043731403,0.19628434016721258
7,1,10,Ted McGinley,18.5,0.04705689181589255,0.029122599028884498,0.001774771969135562,0.2211872880084537
7,1,11,Toni Braxton,22.5,0.11599986369726559,0.07663497034299141,0.009818949696042677,0.44349260268806917
7,1,12,Warren Sapp,21.5,0.11349002324075677,0.08044928343504738,0.008826134384683364,0.41230041165235426
7,2,0,Brooke Burke,24.0,0.2059458404313233,0.15473581424960048,0.020952513740726205,0.6503326640656505
7,2,1,Cloris Leachman,15.0,0.0210063762138143,0.008747171472467612,0.00016134781825695967,0.11805485836470876
7,2,2,Cody Linley,21.0,0.08558072505041692,0.05965817675411537,0.0052459482531017005,0.32977464846905685
7,2,4,Kim Kardashian,17.0,0.03194259745573526,0.015443023269891764,0.0005891698455399134,0.16336125186832412
7,2,5,Lance Bass,20.0,0.06563919740929441,0.042907814102373605,0.0038166042317626043,0.27201583451333466
7,2,6,Maurice Greene,19.0,0.04603651755554561,0.027721807935838914,0.0018760900726235302,0.2036253086682094
7,2,7,Misty May-Treanor,21.0,0.08264949757529444,0.051935540862473775,0.007755658170407851,0.32919278197819934
7,2,8,Rocco DiSpirito,16.0,0.027781925164084387,0.012574989276868904,0.000289702930042997,0.1547382008903065
7,2,9,Susan Lucci,21.0,0.08039499989222457,0.05093142790409381,0.007386238249417317,0.31363633231121735
7,2,11,Toni Braxton,23.0,0.13049905535153378,0.08809720595936275,0.011009611086751305,0.4748935598836324
7,2,12,Warren Sapp,24.0,0.222523267900733,0.17235538977902834,0.020305402757894983,0.6752057072014973
7,3,0,Brooke Burke,28.0,0.3649223636875333,0.3091909948068642,0.03473233619390709,0.8940332527340995
7,3,1,Cloris Leachman,16.0,0.022657727294769517,0.009400912560408979,0.00010128887632856582,0.13479824040599805
7,3,2,Cody Linley,21.0,0.06383374990058832,0.03936622709263553,0.0015322067876538457,0.28162737080451844
7,3,5,Lance Bass,22.0,0.07924623001707794,0.050367989868586385,0.0034268650650709906,0.3388790691376869
7,3,6,Maurice Greene,24.0,0.1094942375250752,0.07694986621023439,0.008868042425804782,0.3871950614214077
7,3,8,Rocco DiSpirito,20.0,0.05209861734960571,0.027662287622402235,0.0010352573810347447,0.2513647584962366
7,3,9,Susan Lucci,21.0,0.06088607200657297,0.033617624789725103,0.0022702083589712842,0.26458160954531723
7,3,11,Toni Braxton,22.0,0.06654486309003552,0.04127580497849423,0.00308888745661405,0.273723273368913
7,3,12,Warren Sapp,25.0,0.18031613912874148,0.13928954912183666,0.012917899213804459,0.5905589650262629
7,4,0,Brooke Burke,26.0,0.258466488209715,0.2052076087964988,0.025262996112472017,0.7267989204229625
7,4,1,Cloris Leachman,22.0,0.0647150679386279,0.040134072705814205,0.003581735653157353,0.2854071433300129
7,4,2,Cody Linley,23.0,0.09514294900888828,0.06749262390544045,0.005462439782502703,0.3627518554760355
7,4,5,Lance Bass,26.0,0.254315226484626,0.21346517911405358,0.024883739024917702,0.6981661071239941
7,4,6,Maurice Greene,20.0,0.03760827953137476,0.019275955108160547,0.0006198679852914364,0.18738563812703457
7,4,8,Rocco DiSpirito,18.0,0.026344367277057634,0.01083426801465703,0.0001323865256474989,0.1495478373033409
7,4,9,Susan Lucci,24.0,0.12022953063608954,0.08521540253845108,0.011973894177827916,0.4303022739362265
7,4,11,Toni Braxton,22.0,0.059857044201809324,0.03673448154562304,0.0025280405961974417,0.2531651828141097
7,4,12,Warren Sapp,22.0,0.08332104671181156,0.0468327575496264,0.002918592643784868,0.35720214279504864
7,5,0,Brooke Burke,29.0,0.30199003688648746,0.25331702166702275,0.0341047502856707,0.7909252374201566
7,5,1,Cloris Leachman,21.0,0.04199335015191963,0.020707571929537524,0.0006936131938143642,0.21347205765456206
7,5,2,Cody Linley,28.0,0.2308192701991066,0.18150759944788875,0.02253658441333599,0.6838335328724935
7,5,5,Lance Bass,21.0,0.047913578230797574,0.02182917127889314,0.0006563869463448963,0.26078753335886967
7,5,6,Maurice Greene,27.0,0.1563799170282454,0.11553955447975162,0.013462150556194546,0.5413561116281728
7,5,9,Susan Lucci,22.0,0.05335204643681165,0.027212525781315475,0.0011490303881297832,0.24289090784754586
7,5,11,Toni Braxton,22.0,0.04653103451477863,0.024802534739261906,0.0010634657952312153,0.22329560070647714
7,5,12,Warren Sapp,25.0,0.12102076655185305,0.07846947810606383,0.006676676975107635,0.45230445077941445
7,6,0,Brooke Burke,26.0,0.21839768954899946,0.17316435911466269,0.022137001450771167,0.6545517413203187
7,6,1,Cloris Leachman,15.0,0.02735846872188909,0.011102012582160635,0.00017348904881196798,0.16173494148631334
7,6,2,Cody Linley,23.0,0.11319646360441975,0.08171208443965197,0.007535536283505835,0.41186795883396543
7,6,5,Lance Bass,27.0,0.27039679795621197,0.23298370172788962,0.02707921120712091,0.7348573198439879
7,6,6,Maurice Greene,21.0,0.06995786363680255,0.04129621956409148,0.0029980369819447503,0.3077220518276201
7,6,9,Susan Lucci,23.0,0.10699640114591463,0.07104855638331437,0.009542201249330393,0.40682838097113283
7,6,12,Warren Sapp,25.0,0.1936963153857625,0.14629921937624019,0.016496962832651698,0.6250274690003581
7,7,0,Brooke Burke,30.0,0.5146022169626494,0.5101437668425703,0.05512697981640858,0.9698877620488959
7,7,2,Cody Linley,22.0,0.06767143057844549,0.037991714967232096,0.0007339139310956745,0.3074624117414167
7,7,5,Lance Bass,25.0,0.13366545878903505,0.09118506185025729,0.00568652301193988,0.5128269126679196
7,7,6,Maurice Greene,25.0,0.11816423599048906,0.07709459660138557,0.006226155782162353,0.45327873608926156
7,7,9,Susan Lucci,24.0,0.09938962791905387,0.058708042868715185,0.0035875411387292504,0.39465760988788895
7,7,12,Warren Sapp,21.0,0.06650702976032714,0.029356221837445594,0.0003388051408988073,0.3314603572177653
7,8,0,Brooke Burke,27.5,0.40704381628002934,0.3808492285368681,0.04540468253161462,0.8993942125151506
7,8,2,Cody Linley,24.0,0.0745761813541955,0.041915962503080634,0.0010738084988901565,0.3433876125323551
7,8,5,Lance Bass,25.0,0.11648157053841,0.07243393440337201,0.0038138766899170453,0.5160701509786493
7,8,6,Maurice Greene,24.0,0.06751618356294774,0.036096150114581296,0.001412850040250988,0.3320383467085634
7,8,12,Warren Sapp,27.0,0.3343822482644175,0.2984375427990129,0.032506921591323935,0.8215957522271475
7,9,0,Brooke Burke,24.5,0.15041363734327817,0.0945771663790828,0.004883340442599118,0.6217587236199783
7,9,2,Cody Linley,23.0,0.09309382135459472,0.05160673495250058,0.0008499840243628775,0.43054021624140626
7,9,5,Lance Bass,28.5,0.5915921864094639,0.6239378124184748,0.08115787701574324,0.9819756163485929
7,9,12,Warren Sapp,24.5,0.16490035489266328,0.1055716755427912,0.004328983888384664,0.6156138833162219
7,10,0,Brooke Burke,30.0,0.6653617520627472,0.7266819137002802,0.09896456078703485,0.991752534983264
7,10,5,Lance Bass,27.5,0.1567951017534624,0.0941430000987521,0.002704894124297774,0.6629473333815744
7,10,12,Warren Sapp,27.5,0.17784314618379035,0.1062665056858598,0.0028733210661439244,0.6666005074109184
8,1,0,Belinda Carlisle,17.0,0.038927396577229975,0.022722190090596422,0.0011088863774223578,0.18053589852751803
8,1,1,Chuck Wicks,20.0,0.06778224095794604,0.043135888874323694,0.004703037897534813,0.2734059085148187
8,1,2,David Alan Grier,19.0,0.055149938242618726,0.035470210404321884,0.0030371272781313523,0.2162937347165205
8,1,3,Denise Richards,18.0,0.046130007894071005,0.029217917734884944,0.0020330086434465996,0.18457143631422485
8,1,4,Gilles Marini,24.0,0.20906363201294037,0.15603656450804976,0.022763340229100846,0.6719973837081795
8,1,5,Holly Madison,18.0,0.047036880314703856,0.028231323188106165,0.002564467913506652,0.20025703737974862
8,1,6,Lawrence Taylor,16.0,0.034012531440145106,0.018450443944380786,0.0006528818638985199,0.1640887629357657
8,1,7,Lil' Kim,21.0,0.09382577256468322,0.06167200540718415,0.006661929448182131,0.35694415683101227
8,1,8,Melissa Rycroft,23.0,0.162458222173902,0.12258916285220749,0.014107609775655425,0.49287932480152274
8,1,9,Shawn Johnson,23.0,0.16376808476441804,0.11930111177158899,0.017248997229344018,0.5437427975583308
8,1,10,Steve Wozniak,13.0,0.019965645941345644,0.008209960151635453,9.000114371809065e-05,0.11484740139104045
8,1,11,Steve-O,17.0,0.03780410970879975,0.021625053910339958,0.000951358100512682,0.16265322559517448
8,1,12,Ty Murray,14.0,0.02407553740719625,0.011595545612392955,0.00021465058183770842,0.12594575511570524
8,2,0,Belinda Carlisle,18.0,0.03498606537918075,0.01940913490363501,0.000749369878563099,0.17218867988085879
8,2,1,Chuck Wicks,20.0,0.046581059373334344,0.02799050556925627,0.0017068029640138897,0.2146846689127164
8,2,2,David Alan Grier,17.0,0.02622635796999348,0.014550718175189405,0.00036236547705143505,0.11806180810537012
8,2,3,Denise Richards,21.0,0.05903096810657998,0.03980736334347515,0.0029441636994720017,0.22495441413248507
8,2,4,Gilles Marini,27.0,0.24059491263505864,0.18520261009883665,0.026450676791723315,0.7490045415578072
8,2,5,Holly Madison,18.0,0.034132149120664944,0.018583599394584323,0.0008613571450578428,0.15669979352097244
8,2,6,Lawrence Taylor,20.0,0.05172577286316367,0.032363510614202395,0.002047486913746336,0.21851371712206794
8,2,7,Lil' Kim,23.0,0.0917926751450534,0.06004252916344119,0.005996541341164799,0.3592523689953389
8,2,8,Melissa Rycroft,26.0,0.192998386114187,0.14947288732861597,0.017677036023239744,0.5890733707235875
8,2,9,Shawn Johnson,24.0,0.11984120090083482,0.08294766360575058,0.010916824669717991,0.4319236448763714
8,2,10,Steve Wozniak,17.0,0.030869307945847226,0.014741603511524034,0.00039837801065595443,0.1579644926749441
8,2,11,Steve-O,14.0,0.0177118275904232,0.007604487261925675,6.294584572586056e-05,0.09331414512947082
8,2,12,Ty Murray,20.0,0.0535093168556785,0.03193517297425755,0.0022873418096707766,0.22495551534346075
8,3,1,Chuck Wicks,23.0,0.07426233209171575,0.04857856419279581,0.005202002535124913,0.2966834194742778
8,3,2,David Alan Grier,24.0,0.08985177299479369,0.06019913512094954,0.008209769846647232,0.3437832695002482
8,3,3,Denise Richards,16.0,0.031040136730452677,0.01693560670882511,0.0007621179542878723,0.13515218628535675
8,3,4,Gilles Marini,27.0,0.15282614610156567,0.11340232355192394,0.01715136221265802,0.5157868530393777
8,3,5,Holly Madison,17.0,0.03658415744213963,0.0196172642549087,0.0013279997979961846,0.1649439934495975
8,3,6,Lawrence Taylor,20.0,0.055432090254939385,0.03518329575306797,0.002876869950741753,0.2279927040070774
8,3,7,Lil' Kim,25.0,0.10990429206911749,0.07494820682284112,0.008199771463453916,0.396796821121576
8,3,8,Melissa Rycroft,27.0,0.1567905368498221,0.12055825551248853,0.014408013184282883,0.485200279143056
8,3,9,Shawn Johnson,27.0,0.15946785859021526,0.11484485596121068,0.015954771964087507,0.5400361019915145
8,3,10,Steve Wozniak,10.0,0.01809386382067806,0.007018143429151984,6.303811608210775e-05,0.10268147151221038
8,3,11,Steve-O,15.0,0.028287958216943795,0.014921967608946814,0.0004268362586870509,0.13496655717441766
8,3,12,Ty Murray,23.0,0.08745885483761649,0.05848891387148823,0.007506352162300253,0.32082992097455343
8,4,1,Chuck Wicks,22.0,0.061588587869564546,0.03865432860375643,0.0029433368824614593,0.2685901034675657
8,4,2,David Alan Grier,22.0,0.06158935751703982,0.0400590815092664,0.00370565726828099,0.22947521538655669
8,4,4,Gilles Marini,30.0,0.21244637702835864,0.16515546699791675,0.0239243417546936,0.6735150481478565
8,4,5,Holly Madison,16.0,0.03307562962225678,0.01661856429756553,0.0007175284338259254,0.15545897745642853
8,4,6,Lawrence Taylor,19.0,0.04833075377114881,0.027944499616453837,0.0016368750503702601,0.2096823293226209
8,4,7,Lil' Kim,27.0,0.13320464524968845,0.09458693007253974,0.01026454062888945,0.4587386673984624
8,4,8,Melissa Rycroft,29.0,0.18626143830678618,0.1480156641073782,0.016823927750054576,0.5559736439953847
8,4,9,Shawn Johnson,25.0,0.10409206459684084,0.06942695280282224,0.008158018718945751,0.37447697609313824
8,4,10,Steve Wozniak,12.0,0.02330484700767737,0.00954760964991242,0.00011048659469850382,0.12671359904324647
8,4,11,Steve-O,15.0,0.028996587851902293,0.01504908860800349,0.0003395032265388639,0.1396286612679259
8,4,12,Ty Murray,25.0,0.10710971117873627,0.07441907735578675,0.009711325063778257,0.3836936529189487
8,5,1,Chuck Wicks,23.0,0.06947706283249012,0.04386374412728326,0.002627566112331171,0.29798885851905776
8,5,2,David Alan Grier,22.0,0.055538852310048355,0.03423130875441512,0.0015203009732455718,0.2290895486146064
8,5,4,Gilles Marini,29.0,0.32670839225539233,0.2740872994773798,0.03771344023775499,0.8653073874634911
8,5,6,Lawrence Taylor,20.0,0.043838120133338196,0.0233813734081071,0.0005571546275260642,0.20659084909542488
8,5,7,Lil' Kim,26.0,0.14865206812127243,0.10563861894827044,0.010172060362123396,0.5109734284281283
8,5,8,Melissa Rycroft,25.0,0.11790585055487564,0.08420758008025428,0.00908871115434877,0.39355453065235907
8,5,9,Shawn Johnson,26.0,0.1562115363513008,0.1107572379709015,0.012244323437199762,0.5181793198676641
8,5,11,Steve-O,18.0,0.028291734055762,0.012922378171977299,0.0001588976091127139,0.14466889186893084
8,5,12,Ty Murray,21.0,0.05337638338552013,0.02998111486267,0.0012030080199514192,0.23305696587054925
8,6,1,Chuck Wicks,23.0,0.08369216887049902,0.053214070840461855,0.004370436546072005,0.35412306660140075
8,6,4,Gilles Marini,26.0,0.16006789900100735,0.1191651194256271,0.01570588427026428,0.5417755423602679
8,6,6,Lawrence Taylor,22.0,0.07885719175342176,0.0508061807345848,0.004006472443009201,0.31817702779370344
8,6,7,Lil' Kim,28.0,0.2381136932680357,0.18877811512663853,0.021489868868187115,0.7070688736779892
8,6,8,Melissa Rycroft,27.0,0.20009158409338884,0.16172467763664578,0.020159200675911447,0.5723287055817621
8,6,9,Shawn Johnson,26.0,0.1653380209302623,0.11748728667433384,0.015948931428231977,0.5338244410202971
8,6,11,Steve-O,16.0,0.030143243116212543,0.013815287998668612,0.00019518125205444372,0.15739073386471022
8,6,12,Ty Murray,18.0,0.04369619896717252,0.022797118278210446,0.0006549351565334438,0.20426860321669343
8,7,1,Chuck Wicks,27.0,0.13502862365652,0.09441612665525165,0.010839934456605985,0.478171472713259
8,7,4,Gilles Marini,27.0,0.14779681807361184,0.10498926611349041,0.014501733225291295,0.5348771638009374
8,7,6,Lawrence Taylor,21.0,0.034880053395435595,0.014901163113898882,0.00015578565944352257,0.19724257722645622
8,7,7,Lil' Kim,26.0,0.10690716621244283,0.06877744947246094,0.006889173130905296,0.42452394508750724
8,7,8,Melissa Rycroft,29.0,0.29623852213736707,0.252852956400506,0.028290880595330654,0.7601748944588581
8,7,9,Shawn Johnson,28.0,0.2108662299152723,0.1590180970327708,0.02291257518363633,0.6329307849038578
8,7,12,Ty Murray,24.0,0.06828258660935037,0.039917577566648085,0.002058075362880467,0.31290593462841015
8,8,1,Chuck Wicks,25.5,0.09527682084110482,0.059426544993412385,0.0035123756652217872,0.39758294657863735
8,8,4,Gilles Marini,27.5,0.2620771099988298,0.21312306998048677,0.029816805206782142,0.7351845364731868
8,8,7,Lil' Kim,28.0,0.3329608841636869,0.281136727552851,0.03118067040163821,0.8407678820662208
8,8,8,Melissa Rycroft,23.0,0.04001528040221839,0.017486481100388078,0.00023110583162309006,0.19426152030209579
8,8,9,Shawn Johnson,26.0,0.1330689320949325,0.08635270020002636,0.006984501519759418,0.46887649227051603
8,8,12,Ty Murray,26.0,0.13660097249922754,0.09515050866485271,0.00833072604958954,0.49198825178124905
8,9,4,Gilles Marini,28.0,0.2526992606324191,0.20408896170167148,0.02910722560490876,0.729898907485074
8,9,7,Lil' Kim,26.0,0.12015739013251474,0.07633259358267551,0.005718213388114057,0.47953514655563756
8,9,8,Melissa Rycroft,28.5,0.3147908894020125,0.28276804084430496,0.0391594547306454,0.7542997838764073
8,9,9,Shawn Johnson,28.0,0.2585337143497493,0.2071980827921696,0.03251010535701437,0.7122938234033691
8,9,12,Ty Murray,23.0,0.0538187454833043,0.026025340674695745,0.00045324990247977626,0.2695293170506162
8,10,4,Gilles Marini,30.0,0.4754448531772694,0.4542729428893574,0.07597362460261517,0.9282675692989201
8,10,8,Melissa Rycroft,27.5,0.20133702286520216,0.15699947782341628,0.013673937838788784,0.5823446606732716
8,10,9,Shawn Johnson,28.0,0.24569732282623974,0.1904856220722758,0.018887208023740776,0.703937721281488
8,10,12,Ty Murray,24.0,0.07752080113128866,0.04154520947803825,0.0007986678444614147,0.37442573969657017
8,11,4,Gilles Marini,29.0,0.21773054673218098,0.15541753150578314,0.00762585570128962,0.7258542393742045
8,11,8,Melissa Rycroft,28.5,0.13023659008140498,0.0782961616516396,0.001651179520443095,0.5056170744402081
8,11,9,Shawn Johnson,30.0,0.6520328631864141,0.6993841751673364,0.1337193029276638,0.9882879883348185
9,1,0,Aaron Carter,31.999899999999997,0.12000131087385613,0.08470226530265365,0.006957733598924078,0.42842850066855453
9,1,1,Ashley Hamiliton,18.9999,0.01976707762383599,0.010914761735636755,0.00019853681040209452,0.09625482703883519
9,1,2,Chuck Liddell,22.0,0.02408947756551849,0.013679235493408121,0.0007192771570831929,0.11575949609719138
9,1,3,Debi Mazar,22.0,0.02468259770382541,0.012596538195665502,0.0006125872950553233,0.11825177044823962
9,1,4,Donny Osmond,29.999899999999997,0.08538895434485776,0.0585359040312126,0.008052233975501292,0.3048126792453082
9,1,5,Joanna Krupa,33.9999,0.18598591495757683,0.13160766038986288,0.015315404621055557,0.6244679698616511
9,1,6,Kathy Ireland,19.9999,0.020513708185152083,0.010046989752845834,0.0003332990186075961,0.09922096157216512
9,1,7,Kelly Osbourne,30.9998,0.10667628806840579,0.07551754893532184,0.00937183079947462,0.4041479838852907
9,1,8,Louie Vito,26.9998,0.062287413993253,0.037673926380034556,0.003248238020885565,0.26618409058151765
9,1,9,Macy Gray,18.9999,0.021239326629303973,0.009312006108699275,0.00024753797210592515,0.12574169489504772
9,1,10,Mark Dacascos,28.9998,0.0812403907348506,0.05285142459383335,0.007313085872967868,0.3324430291955807
9,1,11,Melissa Joan Hart,24.0,0.03381108654806041,0.020472242250498363,0.0012982605405665003,0.15016739755891392
9,1,12,Michael Irvin,19.0,0.024086715565776774,0.010609534788845717,0.0002710309974737072,0.12903292848837242
9,1,13,Mya,30.999899999999997,0.11116234543729213,0.08078498549172472,0.008992863558344331,0.3716236716440077
9,1,14,Natalie Coughlin,26.9998,0.06038301171114463,0.03782229709948742,0.003904548005717505,0.24404850917475948
9,1,15,Tom DeLay,19.9999,0.01868438005729001,0.009654142748013024,0.00035533917190066225,0.08672172343349482
9,2,0,Aaron Carter,27.0,0.2276746596524143,0.16649090578903727,0.01403230382680438,0.7514153674027485
9,2,2,Chuck Liddell,19.0,0.026117736847982288,0.014486259931428734,0.0003954531346714369,0.13145608866007705
9,2,3,Debi Mazar,21.0,0.041225980394341694,0.02331829086868089,0.0013101700302884359,0.18339856648616723
9,2,4,Donny Osmond,25.0,0.12533650257767845,0.08848663513976311,0.012420384381433816,0.4579312608877191
9,2,5,Joanna Krupa,20.0,0.04077194407859935,0.021442652572493722,0.0006529713946985436,0.21208829090503856
9,2,6,Kathy Ireland,18.0,0.023113653637072414,0.011348377948361488,0.00020160793164022636,0.11757879870134788
9,2,7,Kelly Osbourne,19.0,0.03258261877291053,0.016888721681747588,0.0004119284933762229,0.17300929431514367
9,2,8,Louie Vito,19.0,0.035192552316003566,0.017829839795665717,0.0002982314314249857,0.18478424020050804
9,2,10,Mark Dacascos,21.0,0.05250139007545042,0.02884366778586739,0.0013280855796241012,0.2600098386236769
9,2,11,Melissa Joan Hart,19.0,0.028884534990547456,0.015422125089459863,0.0002667764449925353,0.14300821920310175
9,2,12,Michael Irvin,20.0,0.04509361832540154,0.02422225932699655,0.0008668345389564432,0.2153481807625281
9,2,13,Mya,27.0,0.24938164203768629,0.1986001793773165,0.02111284505261144,0.7196709074598023
9,2,14,Natalie Coughlin,21.0,0.050868631716576074,0.029153988468712203,0.0017461406480414352,0.21692559883184265
9,2,15,Tom DeLay,18.0,0.021254534577335664,0.010637198889312065,0.00018828371958578942,0.1043859550137576
9,3,0,Aaron Carter,21.0,0.061127256007095745,0.04044078153792952,0.0027387928302398685,0.23122979175803196
9,3,2,Chuck Liddell,17.0,0.027105409219262723,0.014945917294562868,0.0004521941148183189,0.13899599261499718
9,3,3,Debi Mazar,17.0,0.027719056140232658,0.013794886047907226,0.00045614424613602596,0.1368537803005639
9,3,4,Donny Osmond,21.0,0.061616689532884655,0.038618726578324034,0.003549378237407488,0.2585112377169605
9,3,5,Joanna Krupa,23.0,0.10281713457980907,0.0661002511889546,0.006753124554161191,0.4299914794837028
9,3,7,Kelly Osbourne,20.0,0.055416487262006264,0.03353127521539205,0.0021538919432371613,0.2540251063282972
9,3,8,Louie Vito,20.0,0.06139577325440931,0.03616759245325821,0.0016700052229825213,0.28092565476872106
9,3,10,Mark Dacascos,18.0,0.04213092242108093,0.021585481566576983,0.0007708692964563754,0.20684341306333745
9,3,11,Melissa Joan Hart,19.0,0.04132734422369818,0.02457922211956893,0.0012407388242678971,0.18742367090951478
9,3,12,Michael Irvin,14.0,0.02498419603846704,0.00940125121507554,9.881511171954178e-05,0.14231335595445915
9,3,13,Mya,27.0,0.2627066223474767,0.20896003084478615,0.024348066800404643,0.7615445811325257
9,3,14,Natalie Coughlin,26.0,0.21204779812375807,0.16055528378646175,0.018526057071330884,0.6960659661078112
9,3,15,Tom DeLay,15.0,0.019605310849818657,0.009315148566902787,0.00014437600650120158,0.1003839259144997
9,4,0,Aaron Carter,18.0,0.03257746862782537,0.018388631715956432,0.0006057829441204249,0.14248545998586037
9,4,2,Chuck Liddell,17.0,0.026479036302226432,0.014341194570265009,0.0004562003164268439,0.13013375378328404
9,4,4,Donny Osmond,24.0,0.08806987222214327,0.0600651686996343,0.0075363783776854374,0.3307655216393889
9,4,5,Joanna Krupa,26.0,0.13958872654285445,0.0979616596036186,0.011414000868193726,0.5228437605752794
9,4,7,Kelly Osbourne,23.0,0.07882650625492718,0.05239227016264955,0.005577474941515535,0.30021598311110986
9,4,8,Louie Vito,16.0,0.031234816492528728,0.014771520540727027,0.0002625785170680099,0.16858623940388165
9,4,10,Mark Dacascos,22.0,0.07228646358954625,0.043085024232019584,0.003868652536489572,0.320125608843791
9,4,11,Melissa Joan Hart,28.0,0.18722890230884673,0.13832168030907246,0.015422006723788033,0.6089516533873875
9,4,12,Michael Irvin,16.0,0.03393591767791045,0.014203851868954702,0.0003394838686367276,0.18671696367710358
9,4,13,Mya,28.0,0.2097863644478777,0.16532680272213815,0.018697162728741404,0.6187733292927817
9,4,14,Natalie Coughlin,24.0,0.09998592553331341,0.06664175656131523,0.00719274209394728,0.3791343669271085
9,5,0,Aaron Carter,24.0,0.05907219557276206,0.038293088579734874,0.0018383088838634458,0.23941958193936608
9,5,4,Donny Osmond,29.0,0.34108444869464594,0.2771502021455108,0.034958345451523314,0.8905370190210018
9,5,5,Joanna Krupa,24.0,0.06818539550375582,0.038925929444343324,0.0023430951950438534,0.33120799814372986
9,5,7,Kelly Osbourne,24.0,0.0662221225315005,0.04033627323464642,0.0023628358490404015,0.2911618550617391
9,5,8,Louie Vito,22.0,0.042215596157871405,0.02160259624056647,0.00033705825564175337,0.21664054683453113
9,5,10,Mark Dacascos,26.0,0.12718219099056718,0.0860197615319408,0.009607007011309907,0.4996791648308371
9,5,11,Melissa Joan Hart,23.0,0.04466519328514587,0.02657021802486284,0.0007176930333603748,0.2042851321891475
9,5,12,Michael Irvin,21.0,0.03612382861895643,0.015080901495235827,0.00019718844981423176,0.2054048718952815
9,5,13,Mya,27.0,0.17507970439064532,0.13342325288417894,0.014337853140935256,0.5167187060067051
9,5,14,Natalie Coughlin,22.0,0.040169324254149534,0.020335991623635877,0.00047064534584132726,0.19021370701965873
9,6,0,Aaron Carter,32.9998,0.1468341378829487,0.11183277511452917,0.008691215671697571,0.5026285353560483
9,6,4,Donny Osmond,30.999899999999997,0.10588518660439993,0.07707980136880938,0.008357282490608027,0.37645890232346263
9,6,5,Joanna Krupa,35.9999,0.2698732149988609,0.21446748764576717,0.026592614411195918,0.7823445117180073
9,6,7,Kelly Osbourne,24.9998,0.049028744431474154,0.02595546989705733,0.0011649973709856798,0.24580696384168074
9,6,8,Louie Vito,24.0,0.04643015623787136,0.02494317891264952,0.0006109260204577009,0.22774986609172568
9,6,10,Mark Dacascos,32.0,0.13872354153379624,0.09505686136184058,0.013640232582540098,0.5086763306440184
9,6,11,Melissa Joan Hart,23.9999,0.039183603361996125,0.020847778979072248,0.000614885112447111,0.21000706109152725
9,6,12,Michael Irvin,21.9998,0.039785178442819764,0.01636846099543127,0.0003994091304974388,0.22208482925075793
9,6,13,Mya,33.0,0.16425623650583285,0.12384960234247128,0.01378902628336843,0.5075257109093925
9,7,0,Aaron Carter,26.5,0.18243118829271288,0.14427497362146124,0.010698353171234189,0.5510981997723
9,7,4,Donny Osmond,26.0,0.15169654978136157,0.10998355582396276,0.012795007183969625,0.505574882234018
9,7,5,Joanna Krupa,27.5,0.3038380248271853,0.25529363907877345,0.031821290074747315,0.8157338403786025
9,7,7,Kelly Osbourne,26.0,0.15855992111863032,0.11355600463988412,0.013239157828281113,0.5718599162441388
9,7,10,Mark Dacascos,21.5,0.03755577485469415,0.015185208931361605,0.0001602520108154218,0.22084406470947418
9,7,12,Michael Irvin,23.5,0.07346993841799042,0.0388729547743145,0.001853372046631995,0.3380232715931983
9,7,13,Mya,24.5,0.09244860270742539,0.058396067395267044,0.003659737360340067,0.344545982039184
9,8,0,Aaron Carter,25.0,0.08342977063106198,0.046730821577679806,0.0008011618172391286,0.3762517809618469
9,8,4,Donny Osmond,25.0,0.08516757931632021,0.04909719727601061,0.000945677183586022,0.39420401709544794
9,8,5,Joanna Krupa,26.0,0.12949187832478626,0.0836819294062105,0.0026778555932093977,0.5195928523292187
9,8,7,Kelly Osbourne,25.5,0.11036676365150871,0.06392971063234783,0.001897275687254144,0.47732792989024453
9,8,13,Mya,29.5,0.5915440080763228,0.6162562883689131,0.09368937728503278,0.9887319467073837
9,9,4,Donny Osmond,24.666600000000003,0.08180561815320805,0.043097539622102596,0.0007041123774639789,0.4066033807908807
9,9,5,Joanna Krupa,27.0,0.21309143120001497,0.16499590846340007,0.011368551312888614,0.7007934721213989
9,9,7,Kelly Osbourne,25.9998,0.14432020178183316,0.08906588462435078,0.004440395432996353,0.5769846422138516
9,9,13,Mya,28.9999,0.5607827488649438,0.5743297104809547,0.08533629724084799,0.972311327479737
9,10,4,Donny Osmond,28.9998,0.486503054883304,0.47023228136040784,0.07867993675432085,0.9295340417583077
9,10,7,Kelly Osbourne,25.2222,0.11805913022477299,0.06204593663654391,0.001515008291056059,0.5387306609839607
9,10,13,Mya,28.3332,0.3954378148919231,0.3673060960824107,0.04112973915057269,0.8473453207986018
10,1,0,Aiden Turner,15.0,0.030598080442495106,0.012767602263461757,0.00015920861840439728,0.17999623465885053
10,1,1,Buzz Aldrin,14.0,0.023135625053585903,0.01039908339187566,0.00013396666623721068,0.12515179971961016
10,1,2,Chad Ochocinco,18.0,0.05422190856455165,0.026965926273142395,0.0016843892494922013,0.2576496899943771
10,1,3,Erin Andrews,21.0,0.10158397178526771,0.06804891818012078,0.00639078487363943,0.378891737157805
10,1,4,Evan Lysacek,23.0,0.17403573403997427,0.12199974113808804,0.015802420549205668,0.5862201934771042
10,1,5,Jake Pavelka,20.0,0.08087400383538944,0.04732098991746729,0.004831631231974347,0.34331704561972864
10,1,6,Kate Gosselin,16.0,0.030923561501224214,0.014972385793347896,0.0005283548111307263,0.15587354238176127
10,1,7,Nicole Scherzinger,25.0,0.30257305854087757,0.24502455745474924,0.029403200471067606,0.8207855176645231
10,1,8,Niecy Nash,18.0,0.05537376452323614,0.028926858149672476,0.0013123232801211435,0.26184338561785075
10,1,9,Pamela Anderson,21.0,0.10069580844394681,0.06354561995335178,0.008281764876625058,0.4100237690200639
10,1,10,Shannen Doherty,18.0,0.045984483269451135,0.025984375892259326,0.001694632504404278,0.22055303994384987
10,2,0,Aiden Turner,19.0,0.05737688338918625,0.03045073988586755,0.001514659690499295,0.2868687513182836
10,2,1,Buzz Aldrin,12.0,0.019365904919253676,0.00831527444968079,7.068411066338783e-05,0.10894945165252042
10,2,2,Chad Ochocinco,16.0,0.0375224978150032,0.016425868854852317,0.0005148849399510392,0.20495566157267406
10,2,3,Erin Andrews,23.0,0.11046438287154445,0.0749232422831658,0.007628927809797146,0.4044680452172737
10,2,4,Evan Lysacek,24.0,0.13730199705888485,0.09336201766766175,0.01203907730777783,0.5066615031799443
10,2,5,Jake Pavelka,20.0,0.06594346987490102,0.037283480087997194,0.00292560213162829,0.29154770143149383
10,2,6,Kate Gosselin,15.0,0.026865674021505543,0.012704253971375347,0.0003610622054171856,0.1399511779574465
10,2,7,Nicole Scherzinger,28.0,0.31601374033392704,0.25392841514459685,0.029488969253328428,0.848266816813031
10,2,8,Niecy Nash,21.0,0.08006002027085941,0.047419702398321203,0.0038294727991464933,0.34513530678650056
10,2,9,Pamela Anderson,22.0,0.09155224244776516,0.05613162357929032,0.006646336550589633,0.384422847848801
10,2,10,Shannen Doherty,20.0,0.05753318699716935,0.03468433633273206,0.0032111239461499468,0.2638561340549335
10,3,0,Aiden Turner,20.0,0.0716419910684621,0.04107940588771225,0.002748574604834612,0.32847209798125465
10,3,1,Buzz Aldrin,13.0,0.01987971966002716,0.008626922448152472,7.025039555593028e-05,0.11362378328814994
10,3,2,Chad Ochocinco,20.0,0.07195696923775984,0.040158703843324886,0.003503836029584681,0.3242859201875223
10,3,3,Erin Andrews,23.0,0.13249120425965233,0.09240580316513505,0.009493072836931045,0.47764579923073713
10,3,4,Evan Lysacek,26.0,0.2846413317119622,0.21764257697206169,0.024575737872435433,0.8343819116544836
10,3,5,Jake Pavelka,21.0,0.08556767208463838,0.052852682758195345,0.005535016028326831,0.34843718386782635
10,3,6,Kate Gosselin,15.0,0.025198637010014315,0.011233145402603839,0.00022414406921807259,0.14314916403015593
10,3,7,Nicole Scherzinger,23.0,0.13534309615123344,0.0955645784135205,0.012471808501039159,0.44967452487026915
10,3,8,Niecy Nash,21.0,0.08791800421755173,0.052660794359448454,0.004536782226722623,0.3641126315689308
10,3,9,Pamela Anderson,21.0,0.08536137459869858,0.053266344193931024,0.005867729880812518,0.3786271673327547
10,4,0,Aiden Turner,16.5,0.03859781068110037,0.016487452196680838,0.00022038725555333137,0.21908809398916917
10,4,2,Chad Ochocinco,22.0,0.1081339225113747,0.06586073272336487,0.006681761767663955,0.4239419779276201
10,4,3,Erin Andrews,19.5,0.06448387489426853,0.038198509131592055,0.001640604684820602,0.2996488674709484
10,4,4,Evan Lysacek,26.0,0.2839092752232397,0.2225395484361668,0.02500097047551631,0.7936699814003433
10,4,5,Jake Pavelka,19.0,0.058994266779956,0.03046047228878511,0.0017719685184695514,0.2855027495454001
10,4,6,Kate Gosselin,16.0,0.029903286703248134,0.013177382706308988,0.00027889746450168956,0.16615826341712842
10,4,7,Nicole Scherzinger,25.0,0.21811606544304188,0.16971095842996645,0.021538718031356575,0.653280846442235
10,4,8,Niecy Nash,18.0,0.05181215966569217,0.024453915829906265,0.0006829960969636978,0.2582405983220648
10,4,9,Pamela Anderson,23.5,0.14604933809807846,0.10114938180529301,0.014359559680841672,0.5510736293969727
10,5,2,Chad Ochocinco,18.0,0.05467474721286605,0.02489204405862653,0.0008968269632364096,0.2730785634342529
10,5,3,Erin Andrews,22.0,0.09448537180276692,0.059497346536414045,0.0037492668330895308,0.3811975023022782
10,5,4,Evan Lysacek,27.0,0.23106762365109287,0.17153637657423623,0.02198712786759099,0.6931530736603465
10,5,5,Jake Pavelka,23.0,0.11094219577310918,0.06714325895097939,0.007066268084903033,0.4517339064306839
10,5,6,Kate Gosselin,15.0,0.030615438529311572,0.013693891510443267,0.00021185900912142685,0.1758863660062561
10,5,7,Nicole Scherzinger,29.0,0.3405985059590989,0.2885707497514347,0.034944957168843695,0.8483730401064322
10,5,8,Niecy Nash,18.0,0.05647558649883789,0.026593749827623983,0.0006824784310498139,0.27912588323004095
10,5,9,Pamela Anderson,21.0,0.08114053057291655,0.04679594885325973,0.003036126111017225,0.38187865865649645
10,6,2,Chad Ochocinco,30.999899999999997,0.12820120884908645,0.08298801689737001,0.007291796070479398,0.4824874193665343
10,6,3,Erin Andrews,34.0,0.22828830513724355,0.17266478572852187,0.018862658555703647,0.6693143297683081
10,6,4,Evan Lysacek,27.0,0.06489598892110254,0.03385919578390724,0.00145292638215095,0.3447570224504418
10,6,5,Jake Pavelka,24.999899999999997,0.04768703411694588,0.020808350698413778,0.00046094330510182153,0.2647647254494135
10,6,7,Nicole Scherzinger,35.9999,0.36788990585516823,0.31933905229109005,0.04042840344070707,0.8855314973489699
10,6,8,Niecy Nash,25.9998,0.05862888075907004,0.026611496250469165,0.0005589037413506436,0.30546861125009117
10,6,9,Pamela Anderson,29.9998,0.10440867636138329,0.06260972484822393,0.0052003063278410495,0.45401715957045563
10,7,2,Chad Ochocinco,26.0,0.13231411173156785,0.08321986712227308,0.006414493876864827,0.5059380103065297
10,7,3,Erin Andrews,25.5,0.09082195972299403,0.05376795027481975,0.002114432381891022,0.42048639337288296
10,7,4,Evan Lysacek,27.0,0.31857206233731555,0.26237334065235496,0.032869467927373046,0.8051679699302526
10,7,7,Nicole Scherzinger,27.0,0.3179828386000618,0.2750924655287088,0.036233040636929906,0.7886168294379535
10,7,8,Niecy Nash,24.5,0.05038633715020846,0.020755545347014095,0.00020035161646452822,0.30225784205847994
10,7,9,Pamela Anderson,25.5,0.0899226904578522,0.050680893570257304,0.0026382568827048847,0.42414852249745094
10,8,2,Chad Ochocinco,22.5,0.08210038680101096,0.04139006293405561,0.0014379291895273056,0.3970281719700485
10,8,3,Erin Andrews,26.5,0.1969830317402057,0.14514021467301907,0.0117708226785966,0.6499760282563325
10,8,4,Evan Lysacek,26.5,0.19982104635963147,0.14189813361132358,0.015675847231631956,0.6608549858944606
10,8,7,Nicole Scherzinger,29.5,0.4497771657242833,0.4307287906234761,0.054885662998581594,0.9248223955428787
10,8,8,Niecy Nash,21.5,0.07131836937486863,0.03176515121009497,0.0005174374268154267,0.39078080464119913
10,9,2,Chad Ochocinco,26.0,0.07678813290718624,0.03310169159422194,0.0006790402239050943,0.3760957360378891
10,9,3,Erin Andrews,28.0,0.1737357941799833,0.12056273129555248,0.007196250924852149,0.6367714547286305
10,9,4,Evan Lysacek,29.5,0.3734101809051708,0.33434815530085304,0.04346538436434073,0.8522912184989436
10,9,7,Nicole Scherzinger,29.5,0.3760658920076597,0.3509404976857803,0.045961064411658,0.8336320363866674
10,10,3,Erin Andrews,26.9998,0.16772668863515486,0.10060695371254713,0.002517944412464673,0.6392932894161648
10,10,4,Evan Lysacek,26.888699999999996,0.1575763057049276,0.09157024799031777,0.0030532790896116617,0.6688469424948128
10,10,7,Nicole Scherzinger,28.7777,0.6746970056599174,0.7379569969636148,0.11731201262397922,0.9913489543961256
11,1,0,Audrina Patridge,19.0,0.06317859914779833,0.03869187848508188,0.0029720185213289734,0.2573968930068164
11,1,1,Brandy,23.0,0.1742798187937047,0.1270210968600965,0.014489504206344738,0.562938389955592
11,1,2,Bristol Palin,18.0,0.04994770982206164,0.027282083767483443,0.001475169218343811,0.22955097094290805
11,1,3,David Hasselhoff,15.0,0.026098584374863794,0.011423115097786062,0.00027137676985815323,0.13740193949144974
11,1,4,Florence Henderson,18.0,0.03982707507017674,0.023701358616226367,0.002014146985213627,0.1700556953142256
11,1,5,Jennifer Grey,24.0,0.21651572712293973,0.16285825502041937,0.017974482634230092,0.6709897500330513
11,1,6,Kurt Warner,19.0,0.05502888123882809,0.03233344223882774,0.002685339206197449,0.24106017819183495
11,1,7,Kyle Massey,23.0,0.16859155537670517,0.12165196553781057,0.012665283359346243,0.5597541675369211
11,1,8,Margaret Cho,15.0,0.02457820204777235,0.013217099016783734,0.0002893406794335371,0.12178452850809911
11,1,9,Michael Bolton,16.0,0.03250828307654128,0.01619033997042768,0.000542098026195624,0.16644255694411714
11,1,10,Rick Fox,22.0,0.11988857665949638,0.08732789096044319,0.010065466030229606,0.42926781051058427
11,1,11,The Situation,15.0,0.02955698726911176,0.012540408639152234,0.00022380166738182532,0.15576958183422848
11,2,0,Audrina Patridge,23.0,0.15527993052756894,0.11617312843063739,0.015512801024280128,0.510908113371972
11,2,1,Brandy,21.0,0.09480693943252227,0.06312438538960213,0.006968324705354927,0.37053275117938766
11,2,2,Bristol Palin,22.0,0.11546880108217532,0.07658748985681842,0.009075068073789296,0.4297832588444334
11,2,4,Florence Henderson,19.0,0.04503594357923564,0.02765144742605674,0.003331896940131151,0.1926821426572302
11,2,5,Jennifer Grey,24.0,0.20264435133054728,0.1528187385740063,0.017097434883164037,0.6563493627213914
11,2,6,Kurt Warner,21.0,0.08138454056037703,0.05057531869189136,0.005847316098528291,0.3198166436142017
11,2,7,Kyle Massey,22.0,0.11845158337270761,0.07948000681590012,0.00929284331806337,0.4264434891224346
11,2,8,Margaret Cho,18.0,0.040130803091660505,0.02415846264489225,0.0016626169709287313,0.1738851828084824
11,2,9,Michael Bolton,12.0,0.015054698367515636,0.005306692802542923,2.5563442517888387e-05,0.08942143100363849
11,2,10,Rick Fox,21.0,0.08478443401453106,0.05749845722845997,0.006703907257072289,0.325551946932528
11,2,11,The Situation,18.0,0.0469579746411587,0.024666021865272232,0.0014918734876257153,0.2241395546861304
11,3,0,Audrina Patridge,26.0,0.27168517534945225,0.21652063690592202,0.026266890320210456,0.7662874873566684
11,3,1,Brandy,24.0,0.14201019813661825,0.10140603645006868,0.01101682528983841,0.48206125355761037
11,3,2,Bristol Palin,19.0,0.03487957472795054,0.01532765547008995,0.0003447912392576587,0.18236832607741316
11,3,4,Florence Henderson,20.0,0.03391348056574981,0.01881196941411927,0.0012722444250844748,0.14525882732282025
11,3,5,Jennifer Grey,24.0,0.13488890123706831,0.09701488787180641,0.011300202672316958,0.479960832290416
11,3,6,Kurt Warner,23.0,0.08760250682956965,0.05526499543717931,0.005947441771925547,0.3351666828906659
11,3,7,Kyle Massey,23.0,0.09935379061675434,0.064982337792077,0.006663477788686904,0.3802774269319755
11,3,8,Margaret Cho,18.0,0.02386588081080241,0.01192882303348591,0.00021496190758621463,0.12983130967312417
11,3,10,Rick Fox,24.0,0.12703862896028537,0.0933750624390352,0.011194466802169713,0.43651474170221827
11,3,11,The Situation,20.0,0.044761862765749116,0.0226426104567911,0.0006888020580234047,0.2256888889499722
11,4,0,Audrina Patridge,23.0,0.13796650813886135,0.09753043219370053,0.010613662025917224,0.45904971233708425
11,4,1,Brandy,24.0,0.17400242538823735,0.12623404516439168,0.012096360717104796,0.5844877951357309
11,4,2,Bristol Palin,16.0,0.044136573046513465,0.020694311612977412,0.0003689672007812336,0.22590660202282492
11,4,4,Florence Henderson,17.5,0.042925114697125795,0.024891791383940966,0.0011576930561917832,0.19644136064443338
11,4,5,Jennifer Grey,28.0,0.3700395056311484,0.3204221553061709,0.03187941491359761,0.8899257593788914
11,4,6,Kurt Warner,17.0,0.045128415394279246,0.022985603048260493,0.0008709560188598761,0.2364391044325302
11,4,7,Kyle Massey,20.0,0.08134169126015359,0.04903307696457564,0.003250974690029231,0.34664932400355025
11,4,10,Rick Fox,19.5,0.06954521410466767,0.040671144617940844,0.002746345047795864,0.2973192351275441
11,4,11,The Situation,14.0,0.03491455233901314,0.014649401766997357,0.00015364698425970774,0.19010541925867147
11,5,0,Audrina Patridge,23.0,0.10342706811411807,0.06876930839690767,0.0054349206302848575,0.4101075102580911
11,5,1,Brandy,27.0,0.34670696599693174,0.29844232719210617,0.030922342743287624,0.8485469402720953
11,5,2,Bristol Palin,18.0,0.03363772847059994,0.01310096795218305,0.00016514873351507667,0.18881238108916862
11,5,4,Florence Henderson,21.0,0.04947349026930462,0.028823891070367074,0.0018981326555518447,0.22538686523197043
11,5,5,Jennifer Grey,25.0,0.17640750875043135,0.1320248820222363,0.015196605467516703,0.5996934721806919
11,5,6,Kurt Warner,24.0,0.11674944508347213,0.07834095965196586,0.008794731099383927,0.4298011231863498
11,5,7,Kyle Massey,20.0,0.049462727110183256,0.02598444684855377,0.0007894013803692784,0.2568399289897058
11,5,10,Rick Fox,24.0,0.12413506620495894,0.0905690039741186,0.009904128680187878,0.4473732606440791
11,6,0,Audrina Patridge,31.9998,0.1684389039422229,0.12762374607894827,0.013723893364703425,0.579545299969734
11,6,1,Brandy,35.9999,0.40330836434747247,0.3603134550915326,0.03652025011209178,0.9160451448892255
11,6,2,Bristol Palin,27.9998,0.08135572259453802,0.044951075427696434,0.0022365256509343672,0.3597880659944147
11,6,5,Jennifer Grey,29.0,0.09747331990423463,0.06037598731523387,0.003908458462225395,0.4438735919667886
11,6,6,Kurt Warner,21.9999,0.029940720731003196,0.01123050865759305,0.00011012584843821627,0.18980929956822865
11,6,7,Kyle Massey,29.999899999999997,0.1134013315718386,0.07487529774435216,0.006007073505704737,0.44410237042598705
11,6,10,Rick Fox,30.0,0.10608163690869017,0.068830595306389,0.006849123868644593,0.417364389337218
11,7,1,Brandy,36.5,0.33088825431933727,0.2910645659489268,0.03316422378457152,0.8079272926116959
11,7,2,Bristol Palin,32.5,0.05019132023912956,0.021183370541711093,0.00030614049193821065,0.27080830882187074
11,7,5,Jennifer Grey,36.5,0.3144055392949909,0.2688188799358022,0.030825611111392016,0.8036775716429537
11,7,6,Kurt Warner,35.0,0.12664313653634937,0.08428838100565764,0.008111893524185485,0.4645583964946122
11,7,7,Kyle Massey,33.5,0.0729920314263954,0.040282649533692205,0.0017414758265784855,0.37058395135908856
11,7,10,Rick Fox,34.5,0.10487971818379747,0.06886255857272494,0.005766336899050718,0.41801071668766193
11,8,1,Brandy,28.5,0.3127242228096112,0.26457223645501304,0.029450586047432156,0.7899656372374856
11,8,2,Bristol Palin,23.5,0.06726259506340006,0.03100921465326669,0.0007623600977826369,0.3289985511118297
11,8,5,Jennifer Grey,28.5,0.2991522344825308,0.2515036291018439,0.02940546028749087,0.7724800431090862
11,8,6,Kurt Warner,24.0,0.0682783787861964,0.03335549062002044,0.0013021382902381454,0.3519099430210231
11,8,7,Kyle Massey,28.0,0.25258256885826147,0.19568141477286727,0.021205322225019616,0.7243573176726819
11,9,1,Brandy,28.5,0.20237143294002152,0.14217060210778515,0.012538653988129816,0.6678924235838017
11,9,2,Bristol Palin,26.5,0.07397240848238615,0.03299731675419826,0.0004873018161925385,0.37257564082724154
11,9,5,Jennifer Grey,30.0,0.46681844376122217,0.4511123279887972,0.054746733572406045,0.9164004986076434
11,9,7,Kyle Massey,29.0,0.25683771481637013,0.19605327117742022,0.01834693306990739,0.7394822212642621
11,10,2,Bristol Palin,25.666600000000003,0.1289699916013473,0.06869217262208865,0.001139955633369153,0.5453660085051292
11,10,5,Jennifer Grey,30.0,0.6392758369188435,0.6871321324315942,0.11421102050283542,0.9823005500744926
11,10,7,Kyle Massey,27.3332,0.23175417147980928,0.1627454903386188,0.00946008082039676,0.7513070616624526
12,1,0,Chelsea Kane,21.0,0.10964619517682576,0.07337637383947247,0.008885477835467679,0.393475668297389
12,1,1,Chris Jericho,19.0,0.06710163708592473,0.04189575594970972,0.003269335836449421,0.2577775631443384
12,1,2,Hines Ward,21.0,0.10949651457051775,0.07580103301107743,0.008229865702185507,0.3778455202763622
12,1,3,Kendra Wilkinson,18.0,0.05503050632721256,0.03314620706582856,0.002215959087036113,0.24072301096852577
12,1,4,Kirstie Alley,23.0,0.17599494606014016,0.12963708559013498,0.01793950679643237,0.5804823079552214
12,1,5,Mike Catherwood,13.0,0.020111813726926664,0.007743993980502826,9.010017931413661e-05,0.12069935124734427
12,1,6,Petra Nemcova,18.0,0.05577924906804604,0.033416593017068556,0.0023096241496410007,0.2348629554055999
12,1,7,Ralph Macchio,24.0,0.2608328779864399,0.20506626478727386,0.01740707442476073,0.7741518188088473
12,1,8,Romeo,19.0,0.08116018231003497,0.05009602877106381,0.003944144275238968,0.32511417127295733
12,1,9,Sugar Ray Leonard,17.0,0.04071073399173054,0.024541804168583897,0.0010315616126663563,0.1760572800223942
12,1,10,Wendy Williams,14.0,0.02413534369620091,0.01195607526820483,0.00014895964595115587,0.12093206391637819
12,2,0,Chelsea Kane,18.0,0.039564018809761216,0.020627379845355506,0.0008537866235475656,0.18664599622146688
12,2,1,Chris Jericho,23.0,0.19190873854671855,0.14826952715291597,0.014801836615779565,0.5973299035778108
12,2,2,Hines Ward,23.0,0.19233443266189118,0.1447157430017446,0.015323072757902777,0.6128509075995463
12,2,3,Kendra Wilkinson,19.0,0.052331685384723464,0.030423022731430313,0.0019866113145494057,0.23190698143958804
12,2,4,Kirstie Alley,20.0,0.0700132525979762,0.04201254670657429,0.002967353985129722,0.2984530195246399
12,2,5,Mike Catherwood,17.0,0.028333147896331363,0.012408485866557952,0.00029629060784349456,0.1470969662128603
12,2,6,Petra Nemcova,18.0,0.03929126045847754,0.021197556900146845,0.0007978760357478519,0.17675474482107958
12,2,7,Ralph Macchio,21.0,0.1030783544668213,0.06761673345635089,0.005941997026409534,0.3888886922428823
12,2,8,Romeo,23.0,0.22546237187029286,0.1636184725440068,0.022268102003828217,0.7382091620725848
12,2,9,Sugar Ray Leonard,17.0,0.028461036049718596,0.014084191356201127,0.00028253537043659296,0.1408852376683121
12,2,10,Wendy Williams,17.0,0.029221701257287725,0.015137207213783583,0.0003514791417200328,0.140579545679666
12,3,0,Chelsea Kane,23.0,0.11322807512460664,0.07765709851119146,0.01010900142274899,0.41480448622538985
12,3,1,Chris Jericho,21.0,0.06460469843106804,0.039982456159311355,0.002906544903005579,0.25580444762739285
12,3,2,Hines Ward,25.0,0.21256550466754998,0.16195248799538658,0.018129051605102052,0.6569473019899146
12,3,3,Kendra Wilkinson,23.0,0.11412982442183937,0.07921795343418242,0.010721368014938401,0.40878113443958447
12,3,4,Kirstie Alley,21.0,0.06773736654105743,0.039704333746699995,0.002799745004730219,0.2878523953117733
12,3,6,Petra Nemcova,25.0,0.22999118460662793,0.16645697906984414,0.018031301596575854,0.7458781681482147
12,3,7,Ralph Macchio,21.0,0.07151005603902676,0.04165710872343038,0.003238004521890386,0.32101995850791587
12,3,8,Romeo,20.0,0.06136421154206542,0.03494991433148467,0.0016652694252827392,0.2680145517576749
12,3,9,Sugar Ray Leonard,20.0,0.047846724375379,0.02830324907969955,0.0014807360730324526,0.1991119109866562
12,3,10,Wendy Williams,15.0,0.017022354250779435,0.007043075176741059,3.298028663505923e-05,0.09275256299850966
12,4,0,Chelsea Kane,26.0,0.24814481617145226,0.19213803372765875,0.022295057744180356,0.7005974854582224
12,4,1,Chris Jericho,23.0,0.08402333450668155,0.05385409579073207,0.004763763878924722,0.32028250041124423
12,4,2,Hines Ward,25.0,0.16702002086079043,0.12400412876880293,0.014991809587059918,0.5212221406609515
12,4,3,Kendra Wilkinson,18.0,0.023741877095448453,0.008577063108039896,6.550366112323735e-05,0.13082952064769607
12,4,4,Kirstie Alley,22.0,0.0641405060217285,0.03574315155405368,0.002066182773533935,0.2889333953928673
12,4,6,Petra Nemcova,23.0,0.08808185019520266,0.05530798378042663,0.005883607231597582,0.3466207445219178
12,4,7,Ralph Macchio,25.0,0.18138395216627254,0.1352342677649224,0.013642059634200211,0.5709524354749856
12,4,8,Romeo,23.0,0.1002894959095316,0.06321541404745921,0.006000397854107453,0.38968880761407615
12,4,9,Sugar Ray Leonard,21.0,0.043174147072892,0.02403945725765359,0.0009294576191113176,0.192879012220185
12,5,0,Chelsea Kane,26.0,0.1692947927889374,0.1258539186262595,0.01533669762418318,0.5520944668713017
12,5,1,Chris Jericho,26.0,0.17186486845904855,0.12837139450295476,0.014060908281698413,0.5562124276920568
12,5,2,Hines Ward,27.0,0.25914209573266045,0.204664590808541,0.022323456342559386,0.7320373423966817
12,5,3,Kendra Wilkinson,22.0,0.04511474744775427,0.022392767975275257,0.0006693844884792195,0.2341359541945487
12,5,4,Kirstie Alley,23.0,0.0617246440486037,0.03224784561827651,0.0012962785663471195,0.2817804254064772
12,5,6,Petra Nemcova,22.0,0.04348718416281832,0.022033844623411666,0.0007587983526645397,0.20705138734037123
12,5,7,Ralph Macchio,22.0,0.04834035205763794,0.02204816211550214,0.0006715963964741596,0.2769379895060286
12,5,8,Romeo,26.0,0.20103131530253932,0.14308642039848735,0.020100659537517784,0.6496410033557428
12,6,0,Chelsea Kane,28.0,0.2472518216605857,0.1936984395764369,0.025448316450908354,0.6972499915612056
12,6,1,Chris Jericho,22.0,0.03428322808151135,0.01403304206550592,0.00018372498996349613,0.1886653609062715
12,6,2,Hines Ward,27.0,0.16704988127732967,0.12302509594257,0.011192452963904524,0.5372975027657811
12,6,3,Kendra Wilkinson,25.0,0.082895331349896,0.05020616608659499,0.0034076370181058855,0.35190619994337297
12,6,4,Kirstie Alley,26.0,0.11613229553489633,0.07527967870782887,0.00577296665302561,0.42954818614254153
12,6,7,Ralph Macchio,24.0,0.06531422064899904,0.032592145674385606,0.0013190346408840858,0.32763832035533996
12,6,8,Romeo,28.0,0.2870732214467819,0.2293041755940474,0.031565243945913514,0.7858999701015809
12,7,0,Chelsea Kane,32.0,0.1632612547927077,0.11633955990565661,0.013821477131534997,0.5617218185599647
12,7,2,Hines Ward,33.0,0.30295949101362907,0.2597514305353723,0.02835150118334543,0.7757974407898167
12,7,3,Kendra Wilkinson,30.5,0.07946269903807085,0.042012828533772875,0.0017581366102553137,0.36615566473752187
12,7,4,Kirstie Alley,30.0,0.06383766538097178,0.028490276903609814,0.0006449241735028758,0.32371614902860985
12,7,7,Ralph Macchio,33.0,0.32177118550665185,0.27408766209098834,0.025490472878333753,0.8189547386012628
12,7,8,Romeo,30.0,0.06870770426796884,0.03652659120999279,0.0008153800705684096,0.30966355699736575
12,8,0,Chelsea Kane,27.5,0.32110171281210487,0.27395312167686514,0.03479647563487909,0.779540638525401
12,8,2,Hines Ward,27.0,0.25025898955466397,0.20408017392004046,0.022324532108352654,0.6855189568720051
12,8,4,Kirstie Alley,26.5,0.19646404112134802,0.14132584177784802,0.015809523675755253,0.6171449319533575
12,8,7,Ralph Macchio,23.0,0.05226870790115795,0.021558013094855097,0.0003183592955840606,0.3302076048386066
12,8,8,Romeo,26.0,0.17990654861072516,0.1300649679359156,0.013717679250403954,0.6078344945937312
12,9,0,Chelsea Kane,36.5,0.5640943277274764,0.5663781491283031,0.07786098933469073,0.9725242975979564
12,9,2,Hines Ward,30.0,0.20097515304810584,0.14373836089954334,0.009173113970679264,0.676122090190515
12,9,4,Kirstie Alley,27.0,0.1384429357594244,0.08065629322837475,0.0023635687923564534,0.5705424447269205
12,9,7,Ralph Macchio,24.0,0.0964875834649934,0.047924943746445466,0.0008227017881769949,0.4910575832739597
12,10,0,Chelsea Kane,29.666600000000003,0.4393517620244644,0.4252528478114274,0.05186581474174391,0.9083051301165935
12,10,2,Hines Ward,29.666600000000003,0.4399231160729975,0.420923162409402,0.045376311402592344,0.9048781372867754
12,10,4,Kirstie Alley,27.999899999999997,0.1207251219025381,0.05758724899810652,0.0010962505027247284,0.5519694528592558
13,1,0,Carson Kressley,17.0,0.04137004480532386,0.022414482652802492,0.0016299001250293706,0.18978706193957418
13,1,1,Chaz Bono,17.0,0.040757161990221454,0.02212143067357422,0.0012214539684191257,0.1864051011687474
13,1,2,Chynna Phillips,22.0,0.20376474653743537,0.14735309948384379,0.013685032244013424,0.6452037875896738
13,1,3,David Arquette,18.0,0.05476578275107758,0.035245320552708875,0.0031969358542202203,0.23065688022084796
13,1,4,Elisabetta Canalis,15.0,0.028245530335420266,0.01215181825091935,0.0002791276225522788,0.16322066287877246
13,1,5,Hope Solo,21.0,0.14249922664200712,0.10357588956439812,0.014149884959653102,0.4437389977986131
13,1,6,J.R. Martinez,22.0,0.20459798607226326,0.16074451194244832,0.025700738586664655,0.6218397829870459
13,1,7,Kristin Cavallari,19.0,0.08709098504130727,0.055723971899850976,0.005439057961067924,0.35449455821698117
13,1,8,Metta World Peace (Ron),14.0,0.025257641345474275,0.010535669564557763,0.00014375318122076993,0.1284284732555279
13,1,9,Nancy Grace,16.0,0.03130708382483971,0.016198370328868422,0.0006381798138508596,0.15305810068972328
13,1,10,Ricki Lake,20.0,0.1000265822346035,0.068539345891724,0.008146841490160112,0.3693490665828939
13,1,11,Rob Kardashian,16.0,0.04031722842002635,0.022229238605756603,0.0006216921645771826,0.1984976126337865
13,2,0,Carson Kressley,18.0,0.027805033425412642,0.013183198281300965,0.00048748287182481933,0.1309550364900141
13,2,1,Chaz Bono,17.0,0.020480487482597155,0.007924318229944827,0.00012480054109439905,0.11007170485278187
13,2,2,Chynna Phillips,21.0,0.08718485858901895,0.05582778743505712,0.006575956915355657,0.35329922065141023
13,2,3,David Arquette,18.0,0.028408850556757924,0.015045908384044957,0.0004132720525670171,0.14758748744539088
13,2,4,Elisabetta Canalis,21.0,0.08501552381902075,0.05571170290936583,0.006774003867952738,0.348072520295154
13,2,5,Hope Solo,19.0,0.04036616697014789,0.023523401678318866,0.0016417685447318573,0.17577513339211132
13,2,6,J.R. Martinez,22.0,0.14400436024949115,0.10460790308687423,0.017478863305797128,0.4965909451426486
13,2,7,Kristin Cavallari,22.0,0.15952255190122916,0.1106362022975392,0.014007017805593857,0.5612011943448714
13,2,9,Nancy Grace,21.0,0.08427468902706661,0.056303613831112945,0.007542669198322673,0.3264155544661695
13,2,10,Ricki Lake,23.0,0.22018116680671923,0.1641231406595552,0.016000985357867065,0.6801170518482283
13,2,11,Rob Kardashian,21.0,0.10275631117253858,0.06639292488984563,0.007240034529046036,0.39871011206181795
13,3,0,Carson Kressley,23.0,0.058182783059188316,0.034534950076264004,0.0036229666218464485,0.23757081726119048
13,3,1,Chaz Bono,18.0,0.017654663012374595,0.006023684453931182,4.95846357097724e-05,0.10045222609605667
13,3,2,Chynna Phillips,26.0,0.1575786735328879,0.11085616191411526,0.011854059508581967,0.5241782760264608
13,3,3,David Arquette,24.0,0.07871821413035138,0.053850365067677174,0.006080944406394872,0.2978821803100321
13,3,5,Hope Solo,24.0,0.08074674700420992,0.05359048380071184,0.007226954789142953,0.3012533091853481
13,3,6,J.R. Martinez,26.0,0.16467602460720945,0.1214684723629892,0.019198889358958,0.5540020911974192
13,3,7,Kristin Cavallari,24.0,0.09361918591015697,0.06022334667746305,0.006632898169279081,0.3486335033653788
13,3,9,Nancy Grace,21.0,0.03275099588205829,0.01670250620305002,0.0007017646430898531,0.16240588240633286
13,3,10,Ricki Lake,27.0,0.2207161356895298,0.16835706586917226,0.018168943812195408,0.673900030994964
13,3,11,Rob Kardashian,24.0,0.09535657717203339,0.06250608122800878,0.005860226856144085,0.3717605056308273
13,4,0,Carson Kressley,20.0,0.034639081778390146,0.015125174686234396,0.00026375129352455536,0.17419404773350572
13,4,1,Chaz Bono,21.0,0.04213030854068878,0.019957613180001874,0.00047478869758947677,0.19791387336439417
13,4,2,Chynna Phillips,21.0,0.04297328030194244,0.022134021234482826,0.000536039136233393,0.21803727387672098
13,4,3,David Arquette,23.0,0.0698762440903664,0.04494024701022607,0.0022807949282544373,0.2883236408546815
13,4,5,Hope Solo,24.0,0.09166673409451735,0.05727073778032446,0.005714094481441589,0.3731063541848864
13,4,6,J.R. Martinez,26.0,0.17157479718582083,0.12704961636613604,0.01660501080524869,0.5762335878480616
13,4,9,Nancy Grace,21.0,0.04039486914309751,0.021476480677000406,0.0005187420629053328,0.19167483030877763
13,4,10,Ricki Lake,29.0,0.39797587323823685,0.35239392449228946,0.02992608222373842,0.9323588591457146
13,4,11,Rob Kardashian,24.0,0.1087688116269397,0.07144998972133595,0.004129321889562077,0.4404130350150621
13,5,0,Carson Kressley,19.0,0.028752007558759996,0.012032454574277499,0.00016997463772077724,0.14470862860113523
13,5,1,Chaz Bono,21.0,0.0443416213803707,0.021494219818238236,0.0006474320580807176,0.21577551368998885
13,5,3,David Arquette,25.0,0.13504611262837302,0.0947126826790082,0.010530677418708164,0.46659351844313385
13,5,5,Hope Solo,24.0,0.10026446392680896,0.06797587859577142,0.008871955014111284,0.3766881750010397
13,5,6,J.R. Martinez,28.0,0.3781163792121209,0.33286087544367954,0.04656042694885665,0.8896612506678793
13,5,9,Nancy Grace,22.0,0.05512520716924805,0.02994521597625191,0.0018742736357653794,0.2401939294405082
13,5,10,Ricki Lake,24.0,0.10057965347705741,0.06319560084987885,0.006407875950929017,0.3847147226742679
13,5,11,Rob Kardashian,25.0,0.15777455464726095,0.10913856255492388,0.011097751497672531,0.5339458469761323
13,6,1,Chaz Bono,19.0,0.043145954825221364,0.018677365222056586,0.00039229283442456257,0.22380389472226492
13,6,3,David Arquette,23.0,0.08742346915034767,0.05684875678950077,0.0038062212765725455,0.351727481176452
13,6,5,Hope Solo,20.0,0.051945886821265774,0.028144483545331805,0.0011677338873802064,0.23718690654893232
13,6,6,J.R. Martinez,29.0,0.3250242018628866,0.28193559801397194,0.0417761880586996,0.8302227487171449
13,6,9,Nancy Grace,24.0,0.10063382389514462,0.06429491528788146,0.006314253349492253,0.3761641545431171
13,6,10,Ricki Lake,29.0,0.30386075311055655,0.2627073595471495,0.02549969639802029,0.7893780509623766
13,6,11,Rob Kardashian,22.0,0.0879659103345774,0.052553967861576054,0.0019552897494989627,0.3900134814871403
13,7,3,David Arquette,23.5,0.07787042240740061,0.04678908989549958,0.002437148437489212,0.3444082195319641
13,7,5,Hope Solo,25.0,0.16198069062371853,0.11606200747091218,0.01557615376284227,0.549355006553175
13,7,6,J.R. Martinez,24.0,0.11152309563820362,0.06543009874834843,0.004623484953579562,0.4510566300727075
13,7,9,Nancy Grace,22.0,0.0380796281734194,0.017555909586201776,0.0002434699273134124,0.1943083306708481
13,7,10,Ricki Lake,26.5,0.36712342442920054,0.31807158478668546,0.03357342274810106,0.867383423535718
13,7,11,Rob Kardashian,25.5,0.24342273872805734,0.18340415893084738,0.021609001443836144,0.7059871860885837
13,8,5,Hope Solo,26.0,0.14322452651849044,0.10143221239570807,0.010346088669957001,0.5120819011932386
13,8,6,J.R. Martinez,30.0,0.5147890763840864,0.5058469268825583,0.06940577513515477,0.9493794431434139
13,8,9,Nancy Grace,22.0,0.04904757325858312,0.02374510340774781,0.00037080482036310353,0.24047571044271338
13,8,10,Ricki Lake,26.0,0.14438567567941082,0.09401603370261871,0.007658162096148969,0.5311422145692207
13,8,11,Rob Kardashian,25.5,0.14855314815942916,0.09754050680677964,0.004600186066425793,0.5679082782558796
13,9,5,Hope Solo,24.4998,0.07433454076012042,0.0363984357800155,0.0012415547348035316,0.37652873323088193
13,9,6,J.R. Martinez,28.0,0.15056570263380445,0.09206087009462058,0.006058011089289788,0.5809747525259473
13,9,10,Ricki Lake,33.4999,0.405439760029189,0.3671032372817208,0.03774979005686698,0.8891990563064667
13,9,11,Rob Kardashian,32.4998,0.36965999657688625,0.3218198333615412,0.04309489183793152,0.8636288433700884
13,10,6,J.R. Martinez,28.1665,0.2590156459373298,0.20251118969882215,0.012963446998132112,0.7744318097205773
13,10,10,Ricki Lake,27.999899999999997,0.11279132203757682,0.05427994836006279,0.0014288908664764092,0.544006948280699
13,10,11,Rob Kardashian,28.3332,0.6281930320250935,0.6775451415857177,0.10555272904115584,0.9813369643744587
14,1,0,Donald Driver,21.0,0.03933475854103541,0.020986354047646833,0.0005361591600440635,0.19386388509003238
14,1,1,Gavin DeGraw,20.0,0.024421433599626594,0.011537892639298719,0.0002237981917996194,0.12562496757484354
14,1,2,Gladys Knight,23.0,0.06658916903971035,0.04219393822611994,0.0033081476229704153,0.2914073529444925
14,1,3,Jack Wagner,23.0,0.06655459982954956,0.040914104343741556,0.0038434995397197296,0.2779424024904216
14,1,4,Jaleel White,26.0,0.21946335610265058,0.17126422027777138,0.018198835320500803,0.6755752827630015
14,1,5,Katherine Jenkins,26.0,0.2429964431958618,0.1894570650172578,0.021779983745239075,0.7395409522911865
14,1,6,Maria Menounos,21.0,0.03697654160000696,0.01873154664869231,0.0005012954674228732,0.1850063102634143
14,1,7,Martina Navratilova,20.0,0.03068669420764719,0.013648701386917,0.0002772655389437325,0.15966292979766325
14,1,8,Melissa Gilbert,20.0,0.02864841461289978,0.012371329760788526,0.0002385561312107976,0.16506930320114654
14,1,9,Roshon Fegan,23.0,0.060090738525407944,0.03702505487050208,0.003645077773446979,0.265147847525776
14,1,10,Sherri Sheperd,23.0,0.06809332665012591,0.04248530314221641,0.004285058616983499,0.2926890021578862
14,1,11,William Levy,24.0,0.11614452409547792,0.08048784290159494,0.007710979710961769,0.4495711369145706
14,2,0,Donald Driver,24.0,0.09732461203894367,0.06898896986881975,0.00867341777447799,0.35706467786481766
14,2,1,Gavin DeGraw,21.0,0.03923172090385359,0.022775011498600443,0.0015505770203538092,0.17912302431321803
14,2,2,Gladys Knight,19.0,0.02695679989109287,0.012012636316494863,0.0003302725941600455,0.14749188501461596
14,2,3,Jack Wagner,21.0,0.04070351754259081,0.02296547420689688,0.0013315888755145733,0.18183490546551392
14,2,4,Jaleel White,22.0,0.049917646624380696,0.03068728077085689,0.003240795438757165,0.19252390168775121
14,2,5,Katherine Jenkins,26.0,0.18924166580393464,0.13703133572795195,0.01648863778961148,0.5986545449141737
14,2,6,Maria Menounos,25.0,0.12435360919409165,0.08883028040958132,0.011059174423250875,0.4478520784263192
14,2,7,Martina Navratilova,17.0,0.021017002696604805,0.00809556474331372,9.257880057848359e-05,0.12248850403721126
14,2,8,Melissa Gilbert,20.0,0.03524249413675149,0.017150959113517175,0.0008268537415123632,0.18452060005222873
14,2,9,Roshon Fegan,26.0,0.15662854685691852,0.1125412143428956,0.013618908381020952,0.5357834566745139
14,2,10,Sherri Sheperd,23.0,0.07108931169378194,0.04484941418536656,0.004835014492255274,0.2959495916781171
14,2,11,William Levy,25.0,0.14829307261705532,0.10645124815921567,0.01009917875108611,0.5349735981240099
14,3,0,Donald Driver,26.0,0.07939723057146804,0.050493724881597216,0.0035508078729193206,0.32578806929467535
14,3,1,Gavin DeGraw,24.0,0.031891882532069926,0.01583261419745769,0.0004118402519741455,0.15985549654241307
14,3,2,Gladys Knight,24.0,0.03454590063715653,0.015713055629876724,0.00035144630236692224,0.18352031450581538
14,3,3,Jack Wagner,24.0,0.033013863896694674,0.017052688499582337,0.00032222237049620294,0.16346593166058362
14,3,4,Jaleel White,25.0,0.04653731834122383,0.026069687928437914,0.001185703776119901,0.19346612461199073
14,3,5,Katherine Jenkins,29.0,0.3297103942390873,0.26613922407428636,0.028904249611478673,0.8748836502227996
14,3,6,Maria Menounos,27.0,0.11516410193197416,0.0788938200529446,0.007635970334025059,0.4387312166446387
14,3,8,Melissa Gilbert,24.0,0.03702235371863716,0.016379138168435704,0.0004003372163941227,0.20804562925827644
14,3,9,Roshon Fegan,25.0,0.0444461403479272,0.02403542018559273,0.0010721219358921445,0.20938494031620022
14,3,10,Sherri Sheperd,24.0,0.03316715550476414,0.016875976275091697,0.00038858915930410274,0.1831435793099531
14,3,11,William Levy,28.0,0.215103658278997,0.16658658759573625,0.015047181381978775,0.6563661036566975
14,4,0,Donald Driver,27.0,0.27969889530124886,0.22958697999426803,0.031503259673200265,0.7551022165229083
14,4,1,Gavin DeGraw,23.0,0.06024885369213498,0.03678869567782535,0.003006414155818432,0.2584531362286122
14,4,2,Gladys Knight,20.0,0.02835775870251644,0.011446884766909873,0.00019935147382417695,0.15810619958104202
14,4,4,Jaleel White,22.0,0.04492345135581091,0.0242047086888892,0.0014790866287912356,0.19162158449904465
14,4,5,Katherine Jenkins,24.0,0.09851029381509933,0.059980205748014104,0.006228179913974458,0.4160729183111642
14,4,6,Maria Menounos,26.0,0.1808580695917645,0.1349477744490555,0.01747819714456444,0.5805481814727537
14,4,8,Melissa Gilbert,22.0,0.04971049062870337,0.025407081092990717,0.0014789028160324487,0.2475249653989879
14,4,9,Roshon Fegan,26.0,0.16535025475434775,0.1212527161876125,0.015964490163547177,0.5545821469965563
14,4,10,Sherri Sheperd,21.0,0.034551799086901126,0.017746654930423062,0.0005931467100245358,0.17855304745424763
14,4,11,William Levy,22.0,0.05779013307147281,0.03143596858466503,0.0014436631275131803,0.30772599070819157
14,5,0,Donald Driver,27.0,0.13456046926609744,0.09855789747161552,0.012041146858494214,0.46868645037173845
14,5,1,Gavin DeGraw,19.0,0.024340776166562487,0.01056030406611854,0.00016789215424807278,0.13620148779127578
14,5,2,Gladys Knight,22.0,0.044617691884630925,0.022174946700756357,0.0010332489945579849,0.23173226442183106
14,5,4,Jaleel White,24.0,0.061738935492993134,0.03798767676703195,0.0035663788553576786,0.24698993736005123
14,5,5,Katherine Jenkins,29.0,0.2302762635543857,0.1741448368020064,0.020589690087525217,0.686155844775157
14,5,6,Maria Menounos,27.0,0.1274917518403589,0.08951692338525385,0.010592901704890833,0.4664557130465063
14,5,8,Melissa Gilbert,21.0,0.03980308725206856,0.017866808600560773,0.0006421536155644374,0.21984549109454
14,5,9,Roshon Fegan,26.0,0.0909227902995433,0.05969115817080124,0.007036945383527059,0.3627929131232583
14,5,11,William Levy,29.0,0.2462482342433595,0.19457991174134243,0.017916905823342183,0.7039076916493343
14,6,0,Donald Driver,33.9999,0.12347217912305553,0.08685375448988383,0.009064108216669234,0.43382610971712476
14,6,2,Gladys Knight,24.0,0.03016976345475505,0.011762551184362308,0.0001733793330409342,0.18413931244958415
14,6,4,Jaleel White,36.9998,0.1861904928445572,0.14670185107939265,0.016136658479333505,0.5685554609919603
14,6,5,Katherine Jenkins,38.9999,0.2962296200046814,0.24331859517758914,0.02868086020367376,0.800418859829081
14,6,6,Maria Menounos,29.999899999999997,0.06490399612559261,0.03655491896040284,0.0020543912778186804,0.2843541850266332
14,6,8,Melissa Gilbert,30.0,0.06737891091468863,0.036058324860562735,0.002285944351776693,0.3290250659147299
14,6,9,Roshon Fegan,27.9998,0.04348766975147816,0.02230878970781874,0.0009297896189188283,0.21161992010907507
14,6,11,William Levy,36.0,0.18816736778119142,0.14290748526668207,0.0140369381533117,0.6204163980667035
14,7,0,Donald Driver,26.5,0.12712813286108085,0.09126223026249305,0.006384002117980942,0.46804303102645517
14,7,4,Jaleel White,25.5,0.06896923444738755,0.040660503241004675,0.0022019889652058126,0.27880027554610626
14,7,5,Katherine Jenkins,27.0,0.17308108008075698,0.11985467271888198,0.012042828887504475,0.6064958793541465
14,7,6,Maria Menounos,28.5,0.3724753864711996,0.3179283639668532,0.04127928491044063,0.9024888482392354
14,7,8,Melissa Gilbert,23.5,0.034747592937694714,0.012281954780158609,0.00014488613647393688,0.21743380747728022
14,7,9,Roshon Fegan,26.0,0.08254253799923053,0.04812719435286057,0.0036424030214161148,0.3564806692976805
14,7,11,William Levy,26.5,0.14105603520264973,0.09658574398811581,0.008020914708852921,0.5313627320575899
14,8,0,Donald Driver,27.5,0.15377972768209347,0.11080308197560837,0.011510476611219657,0.5252803643953465
14,8,5,Katherine Jenkins,27.5,0.15934291525450933,0.10515094017628238,0.011007867225214418,0.5781487906956896
14,8,6,Maria Menounos,26.5,0.07318514846566915,0.03989673623131314,0.0018357397416637938,0.3294861348112381
14,8,8,Melissa Gilbert,25.5,0.043118816695318335,0.016893079190722797,0.00027416847314189435,0.27249256670984556
14,8,9,Roshon Fegan,28.0,0.19416720614505573,0.14406050686494465,0.01775413433535085,0.6382149658323003
14,8,11,William Levy,28.5,0.37640618575735396,0.34435209275822687,0.028664001608216638,0.8690423757904379
14,9,0,Donald Driver,28.5,0.1448545123223951,0.09340293108825812,0.004031234398574896,0.5565668315004543
14,9,5,Katherine Jenkins,28.0,0.09024766516008158,0.03882016704057929,0.001039823451323687,0.5034245080211148
14,9,6,Maria Menounos,29.5,0.48115062001511955,0.4670755351342807,0.06852493694893362,0.9407414447442701
14,9,11,William Levy,29.0,0.28374720250240376,0.23089880333721285,0.020988147391270518,0.7943233124197531
14,10,0,Donald Driver,29.666600000000003,0.16707558606725378,0.09734814280045626,0.0022463141436758404,0.6798689385910935
14,10,5,Katherine Jenkins,30.0,0.6574065662406318,0.7207006630882482,0.1081075442178463,0.9922488365031118
14,10,11,William Levy,29.666600000000003,0.1755178476921145,0.10803963670868957,0.003041290350314005,0.7157124009885409
15,1,0,Apolo Anton Ohno,22.0,0.06834421340753487,0.04555757229456914,0.0043252009334279785,0.265247815788254
15,1,1,Bristol Palin,19.5,0.03191147445373676,0.01588258333425975,0.0004432721307803387,0.16538994720112124
15,1,2,Drew Lachey,21.5,0.0596100691078088,0.03712181197861754,0.0035293284776206973,0.24969898117052833
15,1,3,Emmitt Smith,24.5,0.23166700260638146,0.17026721460418023,0.020825947124998623,0.7005329397727998
15,1,4,Gilles Marini,24.0,0.18129879424963413,0.13695905222695906,0.015361911335156726,0.6040701783641
15,1,5,Helio Castroneves,21.5,0.053114925469151114,0.03422830519542827,0.00314494749917322,0.2253537571414708
15,1,6,Joey Fatone,20.5,0.041796206798914014,0.02403659843221859,0.0013680702286125567,0.19525552706989918
15,1,7,Kelly Monaco,21.5,0.058045693560476695,0.03754328003658869,0.003589647811058583,0.21873612095224598
15,1,8,Kirstie Alley,19.0,0.02534157093497311,0.013393082538341237,0.00033289748369266136,0.12709540435709074
15,1,9,Melissa Rycroft,21.0,0.05765677963093917,0.03197363232170405,0.0022992253491095106,0.24160998706640271
15,1,10,Pamela Anderson,17.0,0.015572004942583371,0.006000256233243162,2.9893785399105347e-05,0.0970647471860135
15,1,11,Sabrina Bryan,22.5,0.08799671643717315,0.058569967047604476,0.007794223180680525,0.3431813730602846
15,1,12,Shawn Johnson,22.0,0.08764454840069337,0.05694376512499355,0.005990731087933727,0.33704097654322696
15,2,0,Apolo Anton Ohno,24.5,0.1005311301974603,0.07143128548683317,0.007193129404717231,0.3729638956209909
15,2,1,Bristol Palin,18.0,0.01547777870240492,0.0051971527079394345,2.5151408649866028e-05,0.09357093985343293
15,2,2,Drew Lachey,22.5,0.05173929419209303,0.03055289767733363,0.0023463009528545604,0.2195418356804207
15,2,3,Emmitt Smith,22.5,0.049150709244492816,0.028871790395785087,0.003372087756998353,0.20017134099566028
15,2,4,Gilles Marini,25.5,0.167028655112762,0.12341764396351251,0.015129638509738533,0.5733865187064876
15,2,5,Helio Castroneves,23.0,0.05403156153371511,0.03362963866867792,0.0032111320987932472,0.23215789860187488
15,2,6,Joey Fatone,22.5,0.05063570108944756,0.0295741775989054,0.002372031639014052,0.21415367056622636
15,2,7,Kelly Monaco,22.0,0.04252721342926859,0.02507020684988534,0.001652402566848594,0.1797660769280727
15,2,8,Kirstie Alley,21.0,0.03203165800151098,0.017885063461567256,0.0006935446165706331,0.15790379245512717
15,2,9,Melissa Rycroft,23.5,0.08241059436482326,0.051087644564611845,0.005947681930277554,0.325864378814672
15,2,11,Sabrina Bryan,26.0,0.2011379550100318,0.14412964120483224,0.01688221975935999,0.6539049650536695
15,2,12,Shawn Johnson,25.0,0.15329774912198965,0.11076291104625528,0.015132562584877765,0.5003870973811798
15,3,0,Apolo Anton Ohno,25.5,0.06915167602741441,0.04574518696415833,0.004695305552957643,0.2862078041047497
15,3,1,Bristol Palin,22.5,0.01940325207034393,0.0069288830580117085,5.31295326795834e-05,0.11533564608764027
15,3,2,Drew Lachey,24.0,0.034956806500543766,0.018777486478944796,0.0006139195649042604,0.1687882792150785
15,3,3,Emmitt Smith,25.0,0.054254594963556016,0.033754845660361146,0.0031381805519620017,0.21994938231800987
15,3,4,Gilles Marini,25.5,0.07693591406321426,0.05162516324602,0.005424728705100942,0.31034644089412483
15,3,5,Helio Castroneves,25.5,0.06755747519101397,0.04258863443324032,0.00497481845418622,0.2834186337534556
15,3,7,Kelly Monaco,27.0,0.19208208764640355,0.14444071285180157,0.01659487914875098,0.6041477730107992
15,3,8,Kirstie Alley,24.0,0.03422238705488545,0.01875960376599578,0.000643138327647382,0.16673511464173463
15,3,9,Melissa Rycroft,27.0,0.2157104401707416,0.16675722349472077,0.019527109490263258,0.6472741638603979
15,3,11,Sabrina Bryan,25.5,0.07436578579921727,0.04604399197305418,0.004529253157058566,0.32478377247141954
15,3,12,Shawn Johnson,26.5,0.1613595805126658,0.12471533788703425,0.01586891025336731,0.5321715550461409
15,4,0,Apolo Anton Ohno,34.5,0.05520833982537449,0.03211043494984481,0.0024409175870755183,0.24162934414717355
15,4,1,Bristol Palin,32.0,0.03820965489453336,0.01754479455245444,0.0004827478474694157,0.19642156072513955
15,4,3,Emmitt Smith,36.0,0.08264490327481111,0.054022567809556866,0.006712934088932296,0.3204169122984408
15,4,4,Gilles Marini,39.5,0.22740396744277877,0.1772071209696615,0.021314876072763427,0.6845338339163104
15,4,7,Kelly Monaco,37.5,0.12223274477991025,0.08720361835607124,0.0103825803904369,0.421212091203824
15,4,8,Kirstie Alley,30.0,0.024843329647315303,0.011120299828201737,0.0001277138986726377,0.13798774742846295
15,4,9,Melissa Rycroft,37.0,0.12219653537311094,0.08152669381912928,0.010325357062560053,0.44205548954014506
15,4,11,Sabrina Bryan,35.5,0.07512825181434765,0.0460959038957003,0.004044072962177553,0.3303245838890074
15,4,12,Shawn Johnson,39.5,0.25213227294781815,0.20781878826770256,0.02894432212585346,0.7054213120186591
15,5,0,Apolo Anton Ohno,28.25,0.12112743081394338,0.08861070108475264,0.008969561736472365,0.4292487492822945
15,5,3,Emmitt Smith,28.0,0.10545619230836333,0.07053986824880043,0.010233055472341495,0.3838863854157309
15,5,4,Gilles Marini,28.25,0.13217166696936258,0.09847824069323671,0.010996839153774392,0.4654863828533641
15,5,7,Kelly Monaco,25.75,0.028919443261847835,0.012361643519505718,0.00016206529120633436,0.15603078738758894
15,5,8,Kirstie Alley,26.25,0.03818671611181747,0.019055573534484185,0.00047588550903426624,0.20449936196483254
15,5,9,Melissa Rycroft,28.25,0.14402711572890328,0.10187440736913696,0.01181589362290017,0.48977177112206194
15,5,11,Sabrina Bryan,29.25,0.2782930568857699,0.22054806503136049,0.02194536781638192,0.7776520391261833
15,5,12,Shawn Johnson,28.25,0.15181837791999223,0.10799027971950464,0.01242883125235804,0.5141628204346035
15,6,0,Apolo Anton Ohno,30.0,0.2440668489471385,0.1968710345817351,0.02039757539761361,0.7270540223413084
15,6,3,Emmitt Smith,26.5,0.03628816300235204,0.017673697233326954,0.0004817100428679495,0.1807455100220257
15,6,4,Gilles Marini,27.5,0.06258018436205495,0.03497667374886529,0.0017650116476042002,0.28546283241897136
15,6,7,Kelly Monaco,27.0,0.04709954328502194,0.024401688311476988,0.0006594346700457643,0.22212002965844097
15,6,8,Kirstie Alley,27.5,0.06073147685485314,0.034827314065760506,0.0016303340049826232,0.2814844975756613
15,6,9,Melissa Rycroft,29.5,0.202885577952694,0.15171984135391403,0.01853837908809136,0.61467118896099
15,6,11,Sabrina Bryan,30.0,0.2526806741361921,0.19765328246590755,0.02088701014382706,0.7332487918250218
15,6,12,Shawn Johnson,28.0,0.09366753145969332,0.05878554341022389,0.0031560050050298324,0.39565194300245987
15,7,0,Apolo Anton Ohno,33.0,0.06812138013385216,0.040022277535470045,0.002658270819524316,0.3020286719197873
15,7,3,Emmitt Smith,34.4999,0.0989610316910424,0.06550782078056683,0.006823940317462836,0.37077762950109167
15,7,4,Gilles Marini,33.4998,0.08439267870317739,0.05473043181086823,0.0041529613947918044,0.3458683823741449
15,7,7,Kelly Monaco,36.0,0.13758061212512537,0.10021048015731146,0.010525190136112748,0.46337450048213885
15,7,8,Kirstie Alley,27.999899999999997,0.03201311102945303,0.013872439715723854,0.00016750960627147065,0.18399709620308818
15,7,9,Melissa Rycroft,38.9999,0.3179645785334849,0.26826340079692146,0.032832282471940394,0.8234547107493432
15,7,12,Shawn Johnson,37.9998,0.26096660778386477,0.22082019683592546,0.027534158571677785,0.7132085565404889
15,8,0,Apolo Anton Ohno,29.2777,0.16129910792056623,0.11911476485000086,0.01406774605773246,0.5398495627315554
15,8,3,Emmitt Smith,29.0554,0.1493445126406829,0.109930519653568,0.01565341056179478,0.482436048997734
15,8,4,Gilles Marini,29.2777,0.17514442820830423,0.13382435370073403,0.018122618665991203,0.5654265867039673
15,8,7,Kelly Monaco,28.3333,0.09922052874923792,0.06653382102004829,0.00613975512795251,0.3691511982739536
15,8,8,Kirstie Alley,25.5,0.029825654766057537,0.012398717070817819,0.0001259262196554611,0.17118368720631394
15,8,9,Melissa Rycroft,30.0,0.29041691042074147,0.24205306610285976,0.030539074934772228,0.747271392139964
15,8,12,Shawn Johnson,27.8333,0.09474885729440972,0.059041445327537675,0.003305264454322377,0.4033458767526207
15,9,0,Apolo Anton Ohno,28.611,0.17875669867183547,0.1367239388831338,0.014722560279890882,0.56044391112395
15,9,3,Emmitt Smith,27.0,0.06385889568609142,0.03243599022187918,0.001215718522552184,0.31423106648852095
15,9,7,Kelly Monaco,27.110999999999997,0.06974038959098337,0.036047617431015366,0.0011434071949156584,0.3287437993576044
15,9,9,Melissa Rycroft,28.7777,0.2398522175160846,0.1845783880235209,0.02153287433871706,0.7118780917971603
15,9,12,Shawn Johnson,29.5,0.4477917985350051,0.43466860489635845,0.061489081568083775,0.8968354277406809
15,10,7,Kelly Monaco,29.1109,0.2238194377246883,0.1628221180072143,0.00903673067174747,0.7373917195791662
15,10,9,Melissa Rycroft,29.3331,0.6358630330646037,0.683040477163041,0.1045924582379244,0.9872253895401737
15,10,12,Shawn Johnson,28.9443,0.14031752921070798,0.07874735627414155,0.0012471593074834181,0.6037709260503564
16,1,0,Alexandra Raisman,21.0,0.10282207139174897,0.06894340169161975,0.00684229026479963,0.38019924906451824
16,1,1,Andy Dick,17.0,0.037720056648933326,0.0190135574787111,0.0009083730947435432,0.198365969639537
16,1,2,D. L. Hughley,12.0,0.012924773999983494,0.004426348825144366,1.883414161096985e-05,0.0741100244614024
16,1,3,Dorothy Hamill,21.0,0.09868857620815075,0.06393144233680376,0.00781578586420387,0.3810669166052989
16,1,4,Ingo Rademacher,20.0,0.07357316323324815,0.04686875845886917,0.004844505294756267,0.3039876164331387
16,1,5,Jacoby Jones,20.0,0.09186775947779897,0.06028886605178621,0.007321117363529176,0.357043814016803
16,1,6,Kellie Pickler,21.0,0.10798246314942592,0.07407636403841333,0.010124337371263016,0.39852342263534235
16,1,7,Lisa Vanderpump,18.0,0.04361874982043854,0.026277828322717085,0.0013567264391693547,0.18185564019083394
16,1,8,Sean Lowe,19.0,0.06641426289528216,0.03734504707796622,0.0034616586883343954,0.2891776676419753
16,1,9,Victor Ortiz,18.0,0.041877881829835144,0.023241532766278203,0.001262970726465725,0.18558894728279596
16,1,10,Wynonna Judd,18.0,0.04396120621274842,0.023243771892405823,0.001550195656002498,0.1931265252294662
16,1,11,Zendaya,24.0,0.27854903513240614,0.21917032140798848,0.01973956444904618,0.8165435029062484
16,2,0,Alexandra Raisman,24.0,0.12752715406850296,0.09257793447337884,0.009193002765688902,0.44500218043190104
16,2,1,Andy Dick,20.0,0.05491779687226763,0.03204031463914299,0.0022447684387891854,0.2620944042704074
16,2,2,D. L. Hughley,16.0,0.02445966358280185,0.0120735620498354,0.00022541750838552888,0.12052717853618324
16,2,3,Dorothy Hamill,15.0,0.02094513204669056,0.009555747553782861,0.00010380429249935545,0.10889742333270389
16,2,4,Ingo Rademacher,20.0,0.050470321042708724,0.028600905070732124,0.0017027098373522305,0.226345718798872
16,2,5,Jacoby Jones,23.0,0.11845660357493791,0.08363522046907054,0.010635752115681305,0.4356186198064119
16,2,6,Kellie Pickler,26.0,0.21962217409018484,0.1694396262877814,0.0235626384828081,0.6923233543400259
16,2,7,Lisa Vanderpump,18.0,0.03422611435093707,0.019539885470214964,0.0005537208033276966,0.14468095559844768
16,2,8,Sean Lowe,20.0,0.05953721050045205,0.03300527143479638,0.002439750230398104,0.2675961164023188
16,2,9,Victor Ortiz,18.0,0.032607655462296596,0.017132100515539334,0.00047436756187511215,0.15352769282597747
16,2,10,Wynonna Judd,18.0,0.0354665051781305,0.016832292896895827,0.0006864582531143081,0.1634399510348992
16,2,11,Zendaya,26.0,0.22176366923008925,0.1678606972233138,0.016852796756428413,0.6913339748294637
16,3,0,Alexandra Raisman,23.0,0.09172582445517818,0.060403206231066056,0.006216494179836987,0.3526419518792663
16,3,1,Andy Dick,18.0,0.036316004750087845,0.017497392257021772,0.000702010122188838,0.1923749393297764
16,3,2,D. L. Hughley,16.0,0.023552222419138298,0.011143668196372289,0.00020651055129488255,0.12142336271377303
16,3,4,Ingo Rademacher,21.0,0.05679767637681881,0.03325510688515816,0.0024187832905502374,0.2444063552481985
16,3,5,Jacoby Jones,25.9998,0.21112950628598243,0.1671184729980583,0.024466640606722427,0.6431146650133397
16,3,6,Kellie Pickler,25.0,0.15285483436271574,0.10987268653906367,0.016683956772687324,0.530646232662595
16,3,7,Lisa Vanderpump,21.0,0.05705361692508579,0.03673102056462507,0.002479527818176338,0.21872703377461072
16,3,8,Sean Lowe,21.0,0.06695514142865232,0.03814447955118194,0.003624512204196828,0.2922845615563491
16,3,9,Victor Ortiz,23.0,0.08500719184922438,0.05554325223921101,0.00624224244069052,0.3403166759487526
16,3,10,Wynonna Judd,15.0,0.021343457157512125,0.007985991731885515,0.00011105836045733101,0.11200327030537195
16,3,11,Zendaya,25.9998,0.1972645239896041,0.1455554145945491,0.015051339545184143,0.6320865004194267
16,4,0,Alexandra Raisman,27.0,0.2340670780335577,0.18435344360446781,0.01746599135899188,0.6997233271935058
16,4,1,Andy Dick,21.0,0.05384419787591892,0.029993584058656635,0.0017335761948072271,0.25924308742667673
16,4,2,D. L. Hughley,21.0,0.04906010747232145,0.02920638217699688,0.0019214920574600254,0.2264859193741419
16,4,4,Ingo Rademacher,23.0,0.07734096277624913,0.04844116350713705,0.00418476964016576,0.31754047676087854
16,4,5,Jacoby Jones,24.0,0.12163376052303368,0.08473885364967124,0.01045519493383378,0.44885771923566814
16,4,6,Kellie Pickler,26.0,0.18116620954439125,0.1390213596220211,0.01974044840884377,0.584383288947403
16,4,7,Lisa Vanderpump,18.0,0.026739959915862747,0.013553376925754219,0.00019309137856914142,0.12192487095824985
16,4,8,Sean Lowe,20.0,0.046600091854762125,0.023042166238023777,0.0011041492559276814,0.22787560652747144
16,4,9,Victor Ortiz,18.0,0.02509905667657453,0.011752778030663172,0.00015554884844480796,0.12461038504497104
16,4,11,Zendaya,26.0,0.18444857532732847,0.13526007976522209,0.015644375776406382,0.5828355445300858
16,5,0,Alexandra Raisman,25.0,0.11037703776107027,0.07259196675609395,0.007111505497046637,0.4173814000141106
16,5,1,Andy Dick,18.0,0.033280011525760544,0.013911609762009048,0.00028022206884922537,0.20058594849215897
16,5,2,D. L. Hughley,18.0,0.02998123370158311,0.014309924481053901,0.00025362582652555015,0.15000436173113404
16,5,4,Ingo Rademacher,21.0,0.04878883898467177,0.025546575536360597,0.001015317698366942,0.2239269370912874
16,5,5,Jacoby Jones,26.0,0.16013534473121976,0.11980931333664883,0.015731488211932067,0.5339255726117234
16,5,6,Kellie Pickler,27.0,0.18057702350035446,0.13375003598233054,0.018342399565787707,0.5950627037390432
16,5,8,Sean Lowe,24.0,0.10049268158028571,0.060554636427374436,0.0065106443424804445,0.3998642854171776
16,5,9,Victor Ortiz,21.0,0.04639983882986864,0.02571730151074742,0.0009969104184746334,0.2149349790586782
16,5,11,Zendaya,29.0,0.2899679893851857,0.2390266658231784,0.02231234927024547,0.7977685831214296
16,6,0,Alexandra Raisman,26.0,0.20255480953170515,0.15849481528429374,0.014725810507141347,0.6169588207039882
16,6,1,Andy Dick,21.5,0.050103892303783204,0.02435667675876793,0.0007782183728277088,0.26602487257527035
16,6,4,Ingo Rademacher,23.0,0.07071471435408912,0.04021009927954293,0.0022744156750776666,0.3100997829955846
16,6,5,Jacoby Jones,22.5,0.07748704651896064,0.044701889586564944,0.0021149793150879457,0.34369510807998055
16,6,6,Kellie Pickler,27.0,0.3096071998328168,0.2572026285632083,0.035186846078074534,0.8125028392957915
16,6,8,Sean Lowe,23.0,0.08103355067668697,0.04603337084085474,0.0032108815711026375,0.3447113348049401
16,6,9,Victor Ortiz,20.0,0.028447542738397207,0.012761281413705026,0.00012561802897441616,0.14514462829414948
16,6,11,Zendaya,25.5,0.18005124404356088,0.1318842819172378,0.0143445440392223,0.596892092779133
16,7,0,Alexandra Raisman,32.0,0.28649066462566036,0.2400818013879331,0.023447612058970047,0.7821724226908494
16,7,1,Andy Dick,17.0,0.03155970390124866,0.011815851796968611,0.0001245644447267529,0.1954904842774047
16,7,4,Ingo Rademacher,25.0,0.08216929093076707,0.049001803266519525,0.0036267350645112733,0.35024640496423753
16,7,5,Jacoby Jones,27.0,0.13890960105694444,0.09668691662294537,0.011886958614511833,0.5117106835175868
16,7,6,Kellie Pickler,29.0,0.17186382713963466,0.1266401025394267,0.018587822054832816,0.5629192720610132
16,7,8,Sean Lowe,24.0,0.08083999441423759,0.04498963844334672,0.003309918599458688,0.34170621532179
16,7,11,Zendaya,30.0,0.2081669179315073,0.15559186023360086,0.018116787903972132,0.6425627690667194
16,8,0,Alexandra Raisman,28.0,0.22077721091686842,0.1708617976094495,0.01950308795859806,0.6770358888236684
16,8,4,Ingo Rademacher,24.0,0.07199196037716593,0.03978732207047328,0.001967121732761456,0.32741551789624257
16,8,5,Jacoby Jones,26.0,0.1488888576885428,0.10156945097742132,0.011313664781039932,0.5584766680794812
16,8,6,Kellie Pickler,27.5,0.20012757821243232,0.15156306971907532,0.02074190079619434,0.6274166295913484
16,8,8,Sean Lowe,21.0,0.04334298393469724,0.01807258019843043,0.00025631808956046897,0.23922702053406178
16,8,11,Zendaya,29.0,0.3148714088702933,0.2669318680391741,0.028195924767761,0.8026670476921105
16,9,0,Alexandra Raisman,29.5,0.2838279815863706,0.23991576141326365,0.023231520834272493,0.7425918563904347
16,9,4,Ingo Rademacher,25.5,0.04650911347773467,0.021199301893394147,0.0002649724679126285,0.24463386530221917
16,9,5,Jacoby Jones,29.5,0.32248075800570175,0.28103925176786043,0.04096461117532862,0.821253627555159
16,9,6,Kellie Pickler,29.0,0.2304210344069874,0.18477003989311674,0.023204577878742447,0.6926642558130742
16,9,11,Zendaya,27.5,0.11676111252320547,0.07398686816680765,0.004667601330502435,0.4719660027802098
16,10,0,Alexandra Raisman,29.0,0.14686714710486906,0.09783608658126966,0.007246276341216506,0.5782846732822022
16,10,5,Jacoby Jones,27.999899999999997,0.09165775576484574,0.04262201775588844,0.0007994136427063741,0.48787557344036364
16,10,6,Kellie Pickler,30.0,0.3814881286019503,0.3474082334751742,0.04678178797400426,0.8651708406883084
16,10,11,Zendaya,30.0,0.3799869685283349,0.343470150096979,0.036534258751791865,0.8572708547338819
17,1,0,Amber Riley,27.0,0.2593332669035552,0.204724162559348,0.024595764383815857,0.7439846304202179
17,1,1,Bill Engvall,18.0,0.03049594999357024,0.015821501404447394,0.0006997029729195823,0.13898585600002797
17,1,2,Bill Nye,14.0,0.014962164276486532,0.005677253037003583,6.187237503582245e-05,0.08888195018146605
17,1,3,Brant Daugherty,22.0,0.06872277527292017,0.04569884520815565,0.004503292557372236,0.27765012802123
17,1,4,Christina Milian,22.0,0.06901686307606959,0.04468922201667162,0.004596694074964057,0.2779369219934457
17,1,5,Corbin Bleu,24.0,0.12668383690924723,0.09061677928174303,0.012314201298997325,0.45782265980970765
17,1,6,Elizabeth Berkley Lauren,24.0,0.12038396714373167,0.08609295471488301,0.012874867481296595,0.4379600465543561
17,1,7,Jack Osbourne,23.0,0.08793853543211803,0.0586354781374782,0.006247824949436601,0.3615405634748155
17,1,8,Keyshawn Johnson,17.0,0.02783913532786526,0.013799927168909262,0.0002689965307766527,0.14217318949387928
17,1,9,Leah Remini,21.0,0.05337904031476597,0.03493567418044095,0.0035798918044061046,0.22041838221533158
17,1,10,"Nicole ""Snooki"" Polizzi",23.0,0.08212588190960018,0.055206497062765744,0.006852134003522143,0.29825529109631205
17,1,11,Valerie Harper,21.0,0.059118583440069886,0.03693790050514448,0.0027207560900620264,0.23956190252940168
17,2,0,Amber Riley,24.0,0.1040466569299937,0.0723774135195974,0.00973593631793337,0.3813575916684495
17,2,1,Bill Engvall,21.0,0.04538688753649112,0.026124913591862767,0.0021409105084993535,0.19489423760292654
17,2,2,Bill Nye,17.0,0.018469072521810015,0.00789772155895806,0.00012169636966840734,0.10146448921472608
17,2,3,Brant Daugherty,23.0,0.0736113127902304,0.04962611011405191,0.005244734576899905,0.2976828325664394
17,2,4,Christina Milian,25.0,0.12698505235316146,0.09117558110498598,0.012076161363145344,0.4464278605538142
17,2,5,Corbin Bleu,26.0,0.20042682874161177,0.14808680354029852,0.02140327198450773,0.6331112159929384
17,2,6,Elizabeth Berkley Lauren,25.0,0.14173786536984195,0.10571431502829959,0.01591405246325747,0.4860625020891106
17,2,7,Jack Osbourne,24.0,0.09931543287203373,0.06765675710075017,0.00774984586734622,0.38283944793878005
17,2,8,Keyshawn Johnson,18.0,0.02579703422729596,0.01223715378136975,0.00018667942253428082,0.13560861433527135
17,2,9,Leah Remini,24.0,0.09986176281371545,0.06697574745774729,0.008765051049799718,0.37955411372374254
17,2,10,"Nicole ""Snooki"" Polizzi",20.0,0.03325173981325443,0.017935475038298464,0.0010171397673043175,0.15471168660010773
17,2,11,Valerie Harper,19.0,0.031110354030560027,0.015372271905427674,0.0004800746950769248,0.1531741703798257
17,3,0,Amber Riley,24.0,0.08829193220184875,0.05985884194086738,0.007779365919666176,0.3406214590211483
17,3,1,Bill Engvall,24.0,0.08624493519752797,0.05694444563750735,0.006884049253175823,0.34334779393749315
17,3,2,Bill Nye,16.0,0.018598402674359506,0.007748664583907678,0.00012493057776652287,0.10930486999062373
17,3,3,Brant Daugherty,27.0,0.16655098175569433,0.12465886773579285,0.013995893844660302,0.5619179403405264
17,3,4,Christina Milian,26.0,0.12665102642301393,0.09051772946444808,0.012390184967384397,0.4448513398280366
17,3,5,Corbin Bleu,26.0,0.14728819263342086,0.10734635331930595,0.01657122766303352,0.504747760446606
17,3,6,Elizabeth Berkley Lauren,25.0,0.11114610877011089,0.07859844666159699,0.011765958874318076,0.4101522764970337
17,3,7,Jack Osbourne,22.0,0.05519262890435467,0.03304637438172437,0.002557332530590157,0.24941222515924014
17,3,9,Leah Remini,24.0,0.08138138782422925,0.0565686758865424,0.00732476889296951,0.30440721018943856
17,3,10,"Nicole ""Snooki"" Polizzi",25.0,0.09739885083443445,0.06781231331522929,0.009067733227275148,0.3470339684436342
17,3,11,Valerie Harper,16.0,0.021255552781005445,0.008989108018500194,0.00011245617953968924,0.11783063953267633
17,4,0,Amber Riley,27.0,0.19237702697246423,0.14680892582614835,0.020532431193935635,0.5918738266465092
17,4,1,Bill Engvall,21.0,0.03785439577941745,0.019750825927506148,0.0009437491837246413,0.17697177117933788
17,4,3,Brant Daugherty,21.0,0.038008489921354215,0.020427951861028956,0.0007887352618166235,0.17518839178390969
17,4,4,Christina Milian,24.0,0.0773705900730187,0.04934107053810893,0.004647797118490789,0.3190184779717249
17,4,5,Corbin Bleu,27.0,0.20690886286452004,0.1574696246256153,0.022442650991675927,0.6377335018258148
17,4,6,Elizabeth Berkley Lauren,27.0,0.19809698701763723,0.15392595950601903,0.02345956352840149,0.596826785005054
17,4,7,Jack Osbourne,24.0,0.07816356713944131,0.050807635091396394,0.004319754028556035,0.3293063882738079
17,4,9,Leah Remini,24.0,0.07567317104668322,0.04992523335251969,0.0055697361998406575,0.2991668126280587
17,4,10,"Nicole ""Snooki"" Polizzi",24.0,0.07302362279835023,0.04591412326525833,0.005255273918547326,0.29297124001646857
17,4,11,Valerie Harper,18.0,0.02252328638711334,0.0091202164572925,6.824504041318789e-05,0.12946103515937374
17,5,0,Amber Riley,26.0,0.08649225733141867,0.05507394912740611,0.006290766770363795,0.3433944673700043
17,5,1,Bill Engvall,24.0,0.038648113549202744,0.01980115532679276,0.0010419449555378955,0.17727837611464817
17,5,3,Brant Daugherty,27.0,0.12220553784564485,0.08884899004696138,0.009843206818650462,0.43288183907885874
17,5,4,Christina Milian,28.0,0.18844609903120202,0.1425995960427864,0.018209844593906954,0.5912197274570307
17,5,5,Corbin Bleu,28.0,0.21743963555335524,0.1694470614955376,0.02534852109792104,0.6441622704317973
17,5,6,Elizabeth Berkley Lauren,26.0,0.0875329481326695,0.05665408667234552,0.006307188300877004,0.3395376155616697
17,5,7,Jack Osbourne,27.0,0.12459460196263861,0.08608541217910287,0.009995963678229835,0.4708108736375386
17,5,9,Leah Remini,22.0,0.017783985539275238,0.008627955234943988,0.0001432863628430898,0.08612409735962152
17,5,10,"Nicole ""Snooki"" Polizzi",27.0,0.11685682105459314,0.08213446801130533,0.010533954699375812,0.40040947030103446
17,6,0,Amber Riley,31.999899999999997,0.24332900865404597,0.19526468308592396,0.027344025364909156,0.6927185832917919
17,6,1,Bill Engvall,23.9999,0.028965921993410654,0.012368627151816525,0.00019953355296958774,0.15501549388893135
17,6,3,Brant Daugherty,31.0,0.16738224635239998,0.13213647084226654,0.014051769415516197,0.5317998723050499
17,6,5,Corbin Bleu,26.999899999999997,0.06589422283267468,0.036971853071843724,0.0017555704558530009,0.30455454318532876
17,6,6,Elizabeth Berkley Lauren,31.9998,0.24937653578720118,0.2024824975065213,0.03145106321634086,0.7017327555927168
17,6,7,Jack Osbourne,26.9998,0.057526570896564856,0.0323985412029786,0.001174981078554195,0.2630927349931404
17,6,9,Leah Remini,27.999899999999997,0.06877367507666866,0.04502772625882359,0.003685997304252656,0.2728860864160847
17,6,10,"Nicole ""Snooki"" Polizzi",30.0,0.118751818407034,0.08078244504214345,0.009398788303718647,0.41463272235592946
17,7,0,Amber Riley,29.5,0.25019965642448316,0.20132853028350073,0.029040326454439293,0.7194572696227832
17,7,1,Bill Engvall,25.0,0.029054575029030562,0.012162226991741786,0.00024469577527622697,0.15697178963795633
17,7,3,Brant Daugherty,28.5,0.13536274319532635,0.10024723275349018,0.010614519799468657,0.46267073531056657
17,7,5,Corbin Bleu,29.5,0.26634394350698687,0.21733437707091627,0.03097142040847242,0.7429770297386092
17,7,6,Elizabeth Berkley Lauren,27.0,0.07145892982705138,0.04067366331961866,0.00299046696434483,0.32555851259468294
17,7,7,Jack Osbourne,28.5,0.13754424286285027,0.09528719882702459,0.010322815970573222,0.5054077289413065
17,7,9,Leah Remini,26.5,0.04873472201960624,0.02876216262423949,0.0015710359998405187,0.20796773293262003
17,7,10,"Nicole ""Snooki"" Polizzi",27.0,0.061301187134665126,0.035329997772797224,0.0025622209001871154,0.2712270096091302
17,8,0,Amber Riley,28.0,0.1335814513294767,0.0904605287784766,0.008998325217286197,0.48387543590095833
17,8,1,Bill Engvall,24.0,0.037493894104394486,0.01685627675897402,0.000414741382383724,0.1967936422707158
17,8,3,Brant Daugherty,27.0,0.08970630477426969,0.05737827851739993,0.004729898533263592,0.3558363135833647
17,8,5,Corbin Bleu,30.0,0.2939869638045852,0.2471746493490275,0.03637410035229912,0.778813656562603
17,8,6,Elizabeth Berkley Lauren,25.0,0.055517167627256184,0.026967356709662438,0.0009845664722835305,0.2864971027493693
17,8,7,Jack Osbourne,30.0,0.26504480365830263,0.20998298313016042,0.027012911384374273,0.7462048681335071
17,8,9,Leah Remini,28.0,0.12466941470171511,0.08544867094969565,0.00994058674258486,0.45625221980351865
17,9,0,Amber Riley,25.5,0.10964285898691264,0.07001169881632384,0.005016369347625717,0.42734711193124547
17,9,1,Bill Engvall,21.0,0.03545899911672453,0.015048686789466522,0.00022563793000714483,0.2012615469594568
17,9,5,Corbin Bleu,29.0,0.3196374864660495,0.2725737035902934,0.03720910875817298,0.8018709779289466
17,9,6,Elizabeth Berkley Lauren,28.0,0.22463332224969906,0.1757968999236953,0.026578391792637684,0.6600520285507859
17,9,7,Jack Osbourne,27.0,0.15567300008698284,0.10968445638714555,0.010924147178581742,0.5449581607535346
17,9,9,Leah Remini,27.0,0.15495433309363138,0.10861038053317079,0.013521384399758004,0.5296861886059533
17,10,0,Amber Riley,39.5,0.41459723769397816,0.39167605959538276,0.054907108183517926,0.8848252900219341
17,10,1,Bill Engvall,30.0,0.05908024573121169,0.02712538138464587,0.0006936030969288406,0.3014220408751106
17,10,5,Corbin Bleu,37.5,0.2785669411891635,0.23501605095833533,0.02650969865722689,0.7545130562237427
17,10,7,Jack Osbourne,35.5,0.16183170759658608,0.10937073974336603,0.009302263176541722,0.5669267844308395
17,10,9,Leah Remini,32.5,0.08592386778906062,0.05058262623983131,0.0030133480951659163,0.36894402702529094
17,11,0,Amber Riley,31.3332,0.48619406618542094,0.4828098739888669,0.07051198649695288,0.925900147237302
17,11,1,Bill Engvall,25.499899999999997,0.0754017965565226,0.03491983269175481,0.0009830440370965907,0.3697674489726251
17,11,5,Corbin Bleu,29.6664,0.2879443894774619,0.23411454351251187,0.023947033620708817,0.7803484165082322
17,11,7,Jack Osbourne,27.999899999999997,0.15045974778059454,0.09605757564658447,0.005654020868777811,0.5654444727023961
18,1,0,Amy Purdy,24.0,0.10587972702945309,0.07313268575163782,0.00808869848698154,0.3866640281493098
18,1,1,Billy Dee Williams,15.0,0.01582772070659215,0.005867508106685058,3.85511981079661e-05,0.09715471525055577
18,1,2,Candace Cameron Bure,25.0,0.12463058197283762,0.08761501456355819,0.011847586143650815,0.4297404178900548
18,1,3,Charlie White,27.0,0.2646025270953954,0.20219238535814293,0.023472365929797494,0.7923859572816366
18,1,4,Cody Simpson,22.0,0.05675964884733762,0.035112214192480395,0.0032589580832840755,0.21124719975822437
18,1,5,Danica McKellar,24.0,0.10502790991058106,0.0758658136453939,0.008980695939230628,0.3773032154148615
18,1,6,Diana Nyad,18.0,0.02957100838911885,0.014224326284527983,0.0002884022255298847,0.15106582004525085
18,1,7,Drew Carey,21.0,0.05386347864084923,0.031982106054966236,0.001713371914798972,0.24797044445812488
18,1,8,James Maslow,21.0,0.04545203693223532,0.027437496349086845,0.0018191584535671747,0.1888389535401859
18,1,9,Meryl Davis,24.0,0.1111572935828202,0.079515055201181,0.010062426055082114,0.4041069464831872
18,1,10,NeNe Leakes,21.0,0.04795016116152046,0.028203668724793164,0.002021335869413549,0.2065676943793839
18,1,11,Sean Avery,20.0,0.039277905731259034,0.02227680189099094,0.0009592692621850742,0.18253251268193857
18,2,0,Amy Purdy,24.0,0.11664312362458415,0.08510015929340475,0.010709427666623637,0.41575181145452683
18,2,1,Billy Dee Williams,15.0,0.014831351526089543,0.004931593380023096,2.917456630979866e-05,0.09066943184000167
18,2,2,Candace Cameron Bure,21.0,0.047299155546417164,0.028381967361393246,0.0019429580007371016,0.20557604772526675
18,2,3,Charlie White,25.0,0.1758581235988283,0.1259857528941606,0.015808201334329926,0.5816098042479644
18,2,4,Cody Simpson,22.0,0.05896490389654506,0.03767324256389465,0.004402663336216112,0.23022581656463068
18,2,5,Danica McKellar,24.0,0.11854221190030763,0.08650755548941444,0.010550587338202678,0.40939191513818207
18,2,7,Drew Carey,21.0,0.05500026773427593,0.03301880652098241,0.002209897349486193,0.24653279293563357
18,2,8,James Maslow,25.0,0.1452111657332824,0.10334975909597652,0.015533178115219483,0.4937661980320002
18,2,9,Meryl Davis,25.0,0.16875019753220646,0.1341474767320657,0.017048367017756097,0.5281212619986584
18,2,10,NeNe Leakes,21.0,0.049100215301578105,0.029307191642278952,0.002484694783504927,0.2144902440516356
18,2,11,Sean Avery,21.0,0.04979928360588527,0.030094289033889905,0.001825210143678443,0.2199800412734739
18,3,0,Amy Purdy,36.0,0.1209927682599153,0.087850545953455,0.009475705713062423,0.436032976886495
18,3,2,Candace Cameron Bure,32.0,0.04057950362655472,0.020954193889187386,0.0007149857584807405,0.19299525999021375
18,3,3,Charlie White,36.0,0.13392537788510891,0.09284718513294399,0.009599475775665509,0.47266108804876056
18,3,4,Cody Simpson,35.0,0.0820852003233932,0.05408878568237718,0.005731782978348893,0.30488293200181793
18,3,5,Danica McKellar,36.0,0.12216911625406833,0.08714905733198709,0.01015884738511638,0.41377679388690297
18,3,7,Drew Carey,30.0,0.03188765439462469,0.013993263755521339,0.000179252548379023,0.168552360103573
18,3,8,James Maslow,36.0,0.10994749885096247,0.07731334344705026,0.009706483036697024,0.4161542154517062
18,3,9,Meryl Davis,39.0,0.32470161663496905,0.27636906478818407,0.03385480833247049,0.8264191104461658
18,3,10,NeNe Leakes,31.0,0.03371126377040336,0.016125532371729416,0.0003816308748463922,0.16638135319630185
18,4,0,Amy Purdy,34.0,0.09746912496157882,0.0652529253777649,0.004954453678202394,0.38063111660131466
18,4,2,Candace Cameron Bure,28.0,0.024486862721956836,0.010471713792901374,6.247602431005923e-05,0.12974372525809583
18,4,3,Charlie White,33.0,0.0854472905413801,0.05067145573882323,0.002359300230395247,0.35682103502502077
18,4,4,Cody Simpson,31.0,0.04275473934537959,0.023706977399347767,0.0006481436655075233,0.2001726033985767
18,4,5,Danica McKellar,32.0,0.06040748931602767,0.03623845607433468,0.0016161256525126213,0.26667549015586206
18,4,7,Drew Carey,33.0,0.0808677187096712,0.051140128500139506,0.002462020423761081,0.34565477726672894
18,4,8,James Maslow,35.0,0.11555309613308833,0.08242931152723768,0.007737100482623269,0.42391196574894463
18,4,9,Meryl Davis,39.0,0.43610038779583965,0.38712335381845453,0.04318101656441615,0.9454151437040867
18,4,10,NeNe Leakes,32.0,0.056913290475077864,0.032478120159516455,0.001245552623807455,0.2657639136765282
18,5,0,Amy Purdy,37.0,0.1171538772987012,0.08319543681587471,0.009154374077076814,0.43774373772850383
18,5,2,Candace Cameron Bure,35.0,0.06635185612319743,0.042647986126673726,0.0028683378141598514,0.2770005306564294
18,5,3,Charlie White,37.0,0.12830217367380334,0.0901196816388814,0.009368874330384185,0.45187007202682694
18,5,4,Cody Simpson,34.0,0.05208199288509107,0.03188787662936638,0.002306175280972649,0.22152725361561929
18,5,5,Danica McKellar,39.0,0.19786441665826082,0.15599959587800266,0.017658088147830455,0.603914401049006
18,5,7,Drew Carey,28.0,0.02250600761697311,0.008354468552072856,4.105444501219003e-05,0.1317863711862245
18,5,8,James Maslow,40.0,0.23079310347219406,0.1802658931581137,0.024714040766999713,0.7096652295628063
18,5,9,Meryl Davis,36.0,0.09845696231694417,0.06675884228557886,0.006532255714651074,0.3783622023568776
18,5,10,NeNe Leakes,36.0,0.08648960995483482,0.056588501720575585,0.0063901214299913875,0.3372188299100507
18,6,0,Amy Purdy,38.0,0.1884362027289116,0.1456925858954568,0.018397234581654234,0.5923418568988733
18,6,2,Candace Cameron Bure,32.0,0.03768074522094491,0.018207636082072716,0.0003369978114089681,0.18623460483546517
18,6,3,Charlie White,36.0,0.1188455110909658,0.07770657821634089,0.005994898258451641,0.4525954148797035
18,6,5,Danica McKellar,36.0,0.10774786441978888,0.07551658385762278,0.006920451415251323,0.4069107195627332
18,6,7,Drew Carey,32.0,0.044407888386404026,0.021227565444832265,0.00035716574791238345,0.22720631021182158
18,6,8,James Maslow,35.0,0.07454874827780579,0.046147351686653196,0.0031912917783182954,0.31319838440300235
18,6,9,Meryl Davis,40.0,0.38028778545571695,0.33329132069995066,0.04045559483176515,0.8794107297667171
18,6,10,NeNe Leakes,33.0,0.048045254419462016,0.025673441112972373,0.0008256858272823312,0.23457472323179984
18,7,0,Amy Purdy,37.5,0.18494059791839998,0.13930399137023536,0.015841251854964707,0.5954826498131212
18,7,2,Candace Cameron Bure,37.0,0.13539358717434785,0.09442047226670144,0.010823460114201483,0.4687503771059361
18,7,3,Charlie White,35.5,0.09156075390537154,0.05362287249700716,0.0027063510099120587,0.3894662350392506
18,7,5,Danica McKellar,36.0,0.09970702878571233,0.06776374500734939,0.00540895231100741,0.3884526177680529
18,7,8,James Maslow,35.0,0.06191397636716039,0.035638083938959356,0.0016465252830268663,0.2881881681337953
18,7,9,Meryl Davis,39.0,0.39329834508028955,0.35680721799106874,0.0471167333052546,0.8847407887435867
18,7,10,NeNe Leakes,33.0,0.033185710768718395,0.01454419816083032,0.00018440192444176825,0.17679839391812618
18,8,0,Amy Purdy,40.0,0.3222825453546666,0.27853309554064587,0.038381245075852666,0.8204880034047529
18,8,2,Candace Cameron Bure,36.0,0.061429110358747936,0.034395335264581606,0.0007009168880366334,0.2814729594476193
18,8,3,Charlie White,40.0,0.345347898641368,0.29978850042054306,0.034646894134752505,0.844847451969393
18,8,5,Danica McKellar,38.0,0.1385712953618966,0.09855152620812127,0.007576690448317126,0.49987713152390556
18,8,8,James Maslow,36.0,0.05940775342513624,0.032073982863973914,0.0007738402387311315,0.27390412081823734
18,8,9,Meryl Davis,36.0,0.07296139685818455,0.04010184055591254,0.0011313872790669737,0.3491086445617742
18,9,0,Amy Purdy,39.0,0.22860037617076387,0.18239490271913417,0.021533949480508838,0.6782567219786055
18,9,2,Candace Cameron Bure,36.0,0.0503597775421483,0.0226744523107991,0.0003327299635204805,0.25507880609690214
18,9,3,Charlie White,38.0,0.15026278014116776,0.09925017758478923,0.006148069378866726,0.5717607634788532
18,9,8,James Maslow,38.0,0.12281938578460591,0.08198542651043644,0.005913245544311228,0.48277472353636536
18,9,9,Meryl Davis,40.0,0.4479576803613142,0.42872398111696997,0.0632156398968298,0.9127539892327614
18,10,0,Amy Purdy,29.666600000000003,0.3174318559515518,0.2812479244174665,0.03742650381606999,0.7762613209090939
18,10,2,Candace Cameron Bure,25.9998,0.0663468213349324,0.03107089723516005,0.0005195695589671776,0.3193722842725417
18,10,8,James Maslow,29.0,0.21588253710822264,0.16905341234391202,0.020752263785551308,0.6634962455156675
18,10,9,Meryl Davis,30.0,0.40033878560529323,0.3702937151569211,0.0492603166945423,0.8677820702975946
19,1,0,Alfonso Ribeiro,36.0,0.22712489573994965,0.16735971754065032,0.01636525424563427,0.7368588189457098
19,1,1,Antonio Sabato Jr.,25.0,0.036448314972656395,0.019295795791288838,0.0007719430161438612,0.1764651367692297
19,1,2,Bethany Mota,32.0,0.09799500511319995,0.06995258661132467,0.008392507926662345,0.33882615074988864
19,1,3,Betsey Johnson,20.0,0.01539138587277726,0.006547407555198714,6.32564001116371e-05,0.08724952069146549
19,1,4,Janel Parrish,29.0,0.061226299367924245,0.03703124624688204,0.003283785528356438,0.25101793888774926
19,1,5,Jonathan Bennett,30.0,0.06997277246069196,0.04827370409752435,0.00486298259740401,0.2572382389180265
19,1,6,Lea Thompson,32.0,0.10816857387531763,0.07085567299879139,0.009274522955413924,0.4114226538068512
19,1,7,Lolo Jones,22.0,0.023235879059022777,0.011622402422754452,0.00020042508179639895,0.11781356871133616
19,1,8,Michael Waltrip,25.0,0.03245572459071748,0.016551089950501353,0.0007212684849629977,0.1547457908233017
19,1,9,Randy Couture,31.0,0.08923154128198041,0.05975732419500929,0.006780663506810075,0.33615172623579914
19,1,10,Sadie Robertson,34.0,0.1363960115875835,0.10119504496482958,0.011761496331766838,0.4402377323171433
19,1,11,Tavis Smiley,29.0,0.06287141166831217,0.03878224727737486,0.0040828058241586754,0.2686255184144897
19,1,12,Tommy Chong,27.0,0.039482184409866596,0.024640233859780383,0.0019054872155397566,0.16495917489144715
19,2,0,Alfonso Ribeiro,32.0,0.09707074720357879,0.06414482295798563,0.006742189073475116,0.37286462336308934
19,2,1,Antonio Sabato Jr.,31.0,0.08231576064701678,0.053115164845213565,0.005038496901090725,0.33680507033286566
19,2,2,Bethany Mota,33.0,0.12346988163235398,0.09075578062856961,0.010275743284292998,0.4196310665450547
19,2,3,Betsey Johnson,28.0,0.03499941329889391,0.01807899949987947,0.0008654529502714559,0.17548832615335969
19,2,4,Janel Parrish,34.0,0.16786832195712453,0.12221170214921032,0.016334784401927985,0.5781591323819396
19,2,5,Jonathan Bennett,30.0,0.05598327347980649,0.03671185102817754,0.0032220704561329483,0.21787021249226815
19,2,6,Lea Thompson,35.0,0.2429143983424788,0.1788824515745556,0.020357376288146902,0.7599845035394744
19,2,8,Michael Waltrip,24.0,0.01777127938764633,0.006463630438943243,4.6738171462180085e-05,0.10469192209179401
19,2,9,Randy Couture,28.0,0.0399979301216764,0.02061513248777303,0.0011028937158223506,0.1976269200409471
19,2,10,Sadie Robertson,31.0,0.06666250871507431,0.044506971614349196,0.004897660575407793,0.2670659398070705
19,2,11,Tavis Smiley,28.0,0.03830575156777493,0.02090660819587696,0.000917358428883182,0.17899337718429717
19,2,12,Tommy Chong,28.0,0.03264073364657472,0.018984640586118668,0.001052427002574254,0.14417480095354385
19,3,0,Alfonso Ribeiro,32.0,0.06437880730117033,0.03706867081262942,0.0025645263108829883,0.2970429806774697
19,3,1,Antonio Sabato Jr.,29.0,0.04377914976840308,0.024256064519673583,0.0005333707142957418,0.21028239430763504
19,3,2,Bethany Mota,40.0,0.2693905044130048,0.20976549443647552,0.024934056689822143,0.7597084769378387
19,3,3,Betsey Johnson,29.0,0.03798619244011197,0.019401098877270657,0.0005861284128035538,0.19918804773259385
19,3,4,Janel Parrish,40.0,0.2711079711654926,0.21423263073864204,0.028570729479374658,0.783263977723012
19,3,5,Jonathan Bennett,32.0,0.06008132175334468,0.03869399826398644,0.00279246987682381,0.2385938976006373
19,3,6,Lea Thompson,31.0,0.055943702590437065,0.03157854816622431,0.0014596785305951898,0.24538114226391558
19,3,8,Michael Waltrip,28.0,0.03426244716905657,0.016768126399654346,0.00036305069370673053,0.17594051832716986
19,3,9,Randy Couture,26.0,0.028715286661858377,0.012293608691544836,0.0001700350107710833,0.16067256081086181
19,3,10,Sadie Robertson,32.0,0.05588659313845783,0.03486254909244199,0.002554085908189912,0.24013304108544842
19,3,12,Tommy Chong,34.0,0.07846802359866267,0.05302980446285152,0.0058305052789442355,0.28443108838408054
19,4,0,Alfonso Ribeiro,40.0,0.23717229732998912,0.1825895124331099,0.018215563821123968,0.7345498879927205
19,4,1,Antonio Sabato Jr.,29.0,0.05638564466789819,0.03156239637919062,0.0015576687727401138,0.2750282020284997
19,4,2,Bethany Mota,33.0,0.08225874893942328,0.054597977131140216,0.004848560812689259,0.313289624720911
19,4,3,Betsey Johnson,29.0,0.048643697006425,0.02612494731597067,0.0013912645684013476,0.23272801236296126
19,4,4,Janel Parrish,36.0,0.12819336453790492,0.08768371323062027,0.011562591095931187,0.44037981089135886
19,4,5,Jonathan Bennett,24.0,0.027501983407009406,0.013277692920425218,0.0003095336271494801,0.13611976822494828
19,4,6,Lea Thompson,39.0,0.21245479058781055,0.16051046357500237,0.019571740722728416,0.6724583416190428
19,4,8,Michael Waltrip,25.0,0.0328962925886674,0.014654954639191628,0.0003405482674958716,0.18760235495124056
19,4,10,Sadie Robertson,37.0,0.13420517855104613,0.1000543676682806,0.012228732056109656,0.46235719285381194
19,4,12,Tommy Chong,28.0,0.040288002383825995,0.022825968732095803,0.001160089282892039,0.1833389353382927
19,5,0,Alfonso Ribeiro,34.0,0.1667889902332428,0.12104476310774694,0.013872528862042717,0.5701521127024526
19,5,1,Antonio Sabato Jr.,28.0,0.07956116349244972,0.04861165749332622,0.003744315008867782,0.341400646185771
19,5,2,Bethany Mota,32.0,0.1196204454019756,0.08745711899315728,0.0102099193759117,0.40020416217694044
19,5,4,Janel Parrish,33.0,0.14222693642577378,0.10349020125184447,0.01437013920921509,0.4808257303761257
19,5,5,Jonathan Bennett,24.0,0.0415088420166145,0.02342373442670721,0.0011754919066030173,0.18537827266660317
19,5,6,Lea Thompson,34.0,0.1754791196121691,0.12862723253839295,0.016780803798123536,0.5915692157668426
19,5,8,Michael Waltrip,20.0,0.029443007017284847,0.01211588282750789,0.0002088650063670708,0.1799680143792983
19,5,10,Sadie Robertson,36.0,0.2110571196175298,0.16376667053351468,0.017959468585077663,0.6184679634195964
19,5,12,Tommy Chong,23.0,0.03431437618295989,0.01873963048882612,0.000768586099268456,0.1614578791125762
19,6,0,Alfonso Ribeiro,39.0,0.3548257877689653,0.2987454968260028,0.02794238326407026,0.9004560714288559
19,6,1,Antonio Sabato Jr.,28.0,0.03901429028668652,0.01888547968052505,0.0002618715945180336,0.1938288815419107
19,6,2,Bethany Mota,36.0,0.16615128738917817,0.12667272037626415,0.014081721918143263,0.5236262675603537
19,6,4,Janel Parrish,33.0,0.09024563894389363,0.056784044315571186,0.0037279019602850056,0.3512082151020413
19,6,5,Jonathan Bennett,32.0,0.06976578315508138,0.04583653653105266,0.002769101741576641,0.25891232616169535
19,6,6,Lea Thompson,32.0,0.07598754468056651,0.04626844333186188,0.00255721545334313,0.3254361020150296
19,6,8,Michael Waltrip,30.0,0.04997723111546195,0.02564114764875744,0.0007113239066987016,0.2565229134766817
19,6,10,Sadie Robertson,35.0,0.12343874118530118,0.09117561694115958,0.008427335503928417,0.4195971947878115
19,6,12,Tommy Chong,28.0,0.0305936954748654,0.016250010427284696,0.0002376391476592132,0.15061410529792477
19,7,0,Alfonso Ribeiro,34.0,0.13678565293480746,0.0938164759492038,0.010245941461864232,0.5224240680406872
19,7,1,Antonio Sabato Jr.,29.5,0.05443985267074009,0.028716071830361962,0.000682298298885326,0.26133342275795884
19,7,2,Bethany Mota,37.5,0.35298497701706893,0.30664873036946627,0.03552709338066035,0.8710425719866639
19,7,4,Janel Parrish,33.5,0.12243979900117466,0.08531648879909501,0.008024143576271172,0.4605564111097053
19,7,6,Lea Thompson,35.0,0.1871136540969666,0.13346367867114117,0.01702944259256807,0.6379372024857998
19,7,8,Michael Waltrip,28.0,0.037357130196671084,0.01605307838926958,0.00025437527530084797,0.2129494264172997
19,7,10,Sadie Robertson,31.0,0.06127202011711237,0.03616406452330699,0.00222925643885569,0.26744903601663206
19,7,12,Tommy Chong,30.0,0.04760691396545882,0.027853871135474967,0.001123439338057248,0.2114492922438057
19,8,0,Alfonso Ribeiro,41.0,0.22006080717801751,0.1712626347105395,0.018398772808357774,0.6734494978606063
19,8,2,Bethany Mota,40.0,0.18914572325972587,0.14756975739259529,0.017146749567242228,0.5671767121754735
19,8,4,Janel Parrish,43.0,0.2857038270714783,0.23868210748902347,0.029699463018693063,0.7664732286666281
19,8,6,Lea Thompson,32.0,0.07924931398650964,0.04872290749049081,0.0027939678448690147,0.3314931018246741
19,8,8,Michael Waltrip,25.0,0.03972927507212055,0.017722465095825,0.00032695459372780256,0.23841585158761328
19,8,10,Sadie Robertson,38.0,0.13657244232481444,0.09792967530027194,0.011082081125405862,0.47501210898933083
19,8,12,Tommy Chong,29.0,0.049538611107333715,0.02901345654506378,0.001324281974701997,0.2246624601662166
19,9,0,Alfonso Ribeiro,38.5,0.25890371167392,0.2088862011550671,0.021384436315352848,0.742175972773226
19,9,2,Bethany Mota,37.0,0.1790537097278836,0.13911837027836604,0.015469291535417293,0.554898605664247
19,9,4,Janel Parrish,38.5,0.25901442145098036,0.20927025042287636,0.027187679549887035,0.7144237697032458
19,9,6,Lea Thompson,35.0,0.12320553152170384,0.08349880367129986,0.007796972904159521,0.4584083541760294
19,9,10,Sadie Robertson,36.5,0.14795307891487103,0.10833925226504673,0.012316235237164096,0.509789628403627
19,9,12,Tommy Chong,28.5,0.03186954671064109,0.01461381110629727,0.0002061052621075301,0.17092874857799997
19,10,0,Alfonso Ribeiro,37.5,0.21478411883254575,0.15997929052807514,0.018242426117947814,0.666817910951722
19,10,2,Bethany Mota,38.0,0.2437697408703496,0.19492848004474717,0.024241462787707804,0.66968700887279
19,10,4,Janel Parrish,39.0,0.32750635552486046,0.2867845280070206,0.03795224231892671,0.7961919848929405
19,10,10,Sadie Robertson,37.0,0.1718850560402123,0.12703275199842695,0.015036604658712845,0.5643835394769302
19,10,12,Tommy Chong,31.0,0.042054728732031976,0.020538944524937222,0.0003623662353052148,0.2170550149147301
19,11,0,Alfonso Ribeiro,40.0,0.49782349544934534,0.4920571079443059,0.06715977415359108,0.9524696751601104
19,11,2,Bethany Mota,38.0,0.08004824806841347,0.04054167809798015,0.0006125704798274269,0.40639575889168517
19,11,4,Janel Parrish,38.99980000000001,0.18814368564945305,0.13181249652740462,0.008236344628894755,0.6354134267826135
19,11,10,Sadie Robertson,39.333200000000005,0.2339845708327881,0.18598355018162457,0.015836356897820703,0.6906847920082014
20,1,0,Charlotte McKinney,22.0,0.019751307350518266,0.009490919894265622,9.674058777648501e-05,0.09372744495256122
20,1,1,Chris Soules,26.0,0.04942798563822647,0.027793173001291718,0.001462015572816071,0.2371861949392308
20,1,2,Michael Sam,26.0,0.04758856052143447,0.027565748957673816,0.0013117763341924423,0.20506160740914933
20,1,3,Nastia Liukin,30.0,0.13770864251217405,0.09589231520178282,0.011619208401983683,0.49081917380338586
20,1,4,Noah Galloway,26.0,0.0572621475294285,0.03573349499431064,0.0021384445945530108,0.23783987983890667
20,1,5,Patti LaBelle,25.0,0.04337606719689972,0.023104532327615432,0.0009659042748333781,0.1914486318899188
20,1,6,Redfoo,22.0,0.02227692486094497,0.010350588605950731,0.00012454259174392947,0.12058152445833928
20,1,7,Riker Lynch,31.0,0.19052417415200493,0.14837207621964071,0.01711739822350267,0.6039108320415897
20,1,8,Robert Herjavec,28.0,0.08269711544541564,0.05454131632365082,0.00664286881885322,0.3305019954008902
20,1,9,Rumer Willis,32.0,0.2722698899134488,0.21851050626807708,0.030548381890902386,0.7526008453514376
20,1,10,Suzanne Somers,25.0,0.03673200742002906,0.021638177764352715,0.0009285947540146498,0.15497859674419212
20,1,11,Willow Shields,25.0,0.040385177459475154,0.022148979109600706,0.0007027405229480412,0.18010776965290565
20,2,0,Charlotte McKinney,26.0,0.030375973216088377,0.01695216498480595,0.000636663458301114,0.1309757217122916
20,2,1,Chris Soules,21.0,0.014441861879898685,0.005213774470815434,3.109637966738613e-05,0.0781799956413641
20,2,2,Michael Sam,28.0,0.04680141905815521,0.027136010096279417,0.001691721547822202,0.20420785511306905
20,2,3,Nastia Liukin,34.0,0.2204329637166111,0.16066576084388468,0.017290730201012766,0.7241887886138223
20,2,4,Noah Galloway,27.0,0.0469215324685769,0.02838436271204696,0.0015730590569798782,0.2073761105166668
20,2,5,Patti LaBelle,28.0,0.05329577717189064,0.030018606535442468,0.0025013021810966437,0.23134256935255085
20,2,6,Redfoo,31.0,0.09358299141985758,0.06500373909322055,0.008681511087369708,0.34121668797342875
20,2,7,Riker Lynch,32.0,0.13298344543352078,0.099423305000119,0.011843442499119538,0.4586441576054582
20,2,8,Robert Herjavec,28.0,0.052012680591409184,0.029744091422287386,0.003020634407142458,0.2335124644042816
20,2,9,Rumer Willis,32.0,0.14158969792088336,0.10458830826434923,0.016374473715399813,0.4784054830151833
20,2,10,Suzanne Somers,28.0,0.04536588136026004,0.028906580064359078,0.0025368962194213724,0.1865665911282313
20,2,11,Willow Shields,32.0,0.12219577576284814,0.08413853217401121,0.010997006570392171,0.44381015138494306
20,3,0,Charlotte McKinney,22.0,0.022343352497658144,0.010985971599326422,0.00018349451493309012,0.10633239142350405
20,3,1,Chris Soules,28.0,0.058999494337651615,0.034658722791374386,0.00275935322991282,0.27665872208330067
20,3,2,Michael Sam,24.0,0.03133759701454199,0.0157162413756547,0.00043523000064023216,0.160777384876931
20,3,3,Nastia Liukin,34.0,0.1834422181477004,0.1361434966232341,0.01608304348486872,0.6087657252260301
20,3,4,Noah Galloway,30.0,0.09640962074206176,0.06809826141525771,0.006417344870584373,0.34738008698963885
20,3,5,Patti LaBelle,22.0,0.027466511758930025,0.012180385123426432,0.00023391338510297762,0.13741771524237745
20,3,7,Riker Lynch,34.0,0.189172878371805,0.15149916968170118,0.018061420286385743,0.600066097096448
20,3,8,Robert Herjavec,29.0,0.07268823396660837,0.04615094329037912,0.005828546514254021,0.294178358724956
20,3,9,Rumer Willis,33.0,0.16505440229088483,0.12497467595220052,0.01991230966855559,0.5238688897711498
20,3,10,Suzanne Somers,25.0,0.03448395859163339,0.01958016741193401,0.000965016276534933,0.15942722266956888
20,3,11,Willow Shields,32.0,0.11860173228052451,0.08026046958464428,0.010997273534474895,0.4448026401474724
20,4,1,Chris Soules,27.0,0.02642440531246036,0.011545246149023587,0.00015331220141268006,0.14122745405673137
20,4,2,Michael Sam,30.0,0.040918276894636105,0.02192400986871197,0.0007507712730980651,0.19169197136312932
20,4,3,Nastia Liukin,36.0,0.15215111020214686,0.1049482900701808,0.012903091570848136,0.5422796538159247
20,4,4,Noah Galloway,32.0,0.07251372922417548,0.048013137225818264,0.0033127849832953493,0.2879771252475244
20,4,5,Patti LaBelle,30.0,0.04673873675548445,0.025030476434858288,0.0011180484729281983,0.21801657337264949
20,4,7,Riker Lynch,34.0,0.10185214170404887,0.07182156471991163,0.007893187939012607,0.4065057274546416
20,4,8,Robert Herjavec,34.0,0.09757251382145575,0.06632260733998976,0.008650753823502038,0.38069207635302227
20,4,9,Rumer Willis,35.0,0.13477867474543567,0.09649824384116788,0.014522718174082471,0.4675976112351581
20,4,10,Suzanne Somers,28.0,0.027921558387775276,0.014196867147426698,0.00034531224426136153,0.13932002151236617
20,4,11,Willow Shields,39.0,0.2991288529523812,0.23302995428134882,0.029778139154535324,0.8278896047444765
20,5,1,Chris Soules,27.0,0.04395886176070771,0.022547683786120626,0.0006866652026330657,0.22047518882254644
20,5,3,Nastia Liukin,38.0,0.1988678898898141,0.14889728281907863,0.017585690794161692,0.6332591768679561
20,5,4,Noah Galloway,28.0,0.05782529595463146,0.033962853786943595,0.0016099099115638531,0.25583865257524574
20,5,5,Patti LaBelle,27.0,0.04786761334832369,0.024943038558945453,0.0008452607101405761,0.2163899362272777
20,5,7,Riker Lynch,38.0,0.2061157635974107,0.16955485594828454,0.019099202418001088,0.6299741622014924
20,5,8,Robert Herjavec,24.0,0.0341021213705254,0.015351826137483208,0.00037810011140709853,0.1757545786711486
20,5,9,Rumer Willis,39.0,0.2583751987803204,0.21334076226829635,0.03193315253070304,0.7037699679636467
20,5,10,Suzanne Somers,28.0,0.04598396926889173,0.026546926001196527,0.0012441931997385738,0.20395982586664307
20,5,11,Willow Shields,34.0,0.10690328602937481,0.06945614326220304,0.007312775895812044,0.40071107664580885
20,6,1,Chris Soules,35.0,0.07061785994784169,0.041185568256135945,0.0018065090686544773,0.3157288690738888
20,6,3,Nastia Liukin,36.5,0.15081356340563665,0.10960875431493827,0.013257768301459878,0.5378267311536175
20,6,4,Noah Galloway,34.0,0.05378678463363111,0.02964151987385375,0.0007694934921513817,0.25316230971792103
20,6,5,Patti LaBelle,34.0,0.05023835610857977,0.025411417173809715,0.0006306305937013616,0.2557208219794041
20,6,7,Riker Lynch,38.0,0.3800200983489612,0.33367852547697713,0.040806536973147865,0.9060108224151388
20,6,8,Robert Herjavec,33.5,0.04037823076545147,0.018147787982149402,0.0003215394296723447,0.20712415102175818
20,6,9,Rumer Willis,35.5,0.10498887847049826,0.06879172383292997,0.005525276348381599,0.42721559337765974
20,6,11,Willow Shields,36.5,0.14915622831939984,0.10500794900515537,0.01126046623970631,0.5265097211276926
20,7,1,Chris Soules,31.0,0.039018728273680886,0.01872819912127197,0.00030431657538404754,0.20030520319012596
20,7,3,Nastia Liukin,41.0,0.3008210474092808,0.24545481416375386,0.027449924593681833,0.8253466199670432
20,7,4,Noah Galloway,38.0,0.17194550912898995,0.12893973620587637,0.01200126929024441,0.5589213256105257
20,7,7,Riker Lynch,37.0,0.12703568245730373,0.08947020034031966,0.009484370892020267,0.48773795999549224
20,7,8,Robert Herjavec,31.0,0.04234729502682782,0.018817063104190623,0.000512050805962763,0.22498677787243881
20,7,9,Rumer Willis,37.0,0.13744887004648013,0.09549749553841427,0.011562265744021518,0.4965082350428267
20,7,11,Willow Shields,39.0,0.18138286765743664,0.13200000399246742,0.017443821438185673,0.6143129975234393
20,8,1,Chris Soules,32.0,0.06390307355201895,0.034990378516551984,0.0011227548264016473,0.30692464736411
20,8,3,Nastia Liukin,38.0,0.20040871904314977,0.14894512077368172,0.016804995923299294,0.6293268187259342
20,8,4,Noah Galloway,31.5,0.07074767345303118,0.038358647195172915,0.001345734382529038,0.32049782001019006
20,8,7,Riker Lynch,39.0,0.2599200090217282,0.22256577842164038,0.027148932853834726,0.7102127647805075
20,8,8,Robert Herjavec,31.0,0.06006530505169302,0.02917585164264675,0.0010762513367068415,0.2907602185507789
20,8,9,Rumer Willis,40.0,0.3449552198783789,0.30115432937151604,0.045725639190477375,0.8050737910200617
20,9,3,Nastia Liukin,40.0,0.35927546661120685,0.32349817445225915,0.035411525258069135,0.8651413150627814
20,9,4,Noah Galloway,38.0,0.08437288125757678,0.042096036621568994,0.0008921760467615822,0.3962859808638119
20,9,7,Riker Lynch,40.0,0.38107590548674003,0.351587808582863,0.042052743637867776,0.8482302873310477
20,9,9,Rumer Willis,39.0,0.17527574664447623,0.1191613776237494,0.009820228249823582,0.660393182668419
20,10,4,Noah Galloway,36.0,0.11471571843871267,0.06021850110366843,0.0016091640256061747,0.49293707406907167
20,10,7,Riker Lynch,40.0,0.43022560771206037,0.4145358964158985,0.04401659563887994,0.8739370137973752
20,10,9,Rumer Willis,40.0,0.455058673849227,0.4498187694532433,0.06601472367749363,0.8987621812502572
21,1,0,Alek Skarlatos,22.0,0.09406277290225779,0.06563765416269869,0.010116496233850596,0.36397567581715684
21,1,1,Alexa PenaVega,22.0,0.0896892887523533,0.05833315024336053,0.008985152803718147,0.35174023054442405
21,1,2,Andy Grammer,21.0,0.07426447761130915,0.04813390882553531,0.005675546289331009,0.30138707338763104
21,1,3,Bindi Irwin,24.0,0.1577331048768405,0.11678590612588582,0.015377776783348672,0.48207348591132415
21,1,4,Carlos PenaVega,23.0,0.11226013920461876,0.08129038837747143,0.010898585170298864,0.38176325535875427
21,1,5,Chaka Khan,13.0,0.022976240117353983,0.010813665977083112,0.00030191380645620206,0.11344424897712731
21,1,6,Gary Busey,15.0,0.028610990169994497,0.015281597158345681,0.0005978063298168572,0.13159101623414948
21,1,7,Hayes Grier,21.0,0.0788419901647799,0.05224433293302473,0.0076398972359073575,0.2925139720999589
21,1,8,Kim Zolciak-Biermann,12.0,0.019071361650968323,0.0084551250490861,0.00017435571107760636,0.10244597331639302
21,1,9,Nick Carter,24.0,0.15089523826039328,0.1121760958116683,0.015685856381747708,0.5090246991661679
21,1,10,Paula Deen,15.0,0.030558020456246723,0.016509359256020126,0.000868983724091946,0.1511040282367393
21,1,11,Tamar Braxton,23.0,0.10865977533301409,0.07238955057000182,0.011086828007437205,0.4106816816338698
21,1,12,Victor Espinoza,15.0,0.03237660049986971,0.015748484842963956,0.0008138608120646479,0.1958129357862839
21,2,0,Alek Skarlatos,22.5,0.0902762307607973,0.061916028375952906,0.009202459344047413,0.35813503997954355
21,2,1,Alexa PenaVega,23.0,0.0996341403419454,0.0654986714337071,0.010238801147569691,0.37874013854023064
21,2,2,Andy Grammer,22.0,0.07476757400562911,0.04907052126507688,0.006044711689675641,0.305905748476556
21,2,3,Bindi Irwin,24.0,0.1577757041755885,0.11559178145860133,0.014802811995365149,0.4785443232869052
21,2,4,Carlos PenaVega,22.5,0.08638989011032495,0.06288564982600314,0.008636003962518811,0.31065256449947115
21,2,5,Chaka Khan,15.0,0.016974404506718388,0.0067374381995182085,8.944634690211224e-05,0.09504585476290657
21,2,6,Gary Busey,16.5,0.02164346955234831,0.010389646605141191,0.0002078904543342449,0.10772032881080201
21,2,7,Hayes Grier,22.5,0.09167974537735309,0.06317921379200037,0.0087120542304669,0.3353573869261851
21,2,8,Kim Zolciak-Biermann,18.5,0.032297474704321,0.017551943089993163,0.001019568609230096,0.14924063270806098
21,2,9,Nick Carter,22.5,0.09843850700401115,0.06780251390961098,0.0077536427972421055,0.35267497327060027
21,2,10,Paula Deen,18.5,0.034952081090094816,0.01963185332141304,0.0012114324531064871,0.1684287057760133
21,2,11,Tamar Braxton,24.5,0.1585992309141678,0.10878177751182216,0.016005840060835993,0.5526294264681088
21,2,12,Victor Espinoza,18.5,0.03657154745670026,0.01873929434308568,0.0012499596769521477,0.21274383562705154
21,3,0,Alek Skarlatos,33.0,0.11551617230763848,0.08207576748088541,0.012719645031900819,0.43720843297287687
21,3,1,Alexa PenaVega,36.0,0.1920220641750573,0.1403469633121061,0.01875447022894846,0.6266405022111122
21,3,2,Andy Grammer,29.0,0.05720821236640076,0.035235443858608585,0.0028771364663615537,0.2519761110259846
21,3,3,Bindi Irwin,32.0,0.11027654067557013,0.07464542944078607,0.008856376877569115,0.3974975164028418
21,3,4,Carlos PenaVega,31.0,0.07900005876748976,0.056457916015593954,0.00606364564103544,0.3115784698662271
21,3,6,Gary Busey,25.0,0.0341655993440326,0.018171349672473226,0.0005895772598154723,0.16382210086317273
21,3,7,Hayes Grier,30.0,0.07089939438387151,0.04516185495835,0.005198129171462506,0.282116379810693
21,3,9,Nick Carter,36.0,0.21202725417864643,0.16668635410770188,0.022278579620913123,0.6342474079481032
21,3,10,Paula Deen,20.0,0.01934434592394666,0.008099134401318403,8.789395071284591e-05,0.10873398524622663
21,3,11,Tamar Braxton,33.0,0.10954035787734635,0.07300242931999168,0.01059548397704575,0.41176074765060794
21,4,0,Alek Skarlatos,24.0,0.07941268560280688,0.05258724857113517,0.007008916555835212,0.3069661755348098
21,4,1,Alexa PenaVega,21.0,0.04632080633311956,0.024307864063119963,0.001525122663918589,0.22896956092563497
21,4,2,Andy Grammer,23.0,0.063349097291606,0.039090578997079795,0.003745366448276653,0.27604263200637813
21,4,3,Bindi Irwin,28.0,0.20752389978909333,0.16090421925637205,0.022011678371508817,0.5816346128553775
21,4,4,Carlos PenaVega,25.0,0.0945722755943855,0.06864235150307499,0.008515291569076303,0.34241293711728155
21,4,6,Gary Busey,16.0,0.022116920904721254,0.009164777276195583,0.00011189794362936276,0.11916483055036033
21,4,7,Hayes Grier,27.0,0.15288300505523922,0.11418787145984909,0.014952481365403003,0.5103923868206933
21,4,9,Nick Carter,27.0,0.16099486611952613,0.12142860546613926,0.015299276464148675,0.5303051900394811
21,4,10,Paula Deen,18.0,0.030757169443660384,0.0152271148888934,0.0005355191453576668,0.1571422171260073
21,4,11,Tamar Braxton,27.0,0.14206927386584176,0.09975780898843775,0.014393930741712005,0.5007632053247328
21,5,0,Alek Skarlatos,29.0,0.042237667052478146,0.024225328654720317,0.0008541827200006742,0.19135961843367313
21,5,1,Alexa PenaVega,40.0,0.23737872551073239,0.17843799742882108,0.02301330756686699,0.7192900613258854
21,5,2,Andy Grammer,36.0,0.11669960228552102,0.08006834692136844,0.009519558341486174,0.4475005005488244
21,5,3,Bindi Irwin,37.0,0.16272914150937032,0.11876694264548712,0.01497618082654476,0.5237295319098885
21,5,4,Carlos PenaVega,39.0,0.20555971608679424,0.16388835977470742,0.019351999119628035,0.661177912247631
21,5,7,Hayes Grier,30.0,0.05033072777536443,0.028204347036979646,0.001403827334515444,0.23766473294033372
21,5,9,Nick Carter,35.0,0.1145741441361761,0.07788576028401475,0.00732411617473602,0.40455456869408796
21,5,10,Paula Deen,26.0,0.031116461022833754,0.015041844530061459,0.00030672488654061563,0.16540459117690856
21,5,11,Tamar Braxton,29.0,0.03937381462072952,0.02176411881943202,0.0008037970348192592,0.17795747706982742
21,6,0,Alek Skarlatos,30.0,0.04490448082653483,0.02628531744393117,0.0013716664678000742,0.20066084663812997
21,6,1,Alexa PenaVega,30.0,0.04578296195167547,0.023644786131705293,0.0012080287594022439,0.23171894893955533
21,6,2,Andy Grammer,40.0,0.17158794331942936,0.1259223891891298,0.017674533594710485,0.5558817801511925
21,6,3,Bindi Irwin,40.0,0.1950707876452598,0.1454862608727065,0.020608086383584676,0.5546729118581581
21,6,4,Carlos PenaVega,38.0,0.12616534235046997,0.09728740686834289,0.012153737559924811,0.42028752903406263
21,6,7,Hayes Grier,32.0,0.05865927084304199,0.03517731748101053,0.002743478993813505,0.2509189223729959
21,6,9,Nick Carter,39.0,0.16449098877157547,0.1222741739654061,0.01535380986770083,0.5403361998249352
21,6,10,Paula Deen,24.0,0.025729533496140423,0.01148036421422743,0.00019051515151551778,0.1434274752027391
21,6,11,Tamar Braxton,40.0,0.16760869079587273,0.12137850220162566,0.017376827089631612,0.5780737043394815
21,7,0,Alek Skarlatos,26.5,0.03235081009195567,0.017020250219107497,0.0001753174087499602,0.16565754769407495
21,7,1,Alexa PenaVega,27.5,0.07661247322542071,0.04364468302589456,0.002713685856350318,0.34003577002610996
21,7,2,Andy Grammer,28.0,0.11986615711769705,0.08005500214152175,0.008598442849503339,0.4616442259725116
21,7,3,Bindi Irwin,29.0,0.415093952695292,0.37499912650678013,0.05360271469617922,0.9133388701044743
21,7,4,Carlos PenaVega,28.0,0.12283170145995544,0.08875222005672351,0.00952506868735767,0.42950032811563366
21,7,7,Hayes Grier,28.0,0.12824867462421152,0.08643789106989769,0.00957521954005301,0.4588224430095029
21,7,9,Nick Carter,27.0,0.05918339029593934,0.029913113638369387,0.000578044825190326,0.28613881954473497
21,7,11,Tamar Braxton,27.0,0.04581284048952827,0.025052386337289786,0.0006817628468964975,0.2071025157800358
21,8,0,Alek Skarlatos,25.0,0.051447047201864375,0.02733125370737225,0.0005033308284887909,0.2501166699212799
21,8,1,Alexa PenaVega,26.9998,0.08053487036781129,0.045857608734206676,0.0021751964331770614,0.3627861894226353
21,8,2,Andy Grammer,23.9998,0.04025438720923422,0.020625818094212232,0.00019475280516134273,0.20793750080441878
21,8,3,Bindi Irwin,28.0,0.12201678020063898,0.07907356851633046,0.004912427848582238,0.4652734660089133
21,8,4,Carlos PenaVega,28.9998,0.13614068585005584,0.10263499568620615,0.008458603297074924,0.47137247870852717
21,8,9,Nick Carter,33.0,0.46955853151535315,0.44684151360124535,0.06451245111320354,0.9513906525572868
21,8,11,Tamar Braxton,28.0,0.10004769765504212,0.06560393440749171,0.004528067105769277,0.41323457979247363
21,9,0,Alek Skarlatos,25.5,0.06471438285964674,0.03681799060030743,0.0011422219632510082,0.28868955543888186
21,9,1,Alexa PenaVega,30.0,0.303083597029079,0.25160353668388435,0.03250845179765274,0.8111626205270441
21,9,3,Bindi Irwin,30.0,0.3497912209385961,0.30719315271891107,0.04384385529071179,0.8174727082323374
21,9,4,Carlos PenaVega,27.0,0.10085142151898525,0.07063229697368678,0.004468480224374168,0.3846398625745537
21,9,9,Nick Carter,27.5,0.13679047082837822,0.09191619863001463,0.006397383070013172,0.48402055615691847
21,9,11,Tamar Braxton,24.5,0.044768906825314585,0.022065883641695844,0.00040901827031839,0.2112818205381507
21,10,0,Alek Skarlatos,28.5,0.12247877763485188,0.08080140587992266,0.004691758336842824,0.47098302767622474
21,10,3,Bindi Irwin,31.5,0.4097739524963242,0.3775987568175837,0.060418777234562966,0.8725161911100694
21,10,4,Carlos PenaVega,31.5,0.3741442218574731,0.3323341237567039,0.04034854700121264,0.8549330175416273
21,10,9,Nick Carter,27.0,0.09360304801135072,0.045990876334240205,0.0006618540950699485,0.46469995826940874
21,11,0,Alek Skarlatos,27.999899999999997,0.06184390561976482,0.032180693693051904,0.0006220261595526771,0.312596428335517
21,11,3,Bindi Irwin,30.0,0.3249242747308905,0.2803201556441747,0.04191047800246834,0.8050490403592663
21,11,4,Carlos PenaVega,30.0,0.29666873951857836,0.2466384719447426,0.03084498558659119,0.7677393278060585
21,11,9,Nick Carter,30.0,0.31656308013076634,0.27706033929986285,0.03421067015502761,0.7813468589150537
22,1,0,Antonio Brown,21.0,0.0852959232255511,0.05579171824066138,0.007082629615865226,0.3369222015350828
22,1,1,Doug Flutie,15.0,0.02359081117627934,0.011904558535060108,0.00030131713677595515,0.10778284250781153
22,1,2,Geraldo Rivera,13.0,0.019124678793590647,0.007097150829568539,8.75083739799786e-05,0.11182253120272534
22,1,3,Ginger Zee,23.0,0.15049614847322176,0.10689559971837548,0.011366113037219966,0.506954231516439
22,1,4,Jodie Sweetin,20.0,0.05907842614454067,0.03837526146069604,0.0041697290732668965,0.2532310872478229
22,1,5,Kim Fields,20.0,0.06458423085977304,0.040080856785708406,0.004314359263631051,0.2716871474818202
22,1,6,Marla Maples,21.0,0.07876174338470146,0.05232350834952046,0.0064043345277700935,0.3010468910619331
22,1,7,Mischa Barton,16.0,0.031918615424096936,0.015517769849725306,0.0005730791494379956,0.1667103097998811
22,1,8,Nyle DiMarco,23.0,0.14908661050882113,0.1004290868599533,0.0123650464985004,0.5456472737720923
22,1,9,Paige VanZant,21.0,0.10584395983172723,0.06705768744784944,0.00755547705485851,0.4227380780889907
22,1,10,Von Miller,21.0,0.08557510943838363,0.06036392211521006,0.00932293410381189,0.30474867314972254
22,1,11,Wanya Morris,23.0,0.14664374273931305,0.09825611732462602,0.01346292200465783,0.5482232674888814
22,2,0,Antonio Brown,19.0,0.05213653801454511,0.02937901026230088,0.0023627132246279155,0.24009521863835742
22,2,1,Doug Flutie,20.0,0.06718836384575262,0.04357401751138616,0.004432078055083657,0.25963964163035635
22,2,2,Geraldo Rivera,13.0,0.018156341357709375,0.006636576984002496,5.1417394764754684e-05,0.11142453077645872
22,2,3,Ginger Zee,21.0,0.08497612380640046,0.05697062447529476,0.0054561369323464564,0.3027006588712169
22,2,4,Jodie Sweetin,21.0,0.07548221770394112,0.04770826069791391,0.005785451784130607,0.33319387470849277
22,2,5,Kim Fields,19.0,0.04960246667672221,0.02785498711192281,0.0023768319557892297,0.2149063052473928
22,2,6,Marla Maples,20.0,0.05878553538346694,0.03638073929007334,0.0040014965008801865,0.25100434912584163
22,2,7,Mischa Barton,15.0,0.025411171933874595,0.010982492172516883,0.00019058071780286062,0.13562447071057798
22,2,8,Nyle DiMarco,20.0,0.06637911000111207,0.03755956819832196,0.003392760014457211,0.2916857927060269
22,2,9,Paige VanZant,24.0,0.2393231113139228,0.1843591191374298,0.017163327516764963,0.730415705926495
22,2,10,Von Miller,20.0,0.06582983349108042,0.0424346696810356,0.0045392739360943755,0.26539447247269793
22,2,11,Wanya Morris,24.0,0.19672918647147225,0.13360632076908274,0.016972179114238428,0.679552916689448
22,3,0,Antonio Brown,20.0,0.03922640137382149,0.018058914948931616,0.0006809210224736926,0.1913462780023752
22,3,1,Doug Flutie,20.0,0.03938252780754164,0.021762569216174175,0.0007268803548272522,0.1767965047304042
22,3,3,Ginger Zee,21.0,0.055005523388231684,0.03180365813592648,0.0016092308085428801,0.22685055464272114
22,3,4,Jodie Sweetin,23.0,0.10183823630872393,0.06798031314551908,0.007990203474450227,0.39029259621814805
22,3,5,Kim Fields,22.0,0.07405587603386721,0.04475848707004287,0.0038408705349418605,0.3078129450578331
22,3,6,Marla Maples,21.0,0.047853602627780684,0.026935471981017457,0.0021834116554364175,0.22483191667647381
22,3,7,Mischa Barton,18.0,0.024106414837247264,0.009656810237587434,7.457199156493282e-05,0.13419173624641306
22,3,8,Nyle DiMarco,25.0,0.2702093802346993,0.20179061232766987,0.021350198393418215,0.818287026813539
22,3,9,Paige VanZant,23.0,0.13710711623387317,0.09176005635597952,0.009438950355361818,0.5176711187768408
22,3,10,Von Miller,20.0,0.03948746822992283,0.021387508959472702,0.0006985188289219975,0.19156047586732922
22,3,11,Wanya Morris,24.0,0.17172745292429076,0.11948884083746694,0.014457098048118108,0.6180127031569261
22,4,0,Antonio Brown,35.0,0.13701210365045163,0.09671283989320895,0.01236670987229548,0.4696984867648753
22,4,1,Doug Flutie,24.0,0.0215808944387827,0.009584542539530021,0.00011489395121325343,0.11498260926397767
22,4,3,Ginger Zee,36.0,0.17521131655161123,0.12884983183313942,0.012700674310523893,0.5656571250115874
22,4,4,Jodie Sweetin,27.0,0.02846814949815126,0.013808411729236492,0.000607454387991666,0.1463063833097301
22,4,5,Kim Fields,32.0,0.07313692700687163,0.04453942438936054,0.004629957591310625,0.30345538961039636
22,4,6,Marla Maples,28.0,0.03431199881892471,0.016615676136542266,0.001037954123711466,0.17483355828792965
22,4,8,Nyle DiMarco,34.0,0.11220949237453533,0.07217480194958462,0.008428932599655272,0.4348721539507039
22,4,9,Paige VanZant,36.0,0.2057130401353427,0.1577589471080647,0.016661915230507814,0.6636634385471943
22,4,10,Von Miller,32.0,0.07570715048699511,0.05005574347501116,0.006336049148996015,0.306019383321237
22,4,11,Wanya Morris,35.0,0.13664892703833367,0.09214481134285332,0.012538830186730935,0.5028857592823024
22,5,0,Antonio Brown,26.0,0.033908583733006134,0.012951468286071709,0.0001519440190949976,0.19151300073275723
22,5,1,Doug Flutie,28.0,0.04786303044958868,0.026259315182541036,0.0005783644966579729,0.2140348637628155
22,5,3,Ginger Zee,32.0,0.1061590444461136,0.0699979910096704,0.004874659800079442,0.4095401762941809
22,5,4,Jodie Sweetin,35.0,0.1927893818078447,0.14044865819223068,0.01671157003406444,0.6422516897624438
22,5,5,Kim Fields,28.0,0.04592607550786305,0.021616226112533173,0.0004786991699104437,0.2416996749972279
22,5,8,Nyle DiMarco,37.0,0.34422113781218594,0.2855467803117546,0.029788556106500053,0.8969193149709868
22,5,9,Paige VanZant,31.0,0.10246902588738056,0.06188952504343456,0.004037357530190886,0.4216075788044931
22,5,10,Von Miller,29.0,0.057299245058085396,0.03357278233455522,0.001188611499118449,0.26123689669529315
22,5,11,Wanya Morris,30.0,0.06936447529793195,0.03879264504988705,0.0013280216363805357,0.31907805500752223
22,6,0,Antonio Brown,27.0,0.13889407081103017,0.09802704880950087,0.010565091962175097,0.4807277787068484
22,6,1,Doug Flutie,21.0,0.02592160133201676,0.011338443170703157,0.00010658318973105409,0.1348971357350303
22,6,3,Ginger Zee,24.0,0.05727885808526491,0.030640880280214826,0.0013744481497124726,0.25586667516099654
22,6,4,Jodie Sweetin,25.0,0.06517694737511956,0.03822154561162447,0.0033693764229845886,0.2931952875955465
22,6,5,Kim Fields,24.0,0.05326277149338377,0.027784980380884925,0.0014309971717732465,0.2548979929092426
22,6,8,Nyle DiMarco,25.0,0.07388813709688716,0.04185866153855939,0.0027863094014158505,0.3212408326456917
22,6,9,Paige VanZant,28.0,0.24177883795081087,0.19423487557132413,0.018179898701906113,0.7168147971488514
22,6,10,Von Miller,24.0,0.055749528969945096,0.03153130671310328,0.0015793531061610436,0.25482704813376283
22,6,11,Wanya Morris,29.0,0.2880492468855417,0.21432125742858613,0.027180550019741616,0.8198187674976558
22,7,0,Antonio Brown,26.0,0.05209305112955393,0.024577780542771308,0.0010715452253163575,0.25415396327406115
22,7,3,Ginger Zee,27.5,0.1738397101331342,0.12726355249858465,0.011407003766679394,0.5650438411169091
22,7,4,Jodie Sweetin,25.5,0.032084400102329456,0.014603770031209183,0.0003546260740724715,0.17367900977657363
22,7,5,Kim Fields,26.0,0.05070218008013099,0.024593348755916608,0.000997849074765246,0.2584325406037421
22,7,8,Nyle DiMarco,28.0,0.268787198243192,0.20971363352856182,0.02209473597868842,0.8068438937740608
22,7,9,Paige VanZant,27.5,0.2016191913022814,0.14854415515804248,0.015487593536173282,0.6654598817015875
22,7,10,Von Miller,26.0,0.052637280901449465,0.028507481063694693,0.0011827897791197464,0.24838609144097218
22,7,11,Wanya Morris,27.5,0.16823698810792845,0.11533585128622098,0.014341430537213647,0.5834364071002476
22,8,0,Antonio Brown,27.0,0.08416065570832873,0.04347840742485041,0.0023608699062439816,0.3915845935686344
22,8,3,Ginger Zee,30.0,0.28650349616838255,0.23688825489511744,0.02613029411029843,0.7557810763839816
22,8,4,Jodie Sweetin,30.0,0.26253889881063647,0.20448297046940767,0.024225931474517765,0.7358495681928374
22,8,8,Nyle DiMarco,29.0,0.18000830082494423,0.12919071197129858,0.01289754136513818,0.6237797840142727
22,8,9,Paige VanZant,28.0,0.14487577531525722,0.09437775954046296,0.008166601767063934,0.5646622134771129
22,8,11,Wanya Morris,25.0,0.04191287317245078,0.01999302330207113,0.0002052473706469348,0.2279502614661468
22,9,0,Antonio Brown,27.5,0.06559892543322057,0.027904994981431896,0.0005716343316046794,0.3346153005187744
22,9,3,Ginger Zee,28.0,0.09286100621671312,0.04876011057352847,0.0020825956530021263,0.42852398813864856
22,9,8,Nyle DiMarco,28.5,0.12377637675510196,0.07480088971476112,0.0043741026784078,0.5032493753796292
22,9,9,Paige VanZant,29.5,0.31747879924255074,0.27194606853039904,0.02353303325304273,0.8129369489876989
22,9,11,Wanya Morris,30.0,0.4002848923524136,0.3465924012840077,0.04459641774321595,0.9084854874619647
22,10,3,Ginger Zee,28.3332,0.1226267698499988,0.05992646605092176,0.001188907014217932,0.5359686969996488
22,10,8,Nyle DiMarco,28.9998,0.23825166017981936,0.16998731629305125,0.009769775679621251,0.7868955214632701
22,10,9,Paige VanZant,29.666600000000003,0.6391215699701819,0.6859371992861888,0.0864730532429239,0.9814270743077425
23,1,0,Amber Rose,24.0,0.04025962624973764,0.02089866897144553,0.0007972044566109736,0.18776538957222513
23,1,1,Babyface,26.0,0.0708922856494031,0.042184965129061114,0.003350103506986388,0.3074454839874764
23,1,2,Calvin Johnson Jr.,26.0,0.059839538133790185,0.03727246012173627,0.002928634600479224,0.238181477005893
23,1,3,Jake T. Austin,22.0,0.025912853525370406,0.011605617892018756,0.0002662974357403208,0.13609146660789206
23,1,4,James Hinchcliffe,31.0,0.23589791901471485,0.18506724006515662,0.02041044529182905,0.6889441309595661
23,1,5,Jana Kramer,27.0,0.08061359880685748,0.04919256477992152,0.0049441755798765915,0.35001573691679383
23,1,6,Laurie Hernandez,31.0,0.24157851489737525,0.1851857709651389,0.02249476710423468,0.7380066966317554
23,1,7,Marilu Henner,27.0,0.07301520187479524,0.04755369932251133,0.00455902078457668,0.3002708489127628
23,1,8,Maureen McCormick,22.0,0.026991637462842652,0.013182222065918472,0.0002759711371735486,0.13771520898515974
23,1,9,Rick Perry,20.0,0.02108648628217455,0.00789401924557848,5.726925215778817e-05,0.1289340354146881
23,1,10,Ryan Lochte,24.0,0.038111589099137526,0.019127297441364793,0.0010857214847540134,0.1911824520215515
23,1,11,Terra Jole,25.0,0.04204305021744758,0.024617158504381786,0.0015548549193848437,0.19499683229795117
23,1,12,Vanilla Ice,25.0,0.04375769878635352,0.026241293511405642,0.0016660970444670135,0.17836722124735238
23,2,0,Amber Rose,24.0,0.02868002469930571,0.013759413802152972,0.00030991683379930475,0.1452382580547227
23,2,1,Babyface,30.0,0.13554029159530528,0.09429986760528358,0.013819728766917424,0.48221675830773725
23,2,2,Calvin Johnson Jr.,28.0,0.0685250034192997,0.04313173051211202,0.004703535198072271,0.26270757072659084
23,2,3,Jake T. Austin,24.0,0.027214207101501638,0.012668189535848928,0.0004088701755736716,0.13853513277551271
23,2,4,James Hinchcliffe,29.0,0.09178632039900611,0.06545446752251621,0.007491988187375422,0.33293279885133886
23,2,5,Jana Kramer,29.0,0.09464404469409948,0.05996957327014542,0.006951630424256726,0.3929901123569357
23,2,6,Laurie Hernandez,32.0,0.2326257531302141,0.17543476930567006,0.021145020556114506,0.742680266087391
23,2,7,Marilu Henner,27.0,0.050351899723515135,0.031588637558942756,0.0026686401810978927,0.2276513371986852
23,2,8,Maureen McCormick,26.0,0.042286522269135686,0.02447895756597998,0.001628371534228633,0.18740856344072962
23,2,9,Rick Perry,22.0,0.021474250519484844,0.008478522826101427,9.145521967356787e-05,0.13135628550061365
23,2,10,Ryan Lochte,24.0,0.02684050266662354,0.011957018714021987,0.0005207524635975943,0.150352417032701
23,2,11,Terra Jole,31.0,0.14144702017174526,0.10232939366428223,0.01480291333666853,0.5061557637462746
23,2,12,Vanilla Ice,26.0,0.03858415961076349,0.022382005576473712,0.0013874808256711263,0.16279562842473036
23,3,0,Amber Rose,25.0,0.03816345475145896,0.019455112309280567,0.0006781865045667471,0.18272565826589443
23,3,1,Babyface,25.0,0.043087583749326766,0.022799752075620607,0.0007777269997266254,0.20853921537078232
23,3,2,Calvin Johnson Jr.,32.0,0.24382490592668274,0.1775454487859372,0.02153291468966685,0.7384981247652516
23,3,4,James Hinchcliffe,29.0,0.10073708596459123,0.07048085601686063,0.007849299782280428,0.375437309206978
23,3,5,Jana Kramer,26.0,0.04780089781726465,0.02475674496549693,0.0016513066680313069,0.24433559084514486
23,3,6,Laurie Hernandez,31.0,0.183465220825378,0.13733421480297742,0.017492168193937972,0.5772548862847022
23,3,7,Marilu Henner,28.0,0.06936189633603802,0.04480134983714251,0.005158971244761082,0.2825642339131015
23,3,8,Maureen McCormick,28.0,0.07391281003539193,0.04842894044114499,0.004545133669763391,0.2750368855589359
23,3,9,Rick Perry,23.0,0.02774580949530489,0.011564563016713915,0.00020685252079154578,0.15799846068028997
23,3,10,Ryan Lochte,25.0,0.03581700268567103,0.017132972314698704,0.0009622766468886854,0.18565945685649285
23,3,11,Terra Jole,30.0,0.1136713022514837,0.07776176963442552,0.010571930367192442,0.41925414948497003
23,3,12,Vanilla Ice,23.0,0.022412030161408074,0.010769346641533499,0.0001648927075855064,0.1126513420841757
23,4,0,Amber Rose,24.0,0.06928332534884438,0.038718938931715324,0.0024040093467305305,0.29942229188445474
23,4,1,Babyface,18.0,0.024640685217508812,0.009651282990968513,3.639837269340018e-05,0.13915338534459637
23,4,2,Calvin Johnson Jr.,23.0,0.05253398024599896,0.031177612490983095,0.0013425628826385257,0.2159725185689123
23,4,4,James Hinchcliffe,28.0,0.1886416401121659,0.1456173240320156,0.01695647505866164,0.5777170140833432
23,4,5,Jana Kramer,23.0,0.05614242702557239,0.030128446838898697,0.0015050252093756324,0.26833015005577093
23,4,6,Laurie Hernandez,30.0,0.3423588421862039,0.28670832676583546,0.030986985715003985,0.8841162410403601
23,4,7,Marilu Henner,21.0,0.0332699855685807,0.018282909494424862,0.00039077372626353203,0.16849580410808923
23,4,8,Maureen McCormick,24.0,0.06756238873569613,0.041532241268641634,0.0024648483911747635,0.26803833408714994
23,4,10,Ryan Lochte,22.0,0.042696895532941724,0.020989349209230044,0.0009035004661094502,0.21945018258618898
23,4,11,Terra Jole,25.0,0.07431652489285895,0.04841127801354746,0.00402146367716828,0.3056337603577888
23,4,12,Vanilla Ice,23.0,0.048553305133628155,0.02903075372413301,0.0014103212094596401,0.19632096747284694
23,5,0,Amber Rose,24.0,0.045078889224468115,0.02221953638480484,0.00044155422540180517,0.22741355969730015
23,5,2,Calvin Johnson Jr.,24.0,0.041815363543617194,0.02252347725729182,0.00048013295699246995,0.19522667167795602
23,5,4,James Hinchcliffe,29.0,0.3980441798524018,0.3589568512993264,0.0384222250703486,0.9287686568844871
23,5,5,Jana Kramer,26.0,0.09555590764626702,0.059583177291238,0.004050958801520363,0.4100951249567858
23,5,6,Laurie Hernandez,25.0,0.0664902294793906,0.03798457955961773,0.0018129584597835109,0.3002450460323151
23,5,7,Marilu Henner,27.0,0.13772996180498906,0.10082565967513597,0.009172325116141251,0.5061508651368316
23,5,8,Maureen McCormick,24.0,0.046187320170658505,0.022464097824797448,0.0004436111997781579,0.24174595117836814
23,5,10,Ryan Lochte,24.0,0.042864769170327055,0.019826821876824365,0.000565441597956597,0.2313121918578594
23,5,11,Terra Jole,27.0,0.1262333791078806,0.09105004795553903,0.009779461242348266,0.4418600029988347
23,6,0,Amber Rose,28.0,0.03343328374075424,0.01512075123884633,0.00021865989676315818,0.16939286379051807
23,6,2,Calvin Johnson Jr.,37.0,0.14301576090775506,0.10467424788837454,0.01317233785257147,0.4793273278029361
23,6,4,James Hinchcliffe,38.0,0.18203133695812526,0.13590517254245388,0.016593204438732998,0.5858138642426461
23,6,5,Jana Kramer,40.0,0.27925220729945727,0.21978110295689007,0.02377574085070109,0.7902608274502714
23,6,6,Laurie Hernandez,37.0,0.1515734938097475,0.10942332931152765,0.014122687285192658,0.5091366864911205
23,6,7,Marilu Henner,34.0,0.07748508240646533,0.05051964888611865,0.004087935004233534,0.3298190893596205
23,6,8,Maureen McCormick,31.0,0.05233643445442643,0.02673573898272096,0.0012378299748519693,0.25753100957643865
23,6,10,Ryan Lochte,30.0,0.04249062429051473,0.01994781911048862,0.0008844816260444945,0.21500044676968422
23,6,11,Terra Jole,30.0,0.03838177613275418,0.01950029194992532,0.0006212544633507397,0.2085697356296924
23,7,2,Calvin Johnson Jr.,37.0,0.29163335417795117,0.23496065675966082,0.028507880444743613,0.790438190978874
23,7,4,James Hinchcliffe,37.0,0.2966791037523531,0.2523582923643476,0.028920586983592626,0.7941353840433215
23,7,5,Jana Kramer,34.5,0.09374893062147974,0.05535118584463925,0.004718728912402156,0.39616494002069524
23,7,6,Laurie Hernandez,34.5,0.09648012399049782,0.06173408529801146,0.004640591338640941,0.38144898225969975
23,7,7,Marilu Henner,32.0,0.03471618980562374,0.017006553380252063,0.00023259845685287762,0.18926197029566127
23,7,8,Maureen McCormick,33.0,0.05504905237229123,0.027047305962228117,0.0007263449190362113,0.26844593492754726
23,7,10,Ryan Lochte,33.0,0.05107411694092673,0.024310705010426176,0.0009465887911565292,0.2626987798822505
23,7,11,Terra Jole,34.5,0.0806191283388764,0.04997178371691424,0.00395384043954733,0.3299852608722899
23,8,2,Calvin Johnson Jr.,30.0,0.12891839488116638,0.08832180320531252,0.008162285761535744,0.45286048846559857
23,8,4,James Hinchcliffe,34.9998,0.34558505381687193,0.30174626255608655,0.03902893246319983,0.8277760507274133
23,8,5,Jana Kramer,30.0,0.13366470641126216,0.08617308681568886,0.00828870663554996,0.49748773470626356
23,8,6,Laurie Hernandez,33.0,0.23731475353876563,0.1893232339616716,0.026372189997733733,0.673417519844626
23,8,7,Marilu Henner,23.0,0.042764891721161845,0.02099553012535444,0.0003777013472553781,0.23607011599115452
23,8,10,Ryan Lochte,26.0,0.06695750033433827,0.03374331339158608,0.002002598639202594,0.3178354340730734
23,8,11,Terra Jole,24.0,0.04479469929643378,0.022628994835790214,0.0005864473252657599,0.22658669680136262
23,9,2,Calvin Johnson Jr.,37.0,0.08632731869109614,0.05017613488963732,0.0024236025482902586,0.34734955250037247
23,9,4,James Hinchcliffe,36.0,0.06544192470273548,0.03316747021241104,0.0007556286865439129,0.32615519775789903
23,9,5,Jana Kramer,40.0,0.3311906554346045,0.2806385727225035,0.03182824079252065,0.8296542174561031
23,9,6,Laurie Hernandez,40.0,0.3415261025761295,0.2997302108726623,0.041751371562631985,0.8123935159871473
23,9,7,Marilu Henner,36.0,0.05848488282291435,0.03170016195015055,0.000628549495362687,0.29666561844377776
23,9,11,Terra Jole,38.0,0.11702911577252002,0.0762025998317494,0.005843910724813973,0.45968937678847416
23,10,2,Calvin Johnson Jr.,28.0,0.05206408091750807,0.024904308801023702,0.0003936421618709067,0.2627869272433627
23,10,4,James Hinchcliffe,29.5,0.19674991812202955,0.1504902745392223,0.019392315685263437,0.626781739749641
23,10,5,Jana Kramer,29.0,0.12395018147519733,0.0758638088459787,0.005770506020981857,0.47846136783544907
23,10,6,Laurie Hernandez,30.0,0.33961310041034887,0.295518819033798,0.04038695125195558,0.8229112865334657
23,10,11,Terra Jole,30.0,0.28762271907491616,0.24252715306887973,0.03542300026172084,0.7434239635810861
23,11,2,Calvin Johnson Jr.,38.3331,0.2221939298826388,0.16993106661260943,0.01727609142750734,0.6697951071928658
23,11,4,James Hinchcliffe,38.9998,0.3206695961393009,0.279972826884083,0.0374380129718932,0.7894398541807596
23,11,5,Jana Kramer,35.5,0.07045276169474073,0.032055919671212796,0.0006125414327804242,0.36843976052943217
23,11,6,Laurie Hernandez,39.333200000000005,0.3866837122833196,0.354937751741381,0.04882415811046312,0.8584426735407343
24,1,0,Bonner Bolton,22.0,0.03821053457987519,0.0200856004513987,0.0009257328104525076,0.19663211650030812
24,1,1,Charo,21.0,0.03150429487515111,0.01636619003500384,0.0006020386405567003,0.15023509801740192
24,1,2,Chris Kattan,17.0,0.01893388049472019,0.007963807211463992,7.804736940035676e-05,0.09703014284866454
24,1,3,David Ross,28.0,0.09771425041969306,0.06360481967701635,0.007957244101959025,0.38636826910281874
24,1,4,Erika Jayne,24.0,0.046824360387583974,0.02851510199495151,0.00221586730939495,0.19541052092100628
24,1,5,Heather Morris,28.0,0.09476449830761194,0.06513778746190893,0.008426166351569614,0.3418047115563128
24,1,6,Mr. T,20.0,0.027235391471837365,0.013403736639532288,0.00041818918106159466,0.14053729696909759
24,1,7,Nancy Kerrigan,28.0,0.08962130331308907,0.06154607013479671,0.006213019261892734,0.31858240815292954
24,1,8,Nick Viall,24.0,0.05312541150863928,0.031514036853345875,0.002414803846417812,0.22562226822923823
24,1,9,Normani,27.0,0.09389810482161803,0.059938860729430665,0.005718232713647147,0.3733989448528156
24,1,10,Rashad Jennings,31.0,0.19250160985292533,0.13773905871442294,0.017523606447661908,0.6590198600094413
24,1,11,Simone Biles,32.0,0.21566635996725553,0.15886234124074666,0.016330187163628593,0.6759018588904439
24,2,0,Bonner Bolton,28.0,0.07160214733138502,0.04553092676671708,0.0038912255016290897,0.2958205382734249
24,2,1,Charo,25.0,0.03586136225557141,0.019643222557281896,0.0008918147692184305,0.16249324472979187
24,2,2,Chris Kattan,22.0,0.02082211913191586,0.009355168466115036,0.00010255884990621057,0.10564236874711544
24,2,3,David Ross,27.0,0.055375498311212426,0.030490411988418085,0.003080200021751572,0.2528416977148486
24,2,4,Erika Jayne,28.0,0.06602462934087536,0.04268388354799929,0.0040514328980333575,0.24944662331789505
24,2,5,Heather Morris,30.0,0.11102522461693966,0.07847285284392047,0.00972661712973849,0.40025799277853347
24,2,6,Mr. T,22.0,0.020092510590907456,0.009187009454940973,0.00011333554740692782,0.11404481180599442
24,2,7,Nancy Kerrigan,28.0,0.06271629020809724,0.04073412033238192,0.003373065211489988,0.24471975674867655
24,2,8,Nick Viall,25.0,0.039297693065880816,0.02064376589741125,0.0008536498583383349,0.18055744007486274
24,2,9,Normani,32.0,0.21350313750647096,0.17452625894298704,0.01746280792638949,0.6341314128398305
24,2,10,Rashad Jennings,32.0,0.21426827328429707,0.1543309220263543,0.01821591832768586,0.6843338101254609
24,2,11,Simone Biles,29.0,0.08941111435644672,0.059850917901095924,0.004636194686519966,0.3348282858457643
24,3,0,Bonner Bolton,24.0,0.0309130474419079,0.014098439079762087,0.00036557527004971835,0.1726508621845402
24,3,1,Charo,24.0,0.029191792073089237,0.014897057863326346,0.00038682547760692817,0.14116840719000182
24,3,3,David Ross,31.0,0.102792278411353,0.06479256992606228,0.00953259057050204,0.41686894638833594
24,3,4,Erika Jayne,26.0,0.03792750796563844,0.021490208659928234,0.0011846746571723122,0.16861751657618343
24,3,5,Heather Morris,33.0,0.15815720517505624,0.12032342020283303,0.01366623672180664,0.5253167092821589
24,3,6,Mr. T,24.0,0.028980767482095226,0.014517750837039593,0.00036297477375682913,0.15383675950309642
24,3,7,Nancy Kerrigan,33.0,0.15117679529937744,0.10666519637907615,0.012700682100829211,0.4964961984679229
24,3,8,Nick Viall,26.0,0.04439607241250275,0.02312169183457069,0.001139501373818622,0.2039926396759659
24,3,9,Normani,34.0,0.2222962448499894,0.1808171539570467,0.020093571229448264,0.6670460791911792
24,3,10,Rashad Jennings,28.0,0.06484003005986833,0.03551286075210791,0.003777653034303364,0.3142607092275698
24,3,11,Simone Biles,32.0,0.12932825882912202,0.09069371948808373,0.008421082064400289,0.43526639051525307
24,4,0,Bonner Bolton,32.0,0.06141236479125542,0.03540582004856973,0.0015221238745258081,0.29142211218199293
24,4,3,David Ross,31.0,0.04784339087979537,0.025393561065911188,0.0009717470847319342,0.24106591424893922
24,4,4,Erika Jayne,30.0,0.037276980493407295,0.019475412831857615,0.0005924059972419685,0.1681867090258176
24,4,5,Heather Morris,35.0,0.11502932705092718,0.07865695396601456,0.008766735630282404,0.4111449409537569
24,4,6,Mr. T,28.0,0.0270494334553908,0.011977797111753102,0.00010356329124778916,0.1571072612007947
24,4,7,Nancy Kerrigan,33.0,0.06721428299464242,0.04206806633927962,0.0026776776198298023,0.27119936286158364
24,4,8,Nick Viall,30.0,0.04302585721825419,0.022306048122032046,0.0004675259687252117,0.2013086028497062
24,4,9,Normani,32.0,0.07052117537553156,0.03849464061775119,0.001610770395175701,0.3115960773049364
24,4,10,Rashad Jennings,39.0,0.3757243515424787,0.31199016368647103,0.03420713509602417,0.9236806924551929
24,4,11,Simone Biles,36.0,0.15490283619831707,0.11240674204382414,0.008719195675159417,0.5433723638821755
24,5,0,Bonner Bolton,30.0,0.03753257204480428,0.017085057397936948,0.000423655242115067,0.21143049716685852
24,5,3,David Ross,29.0,0.03079420629497387,0.013432161913746785,0.00027830770774278386,0.16760819568721078
24,5,4,Erika Jayne,32.0,0.05003721001089861,0.029643106869821013,0.0014270754664000153,0.22326716691821966
24,5,5,Heather Morris,34.0,0.07998589634955361,0.04846599415448383,0.0050607114725094325,0.3098969567527997
24,5,7,Nancy Kerrigan,36.0,0.12030726226698864,0.08535992320498728,0.008131702097805825,0.4125274749914454
24,5,8,Nick Viall,34.0,0.08701906833574663,0.0558189948934334,0.004803404394111904,0.3336917943317633
24,5,9,Normani,39.0,0.3140377127895281,0.27370981071026845,0.027394884110908763,0.8270296552305715
24,5,10,Rashad Jennings,32.0,0.06078646064223151,0.030357478186126878,0.002099706136200268,0.30470856022356313
24,5,11,Simone Biles,38.0,0.2194996112652748,0.17420168749731435,0.01653867640491648,0.6735934995772176
24,6,0,Bonner Bolton,31.5,0.04969836024805286,0.025895632858709997,0.0007036180982635118,0.2549296573082979
24,6,3,David Ross,31.0,0.041578479876295045,0.019819385308475147,0.0006106551223602204,0.22989152767940355
24,6,5,Heather Morris,37.0,0.2947481592433735,0.24427729619272712,0.025362211326614564,0.8068053818397646
24,6,7,Nancy Kerrigan,33.5,0.07853129711806847,0.05043551085422224,0.003798838781429109,0.3121514577962867
24,6,8,Nick Viall,30.5,0.04071656606181414,0.018553165141398993,0.00035317677798771756,0.2066719747720414
24,6,9,Normani,36.0,0.22330251849334193,0.18076443018951013,0.01840701146442768,0.6579479767187018
24,6,10,Rashad Jennings,35.0,0.15137535355819187,0.10148817050669748,0.015000206256016516,0.5536467098732039
24,6,11,Simone Biles,34.5,0.12004926540086222,0.08245636156360828,0.0058666438550524,0.4502537400266851
24,7,0,Bonner Bolton,31.0,0.04313762018967946,0.019645742427203898,0.00038082954531465493,0.24201819491981377
24,7,3,David Ross,32.0,0.049411920299149696,0.024345948479680288,0.0007867296634473217,0.25070183113624817
24,7,7,Nancy Kerrigan,36.0,0.08865810942535945,0.05886171077390944,0.00393566444505277,0.3389801303147549
24,7,8,Nick Viall,34.0,0.07330066592922621,0.042287660757113946,0.0021918224342185725,0.31128063056519484
24,7,9,Normani,42.0,0.37518477204696915,0.3503239718415906,0.03270809187168842,0.8808428044821498
24,7,10,Rashad Jennings,39.0,0.1903133129090338,0.13440325240455278,0.019381822941921308,0.6282567842084623
24,7,11,Simone Biles,39.0,0.17999359920058225,0.13777106271569078,0.009729409484784523,0.5891091927369252
24,8,0,Bonner Bolton,29.0,0.05433469293495536,0.024831059440410957,0.000437590699140262,0.28661125752894
24,8,3,David Ross,32.5,0.09408059155260294,0.05351460002993348,0.0034611483436770103,0.45824122062152106
24,8,9,Normani,39.5,0.40964244167170566,0.3932644288000324,0.036206645680825246,0.8726792463577021
24,8,10,Rashad Jennings,37.5,0.25925023120763396,0.19995930358056294,0.027011606214312464,0.745814672987861
24,8,11,Simone Biles,36.0,0.18269204263310207,0.136747234166133,0.008097665653712454,0.6018340795788301
24,9,3,David Ross,35.0,0.0685670147427809,0.03158291962503092,0.0006219632573303469,0.37446496845130295
24,9,9,Normani,38.0,0.2261510908035253,0.16320038902491113,0.01176642608264961,0.7237045510923756
24,9,10,Rashad Jennings,38.5,0.25771640212777935,0.19949775094514804,0.02291785249404814,0.7775562573465379
24,9,11,Simone Biles,40.0,0.44756549232591447,0.42572535640611786,0.045815344127391855,0.9189722925127355
24,10,3,David Ross,36.3333,0.10476788967892377,0.04948159432647351,0.001524251926022345,0.493736027394588
24,10,9,Normani,39.333200000000005,0.4215024228789772,0.39847741549352433,0.03775378710328399,0.8915213487716794
24,10,10,Rashad Jennings,39.6666,0.4737296874420991,0.45304499790616315,0.05942874396696601,0.9336524141494335
25,1,0,Barbara Corcoran,14.0,0.01678070259183,0.006966941228273333,8.241181326323195e-05,0.08614805780881896
25,1,1,Debbie Gibson,17.0,0.03445650563046753,0.01795026758758956,0.0010734431148554987,0.16618659977045788
25,1,2,Derek Fisher,18.0,0.054638669032942636,0.0316167153592016,0.0025787107608517697,0.24031410848847035
25,1,3,Drew Scott,16.0,0.025591674648368735,0.012549907340617537,0.0003619104056879674,0.1250831407487516
25,1,4,Frankie Muniz,19.0,0.06719610005766423,0.04379568786227146,0.004509148386565626,0.2629219593161857
25,1,5,Jordan Fisher,22.0,0.21319273439656336,0.1499904685280746,0.017121678248005874,0.6791598269116417
25,1,6,Lindsey Stirling,22.0,0.19559687601634426,0.14522861994787106,0.01681750974156978,0.6271212657720259
25,1,7,Nick Lachey,18.0,0.0428906066576592,0.024893397762611146,0.001773746399018095,0.19340611708928324
25,1,8,Nikki Bella,20.0,0.09340391782270893,0.06317024528124557,0.00811173909201758,0.3588122578150478
25,1,9,Sasha Pieterse,18.0,0.04006524326407717,0.02429562872915266,0.002180826713052782,0.17435894155852122
25,1,10,Terrell Owens,15.0,0.02134404223630438,0.009304059729029465,0.0001776404976741209,0.11062556621272121
25,1,11,Vanessa Lachey,21.0,0.13437220545112763,0.09753766743107543,0.01156854678317703,0.45804818473377407
25,1,12,Victoria Arlen,19.0,0.0604707221939419,0.03722222284458615,0.003997507742942686,0.24620761332775898
25,2,0,Barbara Corcoran,17.0,0.016412872571341424,0.006612309042587448,6.29952701687354e-05,0.0860527842923393
25,2,1,Debbie Gibson,20.5,0.04293880429295126,0.025094217242286557,0.0018882870687094975,0.19434720489837062
25,2,2,Derek Fisher,19.0,0.033973392389601176,0.016373382757831602,0.00048826332150571686,0.18930505676638137
25,2,3,Drew Scott,20.5,0.041607011928305154,0.023840747274778168,0.0017863802398121345,0.18955924053855244
25,2,4,Frankie Muniz,24.0,0.17716927506341323,0.12479955289187841,0.01820195131079121,0.5937141834541556
25,2,5,Jordan Fisher,24.0,0.19598219409045223,0.13820228648442856,0.015155750723946626,0.6336120466746684
25,2,6,Lindsey Stirling,22.5,0.10022630436944954,0.06300316679692952,0.00841309097115052,0.38462731567220537
25,2,7,Nick Lachey,19.0,0.026176076723298154,0.013554279409302898,0.0003931426309624501,0.12755613508070618
25,2,8,Nikki Bella,19.5,0.036889718695806824,0.019428569573807924,0.0008203346475126896,0.18731419059367282
25,2,9,Sasha Pieterse,22.5,0.07976060573128411,0.054587054966547296,0.006509048894543675,0.2943715415855212
25,2,10,Terrell Owens,19.5,0.03243366581566773,0.016532856419654615,0.0007340817027127743,0.15483958001892467
25,2,11,Vanessa Lachey,23.5,0.14494066661187296,0.10432308983748688,0.012963367129200607,0.4817684998888444
25,2,12,Victoria Arlen,22.0,0.07148941171655619,0.04530469708417442,0.004631199638700212,0.2955836880133096
25,3,2,Derek Fisher,21.0,0.048060414798647644,0.02535657738828136,0.000548301156556555,0.2499961248896792
25,3,3,Drew Scott,23.0,0.06975442614441521,0.042185893590764065,0.003659395367505065,0.29729999769738386
25,3,4,Frankie Muniz,21.0,0.04300395957406656,0.023744854410043523,0.0004853194690671354,0.20670213833097845
25,3,5,Jordan Fisher,25.0,0.18391458296177646,0.12967718379911675,0.013320030877236601,0.6114153360016653
25,3,6,Lindsey Stirling,27.0,0.37912217425425615,0.3325040764877468,0.03147249225696363,0.9232139183296706
25,3,7,Nick Lachey,21.0,0.03727423175527177,0.019676417256936217,0.0004526607047042073,0.1680170267124588
25,3,8,Nikki Bella,21.0,0.04488204938585091,0.023360995343345313,0.0005797049554825672,0.23060280584764578
25,3,9,Sasha Pieterse,19.0,0.019634655087161345,0.008831855190430952,8.945281328115502e-05,0.10210580220664435
25,3,10,Terrell Owens,21.0,0.04008238323102715,0.020873884368725695,0.0005445397479250414,0.18605156626825325
25,3,11,Vanessa Lachey,23.0,0.08230396591351652,0.05051072883675595,0.003705874570384656,0.3259787358774266
25,3,12,Victoria Arlen,22.0,0.051967156894010345,0.029797773346814667,0.001169834754275517,0.23388445870170596
25,4,2,Derek Fisher,23.0,0.0402129790306086,0.018240209210518082,0.0002192525750316706,0.22961032591152247
25,4,3,Drew Scott,24.0,0.04320817407976785,0.022768107795938235,0.0005633293779700996,0.19830956062454555
25,4,4,Frankie Muniz,24.0,0.049164480764897246,0.027670776208525635,0.0007111166136289627,0.2350389127591639
25,4,5,Jordan Fisher,29.0,0.41571187512303515,0.36786860146700806,0.029613804029576956,0.9519382460364015
25,4,6,Lindsey Stirling,26.0,0.10623112102175045,0.06561230534830856,0.005558120520094096,0.4239406143480863
25,4,7,Nick Lachey,22.0,0.022911273502780133,0.010149768627693609,5.659706312381653e-05,0.11870324832223153
25,4,8,Nikki Bella,24.0,0.050516906290884865,0.02740841651303739,0.0006872893656069491,0.24933040239243257
25,4,9,Sasha Pieterse,24.0,0.039378134969144704,0.02180262959132382,0.0006783373388005857,0.1822247616542848
25,4,10,Terrell Owens,24.0,0.04540307494179417,0.02498573467062293,0.0005758408871334046,0.20416043021607658
25,4,11,Vanessa Lachey,24.0,0.04923345280899405,0.027313553001316916,0.000613930890739252,0.22335556807825308
25,4,12,Victoria Arlen,27.0,0.13802852746634278,0.09934643996384294,0.010656627074329472,0.5064253229096294
25,5,3,Drew Scott,25.0,0.04725763170639209,0.02583961975103475,0.0012453148072696324,0.21761303602080126
25,5,4,Frankie Muniz,29.0,0.18980491155474585,0.13719540037162142,0.018138915029451492,0.6129556817691616
25,5,5,Jordan Fisher,30.0,0.2978028946633309,0.23947039669783265,0.024855015610198684,0.83738925655154
25,5,6,Lindsey Stirling,28.0,0.13780742167237703,0.09060075407497506,0.010215276255105609,0.5141868284003961
25,5,7,Nick Lachey,22.0,0.022262799253651756,0.009315258319593083,7.863295607448751e-05,0.11459704135662913
25,5,8,Nikki Bella,27.0,0.09705304889889536,0.06473274231059173,0.006680176519459556,0.3836792447252368
25,5,9,Sasha Pieterse,24.0,0.03269392585905421,0.017442285673084715,0.0006103380872528155,0.16235636897022365
25,5,10,Terrell Owens,25.0,0.048921995082398015,0.027245116931645275,0.0012751688880124003,0.2168172560776249
25,5,11,Vanessa Lachey,24.0,0.04047688778554891,0.02131463919862986,0.000571111984438932,0.1875763491327848
25,5,12,Victoria Arlen,27.0,0.0859184835236059,0.05631586469838891,0.005435104509811451,0.35125700726857667
25,6,3,Drew Scott,30.0,0.040327081421691446,0.020406085069472703,0.000739630116800803,0.2001902039018053
25,6,4,Frankie Muniz,31.0,0.05239449637857751,0.030058649282523282,0.0013629358463435992,0.2476258272062751
25,6,5,Jordan Fisher,39.0,0.2220598544656609,0.1614102816060634,0.02026900905477849,0.6723445792536868
25,6,6,Lindsey Stirling,40.0,0.2506540979418286,0.19491422526912738,0.02497084172924501,0.7422019209042703
25,6,7,Nick Lachey,26.0,0.023515214116084936,0.009805109980779714,0.00011137409651766651,0.12046893717694886
25,6,8,Nikki Bella,36.0,0.11618825285510345,0.0797674065074237,0.010132210612481613,0.4514846459026976
25,6,10,Terrell Owens,37.0,0.1292659860860587,0.08949276155320904,0.00988346351493551,0.4428725609031388
25,6,11,Vanessa Lachey,36.0,0.11817874489589651,0.0792491928874644,0.009482710495014653,0.4221423318297253
25,6,12,Victoria Arlen,31.0,0.04741627183909794,0.025417388771853747,0.0011634236213188974,0.2172584175572895
25,7,3,Drew Scott,28.5,0.15650526900362552,0.10947510790591647,0.011158030388563086,0.512425786125121
25,7,4,Frankie Muniz,30.0,0.3347873148497893,0.276946926532588,0.037687374881742314,0.880824207164794
25,7,5,Jordan Fisher,27.0,0.1081180687216555,0.06440694182201245,0.006697584356872123,0.4541675301601811
25,7,6,Lindsey Stirling,25.5,0.0630220708891438,0.032656934494536514,0.0014673137173536834,0.3177880742730355
25,7,8,Nikki Bella,24.0,0.04104760080773329,0.017780554127023687,0.00029154382688989077,0.2422107440284191
25,7,10,Terrell Owens,24.5,0.039869018511180326,0.019310311385303383,0.0004364273665877889,0.19961406792974837
25,7,11,Vanessa Lachey,27.0,0.09881011157253795,0.0644066324703467,0.005957253103917026,0.3654415034019174
25,7,12,Victoria Arlen,28.5,0.15784054564433436,0.11567922265964704,0.0121462703394262,0.5399951957178886
25,8,3,Drew Scott,23.5,0.05093969789043534,0.02372641586182722,0.0002842705762992728,0.27741865938167576
25,8,4,Frankie Muniz,26.5,0.13583447860449546,0.09213388784006488,0.0053981720356302805,0.491689014897959
25,8,5,Jordan Fisher,30.0,0.49851180583234617,0.4873721178657603,0.0515831048677124,0.9694212693474517
25,8,6,Lindsey Stirling,27.0,0.16501862425223604,0.10977842367790297,0.008524034960278162,0.583428044033982
25,8,10,Terrell Owens,25.5,0.09068758412560382,0.05537627091009238,0.00183722484349974,0.37699757054890354
25,8,12,Victoria Arlen,24.0,0.05900780929488317,0.028593625663787318,0.0005163288648162332,0.28922531309575794
25,9,3,Drew Scott,24.0,0.05252034935488128,0.02326707367207252,0.00039390762113673225,0.2889589691245187
25,9,4,Frankie Muniz,25.5,0.09460275462532157,0.05336257780517446,0.0023706731011155398,0.4175375637415254
25,9,5,Jordan Fisher,29.0,0.37213534615415456,0.3250139235517864,0.03662305935920988,0.862323515362014
25,9,6,Lindsey Stirling,28.5,0.2796645705921436,0.22477435220112463,0.02699991063323509,0.7392002792911603
25,9,12,Victoria Arlen,28.0,0.201076979273499,0.15971614058961126,0.01853229994553225,0.6221835539394507
25,10,3,Drew Scott,37.5,0.06659031648776513,0.02936577975737139,0.0005627459572957853,0.35654090439049835
25,10,4,Frankie Muniz,38.8887,0.1689300124962611,0.11576131961200986,0.007454076565718194,0.5925046913740327
25,10,5,Jordan Fisher,40.0,0.39381739060991355,0.345011233433788,0.045282502596476294,0.8908577395800484
25,10,6,Lindsey Stirling,40.0,0.37066228040606025,0.3257971138190008,0.03833597596879638,0.858012752386685
26,1,0,Adam Rippon,24.0,0.2207220971797369,0.16676794392933753,0.01893158491727137,0.6811865539420061
26,1,1,Arike Ogunbowale,20.0,0.05796032171275788,0.034031348507718974,0.0019794221608077484,0.2608100051242869
26,1,2,Chris Mazdzer,21.0,0.07407940759520718,0.04468282224390278,0.004283159375809963,0.3045934482613982
26,1,3,Jamie Anderson,19.0,0.03809723669128969,0.02105780296469956,0.0010100504378598818,0.16994259101921103
26,1,4,Jennie Finch Daigle,21.0,0.07011478247947098,0.04187343004837643,0.0039053939718098362,0.3081480717204607
26,1,5,Johnny Damon,18.0,0.0292978863470031,0.014923395887015616,0.0003198424213309604,0.14716734152343627
26,1,6,Josh Norman,24.0,0.20217673158089175,0.15013029171205994,0.015923975237678006,0.7130616379132887
26,1,7,Kareem Abdul-Jabbar,17.0,0.027245985963827334,0.01257901737936884,0.00010632143658860334,0.14650327257522816
26,1,8,Mirai Nagasu,23.0,0.1299525740598686,0.09107497692996662,0.0103129111737444,0.4688170838877808
26,1,9,Tonya Harding,23.0,0.15035297638994655,0.11081273834238836,0.01555033026694353,0.5274286918784165
26,2,0,Adam Rippon,37.0,0.2937985100514321,0.2376693031322886,0.025733202448448112,0.8075627061665657
26,2,1,Arike Ogunbowale,35.0,0.1476753814356971,0.10182036855687568,0.01048108548632882,0.5257457119996309
26,2,2,Chris Mazdzer,33.0,0.07943203730189152,0.04703840035544121,0.003402067452536643,0.3392839912517813
26,2,4,Jennie Finch Daigle,31.5,0.051562266989544144,0.026370685005831493,0.0011334109692425222,0.26580436414725667
26,2,6,Josh Norman,31.5,0.05357555767728188,0.02920382527871762,0.001077669023983675,0.24757388942675784
26,2,7,Kareem Abdul-Jabbar,29.5,0.03651901953566007,0.01780939873556985,0.00017748270685207356,0.18568502304526793
26,2,8,Mirai Nagasu,37.0,0.24877486698762602,0.19769205258215317,0.02620377492510209,0.7261185223867687
26,2,9,Tonya Harding,33.0,0.08866236002086711,0.05132634310454287,0.0034863603771455786,0.3984927465561665
26,3,0,Adam Rippon,41.0,0.42484807695317817,0.3887082988192415,0.04728289117848874,0.9264243008906594
26,3,2,Chris Mazdzer,33.0,0.08325173956625252,0.04622080417214333,0.0020522655552856336,0.3616056107098137
26,3,4,Jennie Finch Daigle,29.0,0.04259600726648194,0.018035874143142415,0.00018372159364177755,0.25183735218065617
26,3,6,Josh Norman,38.0,0.20945601027400723,0.15604869262121693,0.015395418360142988,0.7158731084210191
26,3,8,Mirai Nagasu,35.0,0.11097250587477478,0.07146727942086628,0.004070115382416073,0.4415580546421471
26,3,9,Tonya Harding,35.0,0.12887566006530535,0.08229554556662944,0.004573340063193493,0.5077868236037409
26,4,0,Adam Rippon,29.0,0.6198430694182663,0.6574671810155805,0.10684130735013768,0.9807508417984234
26,4,6,Josh Norman,28.5,0.24682840569157735,0.18050195312425008,0.011570028392395201,0.7659666947166414
26,4,9,Tonya Harding,28.0,0.1333285248901564,0.06991280914624545,0.0010654119777176168,0.5912783181130451
27,1,0,Alexis Ren,22.0,0.12339836484551056,0.08498484709810991,0.011692071759333216,0.44276128713710305
27,1,1,Bobby Bones,20.0,0.06896836257537778,0.04469683865849239,0.00484878892119675,0.2845537013487611
27,1,2,Danelle Umstead,18.0,0.03817210635404483,0.02082953390850877,0.0010619328670115097,0.18099055525567787
27,1,3,DeMarcus Ware,23.0,0.19119836676185153,0.1374852151718545,0.01480135425091884,0.6357209998124306
27,1,4,Evanna Lynch,18.0,0.038302129536236976,0.02254652320908377,0.0010671047912256806,0.1773135618273766
27,1,5,Joe Amabile,14.0,0.01679845396640452,0.006461624127007584,3.5125195558138374e-05,0.09704966441656308
27,1,6,John Schneider,18.0,0.037367652878285355,0.019921489899239073,0.0011711458171516577,0.1770257693309892
27,1,7,Juan Pablo Di Pace,22.0,0.10329884477216728,0.07499352318788688,0.007705507369563261,0.37383168438390135
27,1,8,Mary Lou Retton,20.0,0.05725445198665765,0.039944258706650665,0.003717954861238234,0.20794829858428987
27,1,9,Milo Manheim,20.0,0.06101049189994135,0.03944449596117426,0.0037649170723940547,0.25758807503246267
27,1,10,Nancy McKeon,19.5,0.049292543098619114,0.031292190263813205,0.002980072534437381,0.19047847290622621
27,1,11,Nikki Glaser,17.5,0.0348484340843064,0.018918939151558924,0.0008613029177591802,0.1670779496080665
27,1,12,Tinashe,23.0,0.1800897972405967,0.13489670352813496,0.017245446090827263,0.5787897980842479
27,2,0,Alexis Ren,24.5,0.10757792577223521,0.07335829469768322,0.010534271612856073,0.4086214604143464
27,2,1,Bobby Bones,19.5,0.03284774777582254,0.017633085996290057,0.0007088560471532815,0.16976924592337894
27,2,2,Danelle Umstead,18.5,0.026169468546008202,0.012263448184622598,0.00026609405481579126,0.1318014138259331
27,2,3,DeMarcus Ware,23.5,0.08341113967975294,0.057074317386488924,0.006582329085127588,0.3352709895631191
27,2,4,Evanna Lynch,24.0,0.09929127388026668,0.06998969630617646,0.007933151674719474,0.35667468641986866
27,2,5,Joe Amabile,17.5,0.024712649345691645,0.01059676359991659,0.00014915788226959543,0.14309380512418976
27,2,6,John Schneider,21.5,0.05038213230886253,0.028503905432609594,0.002554548586495412,0.23101262823132332
27,2,7,Juan Pablo Di Pace,26.0,0.1435762432454551,0.10674508460098439,0.01136627637882213,0.49325974110814996
27,2,8,Mary Lou Retton,23.0,0.06363747820000228,0.04551362067315122,0.0048708125236671205,0.23111692556507
27,2,9,Milo Manheim,26.0,0.16146678174677181,0.11783114318329788,0.01484532356549231,0.505484912050583
27,2,10,Nancy McKeon,20.5,0.033897382424914115,0.019554794399730898,0.0011928521393224948,0.1413678164266035
27,2,12,Tinashe,26.0,0.1730297770742169,0.12640907662605808,0.017916896195861454,0.5463942610739081
27,3,0,Alexis Ren,26.0,0.09611619329908895,0.0637069400163443,0.0075693899631316544,0.3751077890608738
27,3,1,Bobby Bones,23.0,0.05228908325460107,0.03153165582262705,0.002169454650700958,0.24078694736970477
27,3,3,DeMarcus Ware,26.0,0.09752875115999236,0.07060139004152743,0.008220746054915979,0.35801942031429307
27,3,4,Evanna Lynch,27.0,0.13021613254072162,0.09580739539480015,0.011849220076065078,0.43910562887225624
27,3,5,Joe Amabile,18.0,0.02342469779229546,0.00953201691454805,8.319966222393999e-05,0.13639452033059551
27,3,6,John Schneider,21.0,0.03393097672979117,0.017183596727888387,0.0005977397189346542,0.16090095149585082
27,3,7,Juan Pablo Di Pace,30.0,0.23535740096144497,0.17889024931035763,0.017997230323990695,0.7494997510250677
27,3,8,Mary Lou Retton,24.0,0.053862926130120885,0.03615096523646143,0.002784420438383694,0.21329773640152083
27,3,9,Milo Manheim,27.0,0.11694314189916917,0.08484464603440643,0.00999433242518517,0.4149755114587935
27,3,10,Nancy McKeon,22.0,0.03509884242409903,0.02003679695285572,0.0009388635532606844,0.14763467962253446
27,3,12,Tinashe,27.0,0.12523185380867533,0.08872276918306304,0.012873583907963521,0.4504176978620535
27,4,0,Alexis Ren,25.0,0.11025381043811006,0.07593576406940211,0.010435308822099481,0.42068937713561017
27,4,1,Bobby Bones,20.0,0.04481594219544689,0.02516565969909421,0.001226078396674089,0.21821808226292155
27,4,3,DeMarcus Ware,22.0,0.06138522653238406,0.038409747152381005,0.0034285152769778474,0.2740663325133449
27,4,4,Evanna Lynch,24.0,0.09545597060313094,0.06760624483386798,0.006450356014839617,0.34916695567480416
27,4,5,Joe Amabile,15.0,0.023428423984288287,0.008834220873937915,5.836749327155534e-05,0.1370029654439443
27,4,6,John Schneider,21.0,0.051951867496069636,0.028599416516945628,0.002171030124388492,0.23788853820740263
27,4,7,Juan Pablo Di Pace,24.0,0.07680408250382771,0.04959904380384292,0.004723314389878793,0.3054299070395113
27,4,8,Mary Lou Retton,26.0,0.1264610510596409,0.09489730806294469,0.01205378889583651,0.41622792869896474
27,4,9,Milo Manheim,29.0,0.26733261288419796,0.20872087565880337,0.024473875507553252,0.7605319093384431
27,4,12,Tinashe,26.0,0.14211101230290354,0.10085777984486068,0.013852679434285003,0.49345527265031774
27,5,0,Alexis Ren,29.0,0.22805949085396648,0.17993280606576834,0.02199565052767774,0.6512711903496372
27,5,1,Bobby Bones,21.0,0.047190862169199384,0.02601378569160906,0.0011931852554437298,0.22499218369844512
27,5,3,DeMarcus Ware,26.0,0.11925067761412404,0.08682186548086335,0.008610004257278073,0.4334478477297053
27,5,4,Evanna Lynch,24.0,0.08086579222542364,0.05338021161763974,0.004639196598100119,0.32029257134122985
27,5,5,Joe Amabile,17.0,0.027812239333763377,0.011094759462165316,0.00011132293595384178,0.15206988722583478
27,5,6,John Schneider,24.0,0.07885466061359872,0.04789214848730444,0.004378397870182758,0.327388104751225
27,5,7,Juan Pablo Di Pace,29.0,0.19668329639277699,0.14955954105552077,0.015391980339771917,0.6298720278224532
27,5,8,Mary Lou Retton,25.0,0.08492329338905437,0.06080335119414017,0.006498917779871918,0.30437971192309704
27,5,9,Milo Manheim,27.0,0.136359687408093,0.10019267389936012,0.0124453318521725,0.4590424509287182
27,6,0,Alexis Ren,27.0,0.11599736685066009,0.08165839839145805,0.009633144712239196,0.44347486359422034
27,6,1,Bobby Bones,22.0,0.04839800396466175,0.02669425537606021,0.0012470981337777954,0.23414395057093212
27,6,3,DeMarcus Ware,26.0,0.09566945942743729,0.06667659045457916,0.007013129351867892,0.370073404774006
27,6,4,Evanna Lynch,29.0,0.1917309623817494,0.14509602606807964,0.0192773321360652,0.6192771662397103
27,6,5,Joe Amabile,22.0,0.053325464196650824,0.02838529249175093,0.0010740521623383258,0.262149487074998
27,6,6,John Schneider,19.0,0.02915294475618172,0.013129838879015253,0.00022111603940266732,0.1500923582053616
27,6,7,Juan Pablo Di Pace,30.0,0.19217041350388506,0.14747821089294222,0.01497716032848632,0.6116839494576478
27,6,8,Mary Lou Retton,24.0,0.057981700134119275,0.03694492662091195,0.002618056489260017,0.2345744574028458
27,6,9,Milo Manheim,30.0,0.21557368478465458,0.16770752138480793,0.02164259619538875,0.6226916348682838
27,7,0,Alexis Ren,27.5,0.10972280817660011,0.07283081951003781,0.007380364780735339,0.4247835165332606
27,7,1,Bobby Bones,26.5,0.0771516301865098,0.04751839370542586,0.00353584352268654,0.3305559414200884
27,7,3,DeMarcus Ware,26.5,0.07310897785955156,0.04514423751827233,0.003885642168459001,0.30889992924133813
27,7,4,Evanna Lynch,29.5,0.2961604554483838,0.244879799623655,0.03346385943183166,0.8079078576435131
27,7,5,Joe Amabile,23.5,0.03100887994520308,0.012051138946839096,9.373357601414394e-05,0.17480992002478069
27,7,6,John Schneider,27.0,0.08976284769346693,0.05614463815321333,0.005799992032965835,0.3585445012068561
27,7,7,Juan Pablo Di Pace,28.0,0.11557874124187284,0.08508250706880267,0.008155971742521194,0.422232727685409
27,7,9,Milo Manheim,29.0,0.2075056594484118,0.16147260122226728,0.01963047807380275,0.6169156428548511
27,8,0,Alexis Ren,29.0,0.22840353290724105,0.17737562430364878,0.02348969688555819,0.6725761726128324
27,8,1,Bobby Bones,22.5,0.05526870025533561,0.027618384045385386,0.0008090828953102962,0.2719909781071872
27,8,4,Evanna Lynch,29.0,0.24392636472151652,0.19510081900459111,0.027258603277205556,0.7199286525445597
27,8,5,Joe Amabile,23.0,0.06652572760520614,0.034553581156168994,0.0010026041602742642,0.3249843018967568
27,8,7,Juan Pablo Di Pace,30.0,0.25743191447724856,0.2154693267098522,0.021949510056560272,0.7129097491755979
27,8,9,Milo Manheim,27.5,0.14844376003345214,0.10420092881492461,0.009402848504432128,0.5158538027898785
27,9,0,Alexis Ren,28.5,0.16124132679765113,0.10502648032674448,0.007339739250680837,0.6058167231778525
27,9,1,Bobby Bones,27.0,0.08101281493583729,0.04221803661699339,0.0008613730212417324,0.40432343690567474
27,9,4,Evanna Lynch,30.0,0.39988579160666077,0.3632414138463776,0.05266412913940824,0.8947597033452224
27,9,9,Milo Manheim,30.0,0.3578600666598508,0.31986626134374113,0.03970092474706543,0.8219065988199483
28,1,0,Ally Brooke,16.0,0.05449784790051829,0.036033244654455884,0.002109950753754033,0.2381109862852027
28,1,1,Hannah Brown,20.0,0.20428713217565594,0.16474940680597117,0.027096897576241077,0.6253682209541309
28,1,2,James Van Der Beek,21.0,0.21968987860307523,0.16180517022679985,0.023158176085465765,0.6957124718621444
28,1,3,Karamo Brown,17.0,0.04253597892791552,0.028912917013664025,0.003199928450868526,0.17584941807285
28,1,4,Kate Flannery,15.0,0.028354489555052584,0.01955581321265621,0.0009714267527765479,0.10645381031104695
28,1,5,Kel Mitchell,16.0,0.06473558192003423,0.04040921084590848,0.0030417309178366165,0.28973089325958834
28,1,6,Lamar Odom,11.0,0.010189288648578624,0.006125196275820092,5.8077829504442416e-05,0.04388692942334606
28,1,7,Lauren Alaina,19.0,0.17595616702316755,0.14938431255975365,0.01711406566635959,0.49872965998989205
28,1,8,Mary Wilson,17.0,0.07997104045752394,0.048414705561018484,0.004932115266583299,0.3565089312250238
28,1,9,Ray Lewis,15.0,0.033660743324204205,0.020120868632781567,0.0011465120368130478,0.15843530366832173
28,1,10,Sailor Brinkley-Cook,18.0,0.041998885897996135,0.023405148132087328,0.0036238736101393623,0.2074980164956109
28,1,11,Sean Spicer,12.0,0.044122965566277754,0.022881862434854613,0.00021231549669112064,0.18387368352127711
28,2,0,Ally Brooke,20.0,0.0932255066184876,0.06475893480806788,0.006777130512255861,0.3727272938915427
28,2,1,Hannah Brown,24.0,0.32984106661576285,0.2794624046653353,0.04772577261072501,0.8577511522356445
28,2,2,James Van Der Beek,20.0,0.08115733946237062,0.057568517461757465,0.0066009092155022795,0.293850816429869
28,2,3,Karamo Brown,19.0,0.043549392522081114,0.029183607843533462,0.003097610520098721,0.1823358430631503
28,2,4,Kate Flannery,21.0,0.08614993141348659,0.06305193002233112,0.006929490558638943,0.32373535544863014
28,2,5,Kel Mitchell,20.0,0.10418150711841213,0.07229775222010935,0.008438002781159035,0.3893733763151773
28,2,6,Lamar Odom,12.0,0.009335915955671605,0.005554045514436877,3.639196294138672e-05,0.04170001739051018
28,2,7,Lauren Alaina,19.0,0.1031183430246016,0.0782959750041118,0.0058064991907129755,0.3419474939597336
28,2,8,Mary Wilson,15.0,0.035462514108374574,0.01673332728049423,0.00036268157628806377,0.18741274625807966
28,2,9,Ray Lewis,15.0,0.022715782643229602,0.012393771115857521,0.0002869923110970506,0.11484366224476722
28,2,10,Sailor Brinkley-Cook,18.0,0.022621093679539454,0.012890199321375945,0.001341147769134684,0.1082954565881359
28,2,11,Sean Spicer,16.0,0.06864160683798225,0.04602841319887094,0.00109381220079779,0.2545777921915221
28,3,0,Ally Brooke,24.0,0.19355756007547995,0.14566334299245712,0.023719796216905047,0.6052988972406771
28,3,1,Hannah Brown,21.0,0.12871204506103814,0.09265010300928464,0.01012613713706559,0.4455731326112104
28,3,2,James Van Der Beek,23.0,0.13871888585692427,0.10118629336179294,0.017310031711815953,0.4411414543059984
28,3,3,Karamo Brown,16.0,0.024498984933917944,0.015176519044693608,0.0006800174959451322,0.11509709378049456
28,3,4,Kate Flannery,24.0,0.14266401216107752,0.10298516324745866,0.013257083956112952,0.491583389384368
28,3,5,Kel Mitchell,20.0,0.09701413922781171,0.06739763342376696,0.0071722872297913225,0.3855138732100859
28,3,6,Lamar Odom,12.0,0.012565148265809461,0.007615579999931927,9.29180985405936e-05,0.0530776087589922
28,3,7,Lauren Alaina,20.0,0.12099813784635174,0.09489343314608754,0.00772358977380903,0.379522177719767
28,3,10,Sailor Brinkley-Cook,23.0,0.07257670981339367,0.03801856553843877,0.007001404834111871,0.35180731251049874
28,3,11,Sean Spicer,15.0,0.06869437675819562,0.043865868228083305,0.0007723631590590886,0.261753742591012
28,4,0,Ally Brooke,32.0,0.15810637487065532,0.1141905416256635,0.014431825421155214,0.5656860954954867
28,4,1,Hannah Brown,32.0,0.18752461621416944,0.1542870984470058,0.023023433619278964,0.5872315352034877
28,4,2,James Van Der Beek,28.0,0.06417500082404717,0.04404898081870341,0.004783207542843923,0.24212654688505822
28,4,3,Karamo Brown,28.0,0.04443331027938068,0.02902000067159005,0.0034272741322801223,0.18502531793072707
28,4,4,Kate Flannery,26.0,0.03542001851890861,0.025130880146685006,0.0015270106425722184,0.13568324742527832
28,4,5,Kel Mitchell,32.0,0.17262917534491728,0.131546819364672,0.01771879085651718,0.5324684127390638
28,4,6,Lamar Odom,20.0,0.012604188456846082,0.007607692794371205,0.00010817268480926826,0.0529379132656737
28,4,7,Lauren Alaina,32.0,0.21515925784991502,0.18353056225821324,0.0274095700433126,0.5790335990774322
28,4,10,Sailor Brinkley-Cook,31.0,0.05870396731849343,0.030665198948012028,0.005657620286006698,0.28445191390184543
28,4,11,Sean Spicer,21.0,0.05124409032266701,0.027558749559652124,0.0002845642687977521,0.212339859428512
28,5,0,Ally Brooke,27.0,0.2455727774630994,0.18642921166255305,0.02821566910288066,0.741336501722528
28,5,1,Hannah Brown,25.0,0.15037449820890225,0.11058857982535045,0.013002794643240513,0.503242199267617
28,5,2,James Van Der Beek,26.0,0.15312013424366497,0.11655894267324635,0.01865581471606795,0.4918521429954604
28,5,3,Karamo Brown,21.0,0.022408727302015916,0.013160113980266147,0.00043754607219219946,0.11236956876303822
28,5,4,Kate Flannery,24.0,0.05995238773493747,0.04491414414893764,0.0043665094273935105,0.2130053573372221
28,5,5,Kel Mitchell,26.0,0.18973861846220744,0.142810712283084,0.020890840547663977,0.5755863738242848
28,5,7,Lauren Alaina,23.0,0.09559336710978007,0.06836407747643347,0.0036620240362674685,0.3300114222967816
28,5,10,Sailor Brinkley-Cook,24.0,0.03601986009618879,0.021091295361367623,0.0029209131979899736,0.17942686612426845
28,5,11,Sean Spicer,19.0,0.04721962937920373,0.02265829496434074,0.00013803502109476098,0.20720550091192658
28,6,0,Ally Brooke,25.0,0.0830130846472433,0.05905902062980719,0.004236278619362686,0.33411496681927
28,6,1,Hannah Brown,24.0,0.07604290287003658,0.04653410392198471,0.0024250266394462007,0.3054418533318404
28,6,2,James Van Der Beek,27.0,0.1817052007681596,0.14188323233886146,0.022627279396537817,0.5485937533956925
28,6,3,Karamo Brown,25.0,0.04989634460830676,0.03328926160538479,0.0037643606435229246,0.1992765125021437
28,6,4,Kate Flannery,27.0,0.1486482943409015,0.10818722217839896,0.013234633185208034,0.49463763753212486
28,6,5,Kel Mitchell,26.0,0.1424741000348775,0.1071882970357446,0.01503904075213336,0.5167638793899964
28,6,7,Lauren Alaina,26.0,0.17858109691554294,0.1497290923496733,0.01833520423099682,0.49391682046079444
28,6,10,Sailor Brinkley-Cook,27.0,0.09647586683205155,0.051904887488575795,0.009003317061628281,0.473654146255568
28,6,11,Sean Spicer,21.0,0.0431631089828803,0.019946214059958195,8.412533276014977e-05,0.18563106625718506
28,7,0,Ally Brooke,27.0,0.18855478835976835,0.13840712168085278,0.020216118684633196,0.6314564378555784
28,7,1,Hannah Brown,26.0,0.15019400223062498,0.11338999496084913,0.014709057056293632,0.49198994641557875
28,7,2,James Van Der Beek,27.0,0.16935739424957647,0.12626957489933488,0.021007390216808315,0.5364484896099639
28,7,3,Karamo Brown,24.5,0.03970864078687888,0.02635199609900111,0.0025052351715600264,0.15707461891649477
28,7,4,Kate Flannery,24.0,0.03738726967267804,0.025343643604232254,0.001532919676599334,0.141567112308262
28,7,5,Kel Mitchell,25.5,0.11304171832168385,0.07976748420547009,0.008984819538404564,0.4542062710967716
28,7,7,Lauren Alaina,27.0,0.2572289772252386,0.2188483814788152,0.03257541435033927,0.6734299962217617
28,7,11,Sean Spicer,21.0,0.044527209153550726,0.020243289919190673,0.00011697004063290415,0.1943507605784435
28,8,0,Ally Brooke,30.0,0.1636714845467069,0.12111319453362607,0.016082688091845748,0.5615992305767836
28,8,1,Hannah Brown,30.9998,0.2378202125420349,0.20123401811170605,0.03166295493340258,0.6793369480339395
28,8,2,James Van Der Beek,31.9998,0.2269083319624152,0.18096833448841554,0.02696322726739539,0.6808568012862362
28,8,4,Kate Flannery,25.9998,0.05127275819549033,0.0368814894407236,0.0026781711715300072,0.18870462556376863
28,8,5,Kel Mitchell,29.9998,0.18049006502348336,0.13860942432096543,0.018686873780709243,0.5938145014866602
28,8,7,Lauren Alaina,24.0,0.08102116531690504,0.05270227118553131,0.0020422234638196933,0.3021118846220582
28,8,11,Sean Spicer,20.0,0.05881598241296432,0.030584089291799933,0.0002976348800739995,0.25203225167221976
28,9,0,Ally Brooke,40.0,0.2947249285146637,0.23339280647442756,0.03381877951308265,0.823239356323276
28,9,1,Hannah Brown,35.5,0.16151717366477233,0.11810110131562222,0.013512073031101109,0.5329488763758705
28,9,2,James Van Der Beek,36.0,0.12590417682327257,0.09333290404962155,0.012631418391753042,0.4183429507657594
28,9,5,Kel Mitchell,37.0,0.18881045760705972,0.14306741034423773,0.01702843722842618,0.6055421418311264
28,9,7,Lauren Alaina,35.0,0.17058668696459026,0.13861098172227534,0.01353712242843019,0.49989553517856383
28,9,11,Sean Spicer,25.0,0.05845657642564144,0.02926461859932716,0.00021931761418786464,0.25473426194812737
28,10,0,Ally Brooke,29.5,0.4143177358942389,0.3676403763307702,0.05474157464294159,0.9238575385019099
28,10,1,Hannah Brown,27.0,0.1343755697708675,0.086992756497244,0.0038639923304227704,0.4863658966083351
28,10,2,James Van Der Beek,25.5,0.04392425581303689,0.024633146807651676,0.00035473519002111626,0.19330551250024988
28,10,5,Kel Mitchell,28.5,0.25675284351905997,0.20787152583561277,0.022158154309502354,0.7374419936207459
28,10,7,Lauren Alaina,27.0,0.15062959500279663,0.10879046250947397,0.005306511561182553,0.47828754879791385
28,11,0,Ally Brooke,30.0,0.4713964229438764,0.4452358433428516,0.06792676557346045,0.9479259999386658
28,11,1,Hannah Brown,29.0,0.15973775180391425,0.10754975133230549,0.004377507572583034,0.5543070527852982
28,11,5,Kel Mitchell,29.5,0.2628858341445797,0.214596213440194,0.018889016940362865,0.7431377583452261
28,11,7,Lauren Alaina,28.5,0.10597999110762962,0.06241758599009913,0.0009856754307644266,0.42774018030138156
29,1,0,AJ McLean,18.0,0.03927603410505602,0.030660660680214547,0.00396252681487501,0.13151869592420068
29,1,1,Anne Heche,18.0,0.029119882666309802,0.022329758070662814,0.0033564391390339164,0.09703765297385804
29,1,2,Carole Baskin,11.0,0.008601643654950884,0.005591518838340047,3.858324127996902e-05,0.033823273818189115
29,1,3,Charles Oakley,12.0,0.00629952242486575,0.0036515601416176593,5.702958579632465e-05,0.02519347599146707
29,1,4,Chrishell Stause,13.0,0.01183797503604286,0.00686748165268275,0.00020726808798095315,0.04918709640156385
29,1,5,Jeannie Mai,18.0,0.07221337199813882,0.044929303768037915,0.0052285757850924095,0.3196377894038894
29,1,6,Jesse Metcalfe,18.0,0.03918050070230107,0.028419382611215134,0.00355177839751386,0.14010895367232162
29,1,7,Johnny Weir,18.0,0.039454683574072016,0.02923009805163685,0.0038425237834188125,0.1339005891571312
29,1,8,Justina Machado,21.0,0.1780337651402369,0.14309626284057725,0.021324120101650777,0.524383710119719
29,1,9,Kaitlyn Bristowe,20.0,0.10364667567919876,0.07353456683673332,0.010475172418908123,0.38234493533633646
29,1,10,Monica Aldama,19.0,0.06893645413302196,0.04677161881198283,0.007240319090956446,0.2661415294646872
29,1,11,Nelly,16.0,0.08381465161062768,0.06078874333071124,0.0015434994032391485,0.3003723069206862
29,1,12,Nev Schulman,20.0,0.11085188223026565,0.07349582103460327,0.009851237806147843,0.4170199125985778
29,1,13,Skai Jackson,21.0,0.18355785080467832,0.14842392229285112,0.02429361437149502,0.5535402711569994
29,1,14,Veron Davis,17.0,0.02517510624023354,0.01916097761783663,0.0019882060811060786,0.07893388665945501
29,2,0,AJ McLean,19.0,0.04242215352633505,0.032644561291676734,0.0030961381004997097,0.15231055879046212
29,2,1,Anne Heche,18.0,0.02124908040888856,0.015457986160720957,0.001217732390371716,0.06849471366959006
29,2,2,Carole Baskin,16.0,0.016457906052400165,0.011221785801565645,0.00018547529009965824,0.06258729221678346
29,2,3,Charles Oakley,15.0,0.007239383530019598,0.004177399369549045,5.1096695133351644e-05,0.02834140559466021
29,2,4,Chrishell Stause,18.0,0.02967387426201274,0.018977757847680105,0.0018955509079811158,0.11983045860259246
29,2,5,Jeannie Mai,18.0,0.05545499372295257,0.03193116413751522,0.0019167644505220522,0.24172326935955132
29,2,6,Jesse Metcalfe,20.0,0.06417944486961404,0.046266585177968146,0.006023743076485952,0.2417350385603987
29,2,7,Johnny Weir,18.0,0.02960969834523575,0.02085965642229401,0.0015910424730014169,0.11011881704812684
29,2,8,Justina Machado,21.0,0.18269651870575118,0.14802085932492032,0.021763110710052023,0.5215741880041656
29,2,9,Kaitlyn Bristowe,22.0,0.22445719930218375,0.16950158956494527,0.022152992230646273,0.7178735629158637
29,2,10,Monica Aldama,16.0,0.021963533649036682,0.010329577917606761,0.00028516653087088105,0.13049208641416268
29,2,11,Nelly,18.0,0.10218145071882576,0.07324943368158476,0.0018733609366749309,0.36231644397290697
29,2,12,Nev Schulman,21.0,0.15273562933581689,0.10305422640047902,0.01226952542498543,0.5382770015397179
29,2,13,Skai Jackson,15.0,0.02549487909558941,0.014229634251654362,0.00012726440777868656,0.1119219962093266
29,2,14,Veron Davis,18.0,0.024184254475337823,0.018111597905886775,0.0014053917445602281,0.07956881921665374
29,3,0,AJ McLean,21.0,0.04798683170950154,0.037500253225049324,0.005026175893284365,0.17586918209862715
29,3,1,Anne Heche,15.0,0.009137838965809147,0.006307651556188504,0.00015312512751029377,0.03444314247449021
29,3,2,Carole Baskin,12.0,0.008263283334817828,0.004795659374924587,2.2400987042476946e-05,0.03618310436280247
29,3,4,Chrishell Stause,22.0,0.06584605086721422,0.045141344130738795,0.0077282412062806,0.25980938486252597
29,3,5,Jeannie Mai,22.0,0.10715695019939188,0.07452211433477235,0.010984298714838685,0.40602664060066085
29,3,6,Jesse Metcalfe,20.0,0.03667124350124171,0.02661354644224364,0.0030507381941730183,0.12909559389884265
29,3,7,Johnny Weir,24.0,0.11747982757017211,0.08087356509202176,0.012179319515766833,0.45300975897016077
29,3,8,Justina Machado,19.0,0.0641482597797274,0.04157907607297219,0.0034374296647898136,0.2572989969676408
29,3,9,Kaitlyn Bristowe,23.0,0.11893728876515358,0.08588934982858734,0.012846974902030258,0.41588273286989486
29,3,10,Monica Aldama,21.0,0.06260533473970799,0.04172978478468263,0.006099914201118009,0.23307045650775537
29,3,11,Nelly,18.0,0.0865955912173773,0.0593486407071403,0.0011482035284519165,0.3211732125916389
29,3,12,Nev Schulman,24.0,0.1692751693221553,0.11680881927772342,0.014456310774078275,0.5633182844450828
29,3,13,Skai Jackson,18.0,0.050953636684874966,0.035593678468152055,0.0016929419865352692,0.17849244719777288
29,3,14,Veron Davis,22.0,0.05494269334285501,0.042251539525623216,0.006997996730328415,0.18573443396949169
29,4,0,AJ McLean,24.0,0.04293441871093169,0.032547844360637936,0.002138234562549214,0.1506541040914868
29,4,1,Anne Heche,21.0,0.010778765947459239,0.007739186747452661,7.29765839569248e-05,0.04353815316720736
29,4,4,Chrishell Stause,22.0,0.021214770401043578,0.012865086009401748,0.0003151055971836005,0.08756443474935552
29,4,5,Jeannie Mai,21.0,0.03386938896082047,0.015301192613965082,0.0001430770841413041,0.17743942793605724
29,4,6,Jesse Metcalfe,21.0,0.01444038614708828,0.008713581407468906,9.442640311940787e-05,0.055624284608838906
29,4,7,Johnny Weir,24.0,0.043034837205216864,0.030815529921081747,0.0022103233358351164,0.14129918425546495
29,4,8,Justina Machado,24.0,0.08999798271006076,0.06593432065378088,0.003744474395727485,0.3509844212928221
29,4,9,Kaitlyn Bristowe,25.0,0.09599600168175446,0.06353778671436572,0.006877791276542049,0.3873345443261198
29,4,10,Monica Aldama,24.0,0.05792533746387086,0.03591410807294981,0.0027984315537849173,0.22267655605877532
29,4,11,Nelly,21.0,0.060491211709586906,0.03697712274587657,8.630171653120991e-05,0.2624205816560694
29,4,12,Nev Schulman,24.0,0.06913244465672486,0.044016445624634366,0.002551635022184359,0.31223706495762416
29,4,13,Skai Jackson,28.0,0.4425290344691501,0.3885799820045599,0.06885023297768661,0.9495558515485203
29,4,14,Veron Davis,22.0,0.01765541993629198,0.01249132564952805,0.000259710174322709,0.06134533464235471
29,5,0,AJ McLean,24.0,0.03971120168445626,0.03110621911716681,0.002835332554323584,0.13848317407133615
29,5,4,Chrishell Stause,19.0,0.012072552276107965,0.0065571626094776386,0.00011130525055674649,0.054096610081921875
29,5,5,Jeannie Mai,24.0,0.0736353733215222,0.04558881077818373,0.0033509568556930273,0.3091378697444991
29,5,6,Jesse Metcalfe,19.0,0.011363850384210533,0.006684858141072454,8.277081175539646e-05,0.04667627609131483
29,5,7,Johnny Weir,29.0,0.20551464917513923,0.1445617269826353,0.01832023269906698,0.757265300554314
29,5,8,Justina Machado,24.0,0.08313233544490901,0.057297261397265306,0.005592403620810082,0.3232033660889314
29,5,9,Kaitlyn Bristowe,27.0,0.14146851688498485,0.10125883488825607,0.015327576827882368,0.4930845747837862
29,5,10,Monica Aldama,26.0,0.09222855269395033,0.06862084204836652,0.009602702239869297,0.3260877445283499
29,5,11,Nelly,24.0,0.131730915106114,0.10335652594687664,0.0043373625309557975,0.4284192069041208
29,5,12,Nev Schulman,26.0,0.1121876313782141,0.07681841739087777,0.00727798487835133,0.41503091898087696
29,5,13,Skai Jackson,24.0,0.0812501934000262,0.06069556169253641,0.005105333587905866,0.2694397580441711
29,5,14,Veron Davis,21.0,0.015704228250365236,0.011126239232418664,0.00041037604251744416,0.055904185967204714
29,6,0,AJ McLean,27.0,0.1022610741122453,0.07656720465870376,0.013026605450620055,0.38552043889380333
29,6,4,Chrishell Stause,24.0,0.04090478906696608,0.02841303066691183,0.003816236657888639,0.1636699227371135
29,6,5,Jeannie Mai,25.0,0.09356442125945279,0.06143688121641705,0.0075027604370005,0.3907186919273293
29,6,7,Johnny Weir,22.0,0.02356909262944338,0.015879670629116042,0.0010771018426144706,0.08949589779663354
29,6,8,Justina Machado,27.0,0.18564812180273554,0.15179578855867568,0.02239924708793343,0.5320998870205327
29,6,9,Kaitlyn Bristowe,27.0,0.14484819098141133,0.10368410558368989,0.014962394270991447,0.49946877033779424
29,6,10,Monica Aldama,27.0,0.1282671392153085,0.09167905736457024,0.015171004765648246,0.42914806323987925
29,6,11,Nelly,24.0,0.13137454799656686,0.1025325867550223,0.004392971755731842,0.43931162016530173
29,6,12,Nev Schulman,26.0,0.11191558752539289,0.07441126115021537,0.009285754184547053,0.41756778951715634
29,6,13,Skai Jackson,18.0,0.02249567175790793,0.011659741754646808,7.736033783031e-05,0.10210627842339112
29,6,14,Veron Davis,21.0,0.015151363652569378,0.010531251743962463,0.0004435886722454749,0.05462285235385373
29,7,0,AJ McLean,26.0,0.04042870981421377,0.0303019092220139,0.0022026211529007247,0.14511155398060005
29,7,4,Chrishell Stause,26.0,0.042441186789840754,0.027008025999709126,0.002670582539111178,0.1830400583202766
29,7,5,Jeannie Mai,25.0,0.05458020696575274,0.030408414959983813,0.001062737190393505,0.26288906704229814
29,7,7,Johnny Weir,27.0,0.06183434833293615,0.043421835979184725,0.004636560547746632,0.22368089978054825
29,7,8,Justina Machado,26.0,0.08522503754538538,0.056975639672363916,0.0035963583131388126,0.34777071966456236
29,7,9,Kaitlyn Bristowe,24.0,0.03181475527770475,0.01688549711939258,0.0004096831352789189,0.1553417762104476
29,7,10,Monica Aldama,22.0,0.016970655758884595,0.006421102172641532,5.1731160852025205e-05,0.10971619164242127
29,7,11,Nelly,27.0,0.191012928872334,0.15770587213190929,0.0069448588940865105,0.5588119815484022
29,7,12,Nev Schulman,30.0,0.35566858679884034,0.27673447472312174,0.02217266472290651,0.9176827196369501
29,7,13,Skai Jackson,27.0,0.12002358384410755,0.09573177309764883,0.008260044519705481,0.4133746716317521
29,8,0,AJ McLean,27.0,0.04492035408138816,0.033417663494096264,0.002413878566533134,0.15607918039862492
29,8,4,Chrishell Stause,27.0,0.04651545071416226,0.03010207709849741,0.002869346413559992,0.18099843737372515
29,8,7,Johnny Weir,30.0,0.1850299762102306,0.13329213432725245,0.019470957932999154,0.6246811536844993
29,8,8,Justina Machado,28.9998,0.2007666242539014,0.16646206415418402,0.02319602712947682,0.5814114666723535
29,8,9,Kaitlyn Bristowe,28.0,0.10144159055677619,0.07481830613589754,0.007569716805565989,0.40842219912833355
29,8,11,Nelly,24.0,0.06519518052088871,0.0327155443770098,8.184688937684217e-05,0.3046587237418787
29,8,12,Nev Schulman,30.0,0.26370176757126507,0.20402155510980868,0.020161373469228087,0.7627945929447296
29,8,13,Skai Jackson,26.9998,0.09242905609138759,0.07283958860438149,0.004053377774973054,0.30401527055096567
29,9,0,AJ McLean,24.9998,0.030559873434206467,0.021444159036165332,0.0006883652942116864,0.11656303296778232
29,9,7,Johnny Weir,30.0,0.17340839000945443,0.12575213199351531,0.020508380086851557,0.5686646724143695
29,9,8,Justina Machado,25.9998,0.08748024922458937,0.05714336754958146,0.0027866840197253665,0.37849540001661675
29,9,9,Kaitlyn Bristowe,30.0,0.2342260780654666,0.17770819846774982,0.025433898972686022,0.7027889341649476
29,9,11,Nelly,24.0,0.0891081162970718,0.05133120827812127,0.0003257495100176073,0.3904969061709607
29,9,12,Nev Schulman,28.9998,0.17406861698321582,0.13131902883794938,0.012946135999017831,0.5957980813779407
29,9,13,Skai Jackson,28.9998,0.2111486759859955,0.1848927269823048,0.026264338149101302,0.579138143547301
29,10,7,Johnny Weir,28.5,0.04408544320903807,0.030533484455844185,0.0013854118002069205,0.16481707655942865
29,10,8,Justina Machado,29.0,0.1421865924905383,0.10710024265599324,0.007840051665050824,0.5241409361592627
29,10,9,Kaitlyn Bristowe,30.0,0.2974114425712115,0.2394346360604232,0.030021962501076343,0.8018465408748484
29,10,11,Nelly,28.0,0.1082386927741754,0.06301233687785777,0.0003916407775642508,0.4603864634857607
29,10,12,Nev Schulman,30.0,0.31690246292668384,0.26537565713814815,0.02501089127793772,0.826540354464698
29,10,13,Skai Jackson,28.5,0.0911753660283528,0.06933281228569449,0.0019885179158351906,0.31246445213652496
29,11,8,Justina Machado,30.0,0.3353487829919796,0.3062666706030862,0.047845170780131493,0.7659631706126366
29,11,9,Kaitlyn Bristowe,30.0,0.2613203285034943,0.2151196532012108,0.025231338218590263,0.744103231932758
29,11,11,Nelly,28.5,0.12665609758614418,0.07197224876955344,0.0005105087183936785,0.5114906901706796
29,11,12,Nev Schulman,30.0,0.27667479091838193,0.22957697887252487,0.024560314413084858,0.7660859029423586
30,1,0,Amanda Kloots,28.0,0.13561820743216368,0.10319943265735534,0.015102194894512921,0.45586052981006386
30,1,1,Brian Austin Green,24.0,0.042159225385896414,0.032485199829885764,0.0030181998145131306,0.1344498371064023
30,1,2,Christine Chiu,25.0,0.0211178366301004,0.016033129251059985,0.003002423038666383,0.07578438855480778
30,1,3,Cody Rigsby,24.0,0.11750188722897177,0.09642709181197692,0.00709373895569795,0.34091625541534626
30,1,4,Iman Shumpert,21.0,0.06610793459746962,0.04696876516526795,0.0009719719720419034,0.2491434619124654
30,1,5,Jimmie Allen,22.0,0.032000137038676046,0.02596605425122723,0.0013291834132197556,0.10711348765895652
30,1,6,JoJo Siwa,29.0,0.17218194493779446,0.12276042102002904,0.020427642481421752,0.5742878001843639
30,1,7,Kenya Moore,26.0,0.06663093744915205,0.047075245803305084,0.0077956326958089975,0.2391252730948509
30,1,8,Martin Kove,13.0,0.00467775637389479,0.002120494313780328,9.38617380426402e-06,0.025146911523439154
30,1,9,Matt James,24.0,0.03990109575541303,0.03141751930287471,0.003999504028320152,0.1266749144183822
30,1,10,Melanie C,27.0,0.04326505184406028,0.025941183630746774,0.004655394050540351,0.18640316934315707
30,1,11,Melora Hardin,26.0,0.06451371052274109,0.04480180765131769,0.006455894537459084,0.25420714672289835
30,1,12,"Mike ""The Miz"" Mizanin",24.0,0.04627050351956428,0.0356203919831785,0.003921949373514461,0.14074575292638436
30,1,13,Olivia Jade,25.0,0.04224507845791295,0.03130794000926512,0.0033364432966272502,0.14943453052770425
30,1,14,Suni Lee,28.0,0.10580869282618914,0.07212673172257075,0.012658061251589746,0.3825135380709151
30,2,0,Amanda Kloots,32.0,0.21232327111824995,0.15978634840282413,0.022797808497005388,0.6689892487774894
30,2,1,Brian Austin Green,23.0,0.02624313099069685,0.01834131014343747,0.0007741309084958334,0.09079163884011787
30,2,2,Christine Chiu,24.0,0.011845569635204384,0.008725129314558884,0.0009321876374621333,0.04126313438337929
30,2,3,Cody Rigsby,24.0,0.08932422433709154,0.07058872013306154,0.003062429970229736,0.28878621258738185
30,2,4,Iman Shumpert,25.0,0.09976891212520875,0.0769164042877011,0.0031020071446857863,0.3322005283180398
30,2,5,Jimmie Allen,27.0,0.06199927782885957,0.049350100003107626,0.0057375692966934585,0.199116125564627
30,2,6,JoJo Siwa,31.0,0.1684885806847205,0.11963720514301038,0.020111513882363364,0.5582555057097226
30,2,7,Kenya Moore,24.0,0.030775243695473246,0.02043227548011851,0.0016362433911466386,0.10746175557720446
30,2,8,Martin Kove,15.0,0.005565048296330318,0.0026932305711878466,1.5057765376135373e-05,0.028951948779041795
30,2,9,Matt James,22.0,0.02144463402138229,0.01454259772841859,0.0005807669361320225,0.08045589106871369
30,2,10,Melanie C,30.0,0.057999329613165077,0.03204556103122866,0.005362846910887024,0.2666324504435407
30,2,11,Melora Hardin,27.0,0.05383977016718754,0.037506966337433216,0.004706819425840281,0.22172026134451833
30,2,12,"Mike ""The Miz"" Mizanin",26.0,0.04975763345222302,0.03865859611106029,0.004115785539395858,0.15641359379323974
30,2,13,Olivia Jade,27.0,0.04468333591942955,0.03346858264709433,0.003529800327486737,0.15533985517400112
30,2,14,Suni Lee,28.0,0.06594203811477738,0.04535560426460521,0.00769101151994552,0.24587472561525686
30,3,0,Amanda Kloots,24.0,0.19487754501562302,0.15161410244628176,0.022277598993655636,0.6065104771154961
30,3,1,Brian Austin Green,19.0,0.02081090282186832,0.012342340597148102,0.00025005644367903765,0.07890051851252819
30,3,2,Christine Chiu,21.0,0.01601821164843631,0.011817692299664954,0.001484610187143926,0.05420088753694559
30,3,3,Cody Rigsby,18.0,0.04555600607641111,0.02945616071590463,0.00016156150003176115,0.20614338172452112
30,3,4,Iman Shumpert,19.0,0.05934204821603139,0.03931977950049716,0.0003059815602166793,0.2369398661136701
30,3,5,Jimmie Allen,20.0,0.03281225356557316,0.026066500510764583,0.0008690245237229918,0.1134743261151247
30,3,6,JoJo Siwa,24.0,0.1943633053232645,0.14370378806113682,0.023830300763910704,0.6148871676985839
30,3,7,Kenya Moore,21.0,0.041193613741707324,0.02804909187216373,0.002800044948175698,0.14174192319940607
30,3,9,Matt James,20.0,0.0281313706809277,0.019962836434048878,0.0008890246613126212,0.10324162378782292
30,3,10,Melanie C,22.0,0.029438711195108175,0.02072932902290137,0.003104111206739436,0.12379126931484302
30,3,11,Melora Hardin,23.0,0.09556363420762179,0.06604109656166099,0.00998437483329766,0.3415378689060844
30,3,12,"Mike ""The Miz"" Mizanin",22.0,0.06911617175955953,0.05397686211074998,0.006424608901225973,0.22300709494250753
30,3,13,Olivia Jade,24.0,0.13266573209041527,0.09495466467085824,0.011955851872759908,0.4758065415406078
30,3,14,Suni Lee,21.0,0.04011049365745236,0.02788357615773092,0.002076794096693175,0.16390806249415718
30,4,0,Amanda Kloots,34.0,0.10790909329670086,0.07991626665299689,0.011706286277474984,0.3854991804669758
30,4,1,Brian Austin Green,26.0,0.012454069931380984,0.006506199786567799,5.417742142505432e-05,0.050582568273766934
30,4,3,Cody Rigsby,29.0,0.0678138350620102,0.05044567985044766,0.000942003696867258,0.2600031556108935
30,4,4,Iman Shumpert,31.5,0.10998771340562602,0.08635340758618104,0.003390183444544958,0.34970399795720936
30,4,5,Jimmie Allen,32.5,0.061685578433821796,0.050289052099060975,0.005177696231760825,0.19110359242382438
30,4,6,JoJo Siwa,35.0,0.14336367388924787,0.10004630471883194,0.017772088436003107,0.47267969320420883
30,4,7,Kenya Moore,29.5,0.025462204305825634,0.015973137894323117,0.0009130078076232011,0.09599933245573457
30,4,9,Matt James,28.5,0.02030957585815578,0.012996361865260625,0.0004011151833219203,0.07901172936868672
30,4,10,Melanie C,33.0,0.029623772753243856,0.020714916566509294,0.0034442821895741527,0.12401435237864253
30,4,11,Melora Hardin,36.5,0.1853116029282015,0.12425272220143838,0.01773723419447473,0.6461101754523348
30,4,12,"Mike ""The Miz"" Mizanin",32.5,0.05967127543467036,0.04673831348360312,0.005747856447809867,0.18287074637929043
30,4,13,Olivia Jade,35.0,0.09469131279711496,0.06872056672399504,0.009192089916785641,0.31936332429635367
30,4,14,Suni Lee,34.0,0.08171629190400023,0.057414138192054466,0.009776041024677072,0.30307249334926356
30,5,0,Amanda Kloots,39.0,0.20581107390559952,0.16432687812803107,0.023919984825419533,0.6321489340870768
30,5,3,Cody Rigsby,32.0,0.0867025487080799,0.06483597474426708,0.0014006040526263505,0.3231657554677327
30,5,4,Iman Shumpert,28.0,0.042771553857091756,0.022898535027692117,5.507329997351767e-05,0.20035346929819903
30,5,5,Jimmie Allen,34.0,0.05128667615384754,0.042271716551834,0.0024970697450351024,0.16675987746102897
30,5,6,JoJo Siwa,40.0,0.2684708978347225,0.2159980902896458,0.03320443330514893,0.7680418897161647
30,5,7,Kenya Moore,36.0,0.07404405547609666,0.05265650161485633,0.0073187871057585506,0.2467056399416508
30,5,10,Melanie C,36.0,0.034949275210066084,0.024718400294962778,0.0035984065033135815,0.1399075983339641
30,5,11,Melora Hardin,36.0,0.0717760617930519,0.05055401541135082,0.005699145249001116,0.26357555506397734
30,5,12,"Mike ""The Miz"" Mizanin",32.0,0.033260535352895484,0.023266252743926272,0.0008549385610134589,0.12141842294532348
30,5,13,Olivia Jade,36.0,0.05954459520722637,0.04433738489650896,0.004488767786092631,0.2150638421900023
30,5,14,Suni Lee,36.0,0.07138272650132227,0.049267178001409784,0.006619307973873346,0.27548802521285404
30,6,0,Amanda Kloots,38.0,0.10629844093366954,0.07390598247384725,0.00897429401724388,0.39576784283849403
30,6,3,Cody Rigsby,36.0,0.11724007509223448,0.09193636641564215,0.004519389933150938,0.36837183352045977
30,6,4,Iman Shumpert,40.0,0.3453188702075934,0.31060353586335654,0.06996502344974291,0.7895595778715352
30,6,5,Jimmie Allen,38.0,0.08936267486170134,0.06721679315032617,0.010096288026719842,0.3107966282491277
30,6,6,JoJo Siwa,40.0,0.2038507103354557,0.15524106233647286,0.021323234774253897,0.6483234231926089
30,6,7,Kenya Moore,32.0,0.014379204919028601,0.007374045769365005,0.00012573012074531384,0.05960485605709138
30,6,11,Melora Hardin,34.0,0.023495729412723113,0.014188501464845137,0.0004595232400136957,0.12456639551321498
30,6,12,"Mike ""The Miz"" Mizanin",34.0,0.026368250663104675,0.017778896029018262,0.0006922916744682199,0.09886986652060788
30,6,13,Olivia Jade,36.0,0.03353870064679538,0.023719381888204702,0.0018282369163329748,0.13865988531100384
30,6,14,Suni Lee,36.0,0.040147342927693785,0.026843274784573865,0.0026763152790980024,0.16766027656977103
30,7,0,Amanda Kloots,34.0,0.04992963330249505,0.030197769140274253,0.0007680523806423628,0.24056333927165072
30,7,3,Cody Rigsby,36.0,0.15686264472529152,0.1297588936221087,0.006920013504500086,0.44773211395696294
30,7,4,Iman Shumpert,34.0,0.09604695219045478,0.070870605399084,0.0009592883032640985,0.34339328868115987
30,7,5,Jimmie Allen,38.0,0.10770955149204783,0.08517074351600802,0.011323999729189444,0.3516736706034247
30,7,6,JoJo Siwa,39.0,0.15746405037592484,0.11518360185171252,0.01938767126603452,0.4870416335838167
30,7,11,Melora Hardin,38.0,0.09577939246846559,0.06607476555339428,0.008702577417681498,0.3834951229214938
30,7,12,"Mike ""The Miz"" Mizanin",32.0,0.025567215879898998,0.01619391630128093,0.00023001857777931286,0.10004975435534089
30,7,13,Olivia Jade,42.0,0.27703814242316693,0.2131660796111866,0.022285443555452845,0.8535328294495562
30,7,14,Suni Lee,34.0,0.033602417142254426,0.022456302698807037,0.00055280135698196,0.13007779290845492
30,8,0,Amanda Kloots,42.0,0.19867913906412107,0.15666037906364377,0.022055903806182053,0.6073036626581949
30,8,3,Cody Rigsby,38.0,0.1726505751785036,0.14629999429038257,0.010496266551526346,0.46838841670161835
30,8,4,Iman Shumpert,35.0,0.09606247540158445,0.06474337569420283,0.0012750572539901184,0.35388932821554603
30,8,5,Jimmie Allen,32.0,0.023377673472562293,0.015893392249282167,0.00019174720263448553,0.09577103956541347
30,8,6,JoJo Siwa,41.0,0.1585732577196876,0.11052469359129892,0.019645822405076493,0.5281021860899374
30,8,11,Melora Hardin,42.0,0.15809550629070523,0.11168893794620169,0.01910016646090537,0.5696198190993089
30,8,13,Olivia Jade,36.0,0.03370377364556711,0.021949520581466833,0.0013619291756877703,0.13629036298434424
30,8,14,Suni Lee,42.0,0.15885759922726866,0.11565648541357954,0.01881627530550343,0.5450142461348974
30,9,0,Amanda Kloots,39.5,0.26234900153816915,0.21493525296613084,0.028115146209128066,0.7383702505018053
30,9,3,Cody Rigsby,35.5,0.09587461549178468,0.06862773751812151,0.0009784813974430839,0.35880499084600465
30,9,4,Iman Shumpert,37.5,0.19488064070832498,0.15363577558737207,0.0071144302913483054,0.590951838542106
30,9,6,JoJo Siwa,40.0,0.3346473712064063,0.28082991790262446,0.03905246592387955,0.8524016721984597
30,9,11,Melora Hardin,36.0,0.03858930400737358,0.025544890717865566,0.000869428069229478,0.17493111961949728
30,9,14,Suni Lee,37.5,0.07365906704794137,0.051088989424207275,0.0050978607261642096,0.27460966526221875
30,10,0,Amanda Kloots,39.0,0.1194169289333631,0.07764599311217074,0.0058986156372131645,0.48105491058970695
30,10,3,Cody Rigsby,38.0,0.10704322203008498,0.07339752179413414,0.001033706193336615,0.42386278635851365
30,10,4,Iman Shumpert,40.0,0.4845929133142392,0.4754730065492707,0.10742161486753192,0.907637401581028
30,10,6,JoJo Siwa,40.0,0.2889469357223128,0.2392034623029939,0.027962462614279166,0.7963626992403091
31,1,0,Charli D'Amelio,32.0,0.22692084549373542,0.1639922364814916,0.023799015768300392,0.7240090952721522
31,1,1,Cheryl Ladd,21.0,0.016476613659497884,0.012060372617034359,0.0005620294140002998,0.05955736520951307
31,1,2,Daniel Durant,27.0,0.0577512963485902,0.04119294687533483,0.005140751497243867,0.1967815360119206
31,1,3,Gabby Windey,28.0,0.11815034974094611,0.08400335128326866,0.008991915169193811,0.3745934633210644
31,1,4,Heidi D'Amelio,24.0,0.03219080303161636,0.02453216128908147,0.0017901324291288879,0.0975693199072666
31,1,5,Jason Lewis,18.0,0.0071661340021862965,0.004686164353682553,0.00010039500859795364,0.027306610397591805
31,1,6,Jessie James Decker,20.0,0.016051729291587824,0.009873773680030538,0.00040690668992412197,0.06408516902081188
31,1,7,Jordin Sparks,26.0,0.044059028468291,0.03230621065728813,0.003885019902896927,0.17526451250727693
31,1,8,Joseph Baena,23.0,0.04453282421131625,0.028433506838386222,0.0019252683076577274,0.18218636113026204
31,1,9,Sam Champion,20.0,0.01702769611721339,0.011420727821618341,0.0004786308771364242,0.06653428645501944
31,1,10,Selma Blair,28.0,0.09593753224758157,0.0590275057803837,0.006592922823892371,0.4177618551672849
31,1,11,Shangela,28.0,0.11040759579645791,0.0808980781277838,0.007381034357523292,0.40500588573941654
31,1,12,Teresa Giudice,20.0,0.010294873945522668,0.007612808955294687,0.0003479319262132922,0.03488555962850962
31,1,13,Trevor Donovan,21.0,0.0368712187313061,0.02526436147544584,0.000919535586784463,0.13701725008915847
31,1,14,Vinny Guadagnino,17.0,0.03240645722878408,0.02057631194614396,0.0001407510718639421,0.12281548459688357
31,1,15,Wayne Brady,29.0,0.13375500168536694,0.10141730547652789,0.016562512057777666,0.4403332067672095
31,2,0,Charli D'Amelio,32.0,0.15484169063247774,0.10994664375734742,0.017473915936278756,0.5331998934878341
31,2,1,Cheryl Ladd,21.0,0.007234430798379913,0.0041651492982759455,3.943657277769002e-05,0.033707235266672186
31,2,2,Daniel Durant,29.0,0.04781145892516549,0.03490651042516952,0.004142897129080005,0.16789871775197143
31,2,3,Gabby Windey,32.0,0.17893989248768588,0.13470584787930623,0.016254028641677205,0.5381547947495343
31,2,4,Heidi D'Amelio,28.0,0.03570904914390915,0.02837664367392925,0.0026863191909546093,0.10258585336677999
31,2,6,Jessie James Decker,25.0,0.01736788495245482,0.011142329460582245,0.0006997174182199673,0.06764875738006418
31,2,7,Jordin Sparks,27.0,0.027443978320983227,0.018899599742443714,0.00171815643536599,0.106147807034369
31,2,8,Joseph Baena,24.0,0.025916073024052137,0.014443394697170087,0.00041065414953769016,0.11931661812839522
31,2,9,Sam Champion,26.0,0.02290770851005877,0.016997070175421805,0.0013703246590753677,0.0807110267433921
31,2,10,Selma Blair,28.0,0.05148520088283072,0.028946109445498792,0.0036075130022672434,0.25043064114671887
31,2,11,Shangela,28.0,0.061283737797953035,0.04095458727368928,0.002877023384701956,0.2264981412690846
31,2,12,Teresa Giudice,23.0,0.007388582534693095,0.004933215061385222,0.00015912729667592746,0.027041978399483784
31,2,13,Trevor Donovan,30.0,0.11131421447556625,0.08747228417700066,0.01108931415035854,0.35158275356528795
31,2,14,Vinny Guadagnino,27.0,0.08090177551450749,0.06411068923563808,0.003478320852850158,0.23834664654703416
31,2,15,Wayne Brady,32.0,0.1694543219992823,0.13343336310931014,0.02041590713852089,0.5161303435933389
31,3,0,Charli D'Amelio,33.0,0.15575237647799747,0.10954471480247405,0.01750668924408563,0.5389739429601136
31,3,1,Cheryl Ladd,24.0,0.011172894035293889,0.00736250254094831,0.00017385259997471444,0.045593978167731905
31,3,2,Daniel Durant,31.0,0.06471869582224858,0.04774033475795898,0.0063660520959944265,0.2136343867154515
31,3,3,Gabby Windey,33.0,0.17966901917822428,0.13534691504465815,0.016818013469984638,0.5329573785933154
31,3,4,Heidi D'Amelio,32.0,0.08452338625926442,0.06901925740492437,0.009667064077862102,0.25257160510368926
31,3,6,Jessie James Decker,26.0,0.018489617431732216,0.011991180184328834,0.0007599909490353562,0.06973252749047469
31,3,7,Jordin Sparks,29.0,0.036339315539642016,0.026106006639399958,0.00315581473351551,0.15178057470989947
31,3,8,Joseph Baena,29.0,0.060882561063456075,0.0421905167375326,0.0045385780560682,0.22136200096892586
31,3,9,Sam Champion,25.0,0.016244384460012227,0.010962058486950876,0.00041617176351657197,0.0626575423223898
31,3,10,Selma Blair,28.0,0.04328921269042953,0.02330452003394881,0.0025350130294895,0.23557607804995878
31,3,11,Shangela,30.0,0.08041238486958874,0.057273119964246264,0.004643781677444406,0.27822500503583825
31,3,13,Trevor Donovan,27.0,0.04490803491722786,0.033037683709824135,0.001765958359318797,0.15320057842345897
31,3,14,Vinny Guadagnino,23.0,0.03266056529250596,0.02028789478092656,0.00016389352744507923,0.12276646738229174
31,3,15,Wayne Brady,33.0,0.17093755196237673,0.13240071069264212,0.02180765921860258,0.5332941395664329
31,4,0,Charli D'Amelio,36.0,0.1655702656640214,0.11682042648255028,0.01871865208601924,0.5502451238317099
31,4,2,Daniel Durant,29.0,0.022403645022678085,0.015108772391243253,0.0007617130126459136,0.0872515010006606
31,4,3,Gabby Windey,36.0,0.19196380001225224,0.1443394018412286,0.017306330869070453,0.5641570911275183
31,4,4,Heidi D'Amelio,34.0,0.06923327985052394,0.057433142879057916,0.007524727053773974,0.1930297302498084
31,4,6,Jessie James Decker,31.0,0.031677709104615696,0.02294916317001856,0.002481136825784455,0.12333666328100215
31,4,7,Jordin Sparks,34.0,0.06669356077952478,0.0487613511435397,0.0072285059101251095,0.28117103860557546
31,4,8,Joseph Baena,28.0,0.03099579031444476,0.01793754344953574,0.0006472135995216322,0.14517029076905924
31,4,9,Sam Champion,25.0,0.010784666917516726,0.00591945098077958,8.449278275337312e-05,0.04579387364713016
31,4,10,Selma Blair,32.0,0.05967272215172236,0.033477893583164255,0.004387407771016566,0.2873678222052161
31,4,11,Shangela,32.0,0.07062636380446108,0.04809034014687359,0.0033218072180106807,0.24677140303278347
31,4,13,Trevor Donovan,28.0,0.03414032554900143,0.022810751874345357,0.0007430202221206448,0.13069454487305304
31,4,14,Vinny Guadagnino,29.0,0.0636369735012297,0.048524304747774374,0.001616061470262316,0.20047973720571372
31,4,15,Wayne Brady,36.0,0.18260089732800786,0.1440604768661602,0.023035870710844616,0.5505042264972688
31,5,0,Charli D'Amelio,42.0,0.19781237575838273,0.14425906344578027,0.022185575895718193,0.639312303159792
31,5,2,Daniel Durant,33.5,0.017868767683027916,0.011135317543123023,0.0003508969224458545,0.07376129907883057
31,5,3,Gabby Windey,41.0,0.1756512875614373,0.13536083021901157,0.014783876665426113,0.5133202849221029
31,5,4,Heidi D'Amelio,39.0,0.06155957291877011,0.04934186841043883,0.00565083372562169,0.17006699443526316
31,5,6,Jessie James Decker,36.0,0.02797047456053786,0.019589312865812246,0.001830679978071893,0.10554907745082998
31,5,7,Jordin Sparks,35.5,0.02531152254207112,0.0168058352549115,0.001029979726256039,0.09753290049773639
31,5,8,Joseph Baena,35.0,0.04029119472392082,0.024263838876880342,0.0012766178541596437,0.1810664568903308
31,5,10,Selma Blair,40.0,0.11164127948762435,0.07119174967701038,0.007795736728029058,0.4625794246317432
31,5,11,Shangela,38.5,0.08884287976315725,0.06192069761649442,0.005031066616449862,0.3046854617990324
31,5,13,Trevor Donovan,36.0,0.05492167678185781,0.04120681168888062,0.0023879913710270024,0.18869482327347967
31,5,14,Vinny Guadagnino,31.0,0.032703735583173014,0.01955159519557773,0.00012557297382964345,0.12751495918427438
31,5,15,Wayne Brady,41.0,0.1654252326360397,0.12889779518261507,0.02179132893249136,0.5100594308175301
31,6,0,Charli D'Amelio,40.0,0.33180418917416526,0.26043383100759737,0.037608539018729514,0.8881689070401944
31,6,2,Daniel Durant,34.0,0.044799242704763396,0.032621410324078184,0.0022861864326452195,0.17252964882693084
31,6,3,Gabby Windey,37.0,0.16629863158489122,0.12577431934952193,0.012126307655620817,0.4937311745730958
31,6,4,Heidi D'Amelio,36.0,0.07558707861640666,0.06195538208102051,0.005284741129056798,0.2271903880543737
31,6,6,Jessie James Decker,32.0,0.02622866366563368,0.01704523404792431,0.000709838315548915,0.10536493187005705
31,6,7,Jordin Sparks,34.0,0.042243863242438964,0.02994888793106582,0.002065586604013666,0.16564604238193262
31,6,11,Shangela,36.0,0.12170305154177909,0.0896736195331617,0.005894417199408138,0.4349788378554932
31,6,13,Trevor Donovan,34.0,0.08198057126042815,0.06238718048956682,0.003570797765807599,0.266607099658156
31,6,14,Vinny Guadagnino,28.0,0.036058154271348855,0.021294675304148643,7.011671511626372e-05,0.13998695031009478
31,6,15,Wayne Brady,34.0,0.07329655393814474,0.050115808334367816,0.0031324451168329714,0.2712525887910902
31,7,0,Charli D'Amelio,39.0,0.214262624943454,0.16408345544648226,0.024933511891998755,0.6729773844194765
31,7,2,Daniel Durant,36.5,0.06123413325811572,0.044494482791322565,0.004423290510332341,0.2153531193289425
31,7,3,Gabby Windey,35.5,0.07891740749519047,0.0492346393039746,0.00303138284194768,0.29586867149289103
31,7,4,Heidi D'Amelio,35.0,0.036221615356133795,0.02624875526199187,0.0014636084924775522,0.11261842783383354
31,7,7,Jordin Sparks,34.5,0.030252855546739607,0.019027465987632605,0.000984630951562834,0.11051787029444625
31,7,11,Shangela,36.5,0.09981210414863717,0.06997969688427616,0.004450151493453071,0.37787663669213967
31,7,13,Trevor Donovan,39.0,0.27724316291940115,0.23277990173725027,0.0320599228965393,0.7483172487509715
31,7,14,Vinny Guadagnino,31.5,0.04037862630094447,0.02475818544371711,0.00011891299970902942,0.151283359683821
31,7,15,Wayne Brady,38.0,0.16167747003138358,0.1348435315722693,0.019383278148593624,0.49198685840507456
31,8,0,Charli D'Amelio,45.0,0.22868348491939652,0.18469357347363868,0.02751492782762159,0.6889853559250537
31,8,2,Daniel Durant,39.0,0.05957019187656628,0.044015863492757906,0.004346992105538159,0.21404662373483083
31,8,3,Gabby Windey,40.0,0.1207874909375721,0.08504694761179209,0.008095175457885666,0.4023322110389634
31,8,4,Heidi D'Amelio,35.0,0.03245070775141349,0.0228178701277129,0.0011211100284120761,0.10435813691158659
31,8,11,Shangela,42.0,0.1540431407637022,0.12112531531888333,0.010695860703412458,0.5066538297049323
31,8,13,Trevor Donovan,39.0,0.1073852309715209,0.0858178563633134,0.0072047473918272235,0.33931353505325873
31,8,14,Vinny Guadagnino,29.0,0.04469258113483444,0.02722341765257999,0.00016772442777331512,0.16431231010851213
31,8,15,Wayne Brady,45.0,0.2523871716449941,0.21132577388902613,0.03284880868559491,0.6747975408983266
31,9,0,Charli D'Amelio,40.0,0.3026343799452355,0.24367238606571623,0.034102729026386454,0.8235030974643589
31,9,2,Daniel Durant,34.5,0.045303603668437505,0.030374070118892434,0.0014171394900701437,0.18220270949734782
31,9,3,Gabby Windey,40.0,0.34999987830426826,0.31217120264870013,0.03310117365467054,0.8082529429750709
31,9,11,Shangela,36.5,0.12573749729597325,0.0866990933226274,0.004895485888055405,0.4615057429500289
31,9,13,Trevor Donovan,32.5,0.05266504982481929,0.03152099012164744,0.0005150610684124843,0.22189209441243
31,9,15,Wayne Brady,36.5,0.12365959096126625,0.0879403166178477,0.008681673049332334,0.42603485306595507
31,10,0,Charli D'Amelio,40.0,0.3690274015491687,0.31722921847018143,0.042447146678938764,0.8823987609184641
31,10,3,Gabby Windey,40.0,0.4253978141932758,0.4046137164498995,0.03855711755951338,0.8738769358183294
31,10,11,Shangela,38.0,0.10373000795047559,0.058497963918189705,0.0015949579266998529,0.45350634581827104
31,10,15,Wayne Brady,38.0,0.10184477630707989,0.060401286082487404,0.0021171135480745613,0.40326628302849593
32,1,0,Adrian Peterson,18.0,0.035895872714513,0.025443293401090524,0.0031481863866613647,0.13732459385727233
32,1,1,Alyson Hannigan,13.0,0.05888455099722627,0.03604368360277722,0.0007421873052061031,0.23161903523474944
32,1,2,Ariana Madix,21.0,0.16257398808963794,0.1328021249312572,0.013672556815409638,0.48135991577322285
32,1,3,Barry Williams,16.0,0.04957589185787512,0.03485924855881443,0.0020834118824606647,0.185518709056838
32,1,4,Charity Lawson,22.0,0.23725613262020973,0.1783072897970812,0.027794226346915266,0.7227342140817199
32,1,5,Harry Jowsey,12.0,0.04577668318146544,0.02638049036914622,0.00023054473652664456,0.17689004373380335
32,1,6,Jamie Lynn Spears,15.0,0.013970783520572412,0.009522333567338209,0.001047016591941703,0.05891671742477903
32,1,7,Jason Mraz,21.0,0.18855643677863365,0.15640412042111412,0.024236830839762573,0.5476503607490046
32,1,8,Lele Pons,19.0,0.050966562310112894,0.034387734485686924,0.004997359567050567,0.20512738109292777
32,1,9,Matt Walsh,12.0,0.0083209398764239,0.0053695111897487605,0.0001691761615377658,0.03247025223448265
32,1,10,Mauricio Umansky,15.0,0.0332831402300892,0.024270691142866067,0.0011227978212772017,0.11863051292898659
32,1,11,Mira Sorvino,17.0,0.030634047175215652,0.021347880517289957,0.0025263668524713964,0.11342768640155959
32,1,12,Tyson Beckford,12.0,0.011839561774912733,0.0074069003516484405,0.00013432858320252806,0.04863185539928876
32,1,13,Xochitl Gomez,18.0,0.07246540887311205,0.04580921855710722,0.0037935300552511286,0.29254254609861735
32,2,0,Adrian Peterson,15.0,0.012727474381917302,0.008595811077884232,0.00031865133525428173,0.0514676685279355
32,2,1,Alyson Hannigan,19.0,0.1300778005767252,0.1013062823993199,0.00797884561743628,0.3822010085107236
32,2,2,Ariana Madix,20.0,0.08186809188763002,0.057583320848465805,0.005033450505575678,0.29484506625540824
32,2,3,Barry Williams,15.0,0.029437336050222765,0.01749235333009279,0.0004931815968105528,0.11424785925454319
32,2,4,Charity Lawson,21.0,0.11101840110644777,0.08163940716255497,0.013128874578145752,0.3982904115284764
32,2,5,Harry Jowsey,15.0,0.05616407101245203,0.03575271026425325,0.0004915114629777244,0.2157317128557086
32,2,6,Jamie Lynn Spears,16.0,0.011915606029733496,0.007988184044970495,0.0005777593230859893,0.046733045136702435
32,2,7,Jason Mraz,24.0,0.24426011450136015,0.20340762452470132,0.029539749202998834,0.6932410429815893
32,2,8,Lele Pons,21.0,0.05374666004528139,0.03491523434025061,0.005006558176115242,0.232351194009955
32,2,10,Mauricio Umansky,12.0,0.014535764596773814,0.008889045002226387,8.283942822867599e-05,0.060510005682789275
32,2,11,Mira Sorvino,18.0,0.025178588727192218,0.017470520226187336,0.0018225326066811632,0.09125841215082156
32,2,12,Tyson Beckford,18.0,0.028473542663487016,0.0206721010761248,0.0017291320674746053,0.09628462252685666
32,2,13,Xochitl Gomez,24.0,0.20059654842077684,0.14529035438863183,0.01133108839042067,0.6457000426218006
32,3,0,Adrian Peterson,22.0,0.012109401282654201,0.007929722620518699,0.00024554572270010387,0.04813282789199917
32,3,1,Alyson Hannigan,24.0,0.07702606308709956,0.049946373557392065,0.001970343540927326,0.2628207211853773
32,3,2,Ariana Madix,34.0,0.2020591517991845,0.16785972908938887,0.01576617402418627,0.5933296673618507
32,3,3,Barry Williams,25.0,0.042331558509750455,0.028937067605265834,0.0015425846471576019,0.16247460855397547
32,3,4,Charity Lawson,32.0,0.15115626106908747,0.11096222718351256,0.017668988433293443,0.5191211114601147
32,3,5,Harry Jowsey,24.0,0.0693858116206036,0.04753307281568628,0.0010151037730431317,0.26235784812849766
32,3,7,Jason Mraz,34.0,0.22837154511623253,0.19205576132547714,0.028851833229,0.6346175421396566
32,3,8,Lele Pons,27.0,0.027945927469847982,0.018430204971822017,0.0016821191435615532,0.12591081586521063
32,3,10,Mauricio Umansky,23.0,0.026269034537713124,0.018836938412947788,0.0005544961842617982,0.09749357266733684
32,3,11,Mira Sorvino,26.0,0.023916077365177382,0.01629485331966131,0.0014589582906164836,0.09246117289611336
32,3,12,Tyson Beckford,20.0,0.011036511777054477,0.006846768108642865,0.00011094169500135565,0.046669317496344634
32,3,13,Xochitl Gomez,32.0,0.12839265636559474,0.08953791802682898,0.0076957962789275915,0.4518365493919975
32,4,0,Adrian Peterson,21.0,0.023206063398601717,0.01627738260361473,0.0011702487895832324,0.09518172434974409
32,4,1,Alyson Hannigan,18.0,0.05543950753220483,0.032544176508083354,0.00043356788060440124,0.21584961472212635
32,4,2,Ariana Madix,25.0,0.162661649091843,0.1280789127044835,0.012871487110713023,0.4678585787707251
32,4,3,Barry Williams,18.0,0.02620399671490784,0.01428823301944632,0.00024294101698529023,0.11484735952494317
32,4,4,Charity Lawson,24.0,0.1279022001112588,0.09547599356660082,0.014546515856310992,0.4475971823905735
32,4,5,Harry Jowsey,21.0,0.09504401045649279,0.07162385683135547,0.002328032953048342,0.3440671989211247
32,4,7,Jason Mraz,24.0,0.14152633525991462,0.10475307787760807,0.011831732398006967,0.450236364158999
32,4,8,Lele Pons,22.0,0.033000416763528474,0.02146163727441309,0.001907018401693055,0.15322285217038148
32,4,10,Mauricio Umansky,19.0,0.026674717268144448,0.018398777693389927,0.00048056121910147883,0.10029042313669205
32,4,11,Mira Sorvino,21.0,0.02481044243917756,0.016937340233859705,0.0013512928362817767,0.09039666374743319
32,4,13,Xochitl Gomez,27.0,0.28353066096392593,0.22057751311672527,0.017665977854102087,0.8318855874404392
32,5,1,Alyson Hannigan,21.0,0.07506625248599876,0.04836143629057911,0.0012706659007550934,0.2743383293525886
32,5,2,Ariana Madix,24.0,0.0732748426944087,0.04789498836610791,0.0037596235065740368,0.27243682052370616
32,5,3,Barry Williams,24.0,0.07008578671165255,0.05262301415760886,0.0037952450362810173,0.25972317525111205
32,5,4,Charity Lawson,28.0,0.23848475594637264,0.18486289158652428,0.027477623417189692,0.6909368504115775
32,5,5,Harry Jowsey,18.0,0.03956522296245461,0.020704206162531297,9.636040788757989e-05,0.1684900703148556
32,5,7,Jason Mraz,27.0,0.18825562046188482,0.15653103714068753,0.021263578946677446,0.5469285442635325
32,5,8,Lele Pons,24.0,0.035627037309848106,0.023124614653168837,0.0024162968814132996,0.16388256846039972
32,5,10,Mauricio Umansky,24.0,0.05948710463747841,0.04687424360498673,0.003990491288203854,0.19527438088952162
32,5,11,Mira Sorvino,22.0,0.020905063479980127,0.014760892604405265,0.0009175273674316243,0.08075447256649718
32,5,13,Xochitl Gomez,28.0,0.19924831330992124,0.1529989266692729,0.010944204991872588,0.6346833836144684
32,6,1,Alyson Hannigan,31.0,0.076735072457841,0.04812792999197342,0.0012264445267212737,0.282777882983499
32,6,2,Ariana Madix,41.0,0.20921685900836284,0.17531388690889843,0.015842809431558195,0.5917526233664694
32,6,3,Barry Williams,32.0,0.04201585249805795,0.027007715054234552,0.0010787242628199345,0.16327895344282883
32,6,4,Charity Lawson,38.0,0.1252264410220784,0.09369717557017597,0.015695046984845196,0.4335262909974197
32,6,5,Harry Jowsey,29.0,0.054357722937141126,0.03239035231734434,0.0003138328116562285,0.2183332213339474
32,6,7,Jason Mraz,39.0,0.1647267555107928,0.1283913464217686,0.015489700491705163,0.4937698684641661
32,6,8,Lele Pons,37.0,0.04945709506421591,0.03273932392604026,0.003990853518797081,0.2200268759274905
32,6,10,Mauricio Umansky,33.0,0.04094853696102549,0.029853357302939268,0.0014641724450216284,0.14759009145392055
32,6,13,Xochitl Gomez,42.0,0.2373156645404845,0.17722853053358836,0.014309640517125088,0.7355531460489709
32,7,1,Alyson Hannigan,35.0,0.16107037853873465,0.1291231936016541,0.011106148698921197,0.47961867206629405
32,7,2,Ariana Madix,37.0,0.19949815044864488,0.16292968073127484,0.0154872395712385,0.5629605900677277
32,7,3,Barry Williams,32.5,0.031794058564276646,0.0188791688260997,0.000488295209939973,0.12709155078536746
32,7,4,Charity Lawson,36.0,0.1348127085562572,0.10199336158900904,0.01823889733403458,0.4682696126988521
32,7,5,Harry Jowsey,32.0,0.05344335529588623,0.030847815555778965,0.00030362071254389216,0.22265819282747673
32,7,7,Jason Mraz,36.0,0.14805185195700013,0.11361996127418714,0.013791899575470605,0.44504362217382487
32,7,8,Lele Pons,36.5,0.08616580931851847,0.05526092167725392,0.008399050247165587,0.34600114231620105
32,7,13,Xochitl Gomez,37.0,0.1851636873206818,0.1339467698865802,0.012207907013219227,0.6099485253946255
32,8,1,Alyson Hannigan,36.0,0.17755141254140142,0.14867514705927615,0.012432805326541188,0.5197446158275276
32,8,2,Ariana Madix,42.0,0.284348979066374,0.2483055095434316,0.02106066256595013,0.7586503655429583
32,8,3,Barry Williams,35.0,0.07305711391118645,0.05702719721942829,0.0033271119980705353,0.26161711319975733
32,8,4,Charity Lawson,39.0,0.16731092794801655,0.12705658022987487,0.02168918998616127,0.5439495859142445
32,8,5,Harry Jowsey,28.0,0.0532351126369893,0.029967938183204455,0.00020252086737585645,0.2269691331480957
32,8,7,Jason Mraz,33.0,0.07128062296034292,0.04295827629443818,0.002105753739281993,0.27744839219538625
32,8,13,Xochitl Gomez,40.0,0.17321583093568932,0.12771156171965878,0.0109973646594847,0.5750759215798219
32,9,1,Alyson Hannigan,32.0,0.10490651971017957,0.06804318556719008,0.0021735628430572243,0.3683636093553764
32,9,2,Ariana Madix,37.0,0.11094337413828921,0.07745797467796132,0.00671762434570688,0.36448683167422974
32,9,4,Charity Lawson,38.0,0.14130314932049676,0.10387078628291965,0.01475574604218925,0.4914457829805792
32,9,5,Harry Jowsey,30.0,0.0734702863598455,0.04424247912385049,0.0004171315201447832,0.28960670315442594
32,9,7,Jason Mraz,43.0,0.3628318392759897,0.3245021633021399,0.05375979883441938,0.8622132822082366
32,9,13,Xochitl Gomez,41.0,0.20654483119519926,0.15398465421292215,0.012672618018893892,0.6656638735748024
32,10,1,Alyson Hannigan,25.5,0.08840860023971713,0.04870290621542193,0.0007004918413621552,0.3475905782030446
32,10,2,Ariana Madix,29.0,0.18791900655670443,0.15326593910270198,0.013665631742964559,0.5396082381626686
32,10,4,Charity Lawson,29.5,0.2598154746138264,0.21716749117400833,0.03188389511776755,0.7089408723605799
32,10,7,Jason Mraz,28.5,0.1775908915699533,0.13455358687989571,0.01198003519727464,0.5470724194252818
32,10,13,Xochitl Gomez,30.0,0.28626602701979864,0.22930945182239204,0.022287227064334822,0.7781498044074386
32,11,1,Alyson Hannigan,26.5,0.08403125888829806,0.04596539574619215,0.0006697764269795467,0.3456779135793988
32,11,2,Ariana Madix,29.5,0.18662573592252682,0.15104968565498875,0.014784454307096196,0.5234118574942774
32,11,4,Charity Lawson,29.5,0.2017286770473644,0.16079955565321855,0.026355006419563207,0.6041750359363706
32,11,7,Jason Mraz,30.0,0.293268476787785,0.25929950696230375,0.03617086098917917,0.727384578511114
32,11,13,Xochitl Gomez,30.0,0.23434585135402572,0.18155945417611546,0.01839226661095796,0.6981433227561339
33,1,0,Anna Delvey,18.0,0.014446324036413835,0.00909315030418835,0.0007125267236297184,0.05658421350046824
33,1,1,Brooks Nader,18.0,0.017714926236919504,0.010574391233282819,0.0006383645370075186,0.07282552159137258
33,1,2,Chandler Kinney,23.0,0.2431687206848505,0.18659555403861547,0.020942409634582583,0.7751651057626391
33,1,3,Danny Amendola,20.0,0.08949773923589248,0.05779876411940538,0.004606921919210896,0.35674706104803783
33,1,4,Dwight Howard ,22.0,0.2077701077608237,0.17308080207949117,0.023827478121587593,0.6213561033676026
33,1,5,Eric Roberts,15.0,0.012675087066284093,0.0072251649527051475,5.211356716196441e-05,0.05553399402023255
33,1,6,Ilona Maher,18.0,0.07315462462140745,0.03790553859408044,0.0010640660158890668,0.33736613991388925
33,1,7,Jenn Tran,19.0,0.029661334740298133,0.018957880148667,0.0014897048841341122,0.13111683764763107
33,1,8,Joey Graziadei,21.0,0.10183507254024748,0.07166612839945713,0.006767275273575299,0.38619189190660197
33,1,9,Phaedra Parks,19.0,0.038535617790085575,0.028572206783950786,0.0020784548002815576,0.14175770541280278
33,1,10,Reginald VelJohnson,16.0,0.025735475466096454,0.017252436277361873,0.00018012333161217223,0.09777809656988848
33,1,11,Stephen Nedoroscik,21.0,0.13384711712423483,0.10671411332889001,0.011976770618575485,0.3975049923627744
33,1,12,Tori Spelling,17.0,0.011957852696445982,0.007400151316037634,0.0002338008457708887,0.0499390982462141
33,2,0,Anna Delvey,17.0,0.009525156682810693,0.005738565541276436,0.0003328624238865954,0.03859121043791914
33,2,1,Brooks Nader,20.0,0.02722904244001655,0.017629210373173044,0.0022884563425902235,0.10684930321772164
33,2,2,Chandler Kinney,24.0,0.22198674060191403,0.1709145384210826,0.0195554023307816,0.7329674993107731
33,2,3,Danny Amendola,21.0,0.09347475554710523,0.060392716760783484,0.0063038439161536555,0.37127589485922335
33,2,4,Dwight Howard ,22.0,0.14642458363604471,0.11760479834468049,0.013677730261771702,0.4849112882691705
33,2,5,Eric Roberts,15.0,0.012606707623963978,0.0074217176246575665,7.238895539776922e-05,0.05467466268676418
33,2,6,Ilona Maher,21.0,0.1283509500363372,0.08974375567414616,0.007632002128456979,0.4569283458932989
33,2,7,Jenn Tran,19.0,0.024764326544183486,0.015588760409964193,0.0011715199842424894,0.11292662846406187
33,2,8,Joey Graziadei,22.0,0.10284649889070159,0.07083163037936287,0.008475679683126666,0.383589214666542
33,2,9,Phaedra Parks,21.0,0.05783597948614164,0.045329753021858515,0.004923992397486785,0.19641588794706258
33,2,10,Reginald VelJohnson,15.0,0.019902464301782438,0.01239036669581386,9.892650636855656e-05,0.08257651224968471
33,2,11,Stephen Nedoroscik,22.0,0.1354380550431507,0.10634839644759869,0.012705987593070532,0.4045072801137342
33,2,12,Tori Spelling,19.0,0.019614739165847717,0.012415262320963683,0.0011301529937424335,0.07659319605746509
33,3,1,Brooks Nader,30.5,0.042112366491382947,0.029033529278465975,0.004596676144040668,0.16178243124546748
33,3,2,Chandler Kinney,34.5,0.21270356774301719,0.1678870248885861,0.020210816755494975,0.6634274069492163
33,3,3,Danny Amendola,30.0,0.09732191258843287,0.06295062242551606,0.0060314914223369405,0.38596130372773957
33,3,4,Dwight Howard ,26.0,0.05900217371523047,0.04339053258850693,0.0011112640094820883,0.22998613173018045
33,3,5,Eric Roberts,23.0,0.01880686892435718,0.012903130354537204,0.00022526258438520944,0.07634562149405638
33,3,6,Ilona Maher,28.0,0.10032047442221247,0.06020678843139246,0.00324672028808071,0.41734243835998996
33,3,7,Jenn Tran,31.0,0.05809194206592833,0.037121091026484976,0.005610926288843088,0.2406143671877288
33,3,8,Joey Graziadei,35.0,0.2216442190592976,0.16881012838270854,0.01755105727652977,0.7085582095827178
33,3,9,Phaedra Parks,28.0,0.04122799258568823,0.030763963723300484,0.002158309255838082,0.1484735161534724
33,3,10,Reginald VelJohnson,21.0,0.02259218230747721,0.013982413843554226,0.00012145260348954976,0.09132171421752121
33,3,11,Stephen Nedoroscik,31.0,0.12617630009697553,0.10000869372648674,0.009920462780086778,0.38311051990110173
33,4,1,Brooks Nader,32.0,0.027838968737516626,0.017338897717134448,0.001358893978081066,0.10908829261295956
33,4,2,Chandler Kinney,32.0,0.060737517267966216,0.035886026086793074,0.0020249963672953615,0.24442665331598132
33,4,3,Danny Amendola,36.0,0.2984128203596189,0.2492423500815751,0.04227859592996307,0.7868031070197505
33,4,4,Dwight Howard ,29.0,0.03708764442967147,0.020739645408045525,0.00010863650941914399,0.174740306305411
33,4,6,Ilona Maher,32.0,0.10846886611792098,0.06114441977351678,0.0023981853845265375,0.45266239193981606
33,4,7,Jenn Tran,32.0,0.03471455763653928,0.020963643363241722,0.0012826815364277017,0.158661744777235
33,4,8,Joey Graziadei,36.0,0.277293898710379,0.23322973603405459,0.023363561256022878,0.7817189959747559
33,4,9,Phaedra Parks,32.0,0.04466878547012742,0.03137601762389528,0.001957239060908077,0.1626870261322272
33,4,11,Stephen Nedoroscik,33.0,0.11077694127026004,0.0855721098871907,0.005656831380962789,0.34510125092939264
33,5,2,Chandler Kinney,27.0,0.3375757747601445,0.29030667661553944,0.029157688962811592,0.8800650118887329
33,5,3,Danny Amendola,25.5,0.1181036610385616,0.0764996619693607,0.005393264890396305,0.4655275201035399
33,5,4,Dwight Howard ,24.0,0.05402892788234725,0.03503892218476279,0.000426520903473778,0.2287566069614542
33,5,6,Ilona Maher,26.0,0.22094141669921413,0.17654670077133858,0.016232463951886635,0.6399007687520601
33,5,7,Jenn Tran,25.5,0.05806151374596904,0.03678091974718671,0.00394278525749344,0.23852155650141496
33,5,8,Joey Graziadei,26.0,0.13590533057040477,0.09435745075650531,0.01086470795969279,0.48959230427034156
33,5,9,Phaedra Parks,24.0,0.02653053464721953,0.017583916550125672,0.00043042323075806,0.10572638509721183
33,5,11,Stephen Nedoroscik,24.0,0.04885284065613918,0.029146898774139403,0.0005267850166881455,0.2027596862410183
33,6,2,Chandler Kinney,32.0,0.2287317670857742,0.18590460228010647,0.02264080242553909,0.6981948837156586
33,6,3,Danny Amendola,28.0,0.08866891389719121,0.05295968423994065,0.002994481882666499,0.39729788296802865
33,6,4,Dwight Howard ,31.0,0.2207140310868381,0.18681782447252757,0.021721055551709414,0.6230072982489621
33,6,6,Ilona Maher,24.0,0.058759298654905,0.019552782362219814,0.000125834217138128,0.326610571831627
33,6,7,Jenn Tran,31.0,0.09622353484103002,0.0665757055454719,0.011102663642623295,0.3566223548266841
33,6,8,Joey Graziadei,32.0,0.2155911438190616,0.16899242222951322,0.018088923664157763,0.6709493487662632
33,6,11,Stephen Nedoroscik,28.0,0.09131131061519987,0.06402037366167111,0.003669168282099809,0.3084602517999391
33,7,2,Chandler Kinney,30.0,0.4398145623338001,0.41612158550097905,0.03848092212677588,0.9519453910434673
33,7,3,Danny Amendola,25.5,0.08484488518098743,0.04690868137766126,0.0010303256026749845,0.3927714907798222
33,7,4,Dwight Howard ,24.0,0.05821465866462208,0.036076217713430704,0.00021599509804833103,0.24692370555412937
33,7,6,Ilona Maher,26.0,0.13686742834559296,0.08361160519953903,0.00279355724890749,0.5164222327291024
33,7,8,Joey Graziadei,27.5,0.13349333677604183,0.09255623841053899,0.007926121964343653,0.5075838889520167
33,7,11,Stephen Nedoroscik,27.0,0.14676512869895564,0.11327467975257566,0.006883062524440681,0.45759304566647024
33,8,2,Chandler Kinney,29.0,0.29077990653010416,0.2470321970711789,0.029442758009677075,0.7774594579461332
33,8,3,Danny Amendola,27.0,0.08778946810317695,0.04509045560891575,0.0014906344678911312,0.407353381209409
33,8,6,Ilona Maher,28.5,0.2880990175193417,0.24971347502689256,0.025220601629423342,0.7426598708675963
33,8,8,Joey Graziadei,29.0,0.26756188218147403,0.20810368662574313,0.02686273006927583,0.7524838968416004
33,8,11,Stephen Nedoroscik,26.5,0.06576972566590313,0.03814258446149641,0.0007398544078253733,0.2695135145091557
33,9,2,Chandler Kinney,30.0,0.3593417660543795,0.32172193106596697,0.03557406946364359,0.853333420600277
33,9,3,Danny Amendola,28.0,0.06668518614118434,0.029701037993420457,0.00037774064453709053,0.343725933049536
33,9,6,Ilona Maher,28.5,0.13366186039243133,0.07481738470134863,0.0023053337064617334,0.5587908362530879
33,9,8,Joey Graziadei,29.5,0.18871778267760386,0.1399002510851673,0.01791391312985174,0.631495873494709
33,9,11,Stephen Nedoroscik,29.5,0.25159340473440095,0.21354459898517297,0.024206897844059924,0.6588037765612006
34,1,0,Alix Earle,13.0,0.08936616186369177,0.0653235733282759,0.008577167829364516,0.3144641580047459
34,1,1,Andy Richter,9.0,0.05600234514493498,0.04090157322929941,0.00022418350193985915,0.19259823108699983
34,1,2,Baron Davis,10.0,0.010753956939843755,0.008129879994173299,0.0003533551205538157,0.03821119414270834
34,1,3,Corey Feldman,9.0,0.022329710174738036,0.015537469994504888,0.00018290644549371338,0.08472116281826744
34,1,4,Danielle Fishel,12.0,0.04483139324049324,0.035877195303327905,0.002620955935933212,0.13954500714433019
34,1,5,Dylan Efron,10.0,0.04377339650471111,0.02448021481658694,0.0005631996534075816,0.19497052337469478
34,1,6,Elaine Hendrix,12.0,0.09482339623468661,0.07087087544060033,0.005230827013549115,0.29743269673749356
34,1,7,Hilaria Baldwin,14.0,0.06691492203699793,0.03906751744257195,0.007367737153189143,0.3243519542310268
34,1,8,Jen Affleck,12.0,0.03812830130921747,0.028599704226311952,0.0041977720568028435,0.125871788450933
34,1,9,Jordan Chiles,10.0,0.03783393854900077,0.019791084912387534,0.0006490563139464999,0.166108893477596
34,1,10,Lauren Jauregui,13.0,0.05699511810432213,0.04260336005945274,0.007031594313149098,0.19758976150727392
34,1,11,Robert Irwin,15.0,0.2689504312668608,0.22423925750075505,0.03757121064592039,0.7285517930829079
34,1,12,Scott Hoying,10.0,0.024656855994257123,0.019231740166401126,0.0005406729097319594,0.07439126186885898
34,1,13,Whitney Leavitt,15.0,0.1446400726362443,0.08823357681220621,0.012588651631425746,0.5751000446823998
34,2,0,Alix Earle,21.0,0.08664809453436934,0.0632821342685734,0.010177846625578328,0.3077196402633799
34,2,1,Andy Richter,16.0,0.04486727284619666,0.03150014349770212,0.00018775965604709224,0.16584263232958996
34,2,2,Baron Davis,18.0,0.01104089340428961,0.008508343015965364,0.000687814813007851,0.03685286836600877
34,2,3,Corey Feldman,15.0,0.01362414109291174,0.00875365892691524,5.9043889476267275e-05,0.055719873300099226
34,2,4,Danielle Fishel,19.0,0.03140636110759852,0.02484388448863868,0.0017624324086320075,0.09570406476156908
34,2,5,Dylan Efron,20.0,0.07921505924938899,0.05819103115950902,0.006156727106880585,0.2891573689793894
34,2,6,Elaine Hendrix,21.0,0.13161476476871575,0.10768941682642486,0.014480812913360912,0.3946636556253435
34,2,7,Hilaria Baldwin,21.0,0.039605222182725774,0.024368276287862894,0.005169285353724474,0.17238142189336816
34,2,8,Jen Affleck,22.0,0.0902095293904532,0.06508271794333306,0.01546950181146523,0.33457950982504486
34,2,9,Jordan Chiles,22.0,0.14317224170669823,0.11623123744754299,0.0164051286956081,0.4250360268889967
34,2,10,Lauren Jauregui,21.0,0.055187303401224366,0.041844671252711886,0.007867668234466295,0.1987680477935153
34,2,11,Robert Irwin,22.0,0.16562016767482893,0.13390456853339927,0.0180359063134988,0.5073204048201956
34,2,12,Scott Hoying,18.0,0.025421919445330943,0.019969632359039233,0.001050684763233929,0.07627099329863271
34,2,13,Whitney Leavitt,22.0,0.08236702919526794,0.05077507439576688,0.009044202150620137,0.3450546579279843
34,3,0,Alix Earle,23.0,0.1188510018083933,0.08926220467550075,0.013381532694302395,0.4102362403535524
34,3,1,Andy Richter,18.0,0.04979743921073126,0.03570190087202874,0.00018923016245825494,0.18258948960460647
34,3,4,Danielle Fishel,21.0,0.03873495625561926,0.031614720845964006,0.0022040594481019314,0.11479297989062605
34,3,5,Dylan Efron,23.0,0.14829526448945063,0.11994165035981252,0.01752630514514146,0.45248820461330475
34,3,6,Elaine Hendrix,21.0,0.0841772006461781,0.06028309782541813,0.0047370391261314475,0.28663986992544654
34,3,7,Hilaria Baldwin,22.0,0.03455406478375629,0.021881313359974307,0.004295096466304655,0.15661017085582393
34,3,8,Jen Affleck,19.0,0.016457362101653494,0.011097444518922877,0.0005323967124277395,0.06373670500906325
34,3,9,Jordan Chiles,24.0,0.20325088839562275,0.1740342507751952,0.02424145886361925,0.5699550752065499
34,3,10,Lauren Jauregui,18.0,0.01053094873070547,0.007087814488511387,0.00014659719554996334,0.037468550528122445
34,3,11,Robert Irwin,22.0,0.10704166881003611,0.07776634063497553,0.006605394827662932,0.35891938426611775
34,3,12,Scott Hoying,22.0,0.0668248345374282,0.057166816920156655,0.006456399721920714,0.20281141988211743
34,3,13,Whitney Leavitt,24.0,0.12148437023042517,0.07734572234177858,0.012174450054310731,0.4898785292876419
34,4,0,Alix Earle,24.0,0.13260230558309893,0.10047242305573731,0.015802160767110364,0.4486629288300486
34,4,1,Andy Richter,18.0,0.03726726382031204,0.022843696120248506,4.971416024096079e-05,0.1502754159416003
34,4,4,Danielle Fishel,21.0,0.028301497728454292,0.021150093270050213,0.0007512931130461227,0.09107365834287225
34,4,5,Dylan Efron,23.0,0.10960871587752259,0.08439814948969393,0.00988632553891727,0.393048202988038
34,4,6,Elaine Hendrix,24.0,0.1977051061670687,0.16564263169503252,0.02797209511917821,0.5186381875102498
34,4,7,Hilaria Baldwin,23.0,0.03724802222416765,0.023453604575615683,0.004481362185229849,0.1605830123552147
34,4,8,Jen Affleck,23.0,0.05523433306644342,0.040423383785736,0.008404986383564671,0.1923629351448146
34,4,9,Jordan Chiles,24.0,0.14727797015835165,0.11755710139059652,0.01733392225220454,0.42230212303193865
34,4,11,Robert Irwin,22.0,0.07907788457987755,0.05332220754404611,0.0030604566760007506,0.2973696341300288
34,4,12,Scott Hoying,21.0,0.03134389983323772,0.024179771317193906,0.0012850438691910631,0.09613160868381374
34,4,13,Whitney Leavitt,25.0,0.14433300096146542,0.08888604685654358,0.013552073966808117,0.5693933985725462
34,5,0,Alix Earle,35.0,0.1627697365439979,0.12329699434543519,0.01833757011508214,0.5357286723516619
34,5,1,Andy Richter,24.0,0.042741394318186805,0.02819000781528866,8.323581908260449e-05,0.15752992667545693
34,5,4,Danielle Fishel,29.0,0.030481330020402233,0.022724087295253853,0.0010051016022619842,0.09882628990892732
34,5,5,Dylan Efron,36.0,0.258178803172351,0.2191168366090425,0.03524598459577312,0.6962243396029436
34,5,6,Elaine Hendrix,30.0,0.08026311312740841,0.05445164295212091,0.003386990114705933,0.27699512378828955
34,5,8,Jen Affleck,29.0,0.02524478725099591,0.017952321928042442,0.0015261078283868544,0.08092037902044157
34,5,9,Jordan Chiles,32.0,0.08966069745175895,0.0656194355652642,0.007129598510698863,0.31183590200614764
34,5,11,Robert Irwin,35.0,0.2076685469012125,0.1688568939446382,0.023405210727572196,0.6290925273418472
34,5,12,Scott Hoying,30.0,0.04168656614814743,0.03418507247453016,0.0025102881061748127,0.11935701408885993
34,5,13,Whitney Leavitt,33.0,0.061305025065538914,0.03768865093153978,0.006565668033737754,0.2753207546998538
34,6,0,Alix Earle,35.0,0.08639144091378727,0.06275892628402921,0.0072974447236004115,0.3112322066436865
34,6,1,Andy Richter,27.0,0.052757062503470405,0.0376104377759286,0.00019254696702617825,0.19371128592098233
34,6,4,Danielle Fishel,36.0,0.07850673970129717,0.06296589283865939,0.008942698209125351,0.2671789080382663
34,6,5,Dylan Efron,32.0,0.06625932095669575,0.04414652690814935,0.0022070868254911507,0.2690016971138106
34,6,6,Elaine Hendrix,36.0,0.1600177796347472,0.13502245061302529,0.01758456845006159,0.45477416395720033
34,6,8,Jen Affleck,32.0,0.03017254246224229,0.021699600463113186,0.0022414173467911773,0.1032018906743411
34,6,9,Jordan Chiles,39.0,0.22855124915362116,0.19395714102082293,0.02599916873944069,0.6180837994110382
34,6,11,Robert Irwin,36.0,0.1403985705157895,0.11265397192056875,0.010701407523346888,0.45147945822334923
34,6,12,Scott Hoying,28.0,0.019914642171943938,0.01400300999331808,0.00029352211924858784,0.06252641765439655
34,6,13,Whitney Leavitt,39.0,0.13703065198640532,0.08771571553239521,0.013366677628805447,0.5284162055734936
34,7,0,Alix Earle,43.0,0.24515939919892116,0.19093746188699645,0.034110977731049666,0.7442155529243261
34,7,1,Andy Richter,29.0,0.059103215525408107,0.04041189420356427,0.0001992163788878499,0.21347011938346241
34,7,4,Danielle Fishel,35.0,0.041421405549125295,0.03342089340082775,0.0015261651910279527,0.1273890393489327
34,7,5,Dylan Efron,38.0,0.12053624168350524,0.09195644141798068,0.009903515170289801,0.40620198734016055
34,7,6,Elaine Hendrix,32.0,0.05852083227724654,0.03663036735809396,0.000953293162220966,0.22237227046464494
34,7,8,Jen Affleck,34.0,0.029540519294479223,0.021109407042374934,0.0017552415519242516,0.09966830873764246
34,7,9,Jordan Chiles,38.0,0.10631735441434956,0.07746399896486489,0.008135326519266331,0.3507329903812319
34,7,11,Robert Irwin,41.0,0.20925567154913366,0.17277501842436394,0.020774119298821416,0.6275116342072785
34,7,13,Whitney Leavitt,42.0,0.13014536050783126,0.08144254911041593,0.012840880030913255,0.5262858271129423
34,8,0,Alix Earle,38.5,0.13887307179251396,0.10659468201716242,0.01554494530774133,0.4759959172480177
34,8,1,Andy Richter,34.0,0.04791396932557302,0.030838014785017846,9.94575261899516e-05,0.1870258088194151
34,8,4,Danielle Fishel,37.0,0.047320532337917595,0.038496478235687304,0.0024986249006867215,0.14476750763204682
34,8,5,Dylan Efron,38.0,0.135354170033973,0.10563231560254857,0.014473178004677317,0.4641757545612544
34,8,6,Elaine Hendrix,37.5,0.12691026415853832,0.09913195914123805,0.01013531565108133,0.3900917542538768
34,8,9,Jordan Chiles,39.0,0.200715425804541,0.169195903884946,0.02371815436342101,0.5433467809828513
34,8,11,Robert Irwin,38.0,0.14140289856550153,0.10909690391391849,0.009332361546044186,0.4605236637149122
34,8,13,Whitney Leavitt,39.5,0.16150966798144156,0.1048766314584802,0.01569808056520015,0.5929059044659455
34,9,0,Alix Earle,40.0,0.12738691760308296,0.09770362708437791,0.013973929740287147,0.4405262285714164
34,9,1,Andy Richter,29.0,0.056545539438812145,0.037929949596292784,0.00015976454317371874,0.20994073179585332
34,9,5,Dylan Efron,42.0,0.23472131911005395,0.20368407353923443,0.031529167099360815,0.6362871027418331
34,9,6,Elaine Hendrix,36.0,0.09877150818251683,0.06976674068266811,0.005033511754478178,0.3270904028894224
34,9,9,Jordan Chiles,39.0,0.11971220604813806,0.08909550605346472,0.011757633518374588,0.38451137646668077
34,9,11,Robert Irwin,42.0,0.23996766036825393,0.2037900735426792,0.029840349928437773,0.6820093980281123
34,9,13,Whitney Leavitt,42.0,0.1228948492491421,0.07600899531588148,0.012124191115674225,0.5098932444961922
34,10,0,Alix Earle,29.0,0.1732021177259664,0.13390018510858465,0.018340885915824556,0.5774532387814735
34,10,5,Dylan Efron,27.5,0.04892453917982798,0.021593917204021033,0.00019733939261279806,0.24640683295580054
34,10,6,Elaine Hendrix,28.5,0.14302508110307138,0.10528303585357882,0.006975110389623675,0.4483359032345701
34,10,9,Jordan Chiles,28.5,0.10923812733608151,0.07417302592542821,0.005666269713358906,0.42005643024902867
34,10,11,Robert Irwin,29.5,0.4186106322949643,0.38847522200561496,0.06151798349227384,0.8787269404946391
34,10,13,Whitney Leavitt,29.0,0.10699950236008843,0.06956722514963762,0.009920314276655655,0.4371484523641055
34,11,0,Alix Earle,30.0,0.39312993487604325,0.3412708052802085,0.057793078947121754,0.9161456106572445
34,11,5,Dylan Efron,29.3332,0.11080498777500782,0.07644957738760201,0.0036396942332602594,0.42631338108793354
34,11,6,Elaine Hendrix,28.9998,0.07242465614969572,0.04091492859662968,0.0006139268068303334,0.2861768281692875
34,11,9,Jordan Chiles,29.666600000000003,0.196876276552201,0.1564676552013256,0.01518197368529136,0.5653429587188733
34,11,11,Robert Irwin,29.666600000000003,0.22676414464705216,0.1835255185775096,0.015559078610080683,0.6375223051753471
