season,week,contestant_id,celebrity_name,judge_total,p_mean,p_median,p_q025,p_q975
1,1,0,Evander Holyfield,18.0,0.11894770526269507,0.08333409227545154,0.006811993504776221,0.43148965393131616
1,1,1,Joey McIntyre,20.0,0.27549938191104983,0.22353354878852844,0.030126144748804817,0.72271101866343
1,1,2,John O'Hurley,20.0,0.27312224167022053,0.22504424101753998,0.029907969122044714,0.7685413757941209
1,1,3,Kelly Monaco,13.0,0.029339202344624206,0.007037118817273173,8.373406320355365e-05,0.19485309295120531
1,1,4,Rachel Hunter,20.0,0.22752834058827334,0.17379412840495137,0.01961337767606944,0.6820351885720064
1,1,5,Trista Sutter,18.0,0.07556312822313702,0.04874695217163317,0.005590724404903985,0.30034302691290693
1,2,0,Evander Holyfield,14.0,0.03100927286305,0.011773891876386486,0.00015401164220183065,0.16424210815894397
1,2,1,Joey McIntyre,21.0,0.14608177133990624,0.08933119297141179,0.005617280580369427,0.5459600173339171
1,2,2,John O'Hurley,26.0,0.4678202442834027,0.44260549067131566,0.06172455097689607,0.9317089763402528
1,2,3,Kelly Monaco,17.0,0.06722827553524284,0.030039929636255756,0.000824419500823176,0.3470497946242868
1,2,4,Rachel Hunter,24.0,0.23531778188929858,0.18311473829591046,0.017324442768055934,0.6986002983831149
1,2,5,Trista Sutter,19.0,0.052542654089099625,0.030000131082780122,0.0020683745428046393,0.2372095454215384
1,3,0,Evander Holyfield,13.0,0.029152273736702337,0.010707455745457159,0.0001785594367823564,0.16342290524240974
1,3,1,Joey McIntyre,22.0,0.17991653052672602,0.1211276727179815,0.010998273958904584,0.6066114519171396
1,3,2,John O'Hurley,24.0,0.268345195833503,0.2187717320468944,0.02642457082432588,0.758640992390419
1,3,3,Kelly Monaco,21.0,0.154451249564964,0.10525629615250721,0.00873642886114117,0.5474167339582529
1,3,4,Rachel Hunter,26.0,0.3681347503381046,0.34117402488487003,0.03064891390044329,0.8645777009853116
1,4,1,Joey McIntyre,20.0,0.06818090047186198,0.02696091520578362,0.00046111967348326716,0.3879581751531865
1,4,2,John O'Hurley,21.0,0.0818177406970037,0.041300132929134176,0.0015016008292757523,0.40168163527807776
1,4,3,Kelly Monaco,26.0,0.5598418666466515,0.5799692138472211,0.1030201889067467,0.9476265419465929
1,4,4,Rachel Hunter,25.0,0.29015949218448295,0.2351196188927206,0.019736161768328715,0.7858064598658895
1,5,1,Joey McIntyre,22.5,0.10360789925749932,0.04638510059616328,0.0006027044798054052,0.5029945489689598
1,5,2,John O'Hurley,27.0,0.7339327666315004,0.8157170782952039,0.15055301234750415,0.9950085605466398
1,5,3,Kelly Monaco,23.5,0.1624593341110003,0.09725588247536895,0.002771005967308271,0.6397744960509335
1,6,2,John O'Hurley,27.0,0.1396879541888399,0.06805871814584631,0.0017787161563296463,0.6339502625118076
1,6,3,Kelly Monaco,27.5,0.86031204581116,0.9319412818541537,0.36604973748819125,0.9982212838436703
2,1,0,Drew Lachey,24.0,0.26653026398889873,0.21714737840467052,0.03201223234153002,0.7193034217939869
2,1,1,George Hamilton,18.0,0.044945079119537185,0.028799409339774547,0.0017925634216119954,0.16641255023264526
2,1,2,Giselle Fernandez,23.0,0.11076204603290582,0.07319294008773056,0.012668444066312618,0.4697937400622875
2,1,3,Jerry Rice,21.0,0.15135756704196848,0.11319110043086847,0.012867609096118728,0.48108247074901433
2,1,4,Kenny Mayne,13.0,0.010058735032830104,0.005666460392906497,0.00010129973808508297,0.04553754179947056
2,1,5,Lisa Rinna,19.0,0.059571169215477525,0.037392958580442795,0.003403998524537027,0.27076671671990094
2,1,6,Master P,12.0,0.020948274149810125,0.007190943258013671,6.047404716456703e-05,0.11382098099465374
2,1,7,Stacy Keibler,22.0,0.14907561958938836,0.11371890016711717,0.01629106701933055,0.4937355628437885
2,1,8,Tatum O'Neal,23.0,0.13368273752150833,0.09652043804698389,0.010834369859532521,0.4467941290247029
2,1,9,Tia Carrere,20.0,0.05306850830767538,0.03635498202292116,0.004644892657079948,0.191605965580846
2,2,0,Drew Lachey,27.0,0.2412543252949607,0.19498856933919265,0.02292093020033076,0.6984789449363066
2,2,1,George Hamilton,22.0,0.056700980233565686,0.03722270949128231,0.0018352994218751243,0.21526971163527178
2,2,2,Giselle Fernandez,24.0,0.05391248740102046,0.03519384857617214,0.00405311718452386,0.23182165957194437
2,2,3,Jerry Rice,23.0,0.11648062413325194,0.07397449026892838,0.004773351343182745,0.4459637264978589
2,2,5,Lisa Rinna,20.0,0.0367974498348488,0.019863149886324195,0.0006050655295813461,0.171888857295322
2,2,6,Master P,16.0,0.02657807160027204,0.009460076479417101,5.3374163994900505e-05,0.14378855088969922
2,2,7,Stacy Keibler,29.0,0.4152398768949598,0.38434189466655694,0.05854281874267181,0.8954717686086453
2,2,8,Tatum O'Neal,17.0,0.013037576940690942,0.006391451787705404,5.972034701331909e-05,0.06708726682440186
2,2,9,Tia Carrere,22.0,0.03999860766642968,0.025283833565305263,0.001579462158703385,0.15853128958381812
2,3,0,Drew Lachey,27.0,0.2704468279114939,0.22335242085534018,0.030190556564700727,0.7174011493365249
2,3,1,George Hamilton,22.0,0.06681763684692883,0.04442626008443394,0.003361857307122923,0.2382478346405004
2,3,2,Giselle Fernandez,22.0,0.036761907088540366,0.02440689063344096,0.0027738223286443175,0.1488520282348983
2,3,3,Jerry Rice,19.0,0.060469487512487145,0.02722770905840542,0.0010129935312584602,0.31902744580046655
2,3,5,Lisa Rinna,25.0,0.13814894106491296,0.10234201263649592,0.013937703720276974,0.49549436782254563
2,3,6,Master P,14.0,0.022672533576076192,0.0071501937458417954,4.373020322015018e-05,0.13206862765386243
2,3,7,Stacy Keibler,27.0,0.2685605725647122,0.22758588977669814,0.03389047713714675,0.7191369686527829
2,3,9,Tia Carrere,26.0,0.1361220934348485,0.10282661285574288,0.01326791179196205,0.4336557197460459
2,4,0,Drew Lachey,28.0,0.27325546706393367,0.22695150498301606,0.03087341536972618,0.7232251856532219
2,4,1,George Hamilton,21.0,0.0709711577300438,0.04771428988151985,0.003981671354595872,0.2503030730391428
2,4,3,Jerry Rice,24.0,0.17815201823457247,0.135131897541113,0.01542040880252389,0.5569866819721246
2,4,5,Lisa Rinna,26.0,0.165760734969695,0.12263040872737088,0.020289327477498474,0.5578549335228847
2,4,6,Master P,8.0,0.020235266686539376,0.00629774501982191,3.617097414579262e-05,0.11736340073409567
2,4,7,Stacy Keibler,26.0,0.18900464506453213,0.14835785746190133,0.021196758382980647,0.5749058144617858
2,4,9,Tia Carrere,25.0,0.1026207102506835,0.07606169110161187,0.010478251531134339,0.3435020981739134
2,5,0,Drew Lachey,27.0,0.1907634988556966,0.14240652257880865,0.010055179279569669,0.6588354090047248
2,5,1,George Hamilton,24.0,0.05601999201526434,0.032780109632303225,0.0007993081582373659,0.23005981277451185
2,5,3,Jerry Rice,23.0,0.07106148235908481,0.030263345534865656,0.0005172891406645878,0.37257318803230005
2,5,5,Lisa Rinna,25.0,0.07846200197594541,0.046879871718068546,0.0019058897862271596,0.35480626641003427
2,5,7,Stacy Keibler,30.0,0.5834647532575081,0.6161943072278145,0.10418914508951714,0.9747803596547417
2,5,9,Tia Carrere,22.0,0.020228271536500673,0.009486564573314336,0.00011778489032833872,0.09724384092234994
2,6,0,Drew Lachey,30.0,0.38306091682008064,0.35391246720516745,0.043811924823266284,0.857929097271786
2,6,1,George Hamilton,23.0,0.039753658803581254,0.019971360181478257,0.00039873213854028434,0.18362156993911347
2,6,3,Jerry Rice,23.0,0.06900453081465124,0.02811956526975578,0.0005919108720088804,0.37984527962191683
2,6,5,Lisa Rinna,27.0,0.12455151214798181,0.08333387519540927,0.00794172571986493,0.4989054423150083
2,6,7,Stacy Keibler,30.0,0.383629381413705,0.3512450975966217,0.04989378080752308,0.8542882974891668
2,7,0,Drew Lachey,27.5,0.3614415116169827,0.3346284810143906,0.037862224526568435,0.8265774341870499
2,7,3,Jerry Rice,20.5,0.061373335639646684,0.020462268603820166,0.0003549626134147211,0.37298288769909094
2,7,5,Lisa Rinna,26.5,0.21786803863196813,0.17229337304126757,0.02190912737535932,0.690656228980484
2,7,7,Stacy Keibler,27.5,0.3593171141114025,0.32814290633491683,0.0426210914074785,0.8244692710685289
2,8,0,Drew Lachey,28.9998,0.5195437344550891,0.5323176045235487,0.08287014791357772,0.9350355143326294
2,8,3,Jerry Rice,26.666600000000003,0.09690212017191269,0.039149714562807206,0.0008478670930165159,0.4926528812109616
2,8,7,Stacy Keibler,28.6665,0.38355414537299837,0.34995614211393095,0.04161695046881111,0.8732569069229182
3,1,0,Emmitt Smith,24.0,0.17931625451821484,0.1300530979515243,0.01193242840230411,0.5840059875766448
3,1,1,Harry Hamlin,17.0,0.02826330204993472,0.014524905719337053,0.0005857296195934419,0.13398102131598538
3,1,2,Jerry Springer,16.0,0.027099741520262278,0.011559307114277885,0.00033880126572601634,0.13084605227921287
3,1,3,Joey Lawrence,21.0,0.09252015513526811,0.057610110055430264,0.006415943755109115,0.358900844669314
3,1,4,Mario Lopez,26.0,0.33990398425358975,0.2920156046609295,0.032834789917688234,0.8404479260525296
3,1,5,Monique Coleman,19.0,0.04993483303595795,0.030095446367572703,0.001815128063291319,0.2038082032775923
3,1,6,Sara Evans,15.0,0.020838137411225782,0.008505829879863109,0.0001711343035430478,0.10873910521939165
3,1,7,Shanna Moakler,18.0,0.03710304878549064,0.02035027602063665,0.001100170724010757,0.17279872183723666
3,1,8,Tucker Carlson,12.0,0.012133290416961637,0.0031489786431255925,2.9583957336424745e-05,0.08203402264718113
3,1,9,Vivica A. Fox,22.0,0.11240346721715205,0.0742355856476775,0.0066471548569475855,0.43174276044047827
3,1,10,Willa Ford,22.0,0.10048378565594214,0.06948585418120548,0.007662671947349004,0.36326133273178557
3,2,0,Emmitt Smith,24.0,0.06928384696153604,0.039791132222080826,0.001609415358386083,0.31536333249402965
3,2,1,Harry Hamlin,21.0,0.024493025932708298,0.011415041921456363,0.00016082498095646274,0.1267749978842403
3,2,2,Jerry Springer,19.0,0.01725363128947579,0.004899153718687014,3.234622926085012e-05,0.10244018417307499
3,2,3,Joey Lawrence,29.0,0.5181222846586568,0.5125143285432829,0.07203180218516464,0.9691333719273112
3,2,4,Mario Lopez,21.0,0.03087766015310132,0.012323993564304352,0.00015113561586335282,0.17721237279424054
3,2,5,Monique Coleman,26.0,0.15236336486448204,0.10650623380467933,0.009080213968851808,0.5404148117774521
3,2,6,Sara Evans,21.0,0.02770078138785788,0.011335610100746595,0.000162736059378903,0.14713479719867348
3,2,7,Shanna Moakler,22.0,0.03396796729059621,0.016670735762801495,0.0004549638517047671,0.16374921042093618
3,2,9,Vivica A. Fox,24.0,0.07723460887101836,0.04402319256394481,0.0014907533836481923,0.3270074383814811
3,2,10,Willa Ford,23.0,0.048702828590567106,0.026184584289539153,0.0007073622566832782,0.21639907212954654
3,3,0,Emmitt Smith,19.0,0.01649075638276919,0.004732118132634524,6.239155557854729e-05,0.10342341827073788
3,3,1,Harry Hamlin,22.0,0.03910135005596035,0.0206400353054097,0.0009183839022974436,0.1839780718052722
3,3,2,Jerry Springer,21.0,0.03305728016937043,0.014652026790548209,0.00039786385693636663,0.16939277276830997
3,3,3,Joey Lawrence,22.0,0.04987306257080774,0.026114428452782192,0.001035835591169757,0.24056799554851685
3,3,4,Mario Lopez,22.0,0.04835521410278389,0.024270804061564996,0.0009068568286931272,0.2560848995687429
3,3,5,Monique Coleman,27.0,0.3200044927132539,0.2766876547361522,0.03856828629012323,0.798363169298996
3,3,6,Sara Evans,25.0,0.13164452539658464,0.0943185552259708,0.008684424058990546,0.4793716508673351
3,3,9,Vivica A. Fox,27.0,0.31984136748135994,0.27828646063232043,0.03019511563909476,0.8156986308039454
3,3,10,Willa Ford,22.0,0.04163195112710985,0.021907883384449503,0.0008246073499066105,0.18641319401314507
3,4,0,Emmitt Smith,24.0,0.055020684193142176,0.02917969836963539,0.001650575150606664,0.2507723762691894
3,4,2,Jerry Springer,22.0,0.0341460226628209,0.013454405894773345,0.0003792848446047316,0.1914901970733241
3,4,3,Joey Lawrence,27.0,0.18245526537633788,0.1305914295515943,0.01726164187611931,0.6202273666456716
3,4,4,Mario Lopez,29.0,0.36015457722549926,0.3203617997607473,0.041266104412579566,0.8366615244698875
3,4,5,Monique Coleman,24.0,0.05819716829620612,0.033750996401832406,0.001943643491638037,0.2534284165599262
3,4,6,Sara Evans,20.0,0.01910222355220861,0.005722982303919797,8.343645897608716e-05,0.11870555158860682
3,4,9,Vivica A. Fox,24.0,0.061035436584721894,0.03380622515709703,0.001561086865577203,0.264619823305617
3,4,10,Willa Ford,28.0,0.2298886221090632,0.18054522784129873,0.02204445912769242,0.6520174689522559
3,5,0,Emmitt Smith,27.0,0.21244728855727696,0.1621041885144727,0.015733552040199075,0.6360404706884274
3,5,2,Jerry Springer,24.0,0.030257567958089485,0.01108665889535791,0.00026501265936864244,0.17241288020819792
3,5,3,Joey Lawrence,25.0,0.05783161582052866,0.030041164728702822,0.0017960654509155685,0.2730712800820004
3,5,4,Mario Lopez,27.0,0.2308990514248016,0.18574410099183172,0.021610046684011557,0.6734071222355201
3,5,5,Monique Coleman,27.0,0.22862450811338644,0.1823923601472901,0.02333299080986919,0.6496678837588645
3,5,6,Sara Evans,24.0,0.027594906352422763,0.010526004812527717,0.0002698570335130851,0.15494498757737446
3,5,10,Willa Ford,27.0,0.21234506177349405,0.1690886085245114,0.02330512480177598,0.6221012511783353
3,6,0,Emmitt Smith,25.0,0.1879528359835517,0.13217640394224506,0.009951854031576186,0.6378585442022577
3,6,2,Jerry Springer,18.0,0.03280929383786049,0.010015729175137022,0.00012136384037788346,0.21081995172497495
3,6,3,Joey Lawrence,24.0,0.1593158556685611,0.10444878903200167,0.009938188211195973,0.5821544690854561
3,6,4,Mario Lopez,28.0,0.5111145431411311,0.5126519351663104,0.07164662315150662,0.9423083023301765
3,6,5,Monique Coleman,23.0,0.10880747136889553,0.07054636872103774,0.004098919256770317,0.4366150390407333
3,7,0,Emmitt Smith,28.5,0.2780298688851297,0.22861597077720733,0.020063860261468877,0.7704288185536211
3,7,2,Jerry Springer,23.0,0.029106504396251807,0.008633098819405693,0.0001203635801570699,0.1853996481700041
3,7,3,Joey Lawrence,28.5,0.31842433308153256,0.2680825459175653,0.03897137452121125,0.814061902172405
3,7,4,Mario Lopez,28.0,0.2334866541579285,0.18821590049555315,0.020498925841075096,0.6700109768348589
3,7,5,Monique Coleman,27.0,0.14095263947915748,0.09556926764126995,0.008557390822124079,0.5221664286489113
3,8,0,Emmitt Smith,27.0,0.10494199258896046,0.055554762241211475,0.001398980176155198,0.49776786809987067
3,8,3,Joey Lawrence,27.0,0.12037152436186688,0.06503967950714185,0.0022498737320267343,0.5310458144786094
3,8,4,Mario Lopez,28.5,0.7109340540887006,0.7843251303567363,0.14091635856941906,0.9933893508045957
3,8,5,Monique Coleman,26.5,0.06375242896047198,0.02844000920315644,0.00035778916527518597,0.32864495752401446
3,9,0,Emmitt Smith,29.5,0.308765284654613,0.25977657913737334,0.022093857633223624,0.821878162186535
3,9,3,Joey Lawrence,29.5,0.3537870078183699,0.3058596780159071,0.04181207682359517,0.846903271303989
3,9,4,Mario Lopez,29.5,0.3374477075270171,0.2984031335562424,0.03001193959700643,0.823285635426779
3,10,0,Emmitt Smith,29.666600000000003,0.4758560291984909,0.4698232647743704,0.04268459586951904,0.9403424630971546
3,10,4,Mario Lopez,29.666600000000003,0.5241439708015091,0.5301767352256297,0.059657536902845504,0.9573154041304808
4,1,0,Apolo Anton Ohno,21.0,0.11722766662085775,0.0809559397690032,0.007142927314236789,0.48032130059048667
4,1,1,Billy Ray Cyrus,13.0,0.01196333545727477,0.0036929787109451833,3.225011377910805e-05,0.07067794837850641
4,1,2,Clyde Drexler,16.0,0.02353222704108507,0.011013018860036847,0.0003423055068122252,0.12603729654750487
4,1,3,Heather Mills,18.0,0.03656595284295537,0.01987147027699324,0.001090857003013883,0.16107314112583973
4,1,4,Ian Ziering,21.0,0.11018322165842227,0.0750455064152222,0.006907163214626876,0.43328100335382136
4,1,5,Joey Fatone,24.0,0.31790078636857794,0.27154312724181007,0.03263782664148375,0.8039846958614976
4,1,6,John Ratzenberger,17.0,0.02936545258417317,0.014755193450839688,0.0006488910212088115,0.15462919109918202
4,1,7,Laila Ali,23.0,0.2284430917775778,0.17404771993988633,0.02577211902547572,0.6702719670306362
4,1,8,Leeza Gibbons,15.0,0.017864549158023275,0.007727678426806187,0.00015675049300224855,0.10129568199964187
4,1,9,Paulina Porizkova,19.0,0.055047945617192194,0.03462319604647332,0.0030294505518771203,0.22914842408995525
4,1,10,Shandi Finnessey,19.0,0.051905770873860335,0.02905228417314465,0.0022832615678202934,0.230132660385787
4,2,0,Apolo Anton Ohno,26.0,0.2353576042213025,0.1837484719712761,0.023170960574363977,0.7290524631157527
4,2,1,Billy Ray Cyrus,21.0,0.03197364801406376,0.016177942979621107,0.00045735201395299485,0.16071298448574273
4,2,2,Clyde Drexler,18.0,0.01215028410918861,0.003902243498409217,2.872924330625563e-05,0.07820097940070378
4,2,3,Heather Mills,24.0,0.085395108398155,0.05437493190600636,0.0052678057609407926,0.335762619375021
4,2,4,Ian Ziering,22.0,0.04677602263044809,0.02552870912727498,0.0010046964080652697,0.22470213286150528
4,2,5,Joey Fatone,24.0,0.10608867690286897,0.0675988890482693,0.005530062207141676,0.44153842612061994
4,2,6,John Ratzenberger,21.0,0.029472749855099754,0.014601685815369303,0.0004852982007101131,0.15792339803433136
4,2,7,Laila Ali,27.0,0.37045435164357704,0.3280459383024703,0.03691159763091272,0.8698905587106555
4,2,8,Leeza Gibbons,21.0,0.02995876701390376,0.015125632200340324,0.00042110455565506645,0.15345634823197998
4,2,9,Paulina Porizkova,21.0,0.03037393474395556,0.01609038555441148,0.0005921989454288663,0.14444057385902737
4,2,10,Shandi Finnessey,20.0,0.0219988524674369,0.008296128619022122,0.00014061219339628957,0.12595436819178135
4,3,0,Apolo Anton Ohno,23.0,0.12127840548150273,0.08079283071879013,0.009588157697839137,0.492565915486022
4,3,1,Billy Ray Cyrus,21.0,0.04786057850643906,0.028215550473365728,0.0021638104408319707,0.20719357894462423
4,3,2,Clyde Drexler,16.0,0.00917934496135126,0.0024465396981595985,2.4520239833920538e-05,0.06213236455446248
4,3,3,Heather Mills,24.0,0.15666860194193083,0.11532422961894383,0.014242978000074166,0.528563100217835
4,3,4,Ian Ziering,24.0,0.17929431830367526,0.13621169679957618,0.01619694226474726,0.5771750354689111
4,3,5,Joey Fatone,24.0,0.18673860614285076,0.14040643224252208,0.017896499372575047,0.6292889597309119
4,3,6,John Ratzenberger,20.0,0.030219237606106217,0.015867473065497174,0.0009475480578182155,0.1473273610849446
4,3,7,Laila Ali,21.0,0.05237090388275725,0.0306851506488119,0.002286736493765606,0.24004233520121945
4,3,8,Leeza Gibbons,24.0,0.17279999872939528,0.13394690101957318,0.015714528901611503,0.5252551554302495
4,3,10,Shandi Finnessey,21.0,0.0435900044439913,0.023528668299354953,0.0018134417182643359,0.1918268939429948
4,4,0,Apolo Anton Ohno,26.0,0.2246674004056541,0.17566813537093515,0.017199297409810764,0.7045133278403735
4,4,1,Billy Ray Cyrus,21.0,0.06389778396862886,0.03899083237417771,0.002653400093754234,0.2752096888562316
4,4,2,Clyde Drexler,15.0,0.019050334284529513,0.007019053022932777,0.0001221156289283105,0.11460685533220424
4,4,3,Heather Mills,23.0,0.0880008570376445,0.05738116257938779,0.00483148773064047,0.34863002002004684
4,4,4,Ian Ziering,24.0,0.12950923202364464,0.08948554918683888,0.008702976733716257,0.4751029461413529
4,4,5,Joey Fatone,28.0,0.3638369111350019,0.3253128458686966,0.0385601747144747,0.8665308819373189
4,4,6,John Ratzenberger,16.0,0.021455220820444234,0.008742549733716078,0.000231460129905769,0.12282671900946729
4,4,7,Laila Ali,21.0,0.06782142960193246,0.04144904181681086,0.0028489818665827058,0.30839832328711514
4,4,8,Leeza Gibbons,16.0,0.021760830722519785,0.00966506906637591,0.00021076536366178958,0.11715534506778447
4,5,0,Apolo Anton Ohno,30.0,0.3621701912270603,0.31702988183432024,0.039195573660153034,0.8650644025577188
4,5,1,Billy Ray Cyrus,17.0,0.03325928108580068,0.015108821033649448,0.00043115069107069843,0.1777551993480483
4,5,2,Clyde Drexler,13.0,0.01784274008236926,0.006164855324629313,7.820251773253955e-05,0.10827983140880827
4,5,3,Heather Mills,21.0,0.05434624126292045,0.029952401723961908,0.002100026158336702,0.23407344929861296
4,5,4,Ian Ziering,24.0,0.1091510993477149,0.07141882421872309,0.005326409269501892,0.4253435171267323
4,5,5,Joey Fatone,25.0,0.14137739425368281,0.09304453769990587,0.007880543088474381,0.5338549222569806
4,5,6,John Ratzenberger,18.0,0.035363179459251,0.01672358561242713,0.0006124496270937333,0.18790566142163084
4,5,7,Laila Ali,28.0,0.24648987328120053,0.19709028114500576,0.02440630013746795,0.6909500164054034
4,6,0,Apolo Anton Ohno,28.0,0.2957115667272901,0.2510146202250234,0.02954033828886502,0.8029827055282116
4,6,1,Billy Ray Cyrus,21.0,0.03632260534103392,0.016432352935807942,0.0005122587783166579,0.19980967135329802
4,6,3,Heather Mills,23.0,0.05259500305965228,0.028167324284210836,0.0016219122983937835,0.2437864890049386
4,6,4,Ian Ziering,24.0,0.08159038107044969,0.04877515723211434,0.0030254316198346353,0.36333944174503946
4,6,5,Joey Fatone,27.0,0.2164996610859672,0.16045205575214083,0.017744778273355098,0.6721176767466052
4,6,6,John Ratzenberger,19.0,0.020366391976142203,0.007196981351939875,0.00010441516205373074,0.1186536112896787
4,6,7,Laila Ali,28.0,0.29691439073946463,0.24770068221845232,0.03338561870552094,0.7647324929710487
4,7,0,Apolo Anton Ohno,27.0,0.16010926547591314,0.11510194152728385,0.009812683474072274,0.6051394222327394
4,7,1,Billy Ray Cyrus,19.0,0.02422685008254427,0.00803415740303803,0.00012697331707861784,0.15174572978703602
4,7,4,Ian Ziering,27.0,0.14972038220675363,0.10497469546229833,0.00902099773654579,0.5467210269315512
4,7,5,Joey Fatone,29.5,0.3091767411835981,0.2642184052784199,0.033991913059206465,0.7684340189873607
4,7,6,John Ratzenberger,22.5,0.04539466891530725,0.022161379446623733,0.0010341624456818028,0.23753541437758474
4,7,7,Laila Ali,29.5,0.3113720921358836,0.2610739336219835,0.041431118206817316,0.7846363423283982
4,8,0,Apolo Anton Ohno,29.0,0.414462402981467,0.3853985080401819,0.04677870939314029,0.898829882260754
4,8,1,Billy Ray Cyrus,19.0,0.030196834658429806,0.010233085973737337,0.00017460511469552756,0.18407496368537962
4,8,4,Ian Ziering,23.5,0.08540712581678346,0.04887358769719721,0.0023586888524438757,0.39627246012977707
4,8,5,Joey Fatone,27.5,0.2713350951106362,0.2155122044486643,0.020101548428338594,0.7643772068293205
4,8,7,Laila Ali,26.5,0.19859854143268352,0.15058542459049273,0.016181930659001788,0.6182745997847575
4,9,0,Apolo Anton Ohno,29.5,0.13354482675858198,0.0795966053152106,0.004342126020917854,0.5598991632808393
4,9,4,Ian Ziering,29.0,0.045705573257985924,0.017769148101799505,0.00030066108043087797,0.27412668104345145
4,9,5,Joey Fatone,30.0,0.4083773272222923,0.37696827680175216,0.046274752932627804,0.8803578928551037
4,9,7,Laila Ali,30.0,0.4123722727611399,0.38319075217087606,0.0567949839636544,0.8776287325188026
4,10,0,Apolo Anton Ohno,29.3332,0.7299684638965331,0.805560355801442,0.15044226443908304,0.9951181560469121
4,10,5,Joey Fatone,28.6665,0.1811407479456449,0.11035404568843346,0.0032076357931253834,0.7227898213144375
4,10,7,Laila Ali,28.333200000000005,0.08889078815782196,0.039662901066947115,0.0006643054948945614,0.5034164049798073
5,1,0,Albert Reed,21.0,0.03745320450644627,0.021168259066220795,0.0013358228353158106,0.16665258237248448
5,1,1,Cameron Mathison,21.0,0.0346596800394341,0.021138507812285615,0.0011816416373118166,0.15121456943079023
5,1,2,Floyd Mayweather Jr. ,18.0,0.014613892119894936,0.005703187508681573,9.133391112921505e-05,0.09096022967571268
5,1,3,Helio Castroneves,25.0,0.21285143600637557,0.16158064887473234,0.017394698008911018,0.6396584079521308
5,1,4,Jane Seymour,24.0,0.13693182572557935,0.09670396324675584,0.010733368202541171,0.48277108713851136
5,1,5,Jennie Garth,21.0,0.040027264828947334,0.020637011946041506,0.0012689810035542567,0.19258706899659722
5,1,6,Josie Maran,16.0,0.008587919235426077,0.0025811746857658277,2.509458013043909e-05,0.05272752138754817
5,1,7,Marie Osmond,21.0,0.0415649839829957,0.023042002334655164,0.0011984128560209443,0.20068468150723467
5,1,8,Mark Cuban,21.0,0.037826140638958526,0.020776126894305483,0.0013580914173358038,0.17099806636418013
5,1,9,Mel B,24.0,0.13738922405391252,0.09827126838018507,0.009765597650619896,0.46922352584749716
5,1,10,Sabrina Bryan,26.0,0.27719236468805825,0.2206296148474972,0.0226783628580345,0.8038826944183236
5,1,11,Wayne Newton,19.0,0.020902064173971356,0.009080480819058176,0.0002524301895880371,0.10594523065854705
5,2,0,Albert Reed,21.0,0.039307709394314966,0.02206115218530552,0.0013379816367645521,0.18007979536586136
5,2,1,Cameron Mathison,21.0,0.03690349818916425,0.022041945478289957,0.0010891756649196692,0.16421929438020177
5,2,2,Floyd Mayweather Jr. ,21.0,0.03768885429220277,0.020348053131721233,0.000943607719110704,0.17276981103438996
5,2,3,Helio Castroneves,27.0,0.34939166144022477,0.30332241329096055,0.03618291481109559,0.8468787901541159
5,2,4,Jane Seymour,21.0,0.049043017209097296,0.02637028985946365,0.001275399452147159,0.2334766748364727
5,2,5,Jennie Garth,21.0,0.04221339525612546,0.02212449656846723,0.001196255617118331,0.21297896306455746
5,2,7,Marie Osmond,24.0,0.1120547602460842,0.0734213345293383,0.006758184072821764,0.4199313323449777
5,2,8,Mark Cuban,18.0,0.017522999765993284,0.007359233683483303,0.00016497876289633804,0.09569543439501489
5,2,9,Mel B,23.0,0.08897327926176833,0.058681919750778994,0.0041761740256222885,0.34702484137459216
5,2,10,Sabrina Bryan,26.0,0.21764749762210844,0.16417737978901487,0.01723092188637669,0.6986252362809349
5,2,11,Wayne Newton,15.0,0.009253327322916272,0.0024695425787922194,1.4840057294725132e-05,0.0577439192126828
5,3,1,Cameron Mathison,23.0,0.039187853901645496,0.024174949013680475,0.0017552388894620688,0.16156101210071455
5,3,2,Floyd Mayweather Jr. ,21.0,0.022957126233025246,0.010470207079523243,0.0004271675578182631,0.1253171913677793
5,3,3,Helio Castroneves,24.0,0.07770239697720734,0.04534936330827609,0.003518498473912409,0.3606321342472371
5,3,4,Jane Seymour,27.0,0.19970148994450085,0.14963372151021898,0.01890864868897343,0.6190508988535384
5,3,5,Jennie Garth,26.0,0.11840226812875679,0.08012246360566447,0.0131519627032122,0.41962727583923104
5,3,7,Marie Osmond,26.0,0.13076210403873056,0.09108404669598957,0.009222679526523631,0.47576249480348703
5,3,8,Mark Cuban,20.0,0.018215752117597104,0.007487411225819243,0.0002566934810661181,0.09923519807166764
5,3,9,Mel B,27.0,0.20056470682677835,0.15624302587518712,0.01706796387576123,0.5985817994818661
5,3,10,Sabrina Bryan,27.0,0.18088451398150918,0.12931384103110055,0.016031681039937646,0.631773904495443
5,3,11,Wayne Newton,18.0,0.011621787850249107,0.003686766236314646,4.82651212235176e-05,0.0672293856161743
5,4,1,Cameron Mathison,27.0,0.09043110422994476,0.06167708901422474,0.0045297108444144335,0.33898508977750247
5,4,2,Floyd Mayweather Jr. ,23.0,0.018197701256288286,0.006691394720717051,6.596838763090902e-05,0.1153742883067351
5,4,3,Helio Castroneves,27.0,0.12449484995351508,0.08172923124993069,0.0047794878666458625,0.4896448080351301
5,4,4,Jane Seymour,26.0,0.07446525556024186,0.0443201920647148,0.0020759030635303013,0.3221984784112463
5,4,5,Jennie Garth,27.0,0.09854546389559883,0.06440059300138042,0.005754777469972721,0.3936300523750535
5,4,7,Marie Osmond,26.0,0.06668168492954049,0.039992932597383096,0.001671329857563179,0.2890151668772797
5,4,8,Mark Cuban,22.0,0.01315607777822681,0.004141451423368315,3.7070898934836605e-05,0.07726583093738146
5,4,9,Mel B,26.0,0.07471295559646994,0.045629439660115664,0.0017125585524983356,0.3246692714092436
5,4,10,Sabrina Bryan,30.0,0.43931490680017393,0.4034588115996072,0.03713508814766302,0.9494018900775102
5,5,1,Cameron Mathison,26.0,0.09551270477524543,0.06733933426205549,0.0066437756507006325,0.31991000852945967
5,5,3,Helio Castroneves,23.0,0.05185559039440984,0.023075859099370453,0.0008036851440286785,0.2928434428302862
5,5,4,Jane Seymour,26.0,0.12203659078869132,0.08197457294646146,0.006992862617084107,0.46543802200199996
5,5,5,Jennie Garth,25.0,0.0740321063809098,0.04298647985011825,0.003868986097808598,0.3301503732533503
5,5,7,Marie Osmond,21.0,0.022521804124432228,0.008440987180247338,0.00012865009019790653,0.13146812583549627
5,5,8,Mark Cuban,21.0,0.02037377124469345,0.007725635676320226,0.00015038656600723825,0.1119550920335149
5,5,9,Mel B,29.0,0.3802647162044448,0.34924019351099655,0.03768342453130869,0.8509510815243904
5,5,10,Sabrina Bryan,28.0,0.23340271608717314,0.17681283928369984,0.019565612451235972,0.7266971461871611
5,6,1,Cameron Mathison,25.0,0.053107045729782115,0.03230039967437802,0.001545383109915713,0.2361296714110624
5,6,3,Helio Castroneves,28.0,0.22447944422787555,0.17169373280678346,0.016310492975836543,0.6736114540208777
5,6,4,Jane Seymour,22.0,0.027356193372058395,0.00924833701039103,0.00010349374104408022,0.15893096225326833
5,6,5,Jennie Garth,27.0,0.12372090428800255,0.08086975705311593,0.008402545655553595,0.49849680286899317
5,6,7,Marie Osmond,23.0,0.032342527960001456,0.013645805010164774,0.00028074655381964234,0.1856450644647554
5,6,9,Mel B,30.0,0.4781988345126965,0.4621420922377819,0.049893418626404076,0.9240430371336152
5,6,10,Sabrina Bryan,25.0,0.06079504990958338,0.032124969974560325,0.0017712889026892463,0.30004353405619255
5,7,1,Cameron Mathison,25.5,0.04076065098616806,0.021802501679878017,0.0006244369317437735,0.2124492265846283
5,7,3,Helio Castroneves,26.0,0.1175702259053317,0.06956755700536633,0.0039329757014787805,0.5101163761191838
5,7,4,Jane Seymour,25.0,0.030246034689063454,0.009790493848799865,0.00011007039231440445,0.17718577926783072
5,7,5,Jennie Garth,26.5,0.19712940446026514,0.14631193949781823,0.018326015035485844,0.6401763514489478
5,7,7,Marie Osmond,26.0,0.09933749969598245,0.05766429205911734,0.004070061627304123,0.4255464254909662
5,7,9,Mel B,27.0,0.5149561842631892,0.5193966351246357,0.05837369132834453,0.9378332135922914
5,8,1,Cameron Mathison,25.5,0.06328224588699423,0.03557714340378426,0.0014072263402694057,0.3156215236267806
5,8,3,Helio Castroneves,28.5,0.48838597402481837,0.4931542471669775,0.06076820682845504,0.9244474896419638
5,8,5,Jennie Garth,25.0,0.05595131032853638,0.02380569562311587,0.0007361353455304438,0.3170659527448814
5,8,7,Marie Osmond,24.5,0.04399216456951009,0.01845838434228692,0.00039991250599075384,0.25031743666019085
5,8,9,Mel B,28.0,0.34838830519014097,0.30344919223142297,0.030945129794411823,0.8240534740687553
5,9,3,Helio Castroneves,30.0,0.4306039796503502,0.4107977813309247,0.05073113407432254,0.8857688127001435
5,9,5,Jennie Garth,29.0,0.11256461547825825,0.06257232448599145,0.004586611442403695,0.5167753371792765
5,9,7,Marie Osmond,28.0,0.04231967849649694,0.016116142769796976,0.0003525729783353945,0.24621553492181253
5,9,9,Mel B,30.0,0.4145117263748946,0.3891067392979888,0.04243883567428987,0.8829844111947248
5,10,3,Helio Castroneves,27.999900000000004,0.4447484506238744,0.42646390401919293,0.04857160390026836,0.9057145601065861
5,10,7,Marie Osmond,23.0,0.0634224259856868,0.025724024360076685,0.0007038845714603716,0.3552620643038926
5,10,9,Mel B,28.3332,0.49182912339043877,0.48647220171918903,0.05397544838516967,0.930481124149877
6,1,0,Adam Carolla,15.0,0.01465138112142569,0.004873075771389788,5.4400191269248325e-05,0.08928088939272748
6,1,1,Cristian de la Fuente,21.0,0.061349948340476856,0.03643675137163316,0.003102004340084793,0.27126603199983135
6,1,2,Jason Taylor,22.0,0.07758592072638566,0.04754977523099552,0.0037804935042039453,0.32119414665536034
6,1,3,Kristi Yamaguchi,27.0,0.35698596039163333,0.3100472999259747,0.03526641614894206,0.8583727953222141
6,1,4,Mario,24.0,0.13422455105533182,0.09893878075638565,0.012215384194163298,0.42888418365623515
6,1,5,Marissa Jaret Winokur,18.0,0.026035679494969367,0.014605660059806982,0.00041327768197077974,0.13127230990561414
6,1,6,Marlee Matlin,22.0,0.07646515962899633,0.04708013839842626,0.004831350419999628,0.3021936580234401
6,1,7,Monica Seles,15.0,0.014765040493893291,0.005004815770511616,8.326942293776642e-05,0.08570138237693052
6,1,8,Penn Jillette,16.0,0.01724702797588154,0.007082093155459414,0.00011242442181845456,0.10176801554373012
6,1,9,Priscilla Presley,24.0,0.13619801182014155,0.09557454114397276,0.011372619274026902,0.484055297569523
6,1,10,Shannon Elizabeth,21.0,0.054760904047257655,0.03295670677208001,0.0023886315844109706,0.2374731025522529
6,1,11,Steve Guttenberg,18.0,0.029730414903606936,0.014284114451278862,0.0004132683309876661,0.15722938452341859
6,2,0,Adam Carolla,19.0,0.028785098094809097,0.012964386040172814,0.0005789451612972417,0.14642408278519206
6,2,1,Cristian de la Fuente,20.0,0.03810597015706332,0.01926650460348712,0.00120824727715829,0.19734785300006968
6,2,2,Jason Taylor,27.0,0.21963425702583447,0.17217506546955924,0.02073248476213562,0.6503893988260109
6,2,3,Kristi Yamaguchi,27.0,0.22787141481173107,0.18155878684139054,0.02248490788415567,0.6736450637010926
6,2,4,Mario,26.0,0.16524407366036334,0.12615343853626212,0.015222980440440294,0.5076530137846431
6,2,5,Marissa Jaret Winokur,21.0,0.042981126349143736,0.027420321232028637,0.0017445854580378126,0.18291970460471077
6,2,6,Marlee Matlin,24.0,0.09581228825393343,0.06376942817071696,0.006987576540092154,0.3538481758282714
6,2,7,Monica Seles,15.0,0.013187056737437041,0.00431155489165282,7.103201793277941e-05,0.07825173171829959
6,2,8,Penn Jillette,17.0,0.01841906461875369,0.00778162640588332,0.00016719300935991833,0.10969109933453093
6,2,9,Priscilla Presley,21.0,0.04296321975337871,0.02473950966909605,0.002014840135963809,0.19178950682936458
6,2,10,Shannon Elizabeth,24.0,0.09035575609656936,0.059760020563754915,0.007158166202742349,0.35814046997993243
6,2,11,Steve Guttenberg,16.0,0.016640674440982803,0.006140294046549439,9.654830023134911e-05,0.10033935736004604
6,3,0,Adam Carolla,21.0,0.03044993979213992,0.013241391259738283,0.00040525275861485354,0.16600640447275933
6,3,1,Cristian de la Fuente,25.0,0.14450478325454405,0.10277392826277776,0.012163644394907911,0.5057882004469565
6,3,2,Jason Taylor,23.0,0.06292758823262702,0.03522692955055384,0.0022071642435081765,0.26455193720832093
6,3,3,Kristi Yamaguchi,27.0,0.3541804494381735,0.3082752687663347,0.03735691545184315,0.837818325384813
6,3,4,Mario,21.0,0.02933393322261131,0.014141174639112672,0.0003833509867999392,0.1600188986047964
6,3,5,Marissa Jaret Winokur,19.0,0.014994965335651433,0.005807651692149169,4.828048298870272e-05,0.09280644399407087
6,3,6,Marlee Matlin,21.0,0.02957073770465978,0.012553831738776708,0.0004526285624381908,0.16476807669356527
6,3,9,Priscilla Presley,26.0,0.2160402168163385,0.16643260373005384,0.01964483942093098,0.6655268692912782
6,3,10,Shannon Elizabeth,24.0,0.08597823866010174,0.055945405650724866,0.004898361751921672,0.3451007225360019
6,3,11,Steve Guttenberg,21.0,0.032019147543152784,0.014754720241495763,0.00038529400856937736,0.16727283333886744
6,4,0,Adam Carolla,19.0,0.014507489097086691,0.004119594315342736,4.0759800256211816e-05,0.10065910217102238
6,4,1,Cristian de la Fuente,26.0,0.10039981562592908,0.06372113051698047,0.00609131721415395,0.40836694106680366
6,4,2,Jason Taylor,29.0,0.2595441369719922,0.2138666858056472,0.025155897013260636,0.6964244091720435
6,4,3,Kristi Yamaguchi,29.0,0.2722570233430106,0.22904993673905005,0.029726982283281765,0.7579727246346329
6,4,4,Mario,24.0,0.04971227432320616,0.028479995274836932,0.001772979214663756,0.2280897157092441
6,4,5,Marissa Jaret Winokur,24.0,0.04920409779655879,0.03009453705785787,0.0016813184958165966,0.2109686099686984
6,4,6,Marlee Matlin,24.0,0.05062977494908613,0.026900828273056912,0.0017635235062140734,0.23675288944729775
6,4,9,Priscilla Presley,22.0,0.027719365675752623,0.012696148209278418,0.0004337064400314708,0.1447291552988685
6,4,10,Shannon Elizabeth,28.0,0.17602602221737773,0.12904843296367646,0.0169084249439445,0.5696669402799311
6,5,1,Cristian de la Fuente,23.0,0.04638927630413469,0.021457583027954943,0.0007642321500926647,0.24850536045182067
6,5,2,Jason Taylor,27.0,0.1859993402974426,0.13441725287347261,0.012791421360967087,0.5919988719733422
6,5,3,Kristi Yamaguchi,29.0,0.4327925809491138,0.40502953295544963,0.04342416007840952,0.910189076769524
6,5,4,Mario,27.0,0.18221246588197854,0.14183222066969958,0.016120873002424336,0.558220926169652
6,5,5,Marissa Jaret Winokur,24.0,0.05800278441117964,0.03649153223733405,0.0017177248315087654,0.26246071807875604
6,5,6,Marlee Matlin,22.0,0.031191241395780302,0.012962708692225074,0.0002941433597663506,0.1731820707200295
6,5,9,Priscilla Presley,21.0,0.022531885348245278,0.008887449722427252,0.0001324394974411409,0.13147068199030043
6,5,10,Shannon Elizabeth,23.0,0.04088042541212508,0.01991676892076242,0.000605893797884774,0.21107365633389977
6,6,1,Cristian de la Fuente,27.0,0.14441864379010644,0.09838971977160338,0.008917452370995456,0.5363516142983581
6,6,2,Jason Taylor,24.0,0.05215013818560919,0.024114915342939136,0.0007307360452786035,0.2677469869098194
6,6,3,Kristi Yamaguchi,30.0,0.4471789818567851,0.42985045063183214,0.04569295582375635,0.904573979349017
6,6,4,Mario,28.0,0.19517776106742227,0.15374442154212795,0.017882968540514063,0.5724290272939937
6,6,5,Marissa Jaret Winokur,26.0,0.09337935844028768,0.06368226176339997,0.004143372084817501,0.35351191446080454
6,6,6,Marlee Matlin,21.0,0.020511093031616374,0.006675344421063185,8.032952931270407e-05,0.1279990807219197
6,6,10,Shannon Elizabeth,24.0,0.04718402362817281,0.024243664249148054,0.0007132398099285182,0.24386350682386945
6,7,1,Cristian de la Fuente,23.0,0.024019686616696807,0.007254965838197848,9.465312353146284e-05,0.15272328384029665
6,7,2,Jason Taylor,27.5,0.3865017180792582,0.352053903341058,0.047816702381544965,0.8517911632371473
6,7,3,Kristi Yamaguchi,27.0,0.27859326211723656,0.23756737619635349,0.028526917172203042,0.7349166308978812
6,7,4,Mario,25.5,0.09255465113135086,0.0591501037844103,0.004681516217394075,0.3739863972243087
6,7,5,Marissa Jaret Winokur,26.0,0.1304658003860626,0.09375731030172538,0.008017941759979481,0.44489543780146246
6,7,10,Shannon Elizabeth,25.5,0.08786488166939493,0.05364106062063498,0.003987636084532852,0.3940162072128976
6,8,1,Cristian de la Fuente,28.5,0.5473940747815172,0.5634230048267316,0.07779043266238622,0.9543334548029321
6,8,2,Jason Taylor,26.0,0.0771311161513085,0.036902145762168416,0.001016083499146996,0.40222312524165793
6,8,3,Kristi Yamaguchi,27.5,0.23577524685531023,0.18794137409151263,0.01857219299998452,0.693128493645965
6,8,4,Mario,26.5,0.10350227022742592,0.0617001918500881,0.0036339326753446373,0.4347984718804849
6,8,5,Marissa Jaret Winokur,25.0,0.03619729198443807,0.014707118812399797,0.0001318886939045718,0.20905596166248203
6,9,1,Cristian de la Fuente,28.0,0.2904786311421914,0.23525686506574345,0.024355065442090304,0.7810910871060004
6,9,2,Jason Taylor,27.5,0.17050897247968105,0.11158252052243553,0.007737438366013599,0.6263887988504769
6,9,3,Kristi Yamaguchi,28.5,0.49755012180532404,0.49455620517558213,0.07833306518703716,0.917675166538315
6,9,5,Marissa Jaret Winokur,26.0,0.04146227457280351,0.017295256357715796,0.00024455956043548853,0.24680431341475503
6,10,1,Cristian de la Fuente,26.0,0.07783083308977896,0.031120614681548274,0.0005925595337858585,0.40605167525380476
6,10,2,Jason Taylor,28.5,0.26645853332494124,0.19871555739326968,0.013406977687924244,0.79624495074163
6,10,3,Kristi Yamaguchi,30.0,0.6557106335852798,0.7047468087128167,0.12179562443093822,0.9794913331201045
7,1,0,Brooke Burke,24.5,0.31111501750915876,0.2595271062547149,0.02940320975008899,0.8350454599435447
7,1,1,Cloris Leachman,16.0,0.016637092611083478,0.006642052702304762,0.00012998187225847965,0.09662470668968187
7,1,2,Cody Linley,20.5,0.06953700937095302,0.04223872303145021,0.0037826868709359574,0.3062524894515669
7,1,3,Jeffrey Ross,12.0,0.005629128220065248,0.0012643642901759079,7.5486204501432454e-06,0.04468560286842331
7,1,4,Kim Kardashian,18.5,0.03505990493576443,0.017551994114335487,0.0013362372274822048,0.18296362116048198
7,1,5,Lance Bass,21.5,0.09782170782403224,0.06087489851988767,0.007343268460859957,0.41330119284985395
7,1,6,Maurice Greene,19.5,0.040718190935175265,0.025840718394401312,0.002005143059989197,0.1637429708600419
7,1,7,Misty May-Treanor,21.0,0.08714147440038605,0.055503901901474015,0.0058136912952908,0.34541860562728727
7,1,8,Rocco DiSpirito,17.5,0.03145749943417545,0.012761837344278718,0.00047145654887684375,0.1667376915160777
7,1,9,Susan Lucci,18.5,0.03474613431533591,0.01852524004381944,0.0012964603906106874,0.15954546687830531
7,1,10,Ted McGinley,18.5,0.034005737289319514,0.019740727223717072,0.001194911361497921,0.1505580212138104
7,1,11,Toni Braxton,22.5,0.1283401344544291,0.08921445083296933,0.011287888797223826,0.4993598561479625
7,1,12,Warren Sapp,21.5,0.1077909687001215,0.07190866411422019,0.006099305719767979,0.4438534349522603
7,2,0,Brooke Burke,24.0,0.24163419623144666,0.18521177589174528,0.02186506024267695,0.7359828108936028
7,2,1,Cloris Leachman,15.0,0.012295193183518781,0.003729938450061486,3.409074522203338e-05,0.07777635758489153
7,2,2,Cody Linley,21.0,0.07547287201109662,0.04669997579151855,0.004695149112910438,0.3042963285106761
7,2,4,Kim Kardashian,17.0,0.022039481872045734,0.007784076333522082,0.00022387652004367161,0.13445182405914263
7,2,5,Lance Bass,20.0,0.05608087351291529,0.028504722791097968,0.0024028122877047787,0.2783499955201311
7,2,6,Maurice Greene,19.0,0.03188674170309043,0.018765863779441172,0.0010721699148620212,0.14471440006391267
7,2,7,Misty May-Treanor,21.0,0.07962683033111591,0.050079030311977024,0.004375410028268995,0.3274502594113577
7,2,8,Rocco DiSpirito,16.0,0.019910473144474163,0.006013875427097099,8.870976148833436e-05,0.11585906174013716
7,2,9,Susan Lucci,21.0,0.07252692980017997,0.04610027663434746,0.0049192595706116365,0.28657471296194204
7,2,11,Toni Braxton,23.0,0.14217030317040827,0.09934834352918773,0.012821906535952304,0.5063073494910643
7,2,12,Warren Sapp,24.0,0.2463561050397081,0.19179853272502778,0.02017151748570534,0.7512091238535926
7,3,0,Brooke Burke,28.0,0.4558998182350933,0.4312511399583765,0.05113069612404689,0.9409187974710476
7,3,1,Cloris Leachman,16.0,0.013207805617590615,0.0035314957341107097,1.381943006577264e-05,0.0878779085023941
7,3,2,Cody Linley,21.0,0.047470269298655915,0.023477707305260567,0.0010059335839975045,0.23625493937466888
7,3,5,Lance Bass,22.0,0.06586535572319017,0.033337546654675775,0.0017785649025469968,0.35033314649962055
7,3,6,Maurice Greene,24.0,0.09919641323892368,0.0671670631913152,0.0056432288321807385,0.3543693813219752
7,3,8,Rocco DiSpirito,20.0,0.042183536888099823,0.016898202319756597,0.00036741546993161695,0.2277987409942969
7,3,9,Susan Lucci,21.0,0.046208648020373035,0.022949705798011828,0.001053000034036701,0.22116505880455542
7,3,11,Toni Braxton,22.0,0.054621068716108535,0.03035482551937352,0.0019927332051894392,0.24373479680545135
7,3,12,Warren Sapp,25.0,0.17534708426196496,0.1292443916662938,0.009762683049958858,0.6005969405129742
7,4,0,Brooke Burke,26.0,0.3081894909283392,0.2635229770612836,0.03221880998885817,0.8267324211379858
7,4,1,Cloris Leachman,22.0,0.05144516500389306,0.026893943738607876,0.0013811759013852955,0.2574216985194084
7,4,2,Cody Linley,23.0,0.08301505274891254,0.05227395523284717,0.003140594710745249,0.3537327497622214
7,4,5,Lance Bass,26.0,0.28953229073459774,0.24209263602224024,0.028097502217790258,0.793457175718962
7,4,6,Maurice Greene,20.0,0.021951754071351404,0.010396687307630053,0.0002490223472367378,0.11805078823105318
7,4,8,Rocco DiSpirito,18.0,0.017961818539545354,0.004219759969444221,3.0195278514448752e-05,0.11202513433958372
7,4,9,Susan Lucci,24.0,0.11844915869325774,0.0842481975049298,0.009276302218689862,0.4382381965571081
7,4,11,Toni Braxton,22.0,0.04878383059205378,0.026482026259379912,0.0018003359410620108,0.23652025759856268
7,4,12,Warren Sapp,22.0,0.06067143868804911,0.034463902720024614,0.0014960896744143225,0.2960260141285438
7,5,0,Brooke Burke,29.0,0.362635462302825,0.32716121083946514,0.0380662577808559,0.8545277093090896
7,5,1,Cloris Leachman,21.0,0.028126441555073045,0.010711412835080359,0.00018431213216055104,0.15449050335093223
7,5,2,Cody Linley,28.0,0.25356071792563156,0.19258171388051679,0.0211008132059317,0.7395358668159289
7,5,5,Lance Bass,21.0,0.032232570091997724,0.011244953735138667,0.0002192960266355889,0.20780090344220106
7,5,6,Maurice Greene,27.0,0.15471363303786603,0.11127566019580659,0.012460741865618023,0.5121232324132009
7,5,9,Susan Lucci,22.0,0.0372067670170874,0.01673601355669907,0.0005901097730486174,0.1952159113546755
7,5,11,Toni Braxton,22.0,0.03266192638275948,0.014837640718529417,0.0005799097189424672,0.17229986312872905
7,5,12,Warren Sapp,25.0,0.09886248168675975,0.06210270992927787,0.003687246325152759,0.41738984245689514
7,6,0,Brooke Burke,26.0,0.24314946571679563,0.18924400536498004,0.0237912748869938,0.7253042803039979
7,6,1,Cloris Leachman,15.0,0.01612592908577958,0.004368860454332869,3.5047671227171655e-05,0.11254464033215494
7,6,2,Cody Linley,23.0,0.10213488289164198,0.06646663587726427,0.004975609021439831,0.4139792632889268
7,6,5,Lance Bass,27.0,0.30228582001943,0.2592328432392573,0.0320203142389518,0.8131706551323002
7,6,6,Maurice Greene,21.0,0.050404119446861094,0.02932148019228365,0.0017888251676649875,0.2266764396953673
7,6,9,Susan Lucci,23.0,0.09601953979083146,0.062454371369783615,0.0065846057191244435,0.3641872977559693
7,6,12,Warren Sapp,25.0,0.1898802430486603,0.14044082012053927,0.013294357212521715,0.6393382547274633
7,7,0,Brooke Burke,30.0,0.6268009136496859,0.6797364365778393,0.091856320980966,0.9864341385361057
7,7,2,Cody Linley,22.0,0.045978572038290366,0.018762178846142986,0.00033163678657930484,0.24994941022578057
7,7,5,Lance Bass,25.0,0.11142825377110376,0.06530862966263005,0.0030072338254739923,0.48374269785529417
7,7,6,Maurice Greene,25.0,0.09596177435601165,0.05764161901830883,0.0026556407959596974,0.4084969076039822
7,7,9,Susan Lucci,24.0,0.0807089112782187,0.04141709456395157,0.00156148548561609,0.37742146595552717
7,7,12,Warren Sapp,21.0,0.03912157490668952,0.013565006284463709,9.505433179876056e-05,0.22733230838201332
7,8,0,Brooke Burke,27.5,0.4674035720900688,0.44996427447133713,0.050446570029447,0.9385110846858018
7,8,2,Cody Linley,24.0,0.050991649294567946,0.021788365444019596,0.0005557434218896462,0.28901626684566717
7,8,5,Lance Bass,25.0,0.09283876051546211,0.04699629501340086,0.002101130812295029,0.4731143550108573
7,8,6,Maurice Greene,24.0,0.041602267767905585,0.019143309282216133,0.00045755397521986247,0.21061195623921256
7,8,12,Warren Sapp,27.0,0.3471637503319956,0.3101911295465766,0.028624258422554685,0.8610487937104143
7,9,0,Brooke Burke,24.5,0.12108779272961467,0.06417482260912599,0.0021084052398181964,0.5620011239274819
7,9,2,Cody Linley,23.0,0.061897661283841596,0.02670838314353305,0.00034448988679162506,0.33015050281031105
7,9,5,Lance Bass,28.5,0.693476366554731,0.7571668206919038,0.11451770430686038,0.9916148269347883
7,9,12,Warren Sapp,24.5,0.12353817943181267,0.06838086633841384,0.0019187058360620366,0.5538512324430387
7,10,0,Brooke Burke,30.0,0.7595939575949894,0.8449982598425392,0.14876716220904618,0.9963172557854537
7,10,5,Lance Bass,27.5,0.11690609588657398,0.05430606769256237,0.0013067847140563196,0.5848267158482358
7,10,12,Warren Sapp,27.5,0.12349994651843667,0.062458282824431666,0.0009158728817919412,0.6000608715849126
8,1,0,Belinda Carlisle,17.0,0.02811980685648309,0.014401805038323206,0.0004802045142594367,0.13034750215172416
8,1,1,Chuck Wicks,20.0,0.05590871360815946,0.036441602572829995,0.0037857503807571164,0.2023873616921432
8,1,2,David Alan Grier,19.0,0.05129995231449304,0.029745016275493696,0.0020987137430697805,0.2497344850365042
8,1,3,Denise Richards,18.0,0.037876227305532945,0.022137799192858215,0.0011817954792964994,0.17387212290198073
8,1,4,Gilles Marini,24.0,0.25685479015012397,0.20662865835613253,0.02965633349852968,0.7006339394332681
8,1,5,Holly Madison,18.0,0.033039202663670254,0.018354121726129498,0.0011698021324330116,0.1541723172347376
8,1,6,Lawrence Taylor,16.0,0.02317712659551619,0.009306704131775104,0.00024399715163559625,0.12391607072740109
8,1,7,Lil' Kim,21.0,0.08545536694683395,0.058046926134629966,0.006000392842120134,0.3283489954348756
8,1,8,Melissa Rycroft,23.0,0.18654705531764204,0.13702349802971878,0.01639966653800132,0.5829869166432464
8,1,9,Shawn Johnson,23.0,0.1888374323612746,0.14094355046021742,0.017685168678974,0.6095921346521671
8,1,10,Steve Wozniak,13.0,0.009960685679732633,0.0033764868010574037,2.8688767799342324e-05,0.06667097207607657
8,1,11,Steve-O,17.0,0.028123916139534553,0.014242302369919833,0.0005137077481258503,0.14572673552446042
8,1,12,Ty Murray,14.0,0.014799724061003331,0.005054693909435027,7.692406831079892e-05,0.08384911781183592
8,2,0,Belinda Carlisle,18.0,0.023908621255113276,0.011608307931954331,0.0002749584181875988,0.11785582033659477
8,2,1,Chuck Wicks,20.0,0.03243757613149377,0.01855326796091023,0.0010260107609799266,0.1359864432734003
8,2,2,David Alan Grier,17.0,0.020330301945572164,0.00801410151366997,0.0001448706378337333,0.12681528451952861
8,2,3,Denise Richards,21.0,0.05227186019773798,0.03244012095401995,0.0020815025100947623,0.22392527936615675
8,2,4,Gilles Marini,27.0,0.3050713069755024,0.2547379594130311,0.03658259535844593,0.7927099964687707
8,2,5,Holly Madison,18.0,0.02110645701534887,0.010390344693823984,0.0002778014111835102,0.10806517156179142
8,2,6,Lawrence Taylor,20.0,0.04011224011787027,0.021887930490490804,0.0009480078712229035,0.19605546680707045
8,2,7,Lil' Kim,23.0,0.08255665512433345,0.05516417634138651,0.005311899832931,0.32954126658085264
8,2,8,Melissa Rycroft,26.0,0.22907011406457178,0.1775701369127049,0.022393659158320183,0.6663248248582274
8,2,9,Shawn Johnson,24.0,0.12355874641213745,0.08321070984447579,0.011179481886632823,0.45160311747198395
8,2,10,Steve Wozniak,17.0,0.017730211080579705,0.0077261913034678605,0.000150791586603519,0.09422686991418532
8,2,11,Steve-O,14.0,0.01020461868291265,0.0031760874412197393,1.8932241845727578e-05,0.064762531086862
8,2,12,Ty Murray,20.0,0.041641290996826244,0.022240575391805472,0.0013683321060865567,0.19224696491286203
8,3,1,Chuck Wicks,23.0,0.0636519213200395,0.04284956496146776,0.005521563234806047,0.22102080929393852
8,3,2,David Alan Grier,24.0,0.09482844985174807,0.06374449936690738,0.0069781601802922704,0.3562912665427089
8,3,3,Denise Richards,16.0,0.022214187894435175,0.010980696718578195,0.00030729243419193796,0.11362205128041401
8,3,4,Gilles Marini,27.0,0.1743497916971951,0.13262120000076674,0.01877505104536934,0.5518934854513226
8,3,5,Holly Madison,17.0,0.02270816701871769,0.011550074518361982,0.0005297630802073981,0.10999697827635944
8,3,6,Lawrence Taylor,20.0,0.044101861161258984,0.02475504225001103,0.0015711397617541503,0.20196009887639702
8,3,7,Lil' Kim,25.0,0.10652336812167187,0.07350820120213844,0.008652961900852001,0.38478952435450886
8,3,8,Melissa Rycroft,27.0,0.18058762728836106,0.13439948460363896,0.016959322792782172,0.5699239080238502
8,3,9,Shawn Johnson,27.0,0.18403354857563986,0.13664336895717044,0.017235760942353517,0.5902161685443851
8,3,10,Steve Wozniak,10.0,0.00860256759241556,0.0027107895909363323,2.132072470658761e-05,0.05949676884615372
8,3,11,Steve-O,15.0,0.01879808104222631,0.008040986860117907,0.00019647920670457812,0.10766720960860371
8,3,12,Ty Murray,23.0,0.0796004284362908,0.05085027260747067,0.006463615007008009,0.3083920951988118
8,4,1,Chuck Wicks,22.0,0.04627786534896043,0.028870470943613412,0.0026382530164258417,0.17716357482453993
8,4,2,David Alan Grier,22.0,0.05775474108517942,0.033710765604231904,0.002505790385428311,0.27028406947871075
8,4,4,Gilles Marini,30.0,0.25912025670603267,0.20911437014799739,0.03203223244000179,0.7109943710470793
8,4,5,Holly Madison,16.0,0.018924546929979434,0.008769736488218143,0.0002266093133302857,0.09516879436642021
8,4,6,Lawrence Taylor,19.0,0.03537472978416103,0.017337879938367086,0.0006749317914056612,0.17929491233953918
8,4,7,Lil' Kim,27.0,0.13343572724624128,0.09235794433205394,0.011275036541709298,0.4686860644460532
8,4,8,Melissa Rycroft,29.0,0.2187689807413649,0.16887841335342216,0.022133871399061877,0.6548115818019725
8,4,9,Shawn Johnson,25.0,0.09927509306890711,0.06542154678969594,0.0086477460787196,0.3660901736410283
8,4,10,Steve Wozniak,12.0,0.01163037100495649,0.004052133924994098,4.228188282286323e-05,0.07549338381967387
8,4,11,Steve-O,15.0,0.018868390720035447,0.007655939996395057,0.00014152716602446684,0.11194671617791489
8,4,12,Ty Murray,25.0,0.10056929736418183,0.0686351207210443,0.008046537073209702,0.3666955710518813
8,5,1,Chuck Wicks,23.0,0.04894708559889811,0.029721447861643373,0.0019337725694442275,0.195172187258441
8,5,2,David Alan Grier,22.0,0.04734595837393864,0.023354277573816244,0.001017877522832945,0.2732387912002134
8,5,4,Gilles Marini,29.0,0.41162744749946456,0.3794761698072491,0.058704208874624464,0.9005442131729761
8,5,6,Lawrence Taylor,20.0,0.028625280256313636,0.01142408042942018,0.00021084591457028003,0.15293551682258286
8,5,7,Lil' Kim,26.0,0.14163641735403176,0.09947325715758151,0.009132308863435613,0.49429686485232793
8,5,8,Melissa Rycroft,25.0,0.11139800601788667,0.07613925695964087,0.007166145088106087,0.4231854871643902
8,5,9,Shawn Johnson,26.0,0.156136676717436,0.11089976324915285,0.013653250125202868,0.5248999393033928
8,5,11,Steve-O,18.0,0.01694555832300646,0.005736735559828221,4.895216395228015e-05,0.10220319002382974
8,5,12,Ty Murray,21.0,0.037337569859024124,0.017338327639062474,0.0005508976554240598,0.19270113862655608
8,6,1,Chuck Wicks,23.0,0.06521648193973294,0.041506901496352444,0.003862547138598119,0.24772424552433575
8,6,4,Gilles Marini,26.0,0.16817808708250548,0.12365629332978831,0.01469676129854279,0.5556745301913656
8,6,6,Lawrence Taylor,22.0,0.06250697235457299,0.03478359971132186,0.0022607198026617366,0.29562993443960445
8,6,7,Lil' Kim,28.0,0.26394742766412754,0.21419283172658654,0.025381252330622064,0.716659379677982
8,6,8,Melissa Rycroft,27.0,0.22272863361224116,0.1781429282609744,0.020142294520780864,0.6503935250118106
8,6,9,Shawn Johnson,26.0,0.1699841239232403,0.12367134804890936,0.017973918049611536,0.5446676426393915
8,6,11,Steve-O,16.0,0.01837114588519979,0.006249619344832437,6.478025383918212e-05,0.11137194759750677
8,6,12,Ty Murray,18.0,0.029067127538379735,0.011215833473458559,0.0002921579857625222,0.1619910285903859
8,7,1,Chuck Wicks,27.0,0.12425788382975368,0.0884249019111622,0.00978779383000937,0.4185658680715745
8,7,4,Gilles Marini,27.0,0.14453394996350435,0.10545922225001175,0.011600843894623679,0.5021012246753875
8,7,6,Lawrence Taylor,21.0,0.02052777003672988,0.005392547606852977,5.4916489297570045e-05,0.14295271105422727
8,7,7,Lil' Kim,26.0,0.08731373246162444,0.055662418698008316,0.004962489844503465,0.34685864046604087
8,7,8,Melissa Rycroft,29.0,0.34695943036451,0.30937751185763035,0.03910140068423838,0.8193772429839381
8,7,9,Shawn Johnson,28.0,0.22617167241380878,0.171470574720708,0.025252982297213494,0.66114834000023
8,7,12,Ty Murray,24.0,0.05023556093006885,0.023733668963267035,0.001146683794501219,0.2570901737113649
8,8,1,Chuck Wicks,25.5,0.06829632654668583,0.04231120015851963,0.003051977705585131,0.2691063903273505
8,8,4,Gilles Marini,27.5,0.2947193097963613,0.24949545368713927,0.033604116575606996,0.7719604511340922
8,8,7,Lil' Kim,28.0,0.3783554729175577,0.34456273404806925,0.04154755567404366,0.8674626458045614
8,8,8,Melissa Rycroft,23.0,0.024366341402984937,0.007425860012419624,7.715507565109824e-05,0.1572193318951215
8,8,9,Shawn Johnson,26.0,0.1156330806734689,0.07364679188062023,0.006984877616977671,0.45515803243164005
8,8,12,Ty Murray,26.0,0.11862946866294129,0.07618435088513137,0.006235782703332658,0.48383827600929075
8,9,4,Gilles Marini,28.0,0.2647651293570101,0.21902941551429145,0.0252027401986077,0.7153718687159385
8,9,7,Lil' Kim,26.0,0.09129750279148492,0.05507227896650041,0.003952807525187912,0.406041292649326
8,9,8,Melissa Rycroft,28.5,0.3438017375500096,0.3105646868321775,0.03774299181333121,0.8018002239579013
8,9,9,Shawn Johnson,28.0,0.2672373561433901,0.2163630362937361,0.03210439055189147,0.735992952004791
8,9,12,Ty Murray,23.0,0.03289827415810533,0.010674882416550418,0.0001839266136127697,0.21178273855425905
8,10,4,Gilles Marini,30.0,0.5540551793398231,0.5700393285840971,0.09678469180283855,0.9440351794225545
8,10,8,Melissa Rycroft,27.5,0.17521796714463114,0.12806834585310978,0.009742842181977773,0.5797130647763994
8,10,9,Shawn Johnson,28.0,0.2230552588418515,0.1700931241914273,0.018305810224241895,0.6769578381655154
8,10,12,Ty Murray,24.0,0.047671594673694334,0.017559851419875355,0.0002912456906277935,0.2747628122028633
8,11,4,Gilles Marini,29.0,0.1775495182075037,0.10684684069544076,0.0034599555800286915,0.6638042708972967
8,11,8,Melissa Rycroft,28.5,0.08501935632144586,0.03933867341114214,0.0005697320333537801,0.4452069782726192
8,11,9,Shawn Johnson,30.0,0.7374311254710504,0.8188805198291518,0.16849165878164676,0.9939772641916231
9,1,0,Aaron Carter,31.999899999999997,0.14735888345291595,0.10791782128495833,0.012085605579980065,0.4685182815838471
9,1,1,Ashley Hamiliton,18.9999,0.01334188717708871,0.004848687234887064,9.324583668897328e-05,0.08139420484573338
9,1,2,Chuck Liddell,22.0,0.018023198917222587,0.008317541817954981,0.0005079012433360451,0.09591575099285753
9,1,3,Debi Mazar,22.0,0.017251027129448145,0.008186770781679554,0.00031113158055465115,0.08683977832094258
9,1,4,Donny Osmond,29.999899999999997,0.08788629041528136,0.061146941133789545,0.00678372099890862,0.326869673514076
9,1,5,Joanna Krupa,33.9999,0.21865739294405,0.16802287076096056,0.014425228295345722,0.6852104990889868
9,1,6,Kathy Ireland,19.9999,0.015340407926478597,0.00534186032307438,0.00010353542512375883,0.09280420509269627
9,1,7,Kelly Osbourne,30.9998,0.11453768991859199,0.07840172690480654,0.009801434885301843,0.4189802806444167
9,1,8,Louie Vito,26.9998,0.051489754728452686,0.0323154586193148,0.003155790918456872,0.21374501090083037
9,1,9,Macy Gray,18.9999,0.01281635639289597,0.004198113374208373,8.225945474918981e-05,0.07561466103203075
9,1,10,Mark Dacascos,28.9998,0.07344317010668036,0.04740890520260452,0.004838233570457669,0.3023335390113793
9,1,11,Melissa Joan Hart,24.0,0.026881128174038163,0.013924505531782767,0.000727228147858594,0.12921882518794492
9,1,12,Michael Irvin,19.0,0.013103649428142544,0.005303978985355116,0.00010938600756981447,0.07266369561313997
9,1,13,Mya,30.999899999999997,0.12237209664270438,0.08483415464882293,0.00974938170922644,0.414659022403833
9,1,14,Natalie Coughlin,26.9998,0.052747759117639736,0.03190474374299958,0.0028026508774636407,0.22206449552709645
9,1,15,Tom DeLay,19.9999,0.014749307528368815,0.005335371161198779,0.00012519649728213905,0.08897918957728874
9,2,0,Aaron Carter,27.0,0.29032336899291,0.2317059020367252,0.02773558743794044,0.7738432620004198
9,2,2,Chuck Liddell,19.0,0.01836477578833037,0.007416328247128097,0.00019343909430820957,0.10317096043898652
9,2,3,Debi Mazar,21.0,0.0320342172608622,0.015641357839780323,0.0006048590853907647,0.16676582243235946
9,2,4,Donny Osmond,25.0,0.12965256895839725,0.08922696859823505,0.012179253142095281,0.4526724911659483
9,2,5,Joanna Krupa,20.0,0.026835964906127423,0.011107222128074034,0.0003234841299790556,0.14544618092660092
9,2,6,Kathy Ireland,18.0,0.01613803939801723,0.005105804381329798,4.8824596288363845e-05,0.09719556955279184
9,2,7,Kelly Osbourne,19.0,0.02094719763704499,0.008655227989370224,0.00012965738300516706,0.1250514566578281
9,2,8,Louie Vito,19.0,0.01992775808639127,0.0093382189374572,0.0001454540863898496,0.10540762264220031
9,2,10,Mark Dacascos,21.0,0.037765588755943935,0.017720354980912737,0.0005457872512756397,0.2052928374612477
9,2,11,Melissa Joan Hart,19.0,0.01921572718113444,0.008102364842808848,0.00011684170823421498,0.10667204486955094
9,2,12,Michael Irvin,20.0,0.02870360768728929,0.013376139039253509,0.00037043676195797857,0.1448592129690314
9,2,13,Mya,27.0,0.30614706075162207,0.26395425267282024,0.024217187584743415,0.7556908263887543
9,2,14,Natalie Coughlin,21.0,0.03791241596709232,0.019448192024695395,0.0006855519126254872,0.18905368250868174
9,2,15,Tom DeLay,18.0,0.016031708628837227,0.005014936126210432,5.914061522379676e-05,0.10387928871991696
9,3,0,Aaron Carter,21.0,0.05704691869076595,0.03292926820950991,0.002505575484576323,0.25239950599036975
9,3,2,Chuck Liddell,17.0,0.019154842198262086,0.008406605222471004,0.0002538557767692184,0.10690485720854276
9,3,3,Debi Mazar,17.0,0.01881557527072543,0.007826113414174373,0.0001610120510376904,0.10610909411290491
9,3,4,Donny Osmond,21.0,0.05177136446843004,0.031379831598900676,0.002149975983120127,0.21795623320556304
9,3,5,Joanna Krupa,23.0,0.09490297647175441,0.05831106728888346,0.005186146501997594,0.3838081377185012
9,3,7,Kelly Osbourne,20.0,0.04368684635669594,0.023373367973928638,0.0010806746199523835,0.2054887408439593
9,3,8,Louie Vito,20.0,0.045145076841007936,0.026518341538450712,0.001189917806441,0.1990306202472693
9,3,10,Mark Dacascos,18.0,0.02846359554254412,0.012080617624009343,0.00031220247884667783,0.17296488033977547
9,3,11,Melissa Joan Hart,19.0,0.03203119259005639,0.01607046753590987,0.0005515476695533771,0.16039014554048092
9,3,12,Michael Irvin,14.0,0.0124096455863232,0.004115206940663213,3.0173520200334235e-05,0.08177888261005065
9,3,13,Mya,27.0,0.33893188630500837,0.2938103343018932,0.02824344905700155,0.8272875179231677
9,3,14,Natalie Coughlin,26.0,0.24284708694351473,0.1875285441703975,0.02576576012469702,0.7126898319397825
9,3,15,Tom DeLay,15.0,0.01479299273491138,0.0041883748128262056,4.815983475633405e-05,0.10347298711367994
9,4,0,Aaron Carter,18.0,0.02599885719376599,0.010405852981693178,0.00040034169792389524,0.14734954294203087
9,4,2,Chuck Liddell,17.0,0.018317894202420366,0.007017936605409114,0.0002762513263358753,0.10204169591433912
9,4,4,Donny Osmond,24.0,0.08098776400363578,0.05559389903235487,0.005653619177219748,0.3165984580577787
9,4,5,Joanna Krupa,26.0,0.13980738368190002,0.09673657481892234,0.010459335662099912,0.4936500657764685
9,4,7,Kelly Osbourne,23.0,0.06953053999665786,0.042224785641846715,0.003812095963090996,0.30381544553194856
9,4,8,Louie Vito,16.0,0.01693551747057235,0.007102113676103902,0.00011122743982448377,0.09409474634585667
9,4,10,Mark Dacascos,22.0,0.05697030805135313,0.03168746594034721,0.0019651060927391925,0.280529699445996
9,4,11,Melissa Joan Hart,28.0,0.22349261698545128,0.17079151551763289,0.02281106685162932,0.6800783826828616
9,4,12,Michael Irvin,16.0,0.01821869823153963,0.0070882479606471,0.00013349915932393447,0.10155048848097388
9,4,13,Mya,28.0,0.2593591155126947,0.20960680173721408,0.021914186578548003,0.7185481134365257
9,4,14,Natalie Coughlin,24.0,0.0903813046700089,0.06127514086702037,0.006848723422487319,0.34779724872800954
9,5,0,Aaron Carter,24.0,0.05061296684213788,0.027182305415802063,0.0012188989503006769,0.2521881996503468
9,5,4,Donny Osmond,29.0,0.4389579342826359,0.42248386279562844,0.05063271402764561,0.9280022538531996
9,5,5,Joanna Krupa,24.0,0.050743888850012984,0.02390019191248606,0.0009141400067968627,0.2605740924611329
9,5,7,Kelly Osbourne,24.0,0.05053642826056255,0.026474846262664227,0.0008964251618903023,0.2397711555500543
9,5,8,Louie Vito,22.0,0.024407608186000886,0.011196055847942234,0.0001849392369377987,0.130686379081264
9,5,10,Mark Dacascos,26.0,0.11690347732480039,0.07513608839330765,0.005120205333803724,0.48002057869415277
9,5,11,Melissa Joan Hart,23.0,0.032323703117155274,0.01599477713712222,0.00035774628836884154,0.16133495939587467
9,5,12,Michael Irvin,21.0,0.019688847065229123,0.006942032826645231,6.237304114659322e-05,0.12511479949878052
9,5,13,Mya,27.0,0.18968427559181253,0.14148429880403376,0.01410735397643324,0.6115389590354721
9,5,14,Natalie Coughlin,22.0,0.02614087047965252,0.010752195280496573,0.00014954584661884928,0.14168082259130757
9,6,0,Aaron Carter,32.9998,0.16591730913670638,0.12287033291561877,0.015586488830167866,0.515738074647656
9,6,4,Donny Osmond,30.999899999999997,0.10194870326678394,0.06955307559091631,0.005657947698087633,0.390558170471669
9,6,5,Joanna Krupa,35.9999,0.3140026419912172,0.26600778625811794,0.02424671474958253,0.8082178748295814
9,6,7,Kelly Osbourne,24.9998,0.03350028815936538,0.015091110870199178,0.0005273722015126684,0.18495288860972214
9,6,8,Louie Vito,24.0,0.02816485914772157,0.013247204739923288,0.00037829040053202566,0.15467521365984394
9,6,10,Mark Dacascos,32.0,0.13063064646062406,0.08940723177710261,0.008635524667961626,0.5046676994132049
9,6,11,Melissa Joan Hart,23.9999,0.027034006517384114,0.011137698245021178,0.0002669860548224799,0.14385159579917917
9,6,12,Michael Irvin,21.9998,0.02165244019322971,0.008514410581015102,0.00015305598827562247,0.1257399644618592
9,6,13,Mya,33.0,0.1771491051269677,0.12720713903101138,0.014126843265914783,0.5665194497729866
9,7,0,Aaron Carter,26.5,0.20859236993693192,0.16773498439300893,0.01690757498775393,0.6171619145482562
9,7,4,Donny Osmond,26.0,0.15045319406745802,0.10717842738762426,0.009561885894840076,0.5179895266359016
9,7,5,Joanna Krupa,27.5,0.3444756744784373,0.3052948345622639,0.028631327923298613,0.8370208406967203
9,7,7,Kelly Osbourne,26.0,0.15407783404500372,0.10678157501621158,0.011073842661122357,0.5659479182137022
9,7,10,Mark Dacascos,21.5,0.021186362556840307,0.005650426410729814,5.560551556265429e-05,0.15622245329774997
9,7,12,Michael Irvin,23.5,0.0469582063685875,0.023941976115819635,0.0009726197479616787,0.21636389316884144
9,7,13,Mya,24.5,0.07425635854674123,0.04166938470382187,0.0034508872718236813,0.3238808916771752
9,8,0,Aaron Carter,25.0,0.0635662688170846,0.022376525955018628,0.0004523958259666298,0.3702073397040638
9,8,4,Donny Osmond,25.0,0.057707579257066044,0.023944811646556905,0.0003437362586273114,0.3125101262691923
9,8,5,Joanna Krupa,26.0,0.09619483926634154,0.046566964693593435,0.0013916091362874948,0.43564426608121887
9,8,7,Kelly Osbourne,25.5,0.07978939923316881,0.03500125954902964,0.0006145611540886737,0.42118795637820383
9,8,13,Mya,29.5,0.7027419134263391,0.7956501850211124,0.09940254498430649,0.9949204230002021
9,9,4,Donny Osmond,24.666600000000003,0.05468883467145372,0.019088062253641718,0.00026457214681245057,0.3214355308830519
9,9,5,Joanna Krupa,27.0,0.1805296199488685,0.11655430724222995,0.007104464458123554,0.657743995726942
9,9,7,Kelly Osbourne,25.9998,0.11014010382278808,0.05633041354345002,0.0017474700955461984,0.5260936054000623
9,9,13,Mya,28.9999,0.6546414415568897,0.7245314714148241,0.09823911849664209,0.984324286501849
9,10,4,Donny Osmond,28.9998,0.5343131635407771,0.5382965394203234,0.0799404890618781,0.9412613488603228
9,10,7,Kelly Osbourne,25.2222,0.07686386060021443,0.028933495896573597,0.0005551350711586152,0.4143459068210043
9,10,13,Mya,28.3332,0.3888229758590085,0.3638408361977653,0.03701257850075874,0.8743226130074243
10,1,0,Aiden Turner,15.0,0.017619822463802958,0.006191298495401282,7.332870413946424e-05,0.11189832604307512
10,1,1,Buzz Aldrin,14.0,0.015096893115761874,0.004216934658619722,3.0244883905971783e-05,0.10269656259576267
10,1,2,Chad Ochocinco,18.0,0.03808948579094214,0.020393997117620036,0.0008678774481431039,0.19536825912429032
10,1,3,Erin Andrews,21.0,0.10398275341883079,0.06449013249673685,0.004732020974970565,0.44169262429178985
10,1,4,Evan Lysacek,23.0,0.200760333612893,0.145986812566035,0.019280215195699796,0.6621065883966099
10,1,5,Jake Pavelka,20.0,0.06295924573517163,0.03746004279460677,0.0030994610555519007,0.25865849812582664
10,1,6,Kate Gosselin,16.0,0.02181049227560937,0.009658929158262207,0.0001985621404913061,0.11118538200205937
10,1,7,Nicole Scherzinger,25.0,0.3753237742705018,0.33674955178350063,0.031921307834627044,0.8936792869404132
10,1,8,Niecy Nash,18.0,0.038459751439533965,0.020017493442484165,0.0007576309239034172,0.1821297265636781
10,1,9,Pamela Anderson,21.0,0.09095406462904661,0.05820274928572418,0.005498072895878632,0.3427722762476291
10,1,10,Shannen Doherty,18.0,0.03494338324790587,0.018815984359576224,0.0008808009381725444,0.17094991107277852
10,2,0,Aiden Turner,19.0,0.041266805579130365,0.020939169974120597,0.0007954128982938887,0.20924496574150947
10,2,1,Buzz Aldrin,12.0,0.012370019606590213,0.002999132960340248,1.4041036178314681e-05,0.08990401727910222
10,2,2,Chad Ochocinco,16.0,0.022374557937927027,0.010170342671974544,0.0002113834503899761,0.12746504571615652
10,2,3,Erin Andrews,23.0,0.11568810435791836,0.07645995892944485,0.006087383536912543,0.4679131118248146
10,2,4,Evan Lysacek,24.0,0.15059124471367505,0.10283012897723706,0.012375839859322512,0.5654136393044371
10,2,5,Jake Pavelka,20.0,0.047612904049042,0.02777164270401318,0.0016855749706735455,0.20483145200955405
10,2,6,Kate Gosselin,15.0,0.01826490829596186,0.0077238679593105725,0.0001132676844387427,0.09444578792468661
10,2,7,Nicole Scherzinger,28.0,0.39566236410699474,0.3532775547314963,0.03181204375270051,0.9129977802206665
10,2,8,Niecy Nash,21.0,0.06729932126137765,0.04001599379507484,0.0026600216096414513,0.2854712393748365
10,2,9,Pamela Anderson,22.0,0.08069665855817962,0.0502824782508576,0.004228942775481222,0.3042168790869594
10,2,10,Shannen Doherty,20.0,0.0481731115332031,0.02766022161933924,0.0018754313255909727,0.22532044723290834
10,3,0,Aiden Turner,20.0,0.05460246008411823,0.030920477596168255,0.0015784817096805438,0.248586681272431
10,3,1,Buzz Aldrin,13.0,0.012440202619165659,0.0029995463261112926,2.2923112200716986e-05,0.0907747394209989
10,3,2,Chad Ochocinco,20.0,0.05692041605896493,0.033838972202925366,0.002256398283216079,0.2560873661825827
10,3,3,Erin Andrews,23.0,0.14364513311017832,0.09951307355355163,0.008997692695184674,0.5392723055555774
10,3,4,Evan Lysacek,26.0,0.36465070983283604,0.3231687356551355,0.041132604884446616,0.8793662310270612
10,3,5,Jake Pavelka,21.0,0.06669613589610576,0.040406176234126595,0.003938238472659081,0.2851610399124287
10,3,6,Kate Gosselin,15.0,0.016519449368382278,0.006403881990716312,0.00011271708996492375,0.08850989380163646
10,3,7,Nicole Scherzinger,23.0,0.1355986902774195,0.09360923225248699,0.009804998552707375,0.4856964009885031
10,3,8,Niecy Nash,21.0,0.07619000032453806,0.04498988965488576,0.004671506822206709,0.32728002683936935
10,3,9,Pamela Anderson,21.0,0.07273680242829117,0.04265399258822857,0.004030089731851662,0.2864045199635068
10,4,0,Aiden Turner,16.5,0.022889282129829255,0.008418040840308274,0.00012139460258341186,0.15135013137671832
10,4,2,Chad Ochocinco,22.0,0.09629831348254463,0.06368062679345823,0.005154104369265881,0.395223790615527
10,4,3,Erin Andrews,19.5,0.05623149686455372,0.024995270693334,0.0010400578735981468,0.29420233639917637
10,4,4,Evan Lysacek,26.0,0.3514232819744666,0.30783972732990916,0.043540777157923545,0.8472380278424225
10,4,5,Jake Pavelka,19.0,0.03755739234934725,0.019418746128667373,0.0009278057863222818,0.1815152947454834
10,4,6,Kate Gosselin,16.0,0.019877194728185252,0.007674903473792323,0.0001252998160619699,0.10537998209808298
10,4,7,Nicole Scherzinger,25.0,0.2404869782663941,0.18762586355114388,0.019602639253476436,0.6906354929010815
10,4,8,Niecy Nash,18.0,0.03234976426072145,0.014534905945453508,0.0004453830416063018,0.1693457839133194
10,4,9,Pamela Anderson,23.5,0.14288629594395774,0.0994005214869916,0.011556424748942114,0.49668495777707655
10,5,2,Chad Ochocinco,18.0,0.03437378977110086,0.015582986315269554,0.00037563574409802764,0.19246788608449705
10,5,3,Erin Andrews,22.0,0.08775429807046915,0.04706098213983621,0.002381633278611369,0.4149424093291609
10,5,4,Evan Lysacek,27.0,0.2658751926472995,0.2104282954353247,0.027992995117810372,0.7622408630916745
10,5,5,Jake Pavelka,23.0,0.0886178168417483,0.05364548729407555,0.00462097377679957,0.36523575150275156
10,5,6,Kate Gosselin,15.0,0.01972026193873195,0.007192866763937125,7.916936269677348e-05,0.10593039725727066
10,5,7,Nicole Scherzinger,29.0,0.4074593571196538,0.37582203051352436,0.03764520736726098,0.91105218424597
10,5,8,Niecy Nash,18.0,0.03475387998916842,0.01565778042955067,0.0003344505921189238,0.18535131889969633
10,5,9,Pamela Anderson,21.0,0.06144540362182797,0.033932491823417066,0.001541699520556008,0.2783497372041203
10,6,2,Chad Ochocinco,30.999899999999997,0.11315854824090782,0.0745383860030103,0.005012038173504594,0.45688444986097687
10,6,3,Erin Andrews,34.0,0.26223614310909726,0.2111115990966152,0.02070863086439687,0.7469900859865982
10,6,4,Evan Lysacek,27.0,0.04823474297150497,0.02091106344756411,0.0006327561394113346,0.26835168112148633
10,6,5,Jake Pavelka,24.999899999999997,0.025370583687700923,0.010494904666357193,0.00013669273750219305,0.148578529203461
10,6,7,Nicole Scherzinger,35.9999,0.4325481147240891,0.4051579256023782,0.0429124413497668,0.9123353814572398
10,6,8,Niecy Nash,25.9998,0.03381663888593541,0.014899820962221387,0.00027752011366930933,0.1813225150395431
10,6,9,Pamela Anderson,29.9998,0.08463522838076455,0.04891576258777512,0.002821741077568173,0.3422334297409476
10,7,2,Chad Ochocinco,26.0,0.11120070716189316,0.07212275534005033,0.0044240222647145755,0.47270764027399187
10,7,3,Erin Andrews,25.5,0.07661434621052832,0.03403754730669227,0.00130896266289753,0.419084584950975
10,7,4,Evan Lysacek,27.0,0.3708740011879245,0.3310997203916962,0.045810149695427065,0.8683739027931451
10,7,7,Nicole Scherzinger,27.0,0.3509705695414978,0.31822728740485395,0.03120038111070141,0.8369003091504648
10,7,8,Niecy Nash,24.5,0.02590193077718182,0.009235629103355873,0.00010228383223541766,0.1542518785565059
10,7,9,Pamela Anderson,25.5,0.06443844512097435,0.033245508898783374,0.001353226947875049,0.31246157610976655
10,8,2,Chad Ochocinco,22.5,0.05238242451174563,0.024469765955071814,0.0006262370060578741,0.2770987957531768
10,8,3,Erin Andrews,26.5,0.1943461391856817,0.1371058263711413,0.009263704767779329,0.6820917112975639
10,8,4,Evan Lysacek,26.5,0.19704531939410577,0.13800360905869877,0.012298830209363294,0.6752346948541653
10,8,7,Nicole Scherzinger,29.5,0.5158462347631496,0.5259511884633682,0.05526710804480797,0.946996326352749
10,8,8,Niecy Nash,21.5,0.04037988214531729,0.016109111013604384,0.0002455825836815246,0.23954177527316944
10,9,2,Chad Ochocinco,26.0,0.04276638591224759,0.01662276561685129,0.0003175597673683912,0.240288238697845
10,9,3,Erin Andrews,28.0,0.15318224911776837,0.09212706652713765,0.005702600803764379,0.640557250696644
10,9,4,Evan Lysacek,29.5,0.4122422914153381,0.37333795840694695,0.05546864746092982,0.8891979328281641
10,9,7,Nicole Scherzinger,29.5,0.39180907355464595,0.36262693499210885,0.033987012268187275,0.874409899690311
10,10,3,Erin Andrews,26.9998,0.13249971641021108,0.06356818578175623,0.0010972307751044466,0.6496447816696903
10,10,4,Evan Lysacek,26.888699999999996,0.11946346414069688,0.05395360508590989,0.0012564834724149733,0.5842238597935252
10,10,7,Nicole Scherzinger,28.7777,0.7480368194490921,0.8390886745613224,0.12249528443377143,0.9958630785837025
11,1,0,Audrina Patridge,19.0,0.04530083197703571,0.025398986583750643,0.0019936257299962928,0.21159478799209402
11,1,1,Brandy,23.0,0.19042124088673884,0.13747589255378395,0.018854142014238122,0.6093111590258639
11,1,2,Bristol Palin,18.0,0.03888228403823081,0.018987963643549106,0.00099096018662605,0.2027663511191379
11,1,3,David Hasselhoff,15.0,0.016564070123942707,0.005914969475969141,0.00014160265314201164,0.10131662937938163
11,1,4,Florence Henderson,18.0,0.030716190589913803,0.016014719733680304,0.0010864890245537832,0.16210673895318328
11,1,5,Jennifer Grey,24.0,0.27384846336364144,0.23075008265046493,0.021889265354014652,0.751267909617062
11,1,6,Kurt Warner,19.0,0.04354124241869064,0.02389575517516361,0.0017726826358075252,0.19346911083506782
11,1,7,Kyle Massey,23.0,0.18507551503739497,0.13972714103320277,0.018747386346162957,0.5978025774991237
11,1,8,Margaret Cho,15.0,0.01561560951802891,0.00605095341784765,0.00010113017232705759,0.09681852748462054
11,1,9,Michael Bolton,16.0,0.01956126984830934,0.009216649987082562,0.00022522800610983178,0.10364242288532755
11,1,10,Rick Fox,22.0,0.1256194739719314,0.08884434969901246,0.009454335842142931,0.4495877786703231
11,1,11,The Situation,15.0,0.014853808226141447,0.00516903649765184,0.0001297583111076119,0.09538594084846595
11,2,0,Audrina Patridge,23.0,0.15910737200474778,0.1156165843480492,0.015081855167559959,0.5092547497899776
11,2,1,Brandy,21.0,0.08497843857167263,0.05610002682743967,0.00711454709248648,0.3213122342246808
11,2,2,Bristol Palin,22.0,0.12259670846441789,0.08077383800147647,0.009075441495838311,0.4930226773196122
11,2,4,Florence Henderson,19.0,0.03676763922778947,0.02043428196387249,0.0020542268885495696,0.18604727559366904
11,2,5,Jennifer Grey,24.0,0.25538140974542023,0.2112233687481715,0.020269910612665438,0.7076619265624249
11,2,6,Kurt Warner,21.0,0.07414518619189436,0.047359089824442056,0.005272595360397636,0.29589094774602415
11,2,7,Kyle Massey,22.0,0.1209898828385102,0.08466018700584918,0.010147484647632687,0.45151165939016485
11,2,8,Margaret Cho,18.0,0.03008664990705489,0.015466219361785386,0.0008157288462517754,0.1569940138568915
11,2,9,Michael Bolton,12.0,0.006593121767713074,0.001704055892041654,5.772252476363091e-06,0.042999845821546694
11,2,10,Rick Fox,21.0,0.08020083372460932,0.05278000156873741,0.005540365709467446,0.32964296280861777
11,2,11,The Situation,18.0,0.029152757556170156,0.013588517016333786,0.0009908920566371767,0.1558351467340554
11,3,0,Audrina Patridge,26.0,0.3178388105540283,0.2662372988737637,0.03103876308158621,0.8269350926154015
11,3,1,Brandy,24.0,0.14100316939802862,0.09992353467394377,0.013613131004429433,0.4839288450885823
11,3,2,Bristol Palin,19.0,0.02304785391030696,0.008223878350426594,0.00016526286098885454,0.15362956634898173
11,3,4,Florence Henderson,20.0,0.024133434718289198,0.011464192350073277,0.00044167857803512517,0.14050121084007017
11,3,5,Jennifer Grey,24.0,0.14794755364439657,0.10226512629752547,0.010037023507300683,0.5162811882418612
11,3,6,Kurt Warner,23.0,0.07933794168862657,0.04972228675806098,0.004871776864769123,0.3200753852855895
11,3,7,Kyle Massey,23.0,0.09333519557644664,0.06180602922973938,0.005649050639805062,0.388134824836722
11,3,8,Margaret Cho,18.0,0.014659849685933991,0.005007699654183045,5.799127783544164e-05,0.09642550968305114
11,3,10,Rick Fox,24.0,0.13282445699236983,0.09459607705466203,0.009494819068166615,0.4525127362046913
11,3,11,The Situation,20.0,0.02587173383157324,0.011131859265813367,0.00046802997496014535,0.15052751520861288
11,4,0,Audrina Patridge,23.0,0.11895155464004482,0.0785824483227467,0.007210029010555538,0.43170922687490243
11,4,1,Brandy,24.0,0.17053342312173445,0.12413069860774331,0.012747291813697777,0.5563059421396925
11,4,2,Bristol Palin,16.0,0.029645651411384127,0.010604232118922542,0.00021100610620261793,0.19352427904229164
11,4,4,Florence Henderson,17.5,0.030989726484550586,0.014177653069439853,0.0004960024634000841,0.18598885799086845
11,4,5,Jennifer Grey,28.0,0.48104115947559944,0.47272126070069265,0.0466347709950854,0.944579900313642
11,4,6,Kurt Warner,17.0,0.030420613981685933,0.013041432462402873,0.0002950581525321906,0.15520538475259868
11,4,7,Kyle Massey,20.0,0.06753571327676997,0.03633215839518626,0.0020772409032976846,0.34476862398321423
11,4,10,Rick Fox,19.5,0.054167754307248475,0.029989852390796566,0.0013417471324790845,0.2627572258057849
11,4,11,The Situation,14.0,0.01671440330098219,0.005127699557680375,7.321643420746028e-05,0.11366297541887586
11,5,0,Audrina Patridge,23.0,0.0787757405733333,0.0467807424877873,0.0036311983638254402,0.3302048794969351
11,5,1,Brandy,27.0,0.41202518707784586,0.3839615429979603,0.04865016977604896,0.9118933093293733
11,5,2,Bristol Palin,18.0,0.019870066010612784,0.005333503489875053,5.487918400787578e-05,0.14619142221267073
11,5,4,Florence Henderson,21.0,0.03637556890607276,0.017867590031829597,0.0007554513672399705,0.20603795888238585
11,5,5,Jennifer Grey,25.0,0.19381042513328506,0.14384160014411634,0.011688000102547084,0.6350453596062594
11,5,6,Kurt Warner,24.0,0.10592829509061238,0.07151657648516709,0.006923931789036659,0.39663992801786513
11,5,7,Kyle Massey,20.0,0.03583186241357006,0.013567340331713211,0.00033298273227688627,0.22018740455472804
11,5,10,Rick Fox,24.0,0.11738285479466783,0.08073597815188138,0.0066540914676950615,0.44185290895419876
11,6,0,Audrina Patridge,31.9998,0.1507783458202675,0.10521772760397557,0.009686796590005655,0.5206832891166525
11,6,1,Brandy,35.9999,0.4891431508310464,0.4773853706453149,0.06124227190417204,0.9480447217445396
11,6,2,Bristol Palin,27.9998,0.06274582165029885,0.03130359143136553,0.0012235428599538909,0.3215688273423472
11,6,5,Jennifer Grey,29.0,0.08580628557422522,0.0470404441612533,0.001769307005044915,0.40347936917340954
11,6,6,Kurt Warner,21.9999,0.01620001774176517,0.004470031048760449,3.4310004345379574e-05,0.10558850313144505
11,6,7,Kyle Massey,29.999899999999997,0.10144271373662384,0.06051254114296559,0.0035981150529972583,0.4484405313515938
11,6,10,Rick Fox,30.0,0.09388366464577295,0.05769742761783893,0.0036029440860996334,0.4032042220325119
11,7,1,Brandy,36.5,0.35949159735050146,0.31629241843845224,0.04257813809507132,0.8544546181678107
11,7,2,Bristol Palin,32.5,0.03039155984240426,0.009117203870901489,0.0001491427468394801,0.20569662585219853
11,7,5,Jennifer Grey,36.5,0.3664556105485517,0.32621573847688895,0.03308417311078987,0.8623366479537582
11,7,6,Kurt Warner,35.0,0.10661595267012706,0.06616218649938974,0.005978001869342476,0.42626152571594256
11,7,7,Kyle Massey,33.5,0.0530327120811047,0.021949733531400027,0.0007774184403413328,0.2941277411959261
11,7,10,Rick Fox,34.5,0.08401256750731091,0.05003557442541082,0.00299860712566463,0.3698076782763666
11,8,1,Brandy,28.5,0.3261594499790922,0.2782602812088909,0.03618907059698845,0.8110849725100719
11,8,2,Bristol Palin,23.5,0.04335213674527969,0.015217030397500556,0.00041670860962636155,0.2820365209665733
11,8,5,Jennifer Grey,28.5,0.3335176978172999,0.2936829485985011,0.032574664168008104,0.8149382051719867
11,8,6,Kurt Warner,24.0,0.04370111496258996,0.01800701493752206,0.0006042774953021377,0.230996341192246
11,8,7,Kyle Massey,28.0,0.25326960049573827,0.20131921799906446,0.025548937962486876,0.7264657898493223
11,9,1,Brandy,28.5,0.16567265983773316,0.11665021042792176,0.009328875074963756,0.5781359236295742
11,9,2,Bristol Palin,26.5,0.046286578163652094,0.014721113115067415,0.0002949800605685426,0.30776490620437386
11,9,5,Jennifer Grey,30.0,0.5458386981114939,0.5657868720441569,0.0681206993570353,0.9439360368283403
11,9,7,Kyle Massey,29.0,0.24220206388712096,0.1908153812905951,0.018065033107639128,0.7400092474842576
11,10,2,Bristol Palin,25.666600000000003,0.08552049805330642,0.031604477195909905,0.0006830253224322471,0.4934938433976782
11,10,5,Jennifer Grey,30.0,0.7313806453270022,0.8168993351802292,0.12495345633926971,0.9886914297731612
11,10,7,Kyle Massey,27.3332,0.18309885661969139,0.11453364543855246,0.0060427058326376635,0.7300538513540207
12,1,0,Chelsea Kane,21.0,0.11207445855200683,0.07943885910783963,0.00792499644233417,0.39263897083414023
12,1,1,Chris Jericho,19.0,0.0520960918444918,0.03140771883146837,0.001618906141083176,0.22046816474428965
12,1,2,Hines Ward,21.0,0.11149145610320223,0.07871490994268641,0.007796269097752504,0.4045248354683841
12,1,3,Kendra Wilkinson,18.0,0.0428592296154032,0.023049934948945784,0.0011172732146817893,0.18972923299197625
12,1,4,Kirstie Alley,23.0,0.21457508139392664,0.16253263001773777,0.017862554853629,0.6549446941018469
12,1,5,Mike Catherwood,13.0,0.011727502287334874,0.0033836429889891684,2.6990212040844058e-05,0.07452209378062254
12,1,6,Petra Nemcova,18.0,0.046090888972755976,0.02570305630752801,0.0011354340619872773,0.2252585597149699
12,1,7,Ralph Macchio,24.0,0.3022434908710175,0.24699880080267608,0.02169380874029142,0.8350963992425114
12,1,8,Romeo,19.0,0.06255641894177918,0.03597280010503569,0.002083071966656529,0.29184736627263014
12,1,9,Sugar Ray Leonard,17.0,0.028593945806969605,0.014661200442874306,0.0006746494599824573,0.14232507469757155
12,1,10,Wendy Williams,14.0,0.01569143561111212,0.005401875916384991,7.62368492697743e-05,0.09929825761941012
12,2,0,Chelsea Kane,18.0,0.028788653827629577,0.013483729796339255,0.000502158753411103,0.15076800961428846
12,2,1,Chris Jericho,23.0,0.21592495388990435,0.1649696431245921,0.01658566645682421,0.6652772390979443
12,2,2,Hines Ward,23.0,0.23752028107552264,0.1899060353248432,0.020941984519661443,0.6753672985802359
12,2,3,Kendra Wilkinson,19.0,0.03996144169105291,0.020662056733118158,0.0011921196291620935,0.1915387361577219
12,2,4,Kirstie Alley,20.0,0.06178825820935638,0.03479329831681929,0.002450564255472222,0.27962517093835193
12,2,5,Mike Catherwood,17.0,0.01882080728364292,0.007159275481051026,0.0001324047153905151,0.10716157475654166
12,2,6,Petra Nemcova,18.0,0.030758189867483254,0.01381176029929188,0.0004523851046459827,0.18422819803559715
12,2,7,Ralph Macchio,21.0,0.09304202218401356,0.05832868421966715,0.0056538334817396625,0.36167321635571176
12,2,8,Romeo,23.0,0.23570943248167087,0.1816124703667885,0.025557162420032215,0.7159953909032402
12,2,9,Sugar Ray Leonard,17.0,0.01761496457427327,0.007308838406302422,0.00017136145281569052,0.09541803860715901
12,2,10,Wendy Williams,17.0,0.020070994915450314,0.007657307586041993,0.00013792549425824753,0.12260179237989711
12,3,0,Chelsea Kane,23.0,0.11701989435100173,0.08226175086874088,0.009082735531270945,0.40592970216238045
12,3,1,Chris Jericho,21.0,0.04783692036133146,0.029501231447854673,0.001736201977862799,0.18810531390375354
12,3,2,Hines Ward,25.0,0.26022686611570733,0.2146352439399527,0.02492557430341426,0.7110501236481249
12,3,3,Kendra Wilkinson,23.0,0.11490539216566387,0.07506906385953853,0.00822137371715451,0.41489640801173683
12,3,4,Kirstie Alley,21.0,0.05551983308710684,0.029488202578062513,0.0018569109180271058,0.2640205420514782
12,3,6,Petra Nemcova,25.0,0.26432861329063423,0.21567390489539057,0.029398421914231754,0.7346247546217455
12,3,7,Ralph Macchio,21.0,0.054393104226263665,0.02817093288639779,0.002404797897948413,0.2712768622187849
12,3,8,Romeo,20.0,0.04162599264389908,0.02030251157695704,0.0010653534882212538,0.21477390379100667
12,3,9,Sugar Ray Leonard,20.0,0.03425078217263446,0.01890721887524984,0.0010306849427892375,0.15447852615027613
12,3,10,Wendy Williams,15.0,0.009892601585757353,0.002404731426658029,1.344173404268207e-05,0.0729113307538428
12,4,0,Chelsea Kane,26.0,0.3143212621728385,0.26828890097034297,0.034274155438601524,0.8007843852642402
12,4,1,Chris Jericho,23.0,0.06778356788938215,0.042373905335765225,0.002634313901309342,0.2687070003785877
12,4,2,Hines Ward,25.0,0.18733779187259733,0.1426624469402587,0.01747409361269373,0.5724424009596354
12,4,3,Kendra Wilkinson,18.0,0.011947253438064874,0.00308212348206068,2.1440117771707417e-05,0.08454096998042668
12,4,4,Kirstie Alley,22.0,0.04946600298055742,0.026537296529218463,0.0011041857728513033,0.24176758407244456
12,4,6,Petra Nemcova,23.0,0.07821366898438671,0.049795974425589876,0.0035757435904216553,0.3315086150025614
12,4,7,Ralph Macchio,25.0,0.18320204138202403,0.13517085199428308,0.014629258069870144,0.5754762988132303
12,4,8,Romeo,23.0,0.07881421488583451,0.04693699059222703,0.0036518455970485776,0.3403655395523865
12,4,9,Sugar Ray Leonard,21.0,0.028914196394314404,0.014082734407955655,0.000606448163294841,0.1455641394324562
12,5,0,Chelsea Kane,26.0,0.18885608113615415,0.14138176512413944,0.01636602820229262,0.5789564461396156
12,5,1,Chris Jericho,26.0,0.17155357765649348,0.12717376767372007,0.012037705792153457,0.5867618666532933
12,5,2,Hines Ward,27.0,0.3151462668444491,0.26952505429181595,0.030749756436116837,0.7914969878532538
12,5,3,Kendra Wilkinson,22.0,0.02908403957901938,0.011677989954168414,0.0002889871419749466,0.1708418904588206
12,5,4,Kirstie Alley,23.0,0.04439020767087385,0.02133070682560755,0.0007659443436018367,0.24365314382320372
12,5,6,Petra Nemcova,22.0,0.03195639449860755,0.013051073532994202,0.0003155477930638699,0.19106952010330586
12,5,7,Ralph Macchio,22.0,0.031046394795817958,0.010484774436356557,0.000345676028419043,0.19201347660450807
12,5,8,Romeo,26.0,0.1879670378185845,0.13747043769217232,0.01727148518929269,0.6289545768437635
12,6,0,Chelsea Kane,28.0,0.30139121837884963,0.24417516151528743,0.035155296771124334,0.7768037176558871
12,6,1,Chris Jericho,22.0,0.017265925877633974,0.006341593451873724,4.529534737998528e-05,0.09437666234901042
12,6,2,Hines Ward,27.0,0.172731407714898,0.12622586773970612,0.014064278669240435,0.5763881207564573
12,6,3,Kendra Wilkinson,25.0,0.06619095636463479,0.035125777895768796,0.0020295351638009644,0.3192198567856307
12,6,4,Kirstie Alley,26.0,0.10422326691056057,0.06452818447721986,0.005367991018501689,0.44349427014856047
12,6,7,Ralph Macchio,24.0,0.04477078527582743,0.01770542526347067,0.0007087536419556843,0.24720445838207053
12,6,8,Romeo,28.0,0.29342643947759556,0.24302902339754867,0.03455983670693693,0.7903168904039547
12,7,0,Chelsea Kane,32.0,0.16219823983867623,0.11608139020957955,0.011734108431356232,0.5356146084557694
12,7,2,Hines Ward,33.0,0.3564637833945211,0.3110896751244915,0.03732314169749387,0.8329405505998267
12,7,3,Kendra Wilkinson,30.5,0.05460479602943255,0.02579600285035638,0.0008665287655206769,0.2712545047745908
12,7,4,Kirstie Alley,30.0,0.040030844665128844,0.01726649171871053,0.00025415554828440333,0.21689537767949132
12,7,7,Ralph Macchio,33.0,0.34263917269754984,0.2936047521294711,0.028907489840050163,0.8314102137958294
12,7,8,Romeo,30.0,0.044063163374691315,0.018138639567421955,0.00032956207358808174,0.25662320020827667
12,8,0,Chelsea Kane,27.5,0.3756922223991875,0.33761957997122705,0.04802429181763282,0.8459875785791355
12,8,2,Hines Ward,27.0,0.26265057974253514,0.21265509244001568,0.025742199251666768,0.7240686561968799
12,8,4,Kirstie Alley,26.5,0.18772064968428803,0.13794638588468838,0.013323245545617908,0.6343756837980941
12,8,7,Ralph Macchio,23.0,0.030321515319033546,0.007817682308375389,0.00014833969841342295,0.21137455595029545
12,8,8,Romeo,26.0,0.1436150328549558,0.09584808791654408,0.007913344479237168,0.5331168733918742
12,9,0,Chelsea Kane,36.5,0.6697544367738208,0.728068884740741,0.11993133186458567,0.9881463542194119
12,9,2,Hines Ward,30.0,0.1724891787983866,0.10697815061832072,0.005860201478547153,0.661422944855832
12,9,4,Kirstie Alley,27.0,0.09707142782845818,0.052245359996857886,0.0010351985947930466,0.45633072162671967
12,9,7,Ralph Macchio,24.0,0.06068495659933437,0.02055360274760336,0.0003284188585691081,0.3905250852058284
12,10,0,Chelsea Kane,29.666600000000003,0.4699376367191504,0.46855688426763953,0.05919686719702901,0.9101599218167383
12,10,2,Hines Ward,29.666600000000003,0.4574880401066216,0.4482104859715713,0.0556304277937745,0.9139380482083304
12,10,4,Kirstie Alley,27.999899999999997,0.07257432317422803,0.029167407149427747,0.00042390771525627186,0.4076642220709759
13,1,0,Carson Kressley,17.0,0.03062415419445494,0.015669812239288164,0.0007861620195868654,0.1608120332781114
13,1,1,Chaz Bono,17.0,0.02978425723190072,0.016111959402202048,0.0006021908018627786,0.13910560221746668
13,1,2,Chynna Phillips,22.0,0.2304134793491601,0.17521638958390595,0.022859629573520793,0.7023586924472344
13,1,3,David Arquette,18.0,0.04095909595215354,0.02495661612004687,0.0018837957697018367,0.17660535004431005
13,1,4,Elisabetta Canalis,15.0,0.015585598058982322,0.005710414142189089,0.00012858275144313043,0.08239195088743827
13,1,5,Hope Solo,21.0,0.15561322294519728,0.11579992178478399,0.017747483878476467,0.49857029892694477
13,1,6,J.R. Martinez,22.0,0.2566839295958533,0.19958919670423458,0.031671473560271085,0.7488807878050785
13,1,7,Kristin Cavallari,19.0,0.07435223681409364,0.04652914565713791,0.0034995166498813035,0.30594222789976167
13,1,8,Metta World Peace (Ron),14.0,0.015589530361313176,0.004220869781117034,4.6598966231483045e-05,0.10061705561493131
13,1,9,Nancy Grace,16.0,0.021698098426665122,0.010195316625837954,0.0003665682367887053,0.11171875344796618
13,1,10,Ricki Lake,20.0,0.0982562615703727,0.06435095121944887,0.007933000666468033,0.3614458843054475
13,1,11,Rob Kardashian,16.0,0.030440135499853218,0.01198443828650217,0.00039474962299406515,0.1710338927474533
13,2,0,Carson Kressley,18.0,0.01752503561729584,0.007283168728645633,0.0002108800406742518,0.10037394403932995
13,2,1,Chaz Bono,17.0,0.01109642997396582,0.0039600850489111515,4.281796997520828e-05,0.06314337936452603
13,2,2,Chynna Phillips,21.0,0.07788813107949226,0.050257334243166474,0.006277267452001272,0.3107830772843247
13,2,3,David Arquette,18.0,0.016700065269257547,0.007055580439940843,0.00016677298128453153,0.09629668945052881
13,2,4,Elisabetta Canalis,21.0,0.07459383825349188,0.04820765708756238,0.005889142277969758,0.29119622586154886
13,2,5,Hope Solo,19.0,0.028802803534338117,0.015308188542142415,0.000660723559387753,0.13961648642790328
13,2,6,J.R. Martinez,22.0,0.16065313887210297,0.11518309878694535,0.017790577443183467,0.5631450123778963
13,2,7,Kristin Cavallari,22.0,0.16406279640568508,0.12323552429079271,0.010516929151471548,0.5575094723021682
13,2,9,Nancy Grace,21.0,0.08076018461769545,0.051518945659686795,0.0072213109137143515,0.30864940626116716
13,2,10,Ricki Lake,23.0,0.26558669637455995,0.21570991920953814,0.028959788512393853,0.7415802677071947
13,2,11,Rob Kardashian,21.0,0.10233088000211504,0.06472976804138714,0.005739089323552493,0.416026459774285
13,3,0,Carson Kressley,23.0,0.04552232225346272,0.026631007466259432,0.002353423898800853,0.2157086696613818
13,3,1,Chaz Bono,18.0,0.008751183580041094,0.0025797783609495415,1.4636583553905757e-05,0.05627201113319384
13,3,2,Chynna Phillips,26.0,0.16436830662486873,0.12287184983191725,0.016595493974952993,0.5294303689425941
13,3,3,David Arquette,24.0,0.06605667016539214,0.043593889261697674,0.0043872144682405995,0.2489178610221514
13,3,5,Hope Solo,24.0,0.07204637383549091,0.04588790559541719,0.005706678570011422,0.28243950104219206
13,3,6,J.R. Martinez,26.0,0.18762555189905084,0.13234346897526078,0.021550638445150948,0.628606929513349
13,3,7,Kristin Cavallari,24.0,0.08025172949350093,0.05127956792039469,0.003947354902797273,0.3199728188853283
13,3,9,Nancy Grace,21.0,0.02237112497817129,0.010136541505613281,0.0004016022014644886,0.11397705642370985
13,3,10,Ricki Lake,27.0,0.2626154491429635,0.21852937873847916,0.029108801757398797,0.7014440240985674
13,3,11,Rob Kardashian,24.0,0.09039128802705783,0.054480353577437926,0.004279050518566423,0.38971034822955253
13,4,0,Carson Kressley,20.0,0.02098569345390739,0.00791605269924961,0.0001019165266492082,0.124518303911817
13,4,1,Chaz Bono,21.0,0.026796928944394904,0.012287366642303888,0.0001537748214724443,0.1367159055848325
13,4,2,Chynna Phillips,21.0,0.027616027039689746,0.011306093748911526,0.00023911572551337643,0.15198663009790347
13,4,3,David Arquette,23.0,0.04971092022188437,0.02833050397743727,0.0010850555344642536,0.2161250512070555
13,4,5,Hope Solo,24.0,0.0775234672744239,0.04720486109993581,0.0031057911646874634,0.3165328876313077
13,4,6,J.R. Martinez,26.0,0.17426826806279622,0.11935759043308572,0.012513148364897659,0.6000789840577344
13,4,9,Nancy Grace,21.0,0.027688450629037572,0.011561070870826577,0.0002356723105198406,0.14733854614028025
13,4,10,Ricki Lake,29.0,0.4984797221018211,0.4958522647525774,0.06446052023485994,0.9570738924666808
13,4,11,Rob Kardashian,24.0,0.09693052227204482,0.053667240068378926,0.0030302876550859607,0.435611672359384
13,5,0,Carson Kressley,19.0,0.016759392481932263,0.005290749768408821,3.910003548465868e-05,0.10923833206025085
13,5,1,Chaz Bono,21.0,0.028540219662734508,0.012951702693882437,0.00023134950424279042,0.15231932883847507
13,5,3,David Arquette,25.0,0.11830087330090575,0.08253255358109657,0.007193727672462252,0.419435121391106
13,5,5,Hope Solo,24.0,0.08728771239445543,0.054412732506454745,0.0045843333958884664,0.35572345437850217
13,5,6,J.R. Martinez,28.0,0.4659014837828163,0.4411183872571894,0.060040677408877655,0.9382806826094138
13,5,9,Nancy Grace,22.0,0.040345588881696655,0.020425515749795297,0.0008527267961138056,0.19840691150623946
13,5,10,Ricki Lake,24.0,0.0882861657762613,0.0522536323883484,0.0032638908512473926,0.37301852388227086
13,5,11,Rob Kardashian,25.0,0.15457856371919776,0.10278461590847218,0.008497557759980012,0.5881001813149035
13,6,1,Chaz Bono,19.0,0.025579629954439423,0.01027051544244069,0.00012392244516119883,0.1417725656864281
13,6,3,David Arquette,23.0,0.06270956403709545,0.03715661533762751,0.0020180955043731194,0.2626744030752515
13,6,5,Hope Solo,20.0,0.03408312223381871,0.015882206519710416,0.0003339180754474454,0.17507182733757634
13,6,6,J.R. Martinez,29.0,0.3801957576982112,0.33599077947787076,0.049412303692885254,0.874405897385271
13,6,9,Nancy Grace,24.0,0.08523621620430655,0.05029622961269345,0.004256180012826939,0.34944526072565846
13,6,10,Ricki Lake,29.0,0.34293508783980736,0.3008830886619379,0.03759025413156534,0.8146490328335472
13,6,11,Rob Kardashian,22.0,0.06926062203232132,0.031836561044924105,0.001516775160639222,0.3411750326393818
13,7,3,David Arquette,23.5,0.05238263494671096,0.028414456259450965,0.0012140816228280273,0.24459857724755535
13,7,5,Hope Solo,25.0,0.15178654816383566,0.10756589973755612,0.012936790401973338,0.5302086234863783
13,7,6,J.R. Martinez,24.0,0.08354852556775019,0.048263065648258205,0.003029707830785461,0.3846065371313039
13,7,9,Nancy Grace,22.0,0.02294112641069056,0.008353865335320492,0.00011530505064261,0.1260763826234646
13,7,10,Ricki Lake,26.5,0.43307012177991233,0.4244207061063442,0.05284235770405459,0.895689701890091
13,7,11,Rob Kardashian,25.5,0.25627104313110033,0.19781907182085048,0.021351376690664923,0.7555394699295103
13,8,5,Hope Solo,26.0,0.12047824419170879,0.0776339005210233,0.004671895377722342,0.4654843536342675
13,8,6,J.R. Martinez,30.0,0.6032743519455958,0.6368758502543768,0.09759939472867855,0.978871645484153
13,8,9,Nancy Grace,22.0,0.03038971491048038,0.010870826521291892,0.00010902816180515677,0.17424731303870605
13,8,10,Ricki Lake,26.0,0.12232981669391604,0.07351690314643684,0.0033239901704382327,0.5183356577805693
13,8,11,Rob Kardashian,25.5,0.12352787225829916,0.07029050992708194,0.003137611256151564,0.5447064169730839
13,9,5,Hope Solo,24.4998,0.046408077815404264,0.019839277054259676,0.0003761394179930519,0.2612181347460804
13,9,6,J.R. Martinez,28.0,0.11069836300477305,0.06395633478363488,0.003491391298150184,0.4831201765174389
13,9,10,Ricki Lake,33.4999,0.4447875390232804,0.43445767339560004,0.04930843417202185,0.9002906411919175
13,9,11,Rob Kardashian,32.4998,0.39810602015654234,0.35935794341439675,0.04351410208803372,0.890577455009262
13,10,6,J.R. Martinez,28.1665,0.2137525358694128,0.1477553018673168,0.007823425803232583,0.7410305564102039
13,10,10,Ricki Lake,27.999899999999997,0.07718801723852924,0.02808759536046121,0.00045038677706551864,0.44687763897067917
13,10,11,Rob Kardashian,28.3332,0.709059446892058,0.7775157522669728,0.16388949711890172,0.9887943628879753
14,1,0,Donald Driver,21.0,0.029055448877089798,0.012094653110024218,0.00038028030093070417,0.17107350829712414
14,1,1,Gavin DeGraw,20.0,0.0166875191381638,0.00549172422989232,0.00011418867668728764,0.11284684105351635
14,1,2,Gladys Knight,23.0,0.053674943719369816,0.031929437448896945,0.0020807291044175696,0.23085330476403393
14,1,3,Jack Wagner,23.0,0.05217466563738277,0.03187913617547927,0.0027210639523345716,0.23096575347170167
14,1,4,Jaleel White,26.0,0.2787352672437733,0.2220928564440436,0.025198430460416723,0.7836510729090215
14,1,5,Katherine Jenkins,26.0,0.2876245419296374,0.23667198726627137,0.02597196488271217,0.7795973236789827
14,1,6,Maria Menounos,21.0,0.02237192508183666,0.009336458229521238,0.0002869078496642665,0.13653617810978577
14,1,7,Martina Navratilova,20.0,0.017292711067198135,0.006467286479015863,0.00011550310573758767,0.10477742919418986
14,1,8,Melissa Gilbert,20.0,0.01743956775801459,0.006445226233201552,9.662182778515534e-05,0.10058850277877374
14,1,9,Roshon Fegan,23.0,0.05063374832351641,0.030333427222836357,0.00262996455102112,0.2181421732466261
14,1,10,Sherri Sheperd,23.0,0.056276315304889094,0.03240005005726513,0.002951175788283483,0.2535787882269604
14,1,11,William Levy,24.0,0.11803334591912835,0.07835456650456339,0.008996412953089531,0.44556601181965155
14,2,0,Donald Driver,24.0,0.10192500963400909,0.06761445806725944,0.007192426129558949,0.3704993347701921
14,2,1,Gavin DeGraw,21.0,0.030779234528919727,0.014453610688946204,0.0008453310579278844,0.16601787649963204
14,2,2,Gladys Knight,19.0,0.01515174452840998,0.006275471312250923,0.00012168184741315517,0.08661573167747362
14,2,3,Jack Wagner,21.0,0.027596335233486084,0.014888261303919488,0.0008438177567839146,0.12770014099963597
14,2,4,Jaleel White,22.0,0.042757673932831274,0.023989523441767253,0.0016919432482940381,0.20879191859130297
14,2,5,Katherine Jenkins,26.0,0.20916872898703107,0.1642673052279491,0.017625415753837907,0.6646785562960426
14,2,6,Maria Menounos,25.0,0.12259519996415191,0.08282936648979564,0.009848619883085438,0.4764848804951327
14,2,7,Martina Navratilova,17.0,0.010626078165227402,0.0029437250140846374,2.9991543457770757e-05,0.07391927659176017
14,2,8,Melissa Gilbert,20.0,0.02399920043074601,0.01084494270086592,0.000341431396611284,0.1268049191350847
14,2,9,Roshon Fegan,26.0,0.1878811492727724,0.13727756993469475,0.017561924496789172,0.6274131299709964
14,2,10,Sherri Sheperd,23.0,0.05994881969242539,0.0354023813189202,0.0035628175650494523,0.26171037569950323
14,2,11,William Levy,25.0,0.16757082562998962,0.12345872276486783,0.01481196629592975,0.5558156389003697
14,3,0,Donald Driver,26.0,0.07229017911300759,0.039415598324846576,0.0026227759237504897,0.32487485525345744
14,3,1,Gavin DeGraw,24.0,0.02273635044623379,0.008151759271085433,0.00018433037514242845,0.13645422585936842
14,3,2,Gladys Knight,24.0,0.0198710841743126,0.008623936774926434,0.00011850622610178083,0.12339395136107216
14,3,3,Jack Wagner,24.0,0.019693267775284778,0.008563669632210766,0.00021394097872465801,0.107276901800328
14,3,4,Jaleel White,25.0,0.03592561579300627,0.017136368534357738,0.0006326019265519066,0.2039258114383528
14,3,5,Katherine Jenkins,29.0,0.397109367182087,0.363370625832071,0.03436463435323077,0.8849987467656881
14,3,6,Maria Menounos,27.0,0.1030905050662436,0.06459740943741767,0.0056820938003333595,0.4552547322044699
14,3,8,Melissa Gilbert,24.0,0.023409907344970466,0.00955211581775865,0.0001911045787107501,0.14139421498555318
14,3,9,Roshon Fegan,25.0,0.030155473299638854,0.016028573193568915,0.0007973990907677434,0.14961831144515136
14,3,10,Sherri Sheperd,24.0,0.02212482261544164,0.00850862009141131,0.00017169874759848387,0.12828489580197966
14,3,11,William Levy,28.0,0.25359342718977335,0.19385165825593637,0.025677596324659182,0.7204331995511379
14,4,0,Donald Driver,27.0,0.35520202904743753,0.3199401511890456,0.03742994632392988,0.834798463448508
14,4,1,Gavin DeGraw,23.0,0.04964583931290341,0.025684089367690652,0.0016319142540421213,0.23183152072952762
14,4,2,Gladys Knight,20.0,0.014921544436389092,0.005241910277992128,5.189330835637302e-05,0.09163770733958093
14,4,4,Jaleel White,22.0,0.03393653200920876,0.016068072802293915,0.0005058731463812887,0.18615195278216606
14,4,5,Katherine Jenkins,24.0,0.08286105684390703,0.049508598351572314,0.003276453116280967,0.35513742221835115
14,4,6,Maria Menounos,26.0,0.18329555413875329,0.13063273836608996,0.014287586624055798,0.6278367828068954
14,4,8,Melissa Gilbert,22.0,0.035686310641180274,0.017310535300525384,0.0005460521653654639,0.18056057286066857
14,4,9,Roshon Fegan,26.0,0.17897101767076298,0.13350211887179925,0.016976231605356076,0.5872261895499624
14,4,10,Sherri Sheperd,21.0,0.022599005742733526,0.009151718480694664,0.00017855662705855508,0.12446736061073063
14,4,11,William Levy,22.0,0.04288111015672415,0.01985805348116982,0.0007325203457941207,0.21469729879789687
14,5,0,Donald Driver,27.0,0.1433374826899786,0.09797186601776278,0.010090508635738866,0.5243100112029
14,5,1,Gavin DeGraw,19.0,0.016069613820839886,0.004218746118494007,6.810339395288253e-05,0.11173775349413818
14,5,2,Gladys Knight,22.0,0.0273200019838901,0.013052022991886531,0.0004115244586991828,0.15365137157223854
14,5,4,Jaleel White,24.0,0.05037617277263627,0.02808314788527387,0.0018357809607911554,0.2518145810603985
14,5,5,Katherine Jenkins,29.0,0.2480740448450937,0.19843606987846457,0.02129473136071122,0.7182915710239304
14,5,6,Maria Menounos,27.0,0.11577005842239699,0.07506585377214638,0.0077181875014763306,0.4599487223249315
14,5,8,Melissa Gilbert,21.0,0.02523914165263185,0.010285478133443656,0.0002651240096588407,0.14883874966609453
14,5,9,Roshon Fegan,26.0,0.08037521147819887,0.051509232242133704,0.00586732879931725,0.30849763232891253
14,5,11,William Levy,29.0,0.29343827233433367,0.24270952747322055,0.03155384323672045,0.7742241455656066
14,6,0,Donald Driver,33.9999,0.12266142588311697,0.07809567280753613,0.007489348656765075,0.4847657377670951
14,6,2,Gladys Knight,24.0,0.014986184742163502,0.005363645636281704,4.9094147600772216e-05,0.09393985574696523
14,6,4,Jaleel White,36.9998,0.20596463674446755,0.15802698581464258,0.019240303710525073,0.6313697705371469
14,6,5,Katherine Jenkins,38.9999,0.3355030601883612,0.29465120118144084,0.03230745854169092,0.8397847750307366
14,6,6,Maria Menounos,29.999899999999997,0.04351384894107927,0.021163458109802094,0.001140691069000236,0.23101591253347312
14,6,8,Melissa Gilbert,30.0,0.04960344732829171,0.025364997120246376,0.0013599533568366393,0.24221280855172728
14,6,9,Roshon Fegan,27.9998,0.02685450231076144,0.013233559729739589,0.0006043418918134826,0.14090048476733663
14,6,11,William Levy,36.0,0.2009128938617583,0.14681561613366184,0.018795657485906805,0.6397093382804809
14,7,0,Donald Driver,26.5,0.12593395082140652,0.07860961829071811,0.004487445322882466,0.5025770589781311
14,7,4,Jaleel White,25.5,0.054669567269295324,0.028820892457083094,0.0008708833914353706,0.2816770814154565
14,7,5,Katherine Jenkins,27.0,0.16217428874136394,0.11485425786380246,0.008094229202405885,0.5842211885359029
14,7,6,Maria Menounos,28.5,0.4387366912560881,0.4071672119794496,0.04329646274014267,0.9464621923911465
14,7,8,Melissa Gilbert,23.5,0.01954334867865781,0.005859200306490407,2.636400685111084e-05,0.1227128784851952
14,7,9,Roshon Fegan,26.0,0.06474347481688383,0.03784620212194972,0.0028182582374492514,0.2699850043053638
14,7,11,William Levy,26.5,0.13419867841630456,0.0881082071084694,0.0059977823821521946,0.5086654657075769
14,8,0,Donald Driver,27.5,0.1495803608194898,0.09815113024524189,0.008244823213129622,0.5759695744043665
14,8,5,Katherine Jenkins,27.5,0.13861437553281206,0.08939827590122987,0.005726089268677714,0.5205587300784246
14,8,6,Maria Menounos,26.5,0.047012492766433496,0.02061329642011562,0.0007474499398075967,0.2513610094340684
14,8,8,Melissa Gilbert,25.5,0.024519989061954607,0.007921288679405902,8.852320334244551e-05,0.16225409380105787
14,8,9,Roshon Fegan,28.0,0.19790785092316215,0.14566770655578293,0.017270842712768453,0.6458489870639201
14,8,11,William Levy,28.5,0.44236493089614787,0.41875172535598904,0.05350754021290035,0.91820860546018
14,9,0,Donald Driver,28.5,0.12434003669762632,0.0688633969477851,0.0020912278683804723,0.5778819753060764
14,9,5,Katherine Jenkins,28.0,0.056205639420147155,0.021225399595624663,0.0002018749069396639,0.33945507617049414
14,9,6,Maria Menounos,29.5,0.5309968910227199,0.5365895350694228,0.07085230395276014,0.9693455117871402
14,9,11,William Levy,29.0,0.2884574328595067,0.23438832168045504,0.018671296451491123,0.7925963044271398
14,10,0,Donald Driver,29.666600000000003,0.12678218977554137,0.058876911644504884,0.0017629075982493116,0.6007117331187181
14,10,5,Katherine Jenkins,30.0,0.7381099900500082,0.8255614693624949,0.14286612062614104,0.9943756523747933
14,10,11,William Levy,29.666600000000003,0.1351078201744504,0.07032774569449551,0.0021624616562185756,0.6112061309444853
15,1,0,Apolo Anton Ohno,22.0,0.06108424965715475,0.037887965813227745,0.003357141213938856,0.2510982290003352
15,1,1,Bristol Palin,19.5,0.020160821219219378,0.008605130776320304,0.0002391581583721379,0.10273293672125622
15,1,2,Drew Lachey,21.5,0.04788444541541781,0.028470307291011302,0.0029355994018934305,0.21322389589299642
15,1,3,Emmitt Smith,24.5,0.28493770531776613,0.22843578285990956,0.021967971267101295,0.8124868506008839
15,1,4,Gilles Marini,24.0,0.22061984368773854,0.16312981067533222,0.01955530246786744,0.698398201045149
15,1,5,Helio Castroneves,21.5,0.0470747725079345,0.027672408086445208,0.0024260983843153324,0.21805615155758656
15,1,6,Joey Fatone,20.5,0.031249084182238485,0.015652623776786535,0.0009056434574811612,0.14110265700518865
15,1,7,Kelly Monaco,21.5,0.04787000353956391,0.02955377985626286,0.0023947031407888105,0.20517457965748967
15,1,8,Kirstie Alley,19.0,0.016540043442881396,0.0059570508838539616,0.00011206033056737018,0.09841044376961824
15,1,9,Melissa Rycroft,21.0,0.05039765274848313,0.027090075669027294,0.0019323636887428968,0.23111026357931763
15,1,10,Pamela Anderson,17.0,0.008142532488180799,0.0020087414084209165,1.2373213438878527e-05,0.055115203776978726
15,1,11,Sabrina Bryan,22.5,0.08833133575585618,0.056110495825821435,0.0051654608620235465,0.36949963909280104
15,1,12,Shawn Johnson,22.0,0.07570751003756498,0.044814354662116467,0.0035506792946607972,0.32514954201453883
15,2,0,Apolo Anton Ohno,24.5,0.10134779768199079,0.07038241969961267,0.007502699102770132,0.38879013368741155
15,2,1,Bristol Palin,18.0,0.007424470734934086,0.0017183674353136301,9.905181464109472e-06,0.052767267751574226
15,2,2,Drew Lachey,22.5,0.03776262952077478,0.020995465339858327,0.0020376760430006868,0.1736738068874717
15,2,3,Emmitt Smith,22.5,0.04100205682021464,0.021955673092167352,0.0015460400811941502,0.19918102336643212
15,2,4,Gilles Marini,25.5,0.19549655314966174,0.1426283658768781,0.01781152189534878,0.6306124511000529
15,2,5,Helio Castroneves,23.0,0.047159922319684064,0.026876023064243356,0.0031715827093632353,0.22550275134920836
15,2,6,Joey Fatone,22.5,0.03993368701335,0.023062035513774337,0.0019521385229745744,0.17671910761271997
15,2,7,Kelly Monaco,22.0,0.031158531980193697,0.01635101310707384,0.0010435596140069858,0.1577033282187067
15,2,8,Kirstie Alley,21.0,0.021560211736635183,0.008938887746862793,0.00036128659818596923,0.12400908228879252
15,2,9,Melissa Rycroft,23.5,0.08061986122724075,0.05096180243660806,0.005592186292530147,0.31196735917411067
15,2,11,Sabrina Bryan,26.0,0.23531256514120616,0.18470957477918676,0.023033548339116056,0.688871234871664
15,2,12,Shawn Johnson,25.0,0.16122171267411411,0.11342785363982574,0.011794714287019952,0.5339093219566641
15,3,0,Apolo Anton Ohno,25.5,0.058880048767648324,0.0357342503474444,0.00307588373793232,0.24773921466635773
15,3,1,Bristol Palin,22.5,0.009475679395772001,0.0024027870873662765,2.1102694187887514e-05,0.06433203449421958
15,3,2,Drew Lachey,24.0,0.02021923153072397,0.009303380928483963,0.0003409661098354816,0.10586148239749386
15,3,3,Emmitt Smith,25.0,0.04367107386693509,0.02398341322632847,0.0017489097490234636,0.2126876534350001
15,3,4,Gilles Marini,25.5,0.06228610449370767,0.03898994460210463,0.004019865055273365,0.2704703323841116
15,3,5,Helio Castroneves,25.5,0.060061073682554644,0.035694149260436375,0.0040111204910086955,0.2775643131515553
15,3,7,Kelly Monaco,27.0,0.2191815553812234,0.17836902393117635,0.01998416038601896,0.6423765677726215
15,3,8,Kirstie Alley,24.0,0.02256137098509957,0.009028202541175569,0.00030722068814774997,0.137797511003342
15,3,9,Melissa Rycroft,27.0,0.27493752473559835,0.23087277209153956,0.032013708594625274,0.7381368758046986
15,3,11,Sabrina Bryan,25.5,0.06585335105459576,0.037830018514110636,0.0029565926566714118,0.29607583091074435
15,3,12,Shawn Johnson,26.5,0.16287298610614126,0.11785714394937193,0.01153058013848528,0.5522412830233767
15,4,0,Apolo Anton Ohno,34.5,0.041860742732842106,0.022561165937477812,0.0011700000887896278,0.1980595329263302
15,4,1,Bristol Palin,32.0,0.022825417336801695,0.008750745173573996,0.00022546695161004742,0.12362091958588195
15,4,3,Emmitt Smith,36.0,0.072964029900934,0.045030109526093716,0.0032969881901213725,0.30749182547549564
15,4,4,Gilles Marini,39.5,0.2596401184508836,0.20294662551123654,0.02615614379575843,0.7464623413984386
15,4,7,Kelly Monaco,37.5,0.11715285335213066,0.08308912536629609,0.008795155646087722,0.42886562138431716
15,4,8,Kirstie Alley,30.0,0.014674075039516496,0.0036045534136282037,3.652651305831039e-05,0.1046996605375048
15,4,9,Melissa Rycroft,37.0,0.12644876112750492,0.08517621651533669,0.009433400554007015,0.4620759283870759
15,4,11,Sabrina Bryan,35.5,0.066171556843196,0.03552815688515501,0.0017540460610464932,0.3147745648700753
15,4,12,Shawn Johnson,39.5,0.2782624452161906,0.22820731140536699,0.02436071253095391,0.7650856509461901
15,5,0,Apolo Anton Ohno,28.25,0.11636709487831615,0.07936331146253486,0.008711033775675187,0.4266995170673834
15,5,3,Emmitt Smith,28.0,0.09765040645284354,0.0618192726649516,0.006263903209169631,0.4117044553062519
15,5,4,Gilles Marini,28.25,0.1296846715743625,0.08760980070344551,0.009642174055565477,0.4875872567378475
15,5,7,Kelly Monaco,25.75,0.01601127951853958,0.005069386243858257,8.423988671147647e-05,0.1078207289463059
15,5,8,Kirstie Alley,26.25,0.023462395866596604,0.008242792200310475,0.00026796241244144347,0.14825866115919867
15,5,9,Melissa Rycroft,28.25,0.15144582262305853,0.11041686763665476,0.013448039050160773,0.5082857624870506
15,5,11,Sabrina Bryan,29.25,0.3248838072926238,0.2845679566394208,0.039431999977246945,0.8052402601478699
15,5,12,Shawn Johnson,28.25,0.14049452179365934,0.09435325046234058,0.008295661718824393,0.5031383396302735
15,6,0,Apolo Anton Ohno,30.0,0.2801923245751247,0.22941518160046676,0.026121101360629055,0.7718466936246735
15,6,3,Emmitt Smith,26.5,0.02274260851836899,0.00799629402158868,0.00015466427377259213,0.14701305812913495
15,6,4,Gilles Marini,27.5,0.041824201940099594,0.020649963793579397,0.0009815135685190385,0.2119168805750372
15,6,7,Kelly Monaco,27.0,0.030725865912562288,0.012981441522109585,0.0003369915888655095,0.17667332058060875
15,6,8,Kirstie Alley,27.5,0.04208621016950791,0.020536485909258106,0.0009301846137974771,0.22904808515874883
15,6,9,Melissa Rycroft,29.5,0.23519617308213311,0.1911458840488942,0.025163745822150207,0.6498233303566168
15,6,11,Sabrina Bryan,30.0,0.27879744495942443,0.23314387337835257,0.03630986705534106,0.7530844961045401
15,6,12,Shawn Johnson,28.0,0.06843517084277896,0.03805442877655802,0.0018311497063929316,0.34218695061076754
15,7,0,Apolo Anton Ohno,33.0,0.05103056563436978,0.026806335645144716,0.0013592088688659258,0.24391539636575904
15,7,3,Emmitt Smith,34.4999,0.08201395348941817,0.05026484679790621,0.0037041359388376716,0.34567628217889185
15,7,4,Gilles Marini,33.4998,0.06133626018088998,0.033814485898505414,0.002355841148054534,0.2864632438107086
15,7,7,Kelly Monaco,36.0,0.12328515660850164,0.08535630394639057,0.008052858438773063,0.446964108503496
15,7,8,Kirstie Alley,27.999899999999997,0.018801855198442352,0.004455779487485597,4.6565137788426745e-05,0.13940409567689607
15,7,9,Melissa Rycroft,38.9999,0.3995947731734989,0.37758983359705023,0.05418260553723093,0.8686069496532397
15,7,12,Shawn Johnson,37.9998,0.26393743571487915,0.2134826712340001,0.020296111598637506,0.744125115660406
15,8,0,Apolo Anton Ohno,29.2777,0.15891716129044856,0.11199788747019175,0.013557140961435074,0.5643054215915901
15,8,3,Emmitt Smith,29.0554,0.1409440711451083,0.0972911959975433,0.010816268284347716,0.5206055055264663
15,8,4,Gilles Marini,29.2777,0.17103707929487338,0.12601211197545986,0.016185594102639294,0.5805213298336513
15,8,7,Kelly Monaco,28.3333,0.0800190842488294,0.04969966304999697,0.00477749457900646,0.33636338108731656
15,8,8,Kirstie Alley,25.5,0.017207283857703065,0.003858841154892991,4.107782237664978e-05,0.12454491158459421
15,8,9,Melissa Rycroft,30.0,0.3642605944746085,0.3335413881419032,0.04558425950667414,0.8213590524486067
15,8,12,Shawn Johnson,27.8333,0.0676147256884288,0.03653458211906342,0.0018567812922116547,0.33781317111221754
15,9,0,Apolo Anton Ohno,28.611,0.1687763611480975,0.11707834413619758,0.008522874494900414,0.6010615616034144
15,9,3,Emmitt Smith,27.0,0.04313889717986172,0.016237911314792214,0.0003207187017698627,0.25779290663488785
15,9,7,Kelly Monaco,27.110999999999997,0.04586861344236574,0.01900097228246858,0.00045463657738861653,0.2789440055091395
15,9,9,Melissa Rycroft,28.7777,0.258036324662283,0.20328728840900157,0.01830837125701759,0.7431708226429831
15,9,12,Shawn Johnson,29.5,0.4841798035673921,0.4791562488604136,0.06165432318025095,0.9368885289625168
15,10,7,Kelly Monaco,29.1109,0.16983579046427652,0.10666948153192582,0.0051671308525588,0.6548310989806464
15,10,9,Melissa Rycroft,29.3331,0.7483658113096542,0.8330202479766788,0.19441385453674326,0.991818376648763
15,10,12,Shawn Johnson,28.9443,0.08179839822606934,0.03278252424923228,0.0005034882291559558,0.48118510961190936
16,1,0,Alexandra Raisman,21.0,0.10181600082363411,0.07198642780606035,0.006938700360339029,0.3554635636117967
16,1,1,Andy Dick,17.0,0.024867713130450587,0.011898696177912515,0.0003611235581997973,0.14480357831698434
16,1,2,D. L. Hughley,12.0,0.006727350392309866,0.0014866527063322132,6.742795586348523e-06,0.04739335225686749
16,1,3,Dorothy Hamill,21.0,0.10351994828382124,0.07353135877685206,0.00996793520255693,0.3877822793810306
16,1,4,Ingo Rademacher,20.0,0.07016722295961295,0.04324706075125339,0.005240691030445208,0.2778708417347699
16,1,5,Jacoby Jones,20.0,0.09033165707061787,0.05560437415805059,0.004023007590386822,0.3817406148967786
16,1,6,Kellie Pickler,21.0,0.10632186467492934,0.07478281186954198,0.007659062399330155,0.3873569229285825
16,1,7,Lisa Vanderpump,18.0,0.03501284333525613,0.01943213104016689,0.0010622347849866924,0.16105708333530958
16,1,8,Sean Lowe,19.0,0.05249678073009005,0.030449151242661565,0.0019926948994500545,0.23025713771908532
16,1,9,Victor Ortiz,18.0,0.03373032402470124,0.0170853069822945,0.0009312761938701891,0.1713329637263332
16,1,10,Wynonna Judd,18.0,0.031087210155784414,0.016428886336877096,0.0011416303206722306,0.14726128407987313
16,1,11,Zendaya,24.0,0.3439210844187922,0.29965995292577674,0.03253925124791645,0.8685947439540214
16,2,0,Alexandra Raisman,24.0,0.13394463076426105,0.09891248947027972,0.010184941103603146,0.45948723316617707
16,2,1,Andy Dick,20.0,0.04116074577704184,0.02149621608759574,0.0012432795490167695,0.2070403145318283
16,2,2,D. L. Hughley,16.0,0.015818669845182858,0.005830615025375111,0.0001028641394647746,0.09752182144157477
16,2,3,Dorothy Hamill,15.0,0.013272488578410938,0.004362426477628837,6.005733352471584e-05,0.07706359733636982
16,2,4,Ingo Rademacher,20.0,0.039521825542559647,0.02199263595506211,0.0019868184866519366,0.18773538040935
16,2,5,Jacoby Jones,23.0,0.1244370859769394,0.08166272421763388,0.007053462365360725,0.47016591510025285
16,2,6,Kellie Pickler,26.0,0.2601043527246118,0.2045210183134415,0.03172068604146883,0.7391857551207199
16,2,7,Lisa Vanderpump,18.0,0.024777707462686663,0.012097879942763106,0.00041035464381821736,0.12701330440617972
16,2,8,Sean Lowe,20.0,0.04490071534403371,0.024357281569369553,0.0014245086321142484,0.2008406432454668
16,2,9,Victor Ortiz,18.0,0.024236755138446076,0.010853559332101668,0.00035675785134794546,0.12954443004873376
16,2,10,Wynonna Judd,18.0,0.02174081984774387,0.010817772950900598,0.00043558913599406487,0.1106795076631338
16,2,11,Zendaya,26.0,0.25608420299808216,0.2031321348244344,0.024109192261076294,0.7214733839606021
16,3,0,Alexandra Raisman,23.0,0.0852151689401893,0.05903594688059133,0.005525697036783541,0.31356473192203876
16,3,1,Andy Dick,18.0,0.022388876326541133,0.009808428244756124,0.0003446263269601328,0.1363507534944905
16,3,2,D. L. Hughley,16.0,0.014855511012011099,0.005197983172923472,0.00010162561426012092,0.09463544418612123
16,3,4,Ingo Rademacher,21.0,0.04648564247190906,0.027325384032278348,0.0030656894137719164,0.19525832701881246
16,3,5,Jacoby Jones,25.9998,0.25773717733543894,0.212557046100103,0.024298054008117343,0.7280902706437061
16,3,6,Kellie Pickler,25.0,0.16309668904612093,0.12080589865465925,0.01540803795846457,0.5278683479445219
16,3,7,Lisa Vanderpump,21.0,0.047708699708668596,0.028763902698188883,0.0024070759229231613,0.2045380486840238
16,3,8,Sean Lowe,21.0,0.05217195398151919,0.02910475889109404,0.002117476089454678,0.22266872587987818
16,3,9,Victor Ortiz,23.0,0.08143443826000193,0.051296098720373495,0.007176253075797065,0.3268129798058942
16,3,10,Wynonna Judd,15.0,0.01003079222445917,0.003731778483152016,5.0040835647934105e-05,0.0623941003023119
16,3,11,Zendaya,25.9998,0.21887505069314064,0.1701326726704704,0.020952109650197344,0.6723914573054595
16,4,0,Alexandra Raisman,27.0,0.2784547157693609,0.22745238043981167,0.024394836062813355,0.7598834840292509
16,4,1,Andy Dick,21.0,0.0376977073291851,0.01841735757541601,0.0009039813212375993,0.20407690657377345
16,4,2,D. L. Hughley,21.0,0.03836091946978516,0.018185186142825084,0.001035858373283356,0.1958747204549889
16,4,4,Ingo Rademacher,23.0,0.06763566816765999,0.04136062166795867,0.004363197654985939,0.2720121918512224
16,4,5,Jacoby Jones,24.0,0.1231096760749904,0.08121917146358779,0.006324657648603212,0.48110938480899823
16,4,6,Kellie Pickler,26.0,0.19564187477613149,0.15050536317622784,0.021333324206603336,0.5989250257710698
16,4,7,Lisa Vanderpump,18.0,0.016904217458680707,0.006510223358849277,0.00010007977474487818,0.08995738810346918
16,4,8,Sean Lowe,20.0,0.031637567268510663,0.014111676043037171,0.00044934066331542847,0.1676241127685827
16,4,9,Victor Ortiz,18.0,0.017228849684184092,0.006141127423568036,9.112335685995493e-05,0.11174066459896975
16,4,11,Zendaya,26.0,0.1933288040015115,0.14384314411267743,0.018942237615912624,0.6217631394620932
16,5,0,Alexandra Raisman,25.0,0.1029097793533071,0.07130525269631466,0.006216856228996817,0.36907174196240317
16,5,1,Andy Dick,18.0,0.018333244275371065,0.007030831093275609,0.00010817925789484969,0.11741056972087555
16,5,2,D. L. Hughley,18.0,0.019192108878075043,0.0066992823083881796,0.00011744941929581264,0.12206183191758203
16,5,4,Ingo Rademacher,21.0,0.03378825727308101,0.01788540867599582,0.0011698752064164266,0.17096028526552356
16,5,5,Jacoby Jones,26.0,0.17240380953278975,0.12445141762594693,0.011537797434180992,0.5989176503031237
16,5,6,Kellie Pickler,27.0,0.19295097990809806,0.14864147365456015,0.018387251137335952,0.5929118501454329
16,5,8,Sean Lowe,24.0,0.08426531627233694,0.052805371203817,0.004121362988838916,0.3466946153922584
16,5,9,Victor Ortiz,21.0,0.03551278494602061,0.016690137567121274,0.000737055775025377,0.1868713792749994
16,5,11,Zendaya,29.0,0.34064371956092043,0.2903099615143011,0.03497633131190181,0.8440466881614666
16,6,0,Alexandra Raisman,26.0,0.2229674703394379,0.17740271371237715,0.0182668724986372,0.6698389141154621
16,6,1,Andy Dick,21.5,0.031991620995361625,0.014105789542055994,0.00032552837072328996,0.1897843430768847
16,6,4,Ingo Rademacher,23.0,0.05439976169260922,0.031120497652366623,0.002589241763212341,0.2527937564011949
16,6,5,Jacoby Jones,22.5,0.06427291811485825,0.031557136483165674,0.0010240518384944366,0.32104805325427044
16,6,6,Kellie Pickler,27.0,0.36806363708239953,0.3274783301802487,0.05585735909653568,0.8484949550208318
16,6,8,Sean Lowe,23.0,0.06191898694948648,0.03383167058254065,0.0019367269371405491,0.28077634190286194
16,6,9,Victor Ortiz,20.0,0.01876210965511718,0.006562828887798272,6.750863821939077e-05,0.12210109372642244
16,6,11,Zendaya,25.5,0.17762349517072987,0.13042897506367218,0.014615764270999905,0.5618168239104804
16,7,0,Alexandra Raisman,32.0,0.3399497339290291,0.29630745738673214,0.03274724461711925,0.8349498947437742
16,7,1,Andy Dick,17.0,0.016052391222505014,0.0051302635175464245,4.21347684315394e-05,0.11325631492501867
16,7,4,Ingo Rademacher,25.0,0.06560082889505113,0.03864153274148694,0.003656047130132589,0.27021525624909154
16,7,5,Jacoby Jones,27.0,0.13559954915497982,0.08917686875694564,0.0059857587771681405,0.525049910508849
16,7,6,Kellie Pickler,29.0,0.17075711333521099,0.12684819780439827,0.015333248418532935,0.547229956028132
16,7,8,Sean Lowe,24.0,0.0611605929010664,0.03163726893419444,0.001716559485260684,0.28560337467101793
16,7,11,Zendaya,30.0,0.21087979056215755,0.16070488158652885,0.02098347962026844,0.639642427572931
16,8,0,Alexandra Raisman,28.0,0.23545295141560593,0.18960398303624598,0.020716480964638625,0.6837892155589913
16,8,4,Ingo Rademacher,24.0,0.05064905457928136,0.027860927801481347,0.001998219947590217,0.2265325898879097
16,8,5,Jacoby Jones,26.0,0.1401209578953446,0.09119502385326317,0.006051210643528994,0.5453810990218998
16,8,6,Kellie Pickler,27.5,0.20014568049173634,0.1513857028193185,0.01831342447688318,0.6177806321388665
16,8,8,Sean Lowe,21.0,0.026024757715529288,0.007859893161413589,0.00011023991132601307,0.16840249174090316
16,8,11,Zendaya,29.0,0.34760659790250253,0.30503707448854145,0.04095200538628189,0.8342175358720523
16,9,0,Alexandra Raisman,29.5,0.30771264903421064,0.26661627808995747,0.026569722129281596,0.8011240257006659
16,9,4,Ingo Rademacher,25.5,0.02397584681696468,0.009762924618929518,0.00024491957949075873,0.13313335097919643
16,9,5,Jacoby Jones,29.5,0.36155847497758825,0.3252152028896308,0.03306281945990765,0.8540561781096876
16,9,6,Kellie Pickler,29.0,0.2232540976570401,0.17624509133861474,0.018407116053164186,0.6586646174564805
16,9,11,Zendaya,27.5,0.08349893151419631,0.0478608711230024,0.0026848103547215427,0.39660521321758124
16,10,0,Alexandra Raisman,29.0,0.11950654782256731,0.07691363468963716,0.004455413098134483,0.44878608563961225
16,10,5,Jacoby Jones,27.999899999999997,0.062402833834546215,0.022776633241600876,0.00035187271584547007,0.3878276227066535
16,10,6,Kellie Pickler,30.0,0.41383451287566725,0.3825387638083233,0.06112766027964998,0.8982057061094322
16,10,11,Zendaya,30.0,0.4042561054672193,0.37550013863387205,0.046440301482726855,0.8618610890528234
17,1,0,Amber Riley,27.0,0.33892284784323246,0.30007861330573504,0.03159335401932076,0.8333949404469584
17,1,1,Bill Engvall,18.0,0.0239326589021609,0.008906233435565639,0.0002981399096615872,0.1426439037601161
17,1,2,Bill Nye,14.0,0.008502516423681186,0.0019883078988960053,1.1740364189097746e-05,0.06084289904283934
17,1,3,Brant Daugherty,22.0,0.05789883454669075,0.03366305732120243,0.002988980926160515,0.2437897182320154
17,1,4,Christina Milian,22.0,0.054612456800376324,0.033359337230639996,0.003758612958245047,0.23260520579425453
17,1,5,Corbin Bleu,24.0,0.13562346531685024,0.09778367132612467,0.011336695713594863,0.4520574290553846
17,1,6,Elizabeth Berkley Lauren,24.0,0.11240328372044975,0.08086202573776763,0.009515603540238388,0.3945825682584952
17,1,7,Jack Osbourne,23.0,0.08260173985526627,0.05080959793804334,0.00505802923670337,0.34381280049300555
17,1,8,Keyshawn Johnson,17.0,0.015628969332501443,0.006134570157193403,0.000136260215665994,0.0881994652312225
17,1,9,Leah Remini,21.0,0.04326210870288575,0.025136990811629813,0.001854942792776651,0.1917737999503089
17,1,10,"Nicole ""Snooki"" Polizzi",23.0,0.07963639190656845,0.05421926213283792,0.005462621798530911,0.30515248717190846
17,1,11,Valerie Harper,21.0,0.046974726649336475,0.027396644421841775,0.002097784730588135,0.2095569618082905
17,2,0,Amber Riley,24.0,0.10561090011781735,0.07235989278552003,0.008266096789854521,0.3961368963276948
17,2,1,Bill Engvall,21.0,0.038628776067701154,0.01817047219139061,0.0011223492664879048,0.2064697687905577
17,2,2,Bill Nye,17.0,0.011349586279748913,0.003146944418599177,4.780381888249425e-05,0.07524520579975642
17,2,3,Brant Daugherty,23.0,0.06440589276964968,0.038349369798243244,0.003932894966355381,0.2624797460960434
17,2,4,Christina Milian,25.0,0.12939488913790081,0.09318617058447345,0.014654355730848946,0.4559054685203804
17,2,5,Corbin Bleu,26.0,0.2535566604750615,0.20748112775501254,0.027837345483511276,0.7072376775884174
17,2,6,Elizabeth Berkley Lauren,25.0,0.1432276967606404,0.10803576262634665,0.014653675366308226,0.4582601732013874
17,2,7,Jack Osbourne,24.0,0.0983520989295537,0.06404869922517942,0.006726008521462677,0.3816653115843636
17,2,8,Keyshawn Johnson,18.0,0.014078483959710395,0.005509960283804516,0.00011530876909822967,0.08184340330817215
17,2,9,Leah Remini,24.0,0.09750257873969105,0.06552585652283306,0.007344700055564871,0.36200458858478896
17,2,10,"Nicole ""Snooki"" Polizzi",20.0,0.02368271675941327,0.01228436657382662,0.0004143587840236805,0.12175238989509579
17,2,11,Valerie Harper,19.0,0.020209720003111782,0.008799814676263819,0.00027814150097114714,0.11757304687428685
17,3,0,Amber Riley,24.0,0.08309289045241715,0.05537543226747991,0.006215855585678422,0.3442893100750177
17,3,1,Bill Engvall,24.0,0.08239481371198584,0.049607026774767776,0.005438123752449218,0.345516362461414
17,3,2,Bill Nye,16.0,0.011008161528286375,0.003044074018016313,4.450192852116863e-05,0.0717745240609855
17,3,3,Brant Daugherty,27.0,0.1869013407725825,0.1407566032701542,0.016091484031842233,0.5843942618408153
17,3,4,Christina Milian,26.0,0.12979905665330468,0.09658644908216134,0.013384170759234844,0.44851520628486485
17,3,5,Corbin Bleu,26.0,0.16811693896214908,0.1295509932238766,0.017436093412686544,0.5047113308779871
17,3,6,Elizabeth Berkley Lauren,25.0,0.10274265121554534,0.07469575083276386,0.010105559027557639,0.35903245356697105
17,3,7,Jack Osbourne,22.0,0.04562977527692347,0.023929548142657464,0.0018687825913046656,0.20553857243047435
17,3,9,Leah Remini,24.0,0.07535959155286605,0.05082245253278177,0.00559921284051362,0.28900943528343453
17,3,10,"Nicole ""Snooki"" Polizzi",25.0,0.10289173066613597,0.07104540914646144,0.007908025593442348,0.38894832713011585
17,3,11,Valerie Harper,16.0,0.012063049207803501,0.0038283608406183686,6.0118059134225765e-05,0.08484300233248292
17,4,0,Amber Riley,27.0,0.2234868816291244,0.17888609484644702,0.022150305151352228,0.6487646399123723
17,4,1,Bill Engvall,21.0,0.029485674894527296,0.01133571378672538,0.0003606654196940725,0.18574668185331292
17,4,3,Brant Daugherty,21.0,0.024895814346254465,0.009761443162411867,0.0003584007279158964,0.13376879510847697
17,4,4,Christina Milian,24.0,0.05981412555992642,0.03564729496429475,0.0042644455000775735,0.25306669617753386
17,4,5,Corbin Bleu,27.0,0.24577454878607394,0.20111830798412605,0.02676008032736806,0.6791522420091027
17,4,6,Elizabeth Berkley Lauren,27.0,0.20786410720942602,0.1624180906181759,0.02135892041752023,0.6114147758069406
17,4,7,Jack Osbourne,24.0,0.06811866913481414,0.038965967756452086,0.003315105150205947,0.29866571944052606
17,4,9,Leah Remini,24.0,0.0641642197493932,0.04060902311975767,0.003341165539570743,0.25948034501235484
17,4,10,"Nicole ""Snooki"" Polizzi",24.0,0.06384117756910061,0.039909404944406854,0.0031929248565983276,0.27058959919328324
17,4,11,Valerie Harper,18.0,0.012554781121359522,0.003366672683396661,3.741614681124748e-05,0.09577679071526521
17,5,0,Amber Riley,26.0,0.07356466721146224,0.046159642505309934,0.004333734611083935,0.32691480139640794
17,5,1,Bill Engvall,24.0,0.03009827405117837,0.01130407713398483,0.0004522348087202008,0.1840515576471745
17,5,3,Brant Daugherty,27.0,0.11499425960335471,0.07876702513041574,0.009623251998736955,0.43033115885000395
17,5,4,Christina Milian,28.0,0.20177346668616816,0.1551282949960956,0.02357223755379468,0.6344120504619694
17,5,5,Corbin Bleu,28.0,0.25982996787433704,0.21585535694742458,0.03026585004614494,0.6947276322966284
17,5,6,Elizabeth Berkley Lauren,26.0,0.06671337380800352,0.04496060049347197,0.004331558229733956,0.27421525708319433
17,5,7,Jack Osbourne,27.0,0.12187150930680196,0.08224622488382627,0.008492649927947982,0.45467501240670977
17,5,9,Leah Remini,22.0,0.010718554891036734,0.0028987902657113393,3.2585402463953745e-05,0.07422588023737338
17,5,10,"Nicole ""Snooki"" Polizzi",27.0,0.12043592656765725,0.08245709796589405,0.009828742229593464,0.4439039509698542
17,6,0,Amber Riley,31.999899999999997,0.2837225073614119,0.23659808809084548,0.03106088996380645,0.7596900308094446
17,6,1,Bill Engvall,23.9999,0.021092955228314482,0.005171073787689209,6.206073825156823e-05,0.15979995386511084
17,6,3,Brant Daugherty,31.0,0.16718636678620377,0.11804366693897454,0.012668153348442237,0.5457462914816822
17,6,5,Corbin Bleu,26.999899999999997,0.04886694410061035,0.02464546088391357,0.001372014043546144,0.22471697702379415
17,6,6,Elizabeth Berkley Lauren,31.9998,0.26675824820651417,0.21979597053443672,0.03136791602276272,0.7098803297230699
17,6,7,Jack Osbourne,26.9998,0.043671048795057704,0.019077949328372354,0.0007680242351996618,0.23973325419840183
17,6,9,Leah Remini,27.999899999999997,0.05451752143675814,0.031175641413511937,0.001981237025470013,0.26439957025117017
17,6,10,"Nicole ""Snooki"" Polizzi",30.0,0.11418440808512949,0.08023983213994151,0.007167969752482582,0.3936119482410829
17,7,0,Amber Riley,29.5,0.28872533752906393,0.24777946435336906,0.026257459250732612,0.7628141789682963
17,7,1,Bill Engvall,25.0,0.020327118307408906,0.004990062871442819,5.6620732018524196e-05,0.15737697291199848
17,7,3,Brant Daugherty,28.5,0.12102801000776346,0.08118081153520701,0.00807699031708276,0.4525598787397771
17,7,5,Corbin Bleu,29.5,0.3154449747766637,0.2744287851467176,0.03653668941554484,0.7888186968004789
17,7,6,Elizabeth Berkley Lauren,27.0,0.046133749903683054,0.026474607944751115,0.0013986316424193983,0.21446396708136536
17,7,7,Jack Osbourne,28.5,0.12893737765273797,0.08539806763888291,0.00784480124186529,0.48201397254128153
17,7,9,Leah Remini,26.5,0.033848353899758016,0.01683070890305166,0.0006018840983648245,0.16777571893331394
17,7,10,"Nicole ""Snooki"" Polizzi",27.0,0.045555077922920996,0.025137430721065387,0.0010339129326033525,0.19691524624538703
17,8,0,Amber Riley,28.0,0.12156800524714383,0.07877005293753743,0.006342650992399334,0.45396909381118256
17,8,1,Bill Engvall,24.0,0.026363836329956036,0.007421331865546014,9.912834220984137e-05,0.19687505318207763
17,8,3,Brant Daugherty,27.0,0.06791979368669136,0.03579333289881382,0.0028342405073971373,0.3083479597864195
17,8,5,Corbin Bleu,30.0,0.3521007457903051,0.3106009960434657,0.045171594362101775,0.8300309483824123
17,8,6,Elizabeth Berkley Lauren,25.0,0.029635099555122366,0.013734975815684978,0.0003368362011647352,0.15049133911340698
17,8,7,Jack Osbourne,30.0,0.29250029958531326,0.23983287888364652,0.026584337299523576,0.7799913691506455
17,8,9,Leah Remini,28.0,0.10991221980546803,0.07174522290489574,0.006620223580928815,0.42675817855668463
17,9,0,Amber Riley,25.5,0.0892799890214265,0.053057678759277443,0.0032117871568387553,0.3752557288416161
17,9,1,Bill Engvall,21.0,0.02443925702606149,0.005905875500234254,6.056998356069662e-05,0.1947859215592278
17,9,5,Corbin Bleu,29.0,0.3844329142410863,0.3508539692734287,0.04452968705604052,0.8543509259957194
17,9,6,Elizabeth Berkley Lauren,28.0,0.21517152835329567,0.1762870430770585,0.02074860739690143,0.6484936415429244
17,9,7,Jack Osbourne,27.0,0.1449707409404531,0.09594812360495605,0.008466147334742205,0.5417632959847385
17,9,9,Leah Remini,27.0,0.14170557041767695,0.1011557639894908,0.009822850885682003,0.49386098726100053
17,10,0,Amber Riley,39.5,0.4803409150663511,0.48239483867539207,0.051599612651090414,0.9106337104650986
17,10,1,Bill Engvall,30.0,0.039244621025560714,0.012185613149459469,0.00022464309290766925,0.2796022275615576
17,10,5,Corbin Bleu,37.5,0.28703407752427074,0.2375632667615598,0.025309258164263503,0.7635622551942074
17,10,7,Jack Osbourne,35.5,0.13531183978958325,0.08530386251713973,0.006868036868274155,0.5249933319560861
17,10,9,Leah Remini,32.5,0.0580685465942342,0.029025326027992546,0.001128288087294064,0.28028136890007616
17,11,0,Amber Riley,31.3332,0.5535726803231085,0.584431506972958,0.06533518794568233,0.9490595405974568
17,11,1,Bill Engvall,25.499899999999997,0.04958514273154615,0.016279831680424354,0.00031159923788408073,0.3323079935366582
17,11,5,Corbin Bleu,29.6664,0.28051695849608094,0.2223731757521312,0.02279056258330271,0.7682840413850566
17,11,7,Jack Osbourne,27.999899999999997,0.11632521844926433,0.0647341702618772,0.003634152812488847,0.5108931691659697
18,1,0,Amy Purdy,24.0,0.11652808861409013,0.07645104741208732,0.007640313088976562,0.4263997172721312
18,1,1,Billy Dee Williams,15.0,0.007725913679551813,0.002084848275506092,1.1606878464696699e-05,0.05117829587170609
18,1,2,Candace Cameron Bure,25.0,0.1357620699982264,0.09801192671414506,0.011824611380025156,0.48264631597045865
18,1,3,Charlie White,27.0,0.3308715205782629,0.2741028606232826,0.033575879038117276,0.8596871968381563
18,1,4,Cody Simpson,22.0,0.04985294472892072,0.030853179792386616,0.0018068541357078945,0.2105039005664764
18,1,5,Danica McKellar,24.0,0.09734210814826247,0.06712852740854917,0.008046432339507609,0.3696956739112344
18,1,6,Diana Nyad,18.0,0.019194196339233312,0.007280227147523707,0.00013420239575902997,0.11525523814471299
18,1,7,Drew Carey,21.0,0.03828387985140703,0.02012895266120102,0.0013305576769057365,0.19073713753952706
18,1,8,James Maslow,21.0,0.03474772367780995,0.018428395221177167,0.0011698693948222233,0.1603617783037114
18,1,9,Meryl Davis,24.0,0.10459134853407827,0.07562676727352656,0.008040030949909285,0.3709885455642032
18,1,10,NeNe Leakes,21.0,0.037415779189052485,0.021417769669067444,0.0011894395334736913,0.17900552205389353
18,1,11,Sean Avery,20.0,0.027684426661104516,0.014765225417867275,0.0006851979813227474,0.1364159284887304
18,2,0,Amy Purdy,24.0,0.13292265268072465,0.09289706338853582,0.012522177088277294,0.46451269508670245
18,2,1,Billy Dee Williams,15.0,0.006946449126220929,0.0017054974751832112,9.267449351075735e-06,0.04470478544373802
18,2,2,Candace Cameron Bure,21.0,0.03637228455939938,0.020491545437765494,0.0015628863337099127,0.16506357846887734
18,2,3,Charlie White,25.0,0.19697581198311684,0.1471719181407123,0.01826352906548084,0.6480144965428941
18,2,4,Cody Simpson,22.0,0.05197038233689693,0.03237581227671081,0.002690574546292066,0.21159981908262288
18,2,5,Danica McKellar,24.0,0.11351293856727873,0.08046374237572182,0.010450739772122375,0.38842627568526705
18,2,7,Drew Carey,21.0,0.03859405440442693,0.020707645901881504,0.0017199111419486388,0.19248083228942894
18,2,8,James Maslow,25.0,0.16505414846805175,0.119374999169759,0.013716076745319328,0.5525852173679598
18,2,9,Meryl Davis,25.0,0.1810367726164773,0.14223527116531204,0.018949097428922205,0.5383188392106389
18,2,10,NeNe Leakes,21.0,0.03834292017224008,0.021287395468152354,0.0014141647389367762,0.18226695135362428
18,2,11,Sean Avery,21.0,0.03827158508516653,0.022444932526770184,0.001709567494987967,0.17247982586540062
18,3,0,Amy Purdy,36.0,0.12898980467141075,0.08427319156233865,0.010503904542605373,0.47677985804427847
18,3,2,Candace Cameron Bure,32.0,0.026602768635230898,0.012194599394125887,0.00035539075550253464,0.13551972753270264
18,3,3,Charlie White,36.0,0.1285110254752152,0.08287611580834557,0.009147832290188063,0.5019090397018993
18,3,4,Cody Simpson,35.0,0.07335381701872772,0.04704827099906692,0.003336507838433451,0.2856061054075825
18,3,5,Danica McKellar,36.0,0.10966548397017217,0.07459697408889401,0.00839195143414603,0.394507708622402
18,3,7,Drew Carey,30.0,0.016964459915729594,0.00541474591656051,7.040793589397505e-05,0.10810279749264635
18,3,8,James Maslow,36.0,0.10552346917485399,0.07209286116610018,0.008035704827563722,0.39542226126861413
18,3,9,Meryl Davis,39.0,0.38884130810173334,0.35552456048491415,0.04779627463079494,0.8683895005911938
18,3,10,NeNe Leakes,31.0,0.021547863036926317,0.008464433918774938,0.00018550666573721784,0.12380450844482298
18,4,0,Amy Purdy,34.0,0.09517401010772825,0.055587573757003766,0.0038678480078578902,0.40710042304908645
18,4,2,Candace Cameron Bure,28.0,0.013136951194696555,0.0038209863331441773,1.756443597926824e-05,0.08886521736865124
18,4,3,Charlie White,33.0,0.06783840853450898,0.03619289145387286,0.0014699317696171897,0.32476415360107946
18,4,4,Cody Simpson,31.0,0.03066187346836006,0.013458918053698827,0.00022638326539288077,0.159528957650052
18,4,5,Danica McKellar,32.0,0.041227825339286234,0.02090865159296056,0.0006580774178144782,0.21791526327946228
18,4,7,Drew Carey,33.0,0.05818549990381554,0.03205256718917496,0.0016161690078451071,0.28624140332783937
18,4,8,James Maslow,35.0,0.10967443082861635,0.07219785545976992,0.0060330997819625955,0.41603591603135254
18,4,9,Meryl Davis,39.0,0.5414919564461512,0.5502939923589542,0.06831248413197946,0.9714453318854266
18,4,10,NeNe Leakes,32.0,0.04260904417683673,0.020826233918809903,0.0006327410208848675,0.21533768036533432
18,5,0,Amy Purdy,37.0,0.12322934740478714,0.0835416773620084,0.009101928304610993,0.4506122004428358
18,5,2,Candace Cameron Bure,35.0,0.05368013690527725,0.03163468741524799,0.002610560625167655,0.23102953101596643
18,5,3,Charlie White,37.0,0.121996348637622,0.07785110761597047,0.008784134237140211,0.48390701327392904
18,5,4,Cody Simpson,34.0,0.040924968398713804,0.022761709835110052,0.0012218829940497094,0.18594094056503485
18,5,5,Danica McKellar,39.0,0.20796235180137368,0.16278563086611644,0.022415901410291008,0.6283190207374061
18,5,7,Drew Carey,28.0,0.011176172504417237,0.0025225618291769844,1.9524409355223216e-05,0.07481747578998675
18,5,8,James Maslow,40.0,0.2824469142485546,0.23516547335020538,0.025774370514273802,0.7647010470727512
18,5,9,Meryl Davis,36.0,0.08251421538378344,0.053606360105657336,0.004944667791070442,0.31736035473981566
18,5,10,NeNe Leakes,36.0,0.07606954471547082,0.047118859793051124,0.004462943837447476,0.3048397658685158
18,6,0,Amy Purdy,38.0,0.21822093845050125,0.16107563985451517,0.022827663411318734,0.7078342631326356
18,6,2,Candace Cameron Bure,32.0,0.02274471070438327,0.00910712887652592,0.00012061489201762748,0.13433919858684576
18,6,3,Charlie White,36.0,0.10276669950897666,0.06309145886315166,0.005101885000693785,0.4303973215448007
18,6,5,Danica McKellar,36.0,0.08759858465279646,0.056887417497858986,0.004150557152285187,0.3790717152283312
18,6,7,Drew Carey,32.0,0.025069896436876977,0.009167532214162478,0.00016763727282872152,0.157469794372207
18,6,8,James Maslow,35.0,0.057898054251171754,0.03424071902128809,0.0020515870935806342,0.25994867180826403
18,6,9,Meryl Davis,40.0,0.45274677364344246,0.44205461748667013,0.058535780872723965,0.9073831473786241
18,6,10,NeNe Leakes,33.0,0.03295434235185119,0.014436226241719386,0.00036273501616976517,0.17834967891138945
18,7,0,Amy Purdy,37.5,0.20543903921785248,0.14822469940954067,0.01820628450179256,0.6718138454105685
18,7,2,Candace Cameron Bure,37.0,0.12740326588037967,0.08981774680011517,0.00875681997435371,0.49766536254232546
18,7,3,Charlie White,35.5,0.068988348234061,0.0357734101837098,0.0018283181068708804,0.3349806494877375
18,7,5,Danica McKellar,36.0,0.07577405118691333,0.04586346242218784,0.0028166508993104937,0.3452303127415291
18,7,8,James Maslow,35.0,0.04246449024209086,0.022082186649496315,0.0009061051180831982,0.21263140810718048
18,7,9,Meryl Davis,39.0,0.45999972861488875,0.44904776568426485,0.05922045768510105,0.9112253999110296
18,7,10,NeNe Leakes,33.0,0.019931076623813965,0.006134606749483306,5.678951776512883e-05,0.12300985341563513
18,8,0,Amy Purdy,40.0,0.3852520500693476,0.35105080499825925,0.044844016752307266,0.8627763846411246
18,8,2,Candace Cameron Bure,36.0,0.03942123508730213,0.017600222006613955,0.00037996116691124324,0.20877144718897608
18,8,3,Charlie White,40.0,0.3803393725275161,0.342611335507072,0.041058417096956706,0.8758170695257322
18,8,5,Danica McKellar,38.0,0.11024547343977306,0.07011616371297807,0.00560670987615346,0.4690592682927342
18,8,8,James Maslow,36.0,0.038305083998377905,0.017260049776391784,0.0004505148343183686,0.2232833347416608
18,8,9,Meryl Davis,36.0,0.04643678487768318,0.02131804852158108,0.00037164940649831444,0.26036226329854967
18,9,0,Amy Purdy,39.0,0.24727032425892687,0.18419795233906502,0.024720660128117668,0.7570542079614744
18,9,2,Candace Cameron Bure,36.0,0.028495283538109074,0.009966721795363374,0.00011387020221119562,0.1798820554877807
18,9,3,Charlie White,38.0,0.11967157187001085,0.07168351743341378,0.0050798296336498705,0.508633886727934
18,9,8,James Maslow,38.0,0.09848335895872903,0.06045290114297494,0.004617446134736473,0.4161647694409818
18,9,9,Meryl Davis,40.0,0.5060794613742241,0.5176880070583436,0.06796340073970553,0.9205410560256426
18,10,0,Amy Purdy,29.666600000000003,0.3501516895358975,0.2997768181274503,0.04682338162243751,0.8546489878451299
18,10,2,Candace Cameron Bure,25.9998,0.03892909791780943,0.013658107100439775,0.0002596913473943668,0.25246439756323974
18,10,8,James Maslow,29.0,0.1944541234220691,0.14321731671337518,0.017931892681374243,0.6516028151002032
18,10,9,Meryl Davis,30.0,0.416465089124224,0.4123335129023117,0.04709258954131775,0.8496168384017814
19,1,0,Alfonso Ribeiro,36.0,0.2774275394813206,0.22055676574245375,0.028241696279992737,0.7942533684724257
19,1,1,Antonio Sabato Jr.,25.0,0.0242596834122981,0.011472492145246723,0.0003918319741436308,0.13619981341614357
19,1,2,Bethany Mota,32.0,0.10754727554423792,0.0750478207634087,0.006557739241008349,0.4119096623936112
19,1,3,Betsey Johnson,20.0,0.008690332981881174,0.0027428747529111373,2.8932099625611716e-05,0.055974742615075256
19,1,4,Janel Parrish,29.0,0.04990046401622011,0.030372171937735587,0.0029838657149983626,0.2139741039887307
19,1,5,Jonathan Bennett,30.0,0.06500270772573573,0.0379308432708909,0.0037680159711149653,0.2908820063170218
19,1,6,Lea Thompson,32.0,0.10277275344355892,0.06640041435956456,0.007881317583273898,0.40892111345495785
19,1,7,Lolo Jones,22.0,0.015053718712496765,0.0049150941171212815,7.957758334429065e-05,0.08474829987368018
19,1,8,Michael Waltrip,25.0,0.02086639440669889,0.009297180596675371,0.00035870899326321105,0.12215027852577229
19,1,9,Randy Couture,31.0,0.08806124362190584,0.05592533081510412,0.006507505714489426,0.3561090848927783
19,1,10,Sadie Robertson,34.0,0.15466725182721847,0.11664401311327019,0.014934810141703735,0.4782500410627521
19,1,11,Tavis Smiley,29.0,0.05379020252659347,0.03321484443284772,0.002331587027136537,0.22677359584242684
19,1,12,Tommy Chong,27.0,0.03196043229983403,0.017852661909346805,0.0010366743222558828,0.1319870206218221
19,2,0,Alfonso Ribeiro,32.0,0.09174400565482116,0.058353695345829126,0.006533076930523624,0.38979144107690994
19,2,1,Antonio Sabato Jr.,31.0,0.07037443243688325,0.0429189813562161,0.0031275770396906014,0.30985152304515934
19,2,2,Bethany Mota,33.0,0.14063692028766772,0.10101775077253157,0.008774974242924822,0.4915527273618255
19,2,3,Betsey Johnson,28.0,0.02427308160824572,0.01144512181678569,0.00040789171010874217,0.12388019136617553
19,2,4,Janel Parrish,34.0,0.19623707175577573,0.14581726200375617,0.01906279390470135,0.6549017952261533
19,2,5,Jonathan Bennett,30.0,0.0477684369359549,0.025321706557529838,0.0019529710972149836,0.2224825883907133
19,2,6,Lea Thompson,35.0,0.28046133025720693,0.2288395951110722,0.02759078616839569,0.7732154714651179
19,2,8,Michael Waltrip,24.0,0.008824004889008284,0.002320032713448385,1.2307593678250973e-05,0.054656211570895494
19,2,9,Randy Couture,28.0,0.02809523854146629,0.013231406662021234,0.0003965121113666664,0.14347390325771467
19,2,10,Sadie Robertson,31.0,0.059439081006107244,0.03722270343771922,0.003133327076145466,0.251915632644938
19,2,11,Tavis Smiley,28.0,0.027368407915776265,0.01339062129268551,0.00033529442908791015,0.1484122708959766
19,2,12,Tommy Chong,28.0,0.024777988711086513,0.012827497757080688,0.00040788781281315116,0.10847658770838063
19,3,0,Alfonso Ribeiro,32.0,0.048907856130285,0.02455647142663952,0.0010576077038131262,0.23658250202473638
19,3,1,Antonio Sabato Jr.,29.0,0.028690034380099018,0.012384044044463239,0.0001707193155098261,0.16788320772022938
19,3,2,Bethany Mota,40.0,0.3341507204453646,0.29010417700448826,0.02844829195024485,0.8199193885107914
19,3,3,Betsey Johnson,29.0,0.024872832527540814,0.010729173241964469,0.00022344635602376388,0.1335264763649779
19,3,4,Janel Parrish,40.0,0.3251451397580997,0.27516825090324926,0.030356256146817764,0.8485178735964052
19,3,5,Jonathan Bennett,32.0,0.04814226828943154,0.024438941214224904,0.00104499793330137,0.22353894407890623
19,3,6,Lea Thompson,31.0,0.038726834833787006,0.01842109707408991,0.0006141430303218334,0.20345153921364298
19,3,8,Michael Waltrip,28.0,0.02051459156808476,0.0077604041472622825,8.87594382892848e-05,0.12431368688146255
19,3,9,Randy Couture,26.0,0.01652774769436341,0.005475254542536112,3.895855332896231e-05,0.1059653689027906
19,3,10,Sadie Robertson,32.0,0.04282871642847506,0.02248618347055256,0.0009212904922950486,0.1988787780326389
19,3,12,Tommy Chong,34.0,0.07149325794446901,0.045637453359868026,0.0024008560811196273,0.2741551248651823
19,4,0,Alfonso Ribeiro,40.0,0.2756858410903677,0.22520132698157025,0.031090486633151327,0.766958378812646
19,4,1,Antonio Sabato Jr.,29.0,0.0402014882336453,0.020352789404558185,0.0008374375284747653,0.21659485678452087
19,4,2,Bethany Mota,33.0,0.07651155590204822,0.04643912220557672,0.0028451694593078863,0.31249657179071905
19,4,3,Betsey Johnson,29.0,0.03546143045653236,0.017917380397478106,0.0008753578370020196,0.17192472868390066
19,4,4,Janel Parrish,36.0,0.12931381894682487,0.08759035156043979,0.011388647649032491,0.45820211755839035
19,4,5,Jonathan Bennett,24.0,0.020081519715117027,0.005813901414545693,0.00010783234076452943,0.1250988879020918
19,4,6,Lea Thompson,39.0,0.23131408475310558,0.17937852645996605,0.020995920399326684,0.6875769433260409
19,4,8,Michael Waltrip,25.0,0.019298720020975896,0.007145289734856019,0.0001304832646589914,0.11935430940251059
19,4,10,Sadie Robertson,37.0,0.14134166879367013,0.10143580494397297,0.013921504078041142,0.4521104040864977
19,4,12,Tommy Chong,28.0,0.030789872087712892,0.015671481423009,0.0005490136931827608,0.14319046591139506
19,5,0,Alfonso Ribeiro,34.0,0.16990828983067205,0.1263759911192599,0.020283035564394508,0.5596438534431477
19,5,1,Antonio Sabato Jr.,28.0,0.06198322539074649,0.03449633340102522,0.0022021481185251473,0.314543892957942
19,5,2,Bethany Mota,32.0,0.12478690084425476,0.08666495415074807,0.0073298457604400544,0.45621041839130855
19,5,4,Janel Parrish,33.0,0.1476017384506183,0.102998214399839,0.013335159437484805,0.5356847765877027
19,5,5,Jonathan Bennett,24.0,0.031593813288795534,0.012200424291474624,0.0005191930904945706,0.17738553392667164
19,5,6,Lea Thompson,34.0,0.17568159219765733,0.12963271929651415,0.01722839442267713,0.581046777885911
19,5,8,Michael Waltrip,20.0,0.01597352433765012,0.005093777374003165,7.992240703351313e-05,0.10209744045039434
19,5,10,Sadie Robertson,36.0,0.24798523509766848,0.20587607868001107,0.02407463699696702,0.677107938677222
19,5,12,Tommy Chong,23.0,0.024485680561936955,0.011191658907674184,0.0003169398801183276,0.11989331085735079
19,6,0,Alfonso Ribeiro,39.0,0.4361273806669804,0.40938113889390204,0.05196513757297164,0.9174119999244056
19,6,1,Antonio Sabato Jr.,28.0,0.02366419070732047,0.008737203268372337,0.00010478434812932767,0.1511947495701646
19,6,2,Bethany Mota,36.0,0.18435254364887815,0.13943326416670304,0.011889135646808113,0.5911789044106526
19,6,4,Janel Parrish,33.0,0.0719180715197739,0.0439882394071823,0.003153599256153605,0.2896187362074156
19,6,5,Jonathan Bennett,32.0,0.05817124884327056,0.028998328897274387,0.0014146699542056324,0.28383341789690836
19,6,6,Lea Thompson,32.0,0.055840613288340904,0.02953839031161747,0.0014139816557955775,0.2752567670541032
19,6,8,Michael Waltrip,30.0,0.03232646559634764,0.01368032110575704,0.0003459311474939654,0.19638801354220958
19,6,10,Sadie Robertson,35.0,0.11679301591195236,0.0782027353199174,0.008242144559766481,0.40437288227340856
19,6,12,Tommy Chong,28.0,0.020806469817135565,0.008243082016139262,9.329077245076504e-05,0.11115305630355687
19,7,0,Alfonso Ribeiro,34.0,0.12526920262080485,0.08272472698809456,0.008447355519638662,0.4892427371850288
19,7,1,Antonio Sabato Jr.,29.5,0.03691294318769672,0.014700886836520898,0.0002877209904878987,0.2208459272743541
19,7,2,Bethany Mota,37.5,0.45181826874095554,0.44173169904999765,0.04712388640242218,0.9254595570879137
19,7,4,Janel Parrish,33.5,0.10687612559777872,0.06935778474362042,0.006209038203005915,0.42140941723392333
19,7,6,Lea Thompson,35.0,0.17712927031968898,0.12721345361569314,0.012947348489690877,0.5990108840543402
19,7,8,Michael Waltrip,28.0,0.021286756798017507,0.006785209051054907,7.836451006988371e-05,0.14614903259061537
19,7,10,Sadie Robertson,31.0,0.04387719095162389,0.022024456712486602,0.0008162964276146643,0.22306936796729931
19,7,12,Tommy Chong,30.0,0.036830241783433845,0.01775401674955135,0.00035503803950846075,0.18816618011036285
19,8,0,Alfonso Ribeiro,41.0,0.22262184552028996,0.17269016997814807,0.024650812867739284,0.6692363639700338
19,8,2,Bethany Mota,40.0,0.20267854536127813,0.1571105671752041,0.014168559594286458,0.6246217486100107
19,8,4,Janel Parrish,43.0,0.33026678262717296,0.2829356153482498,0.038306434455716756,0.8340316842944646
19,8,6,Lea Thompson,32.0,0.05609269581802176,0.02836205126902876,0.0014736834658369512,0.2744780694214605
19,8,8,Michael Waltrip,25.0,0.02274471894513471,0.007173140488261249,9.658607468015327e-05,0.14461771402997528
19,8,10,Sadie Robertson,38.0,0.12768444104398824,0.08778162507586518,0.009359407263612183,0.44534859874895444
19,8,12,Tommy Chong,29.0,0.037910970684114365,0.016833732622177883,0.0004920282110752989,0.1939950378787584
19,9,0,Alfonso Ribeiro,38.5,0.2713887771424445,0.22167106883700488,0.03560913584939719,0.7413180062467314
19,9,2,Bethany Mota,37.0,0.18427038877340904,0.13964595644737632,0.012221590294456615,0.5917783814238036
19,9,4,Janel Parrish,38.5,0.2865068325267812,0.23977360845685874,0.034414025089065006,0.7784731703481724
19,9,6,Lea Thompson,35.0,0.09751613651874501,0.06006603884230163,0.004869271673647043,0.40362760091234307
19,9,10,Sadie Robertson,36.5,0.1386030725404295,0.09987883622837479,0.011012855363433563,0.4762063681912691
19,9,12,Tommy Chong,28.5,0.02171479249819071,0.006520967632637709,6.397938385215388e-05,0.1569691304500729
19,10,0,Alfonso Ribeiro,37.5,0.19954780125067936,0.14779586758174518,0.0177917564054519,0.64960407731583
19,10,2,Bethany Mota,38.0,0.2541194947368817,0.2072879846393028,0.01874834418169537,0.6994841737588898
19,10,4,Janel Parrish,39.0,0.3603085674461925,0.3230776860983982,0.043216943676858806,0.8591619311586082
19,10,10,Sadie Robertson,37.0,0.1569885409571083,0.11030736921047354,0.011886544379603603,0.5146680993895378
19,10,12,Tommy Chong,31.0,0.029035595609138126,0.009442341200520071,0.00011592074089825898,0.20069047625854997
19,11,0,Alfonso Ribeiro,40.0,0.5765549989777625,0.5954561833900748,0.10742821072124055,0.9613202818056441
19,11,2,Bethany Mota,38.0,0.05037419604195188,0.019845568728718094,0.0002539803056170115,0.2910955750654976
19,11,4,Janel Parrish,38.99980000000001,0.15438902483025285,0.1046695579500621,0.006800744066805126,0.547101570121242
19,11,10,Sadie Robertson,39.333200000000005,0.2186817801500327,0.16271145524947794,0.015541957560873102,0.679114968239171
20,1,0,Charlotte McKinney,22.0,0.011719363222721163,0.0037888999050125147,4.802154464112819e-05,0.07945085314384782
20,1,1,Chris Soules,26.0,0.03570578751040061,0.021158970911701033,0.001155309172338462,0.15415758729264115
20,1,2,Michael Sam,26.0,0.03382940568474597,0.01941626030769802,0.000976126889340746,0.1558538804003899
20,1,3,Nastia Liukin,30.0,0.14179459766829,0.10369034032504212,0.01324413620954659,0.4806496977214376
20,1,4,Noah Galloway,26.0,0.04441620546895087,0.02315578731323735,0.0013023405634355778,0.21025832098084551
20,1,5,Patti LaBelle,25.0,0.030179451569254015,0.015596088606477619,0.0006740011034199464,0.15592437402568163
20,1,6,Redfoo,22.0,0.011932508620491625,0.004152481597840519,5.435281418807816e-05,0.0694659256192467
20,1,7,Riker Lynch,31.0,0.23216609674858957,0.1832268693671401,0.019472170700902562,0.6559881717192088
20,1,8,Robert Herjavec,28.0,0.07227469677041168,0.04607696308045457,0.005071278722120201,0.29572811237438507
20,1,9,Rumer Willis,32.0,0.33337679530609027,0.29764897681606484,0.035133053001138885,0.8160551242351828
20,1,10,Suzanne Somers,25.0,0.025602578907320234,0.012943150971257738,0.0005285090930461747,0.12111611501565638
20,1,11,Willow Shields,25.0,0.027002512522733956,0.013254382728745507,0.0004350766156450788,0.1445171421843725
20,2,0,Charlotte McKinney,26.0,0.020732977381611662,0.00913215793317837,0.00036828407850902364,0.12322200438313606
20,2,1,Chris Soules,21.0,0.007061123070089736,0.0018187291652599965,1.1999466902385484e-05,0.03993127855203914
20,2,2,Michael Sam,28.0,0.034751698277503774,0.020458933368807657,0.0013559255076899656,0.14598466894277926
20,2,3,Nastia Liukin,34.0,0.2699742672436392,0.2212030735584076,0.02539350532130177,0.7645107995393434
20,2,4,Noah Galloway,27.0,0.034642594189246714,0.017390319324373515,0.0008620101525360677,0.17367124921984994
20,2,5,Patti LaBelle,28.0,0.04199528750442617,0.024535635468187184,0.001984033389574041,0.19650715571101832
20,2,6,Redfoo,31.0,0.08565028283885923,0.06078902227463045,0.009185190681789324,0.30376658033309817
20,2,7,Riker Lynch,32.0,0.1521049753750167,0.11120283927867582,0.012922056540735189,0.5166439320146055
20,2,8,Robert Herjavec,28.0,0.03915997695504213,0.021669712262783105,0.0017648242285647725,0.18444413879378502
20,2,9,Rumer Willis,32.0,0.15074254425190572,0.11168661215628964,0.012310252336580783,0.5077002767646573
20,2,10,Suzanne Somers,28.0,0.035394218171631346,0.02018235575763932,0.0015494489581068395,0.16171721749786802
20,2,11,Willow Shields,32.0,0.1277900547410276,0.08679643165894627,0.010621244055482346,0.47876725096981193
20,3,0,Charlotte McKinney,22.0,0.013608584537688716,0.004602678734409023,0.00010500627939575416,0.09650868002753873
20,3,1,Chris Soules,28.0,0.046159416536791516,0.02880761103163154,0.0024427461439377675,0.18559827418640096
20,3,2,Michael Sam,24.0,0.018626997687000664,0.008775438901485185,0.0002730184836919313,0.09526215355409846
20,3,3,Nastia Liukin,34.0,0.2075233837193822,0.16179332030325566,0.019913430112755686,0.6216114516345985
20,3,4,Noah Galloway,30.0,0.08749128431618311,0.05462213239820024,0.006240914432000779,0.358000352805141
20,3,5,Patti LaBelle,22.0,0.015837237338055653,0.005901541017350392,0.00014401758812717516,0.09969273828203587
20,3,7,Riker Lynch,34.0,0.23011182139769618,0.1859167019989803,0.02172782018166874,0.6691325718841556
20,3,8,Robert Herjavec,29.0,0.0606172814949297,0.038083038719723135,0.0038393115462391986,0.2531863644531081
20,3,9,Rumer Willis,33.0,0.17841796403299426,0.13677200703747433,0.014724622038907372,0.5825030003416678
20,3,10,Suzanne Somers,25.0,0.02350597907891797,0.011073218203684378,0.0004905070416145267,0.1182704397677498
20,3,11,Willow Shields,32.0,0.11810004986036003,0.0793178864537514,0.009419677658392012,0.4518512427908895
20,4,1,Chris Soules,27.0,0.014869194840824345,0.005528207300386079,6.496036156996517e-05,0.08421823232053369
20,4,2,Michael Sam,30.0,0.02675634982578134,0.013633387407096435,0.00045273369827688627,0.12206124445053021
20,4,3,Nastia Liukin,36.0,0.15616675980033354,0.11334968960067102,0.013577444188154032,0.5101351678043613
20,4,4,Noah Galloway,32.0,0.05849842020796393,0.03243954468112009,0.0017810891251861301,0.27293813342858636
20,4,5,Patti LaBelle,30.0,0.03200637297098174,0.016257954787392195,0.0006722290960157842,0.17275111453901082
20,4,7,Riker Lynch,34.0,0.10124544337941895,0.0683931905889098,0.005507988576947827,0.41869928016518476
20,4,8,Robert Herjavec,34.0,0.08718947872850594,0.056608635920425934,0.006474327771118696,0.35754355749951344
20,4,9,Rumer Willis,35.0,0.1314726332474643,0.09621391367652084,0.008463337667471328,0.4766253358805281
20,4,10,Suzanne Somers,28.0,0.018016374779068957,0.006639779329941099,0.00013424735255759232,0.09758564501263568
20,4,11,Willow Shields,39.0,0.373778972219657,0.3156112819983323,0.040438594144521035,0.8891629028024899
20,5,1,Chris Soules,27.0,0.027762060561041833,0.013768967881435746,0.0005127161249530044,0.13260300172048747
20,5,3,Nastia Liukin,38.0,0.216776213146092,0.1733708123160625,0.02224745917893915,0.6396674990693487
20,5,4,Noah Galloway,28.0,0.04084199866472157,0.01919413474176255,0.0009017537710370464,0.21601151549699485
20,5,5,Patti LaBelle,27.0,0.031431998884699754,0.015165757182866347,0.0006578795692510259,0.17072855800980571
20,5,7,Riker Lynch,38.0,0.24265727066520512,0.19557083108488021,0.022251443687013785,0.6870400648854342
20,5,8,Robert Herjavec,24.0,0.018765131218751386,0.007147843278193225,0.00013324634717864437,0.11061341053422193
20,5,9,Rumer Willis,39.0,0.29643439782049114,0.2518208398402211,0.0319646025529407,0.7575712263943566
20,5,10,Suzanne Somers,28.0,0.031738219560719316,0.015476412903675858,0.0006587259854066546,0.14868959400392595
20,5,11,Willow Shields,34.0,0.0935927094782779,0.05997185826854236,0.005477873671867993,0.38212006823174555
20,6,1,Chris Soules,35.0,0.051289833685360546,0.029278882486663008,0.001396855382287065,0.23431432651339712
20,6,3,Nastia Liukin,36.5,0.1444372977502526,0.10024868468636958,0.011730228807360465,0.5072471658016444
20,6,4,Noah Galloway,34.0,0.03506685568646885,0.014331902951697721,0.0003337540570043129,0.20770610051548868
20,6,5,Patti LaBelle,34.0,0.031301495707781304,0.013653101172504107,0.00037079554241398226,0.17877383991286097
20,6,7,Riker Lynch,38.0,0.48829887160491886,0.48640099515975904,0.06364989620703031,0.9286433573455323
20,6,8,Robert Herjavec,33.5,0.02291461491690426,0.0083365107898469,0.00012633127296518608,0.13525245495217628
20,6,9,Rumer Willis,35.5,0.08695187880262233,0.050657912911710894,0.0031949969018880984,0.40403507393411414
20,6,11,Willow Shields,36.5,0.13973915184569133,0.09482279099358099,0.009422750237154299,0.48932193328576
20,7,1,Chris Soules,31.0,0.023350150914019967,0.009125495580263921,0.00020166671991261157,0.12638658308127754
20,7,3,Nastia Liukin,41.0,0.36098553267643346,0.3290419752707999,0.036104177217507714,0.858561179943338
20,7,4,Noah Galloway,38.0,0.16289615679829827,0.11870158458597048,0.012523161639318188,0.5702222835408802
20,7,7,Riker Lynch,37.0,0.12311086927447881,0.08451352535910825,0.008253467472561263,0.4731824489097885
20,7,8,Robert Herjavec,31.0,0.024085709190401792,0.008828479889268171,0.0001958876563702692,0.13778099998678203
20,7,9,Rumer Willis,37.0,0.12278937731611651,0.08172690287437412,0.007774662726015957,0.49531404076052454
20,7,11,Willow Shields,39.0,0.18278220383025115,0.13699578377574312,0.01401487582614326,0.6107720669770674
20,8,1,Chris Soules,32.0,0.04130418282947124,0.020700185606605997,0.0008358239951737545,0.19626670956417738
20,8,3,Nastia Liukin,38.0,0.19552510993501668,0.1508799713215197,0.0184081755438129,0.5986756700568361
20,8,4,Noah Galloway,31.5,0.0465886537483448,0.020199249770410887,0.0006583315875699987,0.25553319749420716
20,8,7,Riker Lynch,39.0,0.29405044902970107,0.24818483608389516,0.02473468451502725,0.758993519972053
20,8,8,Robert Herjavec,31.0,0.03518556685823408,0.015058490498945608,0.0004859905025897939,0.18873157149741715
20,8,9,Rumer Willis,40.0,0.38734603759923214,0.3532975836092702,0.045197706727084716,0.8525090091386065
20,9,3,Nastia Liukin,40.0,0.38615868152502275,0.3490645097804964,0.038830545521811796,0.8566566114360191
20,9,4,Noah Galloway,38.0,0.04977849163959633,0.018507207721910748,0.00039367803111482324,0.3003130858429366
20,9,7,Riker Lynch,40.0,0.42444497623179706,0.405858219352631,0.05741466398317495,0.8736934015967402
20,9,9,Rumer Willis,39.0,0.1396178506035839,0.08177623334846706,0.00580350075781054,0.6088730543092007
20,10,4,Noah Galloway,36.0,0.07012789943746726,0.02752069771966461,0.00083273950088909,0.3746368504388875
20,10,7,Riker Lynch,40.0,0.4635978501237346,0.45340162963412356,0.04737997364617677,0.915005057972183
20,10,9,Rumer Willis,40.0,0.466274250438798,0.45060574282758686,0.0483537002525793,0.9252623380791338
21,1,0,Alek Skarlatos,22.0,0.09154812743544669,0.06664438612199527,0.010131145327127937,0.31614906350963673
21,1,1,Alexa PenaVega,22.0,0.09650298165645199,0.06491941728207394,0.007969802229520859,0.3551212030182446
21,1,2,Andy Grammer,21.0,0.0701841931540613,0.04450236551793788,0.005271808594348365,0.28895655483347665
21,1,3,Bindi Irwin,24.0,0.183895483097768,0.14051328021904608,0.02038395869198364,0.5697865101378083
21,1,4,Carlos PenaVega,23.0,0.10967086327435109,0.08026343568735327,0.009621563461643612,0.39678992875138935
21,1,5,Chaka Khan,13.0,0.013841793936119649,0.004750287236551782,0.00010964375286129432,0.08384421035237401
21,1,6,Gary Busey,15.0,0.021005932644207307,0.00854011587047774,0.00037686188652083687,0.13286402530995162
21,1,7,Hayes Grier,21.0,0.07140870010378808,0.04753803437003892,0.005773948259832013,0.2615590909034627
21,1,8,Kim Zolciak-Biermann,12.0,0.01145569392003137,0.004027597092281039,6.945266055704031e-05,0.06973971658869053
21,1,9,Nick Carter,24.0,0.16424523045455292,0.12511781182196524,0.015170935668802319,0.5239632036865907
21,1,10,Paula Deen,15.0,0.020068794007297948,0.009406883599809577,0.0003477359088904937,0.10717101207514877
21,1,11,Tamar Braxton,23.0,0.12796888281503452,0.08806682489047515,0.011460831515567385,0.4565852478703237
21,1,12,Victor Espinoza,15.0,0.018203323500889202,0.009471679841511042,0.00046981889587802643,0.08489965978678118
21,2,0,Alek Skarlatos,22.5,0.08546928973363452,0.06093346827183319,0.008706155304861681,0.29910018107401465
21,2,1,Alexa PenaVega,23.0,0.10997387027983897,0.07459156695546248,0.00967794700214683,0.3990351343687371
21,2,2,Andy Grammer,22.0,0.07048111558114778,0.04463499883052914,0.00517888907376822,0.28830159080434453
21,2,3,Bindi Irwin,24.0,0.182288114890354,0.14005907690321678,0.020000484794818717,0.5662785582372432
21,2,4,Carlos PenaVega,22.5,0.07795887075610743,0.05492623996479025,0.006772698133652762,0.28989631158691126
21,2,5,Chaka Khan,15.0,0.009486913132697445,0.002518865278425842,2.6627911751205165e-05,0.06838517154627637
21,2,6,Gary Busey,16.5,0.014430085340992584,0.004666856966646468,0.00010679520310219036,0.09947570465739872
21,2,7,Hayes Grier,22.5,0.08629660008250403,0.05972875422575916,0.007448599433073594,0.3305956517537797
21,2,8,Kim Zolciak-Biermann,18.5,0.02346768845325771,0.011823749563560049,0.0005231124333288157,0.11895558993321863
21,2,9,Nick Carter,22.5,0.0906023138901107,0.061629705998594485,0.006531641267656402,0.3505993604054344
21,2,10,Paula Deen,18.5,0.02396746335960797,0.011932879785670189,0.0005267513082516868,0.12412914459172109
21,2,11,Tamar Braxton,24.5,0.2040209241329838,0.1518044133026194,0.01923242987790458,0.6492222079721854
21,2,12,Victor Espinoza,18.5,0.021556750366763067,0.011725519946584849,0.0006609890634949675,0.09756691237549608
21,3,0,Alek Skarlatos,33.0,0.10968173058349859,0.07938154164566273,0.011473737617277803,0.3496687093005739
21,3,1,Alexa PenaVega,36.0,0.23499491793627858,0.1851928936701639,0.02054054611593846,0.6682662658456132
21,3,2,Andy Grammer,29.0,0.046752022107722724,0.02477869815622326,0.0016685594657459182,0.2311170682127992
21,3,3,Bindi Irwin,32.0,0.10279141985343111,0.07073877929387812,0.007894025918828275,0.39665957837252885
21,3,4,Carlos PenaVega,31.0,0.06384440051329392,0.04181792044048477,0.003701701945440924,0.26601991904880284
21,3,6,Gary Busey,25.0,0.02438662882901421,0.009202205609984634,0.00031910624766945324,0.15686436636202528
21,3,7,Hayes Grier,30.0,0.05680950074980544,0.035309944480449426,0.0026036081492778864,0.23545511049711848
21,3,9,Nick Carter,36.0,0.2345135682408468,0.1890961255982882,0.0234571663937744,0.6495334898224302
21,3,10,Paula Deen,20.0,0.0099214383219736,0.0031097905369485445,1.918774725868629e-05,0.061725388466443924
21,3,11,Tamar Braxton,33.0,0.116304372864135,0.08095495539604813,0.007916246188347256,0.42210139653468515
21,4,0,Alek Skarlatos,24.0,0.06656235118260566,0.045140119267952236,0.005232632709511838,0.2426273583191902
21,4,1,Alexa PenaVega,21.0,0.03590805421743444,0.01662314363883225,0.0008802080885308548,0.2030467721450092
21,4,2,Andy Grammer,23.0,0.052882692475400055,0.029678830161079268,0.0025939423443893943,0.24754537091498632
21,4,3,Bindi Irwin,28.0,0.24417439519477815,0.1958933205836157,0.029050057457922093,0.6628990104296576
21,4,4,Carlos PenaVega,25.0,0.08111012746778765,0.05572870386893326,0.006433232651805872,0.3247935360725845
21,4,6,Gary Busey,16.0,0.013795792620773075,0.0036506643788569815,4.394938726368573e-05,0.10230951158786655
21,4,7,Hayes Grier,27.0,0.1571133517397524,0.11935361115523085,0.01633155787467236,0.513692846671793
21,4,9,Nick Carter,27.0,0.16357061448131882,0.12274739385792433,0.014129267654168397,0.5522877758408542
21,4,10,Paula Deen,18.0,0.018590375256198964,0.00772791526352796,0.00015716058013968224,0.10479286810999335
21,4,11,Tamar Braxton,27.0,0.16629224536395082,0.11943699330638868,0.016394675563633644,0.5616469964925276
21,5,0,Alek Skarlatos,29.0,0.027731126135808214,0.013989331210049038,0.00044533017485767746,0.14025885287711443
21,5,1,Alexa PenaVega,40.0,0.30108357123647617,0.24841042360836868,0.028154428489348717,0.7805746286610523
21,5,2,Andy Grammer,36.0,0.11384407546886141,0.0743856214371513,0.007917894643169285,0.43281994360731174
21,5,3,Bindi Irwin,37.0,0.16775661280532753,0.1264369479983078,0.016523548704645574,0.5417948311025901
21,5,4,Carlos PenaVega,39.0,0.21240968144423805,0.17124302731985014,0.01831832729048212,0.6385685121302443
21,5,7,Hayes Grier,30.0,0.034624129963273256,0.01706125819480026,0.0007263056774383251,0.1806418474520291
21,5,9,Nick Carter,35.0,0.09649903122026113,0.06140348368602186,0.006328064107075787,0.38168961575373617
21,5,10,Paula Deen,26.0,0.017813184718162955,0.00694760481950041,0.00010343489646119674,0.104908793360402
21,5,11,Tamar Braxton,29.0,0.02823858700759133,0.013684344484427301,0.0004030216156359747,0.141988147539222
21,6,0,Alek Skarlatos,30.0,0.029736147669539036,0.01627077213307221,0.0008281751220076531,0.1389440833269147
21,6,1,Alexa PenaVega,30.0,0.03431611329025466,0.014116134266128146,0.0006750447754188688,0.19679846146462493
21,6,2,Andy Grammer,40.0,0.18286303250810496,0.13955521690047584,0.01559035545826558,0.5650229214852007
21,6,3,Bindi Irwin,40.0,0.21822662444757193,0.1708477873440045,0.02619734006580836,0.6230498166373847
21,6,4,Carlos PenaVega,38.0,0.11568783744094546,0.08243190136518674,0.010190137370511061,0.4188259616135684
21,6,7,Hayes Grier,32.0,0.0431115845908907,0.02344779777474999,0.0014427856023441735,0.19608398279489841
21,6,9,Nick Carter,39.0,0.16136664981182688,0.11987914074969398,0.013923592459340287,0.536870615751082
21,6,10,Paula Deen,24.0,0.014107264856969235,0.004755360844330281,5.2727216245398804e-05,0.08654801578600327
21,6,11,Tamar Braxton,40.0,0.20058474538389715,0.15097889951801954,0.020255409934690435,0.6525043332041693
21,7,0,Alek Skarlatos,26.5,0.01851074289266729,0.006642526551593546,5.969423930598206e-05,0.10237898012830839
21,7,1,Alexa PenaVega,27.5,0.0625790414126649,0.03150682520720903,0.0012460270358250927,0.3193798084207929
21,7,2,Andy Grammer,28.0,0.1081114706961262,0.070049569190401,0.005641561550338447,0.40946551528582253
21,7,3,Bindi Irwin,29.0,0.5283466794635743,0.526950237768107,0.08263884990826503,0.9573660561851814
21,7,4,Carlos PenaVega,28.0,0.10202156976903334,0.06907870824102405,0.0052280325792970084,0.39083528785308846
21,7,7,Hayes Grier,28.0,0.11131742082756874,0.07202893990517042,0.005665666464742938,0.4212635942717622
21,7,9,Nick Carter,27.0,0.03630167528883684,0.01473890442394152,0.00031445601935956,0.22143706953439515
21,7,11,Tamar Braxton,27.0,0.03281139964952847,0.01483209254725884,0.0003143395998706629,0.17666741443441883
21,8,0,Alek Skarlatos,25.0,0.03157708258725123,0.0147518959834523,0.0001678666263807662,0.16501396612484007
21,8,1,Alexa PenaVega,26.9998,0.06474194205374718,0.03159420786848677,0.001002879404425254,0.3327673524848848
21,8,2,Andy Grammer,23.9998,0.027357632173419168,0.00824727503954123,8.059721519849238e-05,0.18738995024884253
21,8,3,Bindi Irwin,28.0,0.10118521199844009,0.06082465485759555,0.002747998464822095,0.4262689202569011
21,8,4,Carlos PenaVega,28.9998,0.11398523595822967,0.07664794013126713,0.004439461911710933,0.4318899689548071
21,8,9,Nick Carter,33.0,0.5724522292523165,0.6063167057736032,0.07819376324396769,0.9764783108234709
21,8,11,Tamar Braxton,28.0,0.08870066597659612,0.054388074362661895,0.0022982346234928994,0.37217939562114244
21,9,0,Alek Skarlatos,25.5,0.04277474366607332,0.020404575217173752,0.0006101506277560972,0.21740878921482026
21,9,1,Alexa PenaVega,30.0,0.35277641275744626,0.30805185014255976,0.03805504613500214,0.8443452020853158
21,9,3,Bindi Irwin,30.0,0.39567959362346694,0.36816484355837054,0.05344732734524777,0.8698251183046002
21,9,4,Carlos PenaVega,27.0,0.07361152086371536,0.043599751014664796,0.0029687090681731728,0.31427282797882317
21,9,9,Nick Carter,27.5,0.10560576346534149,0.06416629484065706,0.004689281208730781,0.4664945541552523
21,9,11,Tamar Braxton,24.5,0.029551965623956674,0.011247634811496762,0.00020050960602552146,0.17316251033315364
21,10,0,Alek Skarlatos,28.5,0.09581218062975351,0.05413159592262183,0.0029580485516684627,0.4157760213456279
21,10,3,Bindi Irwin,31.5,0.4673249417764689,0.4424244703227239,0.07095169644272899,0.9069980305272901
21,10,4,Carlos PenaVega,31.5,0.37911523040182576,0.3439542150748711,0.044558380422363784,0.8620005021005388
21,10,9,Nick Carter,27.0,0.057747647191951884,0.021134685352042958,0.00047190652159752935,0.3440125767763497
21,11,0,Alek Skarlatos,27.999899999999997,0.03864398723862272,0.014803147152263881,0.0002880221982783525,0.2152823820797478
21,11,3,Bindi Irwin,30.0,0.35281912008584476,0.3178282631560827,0.04611774930679676,0.8246905433713134
21,11,4,Carlos PenaVega,30.0,0.28648540876669876,0.24438221818273664,0.030164278096628423,0.7605270940124007
21,11,9,Nick Carter,30.0,0.32205148390883376,0.28624070678603564,0.0327417898980009,0.805786380020271
22,1,0,Antonio Brown,21.0,0.08582928607448381,0.056596161619888105,0.005968919942306545,0.3267557051665138
22,1,1,Doug Flutie,15.0,0.013413391348478762,0.005552990483509709,0.00013435845330453397,0.07447648429788237
22,1,2,Geraldo Rivera,13.0,0.010487054531843726,0.0028271543920694578,3.307224901831151e-05,0.07021613853728344
22,1,3,Ginger Zee,23.0,0.17486703250608726,0.12441863496526018,0.014601924827828709,0.5890042816315397
22,1,4,Jodie Sweetin,20.0,0.048926213585160166,0.03184234742039443,0.003196022109433521,0.19944780250073987
22,1,5,Kim Fields,20.0,0.0567675062354403,0.03517038805214728,0.0034456758944068737,0.23204517683868514
22,1,6,Marla Maples,21.0,0.07995129125648938,0.05305305337245772,0.00522327002643954,0.2971824294148652
22,1,7,Mischa Barton,16.0,0.018718409378966322,0.007947461709808867,0.00035169168606164635,0.10515738609578239
22,1,8,Nyle DiMarco,23.0,0.16509712410599003,0.11674416487727865,0.01579104851280997,0.5458033383833557
22,1,9,Paige VanZant,21.0,0.10107342257425643,0.06628577575166264,0.007067523863674727,0.41971420435663825
22,1,10,Von Miller,21.0,0.08113479349546815,0.0526790452345267,0.007065391668165985,0.3146467273207989
22,1,11,Wanya Morris,23.0,0.16373447490733567,0.1209153370183445,0.013292190569263139,0.5496988227062705
22,2,0,Antonio Brown,19.0,0.044304771830465266,0.023077609188793438,0.001489195175128139,0.212794601464421
22,2,1,Doug Flutie,20.0,0.05448320109128946,0.03540995070852286,0.0031487141268497056,0.20724540000897684
22,2,2,Geraldo Rivera,13.0,0.009741930598081129,0.002524493797745661,1.178597526110442e-05,0.06281753641707619
22,2,3,Ginger Zee,21.0,0.08180907667408556,0.05228540387134162,0.005438465666398483,0.3391923176824891
22,2,4,Jodie Sweetin,21.0,0.06713767476493937,0.04362303895969791,0.00461875991738518,0.2590998605375437
22,2,5,Kim Fields,19.0,0.038698680154230766,0.021841076777455684,0.001663283525197843,0.17544637692235399
22,2,6,Marla Maples,20.0,0.055324339052126956,0.033543372839544575,0.002372793746236593,0.2541660126389499
22,2,7,Mischa Barton,15.0,0.01370437344982335,0.004622394878799752,6.471053147906511e-05,0.08485051585442013
22,2,8,Nyle DiMarco,20.0,0.05647812271410281,0.033232739551535675,0.00242633472317262,0.24936416820827045
22,2,9,Paige VanZant,24.0,0.28622141200017115,0.24232013950155096,0.02088386804712019,0.7626235245323422
22,2,10,Von Miller,20.0,0.05716514791675319,0.03306019566866623,0.0030302120037951448,0.25732211221668055
22,2,11,Wanya Morris,24.0,0.234931269753931,0.1878500981878058,0.019711911109700463,0.6854370616700609
22,3,0,Antonio Brown,20.0,0.029863541909165167,0.012053717798295706,0.00040854959105975325,0.16865041687130908
22,3,1,Doug Flutie,20.0,0.024909392931006465,0.012929822921408762,0.0004144042671617836,0.11732377009246545
22,3,3,Ginger Zee,21.0,0.04216081338931865,0.022511490639020984,0.00107966896575212,0.20998225381828078
22,3,4,Jodie Sweetin,23.0,0.09614529577440786,0.06663568333750597,0.006544851326698087,0.3657120924518746
22,3,5,Kim Fields,22.0,0.06447445970405558,0.03918516010783066,0.003181824844171185,0.26351931014287827
22,3,6,Marla Maples,21.0,0.04025008243985355,0.021050660647984942,0.0008723358278081892,0.21396452396938276
22,3,7,Mischa Barton,18.0,0.012328544346089688,0.0033269446870596636,3.602660669632862e-05,0.08354885008111408
22,3,8,Nyle DiMarco,25.0,0.3383336584190299,0.28563417737178964,0.03164544744855969,0.8439767813528317
22,3,9,Paige VanZant,23.0,0.13615572847808016,0.09277034684174082,0.009778571954691971,0.5174803731101687
22,3,10,Von Miller,20.0,0.026015645703416343,0.011814073267290226,0.00043992395876760605,0.12720748281275052
22,3,11,Wanya Morris,24.0,0.18936283690557662,0.14638533597878217,0.01666956836166598,0.6040201092541163
22,4,0,Antonio Brown,35.0,0.14871623874384587,0.10906217004251575,0.012358800722806606,0.49352910391304733
22,4,1,Doug Flutie,24.0,0.011236332777433659,0.0035511372033302105,3.7284494213835143e-05,0.07089358547671089
22,4,3,Ginger Zee,36.0,0.19801611830055263,0.14413353659964914,0.017901303624920272,0.6403015625270052
22,4,4,Jodie Sweetin,27.0,0.016649936464735622,0.007474116941766973,0.00021602075279053396,0.08667329497246255
22,4,5,Kim Fields,32.0,0.06189444186050393,0.03835431864067876,0.0037294106639164893,0.25141201697866783
22,4,6,Marla Maples,28.0,0.02467231215192266,0.011079116921273845,0.00038629946277201856,0.1463852739514293
22,4,8,Nyle DiMarco,34.0,0.1079563018896179,0.07091613799413761,0.007611853490122316,0.4277311571533098
22,4,9,Paige VanZant,36.0,0.22652819999996926,0.17906053450134213,0.017287642106592026,0.6650012747666729
22,4,10,Von Miller,32.0,0.06409077655994085,0.03895087495176555,0.0037617186355083294,0.26946103670111154
22,4,11,Wanya Morris,35.0,0.14023934125147766,0.09837336066337801,0.010768110924443268,0.483859606569211
22,5,0,Antonio Brown,26.0,0.02363586296849586,0.006744402130019244,8.121688748149353e-05,0.15416738908543826
22,5,1,Doug Flutie,28.0,0.029921469902436194,0.014441849909138077,0.0003697295699967837,0.15445383969234802
22,5,3,Ginger Zee,32.0,0.09545938097779953,0.05926080107498936,0.004515954687893059,0.3934238096382069
22,5,4,Jodie Sweetin,35.0,0.20846628324197664,0.15317972444075773,0.01656752493949298,0.6467963921459154
22,5,5,Kim Fields,28.0,0.029499808737703918,0.013079534378375847,0.0003677817699256578,0.16343815338292114
22,5,8,Nyle DiMarco,37.0,0.4349878230599524,0.40206087281113245,0.04809953464352915,0.9134591830036428
22,5,9,Paige VanZant,31.0,0.08699923493471148,0.04525830134663191,0.0031732459523472157,0.44337341915259976
22,5,10,Von Miller,29.0,0.039622214798615364,0.020250470932293173,0.0007193094297693083,0.19119486021793464
22,5,11,Wanya Morris,30.0,0.0514079213783086,0.025392709984390718,0.001183327657263673,0.26155017333794794
22,6,0,Antonio Brown,27.0,0.14499014137272764,0.10062976328691611,0.009613411141088823,0.5002942103269481
22,6,1,Doug Flutie,21.0,0.013364239042731249,0.004287319873299631,3.213523960612981e-05,0.08050025664656185
22,6,3,Ginger Zee,24.0,0.04046032236202348,0.020449904327287292,0.0007341794694665105,0.20414712369844099
22,6,4,Jodie Sweetin,25.0,0.048319502860423524,0.029232852074298897,0.001774098032953025,0.21768846699087865
22,6,5,Kim Fields,24.0,0.037265181740471526,0.019150584367422487,0.0008905457199755972,0.17710846740921607
22,6,8,Nyle DiMarco,25.0,0.0584707910686678,0.03240965195084932,0.0016790956026390355,0.28095524383628395
22,6,9,Paige VanZant,28.0,0.26446049499896157,0.21086010776670705,0.021364415273253938,0.7358763111071976
22,6,10,Von Miller,24.0,0.03969868482551847,0.019897099469005794,0.0008619143473331922,0.18710410784056958
22,6,11,Wanya Morris,29.0,0.35297064172847475,0.3132999537103357,0.03199225268807094,0.8553142346240653
22,7,0,Antonio Brown,26.0,0.03988448676576581,0.016784408226548468,0.0006603090924671446,0.2305820223074075
22,7,3,Ginger Zee,27.5,0.18162642686808442,0.13047504397161663,0.013560483357595594,0.6113137362610294
22,7,4,Jodie Sweetin,25.5,0.017903026028721583,0.007357500565849882,0.00014669408826476515,0.0943264930328859
22,7,5,Kim Fields,26.0,0.03255293411641399,0.01572840245543023,0.0006476074845042672,0.16406333189123182
22,7,8,Nyle DiMarco,28.0,0.31510101017484254,0.26490904276707933,0.030290587316690244,0.7962582492151652
22,7,9,Paige VanZant,27.5,0.2088339463573245,0.1607668109978853,0.016638125413780538,0.6660161738454388
22,7,10,Von Miller,26.0,0.034406693129553655,0.0162425349235904,0.0006637691117235026,0.16854786360797552
22,7,11,Wanya Morris,27.5,0.16969147655929354,0.1218405506787419,0.0132855651272944,0.5717956183154524
22,8,0,Antonio Brown,27.0,0.06668154491277768,0.03205548577684886,0.0016691443514951516,0.35170955822078986
22,8,3,Ginger Zee,30.0,0.32672187916079176,0.28430581065048144,0.0380382253221283,0.8092817327652736
22,8,4,Jodie Sweetin,30.0,0.28402557113356736,0.2303826482176944,0.03064660254022536,0.7642053275384652
22,8,8,Nyle DiMarco,29.0,0.175338960579113,0.1228785406712389,0.013034587458869911,0.6123369486766577
22,8,9,Paige VanZant,28.0,0.12217650094362682,0.07165398750331328,0.006049287034449051,0.5346559870778875
22,8,11,Wanya Morris,25.0,0.025055543270123482,0.007162485093517406,9.959577474086814e-05,0.16167020932988715
22,9,0,Antonio Brown,27.5,0.04629091350466239,0.014694136186433813,0.00029233453625751804,0.28070288292192697
22,9,3,Ginger Zee,28.0,0.06329452950439929,0.03028753515259845,0.0008783040422928214,0.3215349863967089
22,9,8,Nyle DiMarco,28.5,0.09744809877879941,0.05526180226059893,0.002599972643239914,0.4420943463388239
22,9,9,Paige VanZant,29.5,0.3234857287288089,0.27204404873192367,0.026399736787164237,0.824430131061362
22,9,11,Wanya Morris,30.0,0.4694807294833299,0.4663272969063897,0.04476102135238997,0.9130808021258295
22,10,3,Ginger Zee,28.3332,0.07927463037082419,0.02896099987697888,0.0004915571024540819,0.47111085866357416
22,10,8,Nyle DiMarco,28.9998,0.20540604943018295,0.13492854877062851,0.006488641253825907,0.7642356971550063
22,10,9,Paige VanZant,29.666600000000003,0.7153193201989928,0.8007421316060431,0.13143001843470314,0.9898448426501086
23,1,0,Amber Rose,24.0,0.025223650872196038,0.012467815359588118,0.0003421713977197604,0.12068412356524463
23,1,1,Babyface,26.0,0.05487486524705705,0.030768576332059767,0.0019820161106514638,0.2504142131698044
23,1,2,Calvin Johnson Jr.,26.0,0.0486847552162331,0.028166433417527493,0.001697654838375075,0.21685019199604902
23,1,3,Jake T. Austin,22.0,0.016264842534594356,0.005901751371408149,7.002619795098767e-05,0.09216743747829531
23,1,4,James Hinchcliffe,31.0,0.3031738780846528,0.24481583502665266,0.03051978125214088,0.7974649705463296
23,1,5,Jana Kramer,27.0,0.061721894075573144,0.03794451488164446,0.0034833866808736966,0.25104127484483596
23,1,6,Laurie Hernandez,31.0,0.30466391118208763,0.256446496299874,0.03154237392451903,0.8208147630552224
23,1,7,Marilu Henner,27.0,0.06186145667476604,0.037811655211032524,0.0032994067270955816,0.2598596856218134
23,1,8,Maureen McCormick,22.0,0.01702601413946195,0.00642871394960526,7.559135874761387e-05,0.1001405387351717
23,1,9,Rick Perry,20.0,0.011437467002515371,0.003389038505410537,2.0779891140257935e-05,0.07471594585711532
23,1,10,Ryan Lochte,24.0,0.026611270735861576,0.012295544588915373,0.0004546681436417792,0.13471742016875576
23,1,11,Terra Jole,25.0,0.032358028797079184,0.0155089552638793,0.0008843593728770232,0.16101628552646352
23,1,12,Vanilla Ice,25.0,0.036097965437921785,0.01935827568565472,0.0007459684580581886,0.19093900462838315
23,2,0,Amber Rose,24.0,0.0163887636678933,0.007045050014999929,0.00012650462064288116,0.08279447232978734
23,2,1,Babyface,30.0,0.13917599623774277,0.09625922826932645,0.011707721731627343,0.4977179281552484
23,2,2,Calvin Johnson Jr.,28.0,0.059973582894715396,0.03595715882225649,0.0034611600661772724,0.264529832672295
23,2,3,Jake T. Austin,24.0,0.017995372270096486,0.00687305702084589,0.00014614430058169047,0.10402370845482697
23,2,4,James Hinchcliffe,29.0,0.0940191364816281,0.06321618772783771,0.007168751942607719,0.34642127739485745
23,2,5,Jana Kramer,29.0,0.08107873118963572,0.05092005317754561,0.005442241962120565,0.3166881683890464
23,2,6,Laurie Hernandez,32.0,0.2966186177984915,0.2486169403440848,0.03056301639768924,0.8016979483448942
23,2,7,Marilu Henner,27.0,0.03847278456998432,0.02256617856825658,0.0017238476626797055,0.17607233153301502
23,2,8,Maureen McCormick,26.0,0.031846631205539044,0.017185634653450618,0.0007731392226531674,0.15894684839410184
23,2,9,Rick Perry,22.0,0.01196236839541952,0.003979088306263255,3.8292098698381884e-05,0.07923362217165687
23,2,10,Ryan Lochte,24.0,0.01727018999935748,0.006737317903468347,0.00019229601634536072,0.0955016452200537
23,2,11,Terra Jole,31.0,0.16400380805148201,0.1161892747189125,0.0163492515178447,0.5549255188100515
23,2,12,Vanilla Ice,26.0,0.031194017238014356,0.016806785770213578,0.0006722962331342976,0.16779592659113166
23,3,0,Amber Rose,25.0,0.02360985382102027,0.011126596237832267,0.0003252766910691118,0.11368155487203245
23,3,1,Babyface,25.0,0.02755180056650887,0.01289320481578153,0.00046986278063162166,0.14491269428066483
23,3,2,Calvin Johnson Jr.,32.0,0.291680795913404,0.23727476769623254,0.032059575821675984,0.772876763913884
23,3,4,James Hinchcliffe,29.0,0.10284370441250389,0.06933391656524154,0.008709737194087783,0.3667940656258993
23,3,5,Jana Kramer,26.0,0.030933847270112898,0.016120610057131786,0.0008064469143690889,0.13968353149755688
23,3,6,Laurie Hernandez,31.0,0.22248951411173437,0.17401517124391686,0.020418672927795287,0.683111466191841
23,3,7,Marilu Henner,28.0,0.057815116439383404,0.03644684165779126,0.0038418086240372255,0.24034749298589328
23,3,8,Maureen McCormick,28.0,0.0670649493722609,0.042634756594063516,0.00338907469650027,0.2676014507302738
23,3,9,Rick Perry,23.0,0.016322680527775954,0.005992242628718371,9.506957050801355e-05,0.09716954111248703
23,3,10,Ryan Lochte,25.0,0.024276224008097536,0.01076622109199598,0.00037715427508367707,0.12122498510923829
23,3,11,Terra Jole,30.0,0.12065291833616663,0.08270562575988166,0.010327722357872327,0.42672404273632725
23,3,12,Vanilla Ice,23.0,0.01475859522103123,0.005335568353561593,7.00621263493128e-05,0.10035141584310295
23,4,0,Amber Rose,24.0,0.04978337629711962,0.028923700965413423,0.0010394706321185034,0.23201136127530925
23,4,1,Babyface,18.0,0.012099558326744786,0.0033541753638147874,1.5023300604226871e-05,0.07893784610331596
23,4,2,Calvin Johnson Jr.,23.0,0.039239756282738375,0.020186617226479305,0.0006471400513496703,0.2063236986761214
23,4,4,James Hinchcliffe,28.0,0.21996816603146527,0.1693453160692892,0.017437653049858958,0.6555168968809952
23,4,5,Jana Kramer,23.0,0.03518748146094549,0.01844546795651371,0.0006793288285499204,0.14985064967132275
23,4,6,Laurie Hernandez,30.0,0.4394059775369075,0.41941760520717547,0.050119222292115295,0.9364777807120525
23,4,7,Marilu Henner,21.0,0.019348324924675944,0.009080051289756391,0.00017725031907714613,0.1055990573518637
23,4,8,Maureen McCormick,24.0,0.054245735006058934,0.030692865541428346,0.0013038095822959163,0.25087130440115685
23,4,10,Ryan Lochte,22.0,0.02883609477652154,0.012524681247310147,0.0003846146392883025,0.15047807364088608
23,4,11,Terra Jole,25.0,0.06318568562908858,0.03670063112589149,0.002770529316522409,0.2792365675258284
23,4,12,Vanilla Ice,23.0,0.03869984372773403,0.020703712784062425,0.0005445478814227976,0.20611524804844933
23,5,0,Amber Rose,24.0,0.02580968106922299,0.010665550498370662,0.0001433465567999601,0.13352994883705444
23,5,2,Calvin Johnson Jr.,24.0,0.02891639101227503,0.011222609806281182,0.00015015711539891844,0.17015113930865702
23,5,4,James Hinchcliffe,29.0,0.5137407217070846,0.5118096130596963,0.06656327387750662,0.9517525910618707
23,5,5,Jana Kramer,26.0,0.0702988674024977,0.04303833471498257,0.002387384842610151,0.2869609280495295
23,5,6,Laurie Hernandez,25.0,0.05398203405053882,0.02651679312445098,0.0005992203215981941,0.2691274043065481
23,5,7,Marilu Henner,27.0,0.12695715032484184,0.08457140399310739,0.007126784716808521,0.4696097538455445
23,5,8,Maureen McCormick,24.0,0.03082374060675843,0.011958559883421429,0.00012328968840488865,0.17874132762496275
23,5,10,Ryan Lochte,24.0,0.02762046444461998,0.01099257907034681,0.00017871433492492857,0.145408518454171
23,5,11,Terra Jole,27.0,0.12185094938216068,0.08298687071624042,0.008352423492271525,0.4462617614454692
23,6,0,Amber Rose,28.0,0.017768869260966443,0.0066013007160373675,8.107147646233269e-05,0.09856915507048807
23,6,2,Calvin Johnson Jr.,37.0,0.14340697051156906,0.10181225079703606,0.013794825869763131,0.5206547704101205
23,6,4,James Hinchcliffe,38.0,0.2063179128148186,0.1620209805471702,0.022315573331309006,0.6397009072341311
23,6,5,Jana Kramer,40.0,0.31380387396699916,0.26245266702987075,0.032093696811094106,0.8045364375882994
23,6,6,Laurie Hernandez,37.0,0.16548070517056204,0.11385912094788525,0.013447324242419737,0.5563389723865808
23,6,7,Marilu Henner,34.0,0.061447821885878794,0.03793342574621279,0.0029136867846529303,0.2738749252689221
23,6,8,Maureen McCormick,31.0,0.0368956124996588,0.01739849935955381,0.00048682731709401875,0.1911152277424608
23,6,10,Ryan Lochte,30.0,0.02805726504770465,0.011770583651193722,0.0003807085936087359,0.14779979557920644
23,6,11,Terra Jole,30.0,0.02682096884184246,0.01002558029440278,0.0003687245321174355,0.16524125105922363
23,7,2,Calvin Johnson Jr.,37.0,0.32964556064756495,0.28039171790281064,0.03772757260080902,0.8062557099083927
23,7,4,James Hinchcliffe,37.0,0.3632840254845251,0.3249456656120968,0.040486849973376815,0.8431857191795037
23,7,5,Jana Kramer,34.5,0.06720348830529431,0.04084829897437681,0.002750503393156741,0.2775047261889804
23,7,6,Laurie Hernandez,34.5,0.08565889132701594,0.048694218692273306,0.0023630884475508126,0.37063124586607
23,7,7,Marilu Henner,32.0,0.01785388938496755,0.00717973997518516,0.00010983339361515198,0.10661299991827153
23,7,8,Maureen McCormick,33.0,0.03660741194832407,0.016212169583222337,0.00027151144449377804,0.19529033573891683
23,7,10,Ryan Lochte,33.0,0.03323711303878031,0.014749625174033776,0.00039105130887278494,0.16802237128155037
23,7,11,Terra Jole,34.5,0.06650961986352776,0.03557905365420298,0.0027241553184846326,0.3019855178811465
23,8,2,Calvin Johnson Jr.,30.0,0.1111437307468928,0.07159456873067088,0.0062842128501780685,0.43204923703768217
23,8,4,James Hinchcliffe,34.9998,0.42331600055784013,0.38849271659711426,0.05428199803592278,0.8979814757226527
23,8,5,Jana Kramer,30.0,0.10295976393152402,0.06807653489913026,0.0063025717931475475,0.3898255895642083
23,8,6,Laurie Hernandez,33.0,0.26341640059444515,0.2100093489186935,0.02273995582322399,0.750099561588835
23,8,7,Marilu Henner,23.0,0.02273223525975195,0.009257542704117393,0.00016152575066964977,0.14414524767867937
23,8,10,Ryan Lochte,26.0,0.04634679200412648,0.02175275256625714,0.0007527058223991082,0.23522888251100035
23,8,11,Terra Jole,24.0,0.03008507690541947,0.010335353012831252,0.00026658031806024463,0.1845512028720808
23,9,2,Calvin Johnson Jr.,37.0,0.06638677463190343,0.03178704552717035,0.0013443142365784134,0.3447256166918517
23,9,4,James Hinchcliffe,36.0,0.04392201623519845,0.019243219076329306,0.00040591130935001496,0.27816554639809593
23,9,5,Jana Kramer,40.0,0.3522172803390952,0.29974675427467273,0.034665159920703036,0.8469818760689234
23,9,6,Laurie Hernandez,40.0,0.4009663846326667,0.37075916005487575,0.049832121199375974,0.871568624557609
23,9,7,Marilu Henner,36.0,0.03485242450086241,0.014701458324878326,0.00034399838397973276,0.20164312114473318
23,9,11,Terra Jole,38.0,0.10165511966027384,0.05849273648522245,0.005299318040828875,0.4601855073891418
23,10,2,Calvin Johnson Jr.,28.0,0.03221607818781744,0.010742569900205341,0.00015721057094662867,0.20483574925054604
23,10,4,James Hinchcliffe,29.5,0.1907460927305655,0.14003400651462047,0.014786335139328942,0.6120576568877434
23,10,5,Jana Kramer,29.0,0.0860994737380546,0.049242002615966424,0.0030208531804573726,0.3598912393240376
23,10,6,Laurie Hernandez,30.0,0.3788868326381641,0.34341947955738683,0.046064800794905256,0.8424269214635868
23,10,11,Terra Jole,30.0,0.3120515227053984,0.26521552315838254,0.03666236923016461,0.7976333555597883
23,11,2,Calvin Johnson Jr.,38.3331,0.19768427424879367,0.14556624004306867,0.015681257889213842,0.6292342413500265
23,11,4,James Hinchcliffe,38.9998,0.3408514998686976,0.2989922559746955,0.03586082552515421,0.8189469367792755
23,11,5,Jana Kramer,35.5,0.036298368616556276,0.013267300152418279,0.0002798497182954095,0.21838260417829736
23,11,6,Laurie Hernandez,39.333200000000005,0.42516585726595235,0.40669293520025945,0.05085107516460412,0.9023943295293839
24,1,0,Bonner Bolton,22.0,0.028782720338858703,0.013260099316704698,0.0003114967340566266,0.15285725808478337
24,1,1,Charo,21.0,0.02226752662494899,0.008854532084481406,0.0001956985509699204,0.13181289782583466
24,1,2,Chris Kattan,17.0,0.010618071473134096,0.0028643078915834754,2.423637643549916e-05,0.07090660159664576
24,1,3,David Ross,28.0,0.09590969365558509,0.060620763488972045,0.006376944054389906,0.3794234205331286
24,1,4,Erika Jayne,24.0,0.03913971142177518,0.021045802582839036,0.0009258941317201959,0.17860652682356712
24,1,5,Heather Morris,28.0,0.09394585856442314,0.06013437942162022,0.006696324846289161,0.35813773162521295
24,1,6,Mr. T,20.0,0.015895210399286264,0.005912126301498689,0.00012757694206842337,0.08985711231963524
24,1,7,Nancy Kerrigan,28.0,0.09244959471374765,0.057303181815076806,0.004687030158137561,0.3950945172832859
24,1,8,Nick Viall,24.0,0.03913694864397115,0.020761207072855253,0.0010247987982069456,0.18584824781222808
24,1,9,Normani,27.0,0.08234045922322167,0.05301710691531761,0.0037385151315078116,0.3605521801200823
24,1,10,Rashad Jennings,31.0,0.21989402090822366,0.16284570970399553,0.025083303702839062,0.7085572035175992
24,1,11,Simone Biles,32.0,0.2596201840328244,0.19045530071178673,0.021936855613287214,0.7659149788420536
24,2,0,Bonner Bolton,28.0,0.06442145368549076,0.038963191782299234,0.0029139803524786158,0.2715592900911518
24,2,1,Charo,25.0,0.026325421805670844,0.01179468571270063,0.0003790347994639731,0.13538496539063596
24,2,2,Chris Kattan,22.0,0.011897713122652684,0.0036495613042771347,3.6597839592286213e-05,0.07198899540732263
24,2,3,David Ross,27.0,0.04321258876522687,0.02400783835111539,0.0019528846129839089,0.19497300865583955
24,2,4,Erika Jayne,28.0,0.06090501978258195,0.036901012809109415,0.0023575608716057505,0.2757124869765568
24,2,5,Heather Morris,30.0,0.11527638792853372,0.0760130158882831,0.009481521389618884,0.42231555751245947
24,2,6,Mr. T,22.0,0.010682148738836158,0.003419530070912649,3.837470960956035e-05,0.061870259734151604
24,2,7,Nancy Kerrigan,28.0,0.05684097632287654,0.03391285567950145,0.00256626138075971,0.2458385678956216
24,2,8,Nick Viall,25.0,0.02592602596171903,0.011731653731950583,0.00042527372149445586,0.13992053890491485
24,2,9,Normani,32.0,0.2435657891912795,0.1990554554135593,0.021306107496171088,0.6957455342630049
24,2,10,Rashad Jennings,32.0,0.2579939033435558,0.19538109245498103,0.03059772224406478,0.7811478193779969
24,2,11,Simone Biles,29.0,0.08295257135157613,0.04968903041143456,0.004434894834985898,0.3496271948918646
24,3,0,Bonner Bolton,24.0,0.021360175634161038,0.007828788694257016,0.00013615994235613625,0.12570112616254192
24,3,1,Charo,24.0,0.019715259018572604,0.007241502371898598,0.00012902682505390187,0.1262859224666669
24,3,3,David Ross,31.0,0.10040226717420378,0.0656897153680982,0.00811311235780001,0.4050514494982452
24,3,4,Erika Jayne,26.0,0.028871626938553028,0.013818181010715375,0.0004458803076306677,0.14723552504619317
24,3,5,Heather Morris,33.0,0.17738603695038055,0.12572285532756358,0.017244784647908552,0.5872525419408433
24,3,6,Mr. T,24.0,0.01702897068341518,0.006381984365838711,0.00014705497663029357,0.09821197950773952
24,3,7,Nancy Kerrigan,33.0,0.1723384612599168,0.12219229743037377,0.013390586416704498,0.5763113307179117
24,3,8,Nick Viall,26.0,0.02981328984812372,0.013437331781251083,0.0005705234149489503,0.16019432977502615
24,3,9,Normani,34.0,0.2466808530139598,0.2023438713094452,0.02509861504613067,0.6919344154098513
24,3,10,Rashad Jennings,28.0,0.05176535531300632,0.025942688679239424,0.002459198153979262,0.22923443577659539
24,3,11,Simone Biles,32.0,0.1346377041657071,0.08747565626739265,0.00902870755961442,0.5074365032691754
24,4,0,Bonner Bolton,32.0,0.04987824264178359,0.02619715695078378,0.00044784608477814583,0.24836749274541925
24,4,3,David Ross,31.0,0.03254203945204273,0.015792860864509133,0.0003460685976071482,0.1565471730757826
24,4,4,Erika Jayne,30.0,0.02669557160935656,0.01122175424853327,0.00014479317042634588,0.1435463771715162
24,4,5,Heather Morris,35.0,0.11158272904203238,0.07150756650247149,0.005289925971270345,0.42179410015425683
24,4,6,Mr. T,28.0,0.014484545447315547,0.004418845974447815,2.566594542986397e-05,0.08519145942718861
24,4,7,Nancy Kerrigan,33.0,0.058162438495081056,0.030927247810594038,0.0011178820187690685,0.27120658462876907
24,4,8,Nick Viall,30.0,0.0276853547730257,0.011023576552348514,0.00013987115060860018,0.15962710691326734
24,4,9,Normani,32.0,0.053043130578080175,0.025139890229496045,0.0004862819340775261,0.26686169212085165
24,4,10,Rashad Jennings,39.0,0.47065375045339075,0.4413625603864957,0.0643236607799218,0.9548298325193658
24,4,11,Simone Biles,36.0,0.15527219750789154,0.10131317415799396,0.00811511684023733,0.5674575944772257
24,5,0,Bonner Bolton,30.0,0.02648897953458734,0.010201894007599398,0.00014492524611129612,0.15406710718092714
24,5,3,David Ross,29.0,0.016687162599250738,0.0060485568463511125,8.711880391800152e-05,0.09228426355787692
24,5,4,Erika Jayne,32.0,0.03953215293574196,0.019980128120343953,0.0005653465109242106,0.19722464374325885
24,5,5,Heather Morris,34.0,0.06831361455953633,0.03867855187764779,0.002698112052983633,0.3038751911885901
24,5,7,Nancy Kerrigan,36.0,0.12196089589012088,0.08093087598456217,0.007620501425079921,0.46205996489298334
24,5,8,Nick Viall,34.0,0.06873805472110421,0.04065987799282135,0.002854376416192538,0.2939629243373358
24,5,9,Normani,39.0,0.361934820433162,0.3190889932819718,0.04029800351791931,0.8547391843280552
24,5,10,Rashad Jennings,32.0,0.04410893479606385,0.020836407886929025,0.0009896239099732502,0.21277500715544329
24,5,11,Simone Biles,38.0,0.2522353845304327,0.1777770993121909,0.020210113762723782,0.7731817394480608
24,6,0,Bonner Bolton,31.5,0.035616561725492143,0.0152201544480071,0.0003207170756723644,0.19630539000455266
24,6,3,David Ross,31.0,0.025094561582911897,0.010937385065342382,0.0002682102872816203,0.13330693924725032
24,6,5,Heather Morris,37.0,0.3565849389245663,0.30587870553210794,0.036202161272494905,0.8507773787348993
24,6,7,Nancy Kerrigan,33.5,0.06665413465949625,0.03779207774977768,0.0027612571553756924,0.29199327425029914
24,6,8,Nick Viall,30.5,0.02438027458248261,0.008195132904271818,0.00014676724668217175,0.1483129154773156
24,6,9,Normani,36.0,0.23373282941058607,0.18974044711851373,0.018418425790422646,0.671065121908955
24,6,10,Rashad Jennings,35.0,0.1489874996059469,0.10320052772127417,0.014027009785489446,0.5180440528667751
24,6,11,Simone Biles,34.5,0.10894919950851784,0.06880106706080846,0.006055047793014893,0.43697650063504756
24,7,0,Bonner Bolton,31.0,0.029367185886212663,0.01067315810314326,0.00013979347069114397,0.1725629455913077
24,7,3,David Ross,32.0,0.03001206522649835,0.013268547375676582,0.0003647335994263451,0.15495210675969417
24,7,7,Nancy Kerrigan,36.0,0.0764440317455301,0.04414868760997627,0.002734263243765801,0.32537909944841126
24,7,8,Nick Viall,34.0,0.05070267998047294,0.02552661189250069,0.0009943591079409767,0.2547483195420764
24,7,9,Normani,42.0,0.4348980433245188,0.4203215386540756,0.05309697509576172,0.8995360126367661
24,7,10,Rashad Jennings,39.0,0.19579450573668636,0.13858099467108595,0.017342874244643203,0.6354471884563683
24,7,11,Simone Biles,39.0,0.18278148810008082,0.12101918370388096,0.011302455271273375,0.6465449593913439
24,8,0,Bonner Bolton,29.0,0.03571500296171986,0.013287280164370826,0.0001603692772137385,0.20611573138551606
24,8,3,David Ross,32.5,0.06784104629670933,0.03565483787439182,0.002003417198686122,0.32289421128845874
24,8,9,Normani,39.5,0.45662592882206093,0.44579655165096493,0.05309704658751751,0.9006612186310757
24,8,10,Rashad Jennings,37.5,0.2719811640961397,0.21474325270698696,0.027206790093973924,0.7678398498491787
24,8,11,Simone Biles,36.0,0.1678368578233702,0.11103240517773155,0.008415876244264018,0.6049581476729149
24,9,3,David Ross,35.0,0.041260596196245135,0.016287257683961984,0.00019461879787658663,0.21917476200733865
24,9,9,Normani,38.0,0.20082292133181312,0.14129886685602572,0.006616551994542214,0.7149556231350015
24,9,10,Rashad Jennings,38.5,0.2517012459572311,0.19763394267357456,0.017696220761674285,0.7411236770737127
24,9,11,Simone Biles,40.0,0.5062152365147107,0.49353954974699565,0.05980351284934313,0.9526888364406036
24,10,3,David Ross,36.3333,0.06494354260479872,0.026896160175180428,0.0007357507599652884,0.3578500602971627
24,10,9,Normani,39.333200000000005,0.4135497136682202,0.3847917317544197,0.03286963659150237,0.8984473147351856
24,10,10,Rashad Jennings,39.6666,0.5215067437269811,0.5266093348110199,0.07446067343179477,0.9575181773124478
25,1,0,Barbara Corcoran,14.0,0.009914441139492773,0.0025259926411115184,2.360842946047703e-05,0.07083067154276727
25,1,1,Debbie Gibson,17.0,0.021276630283827525,0.010514610575656728,0.00043673086697175825,0.11412660171205494
25,1,2,Derek Fisher,18.0,0.0418065111017926,0.020852636718204275,0.0014393022434378365,0.21401077512786082
25,1,3,Drew Scott,16.0,0.016986128344591185,0.00684543999905522,0.00017567024677840246,0.09179794571888679
25,1,4,Frankie Muniz,19.0,0.059386272251770594,0.03538769151648788,0.002638337652527022,0.260560660467851
25,1,5,Jordan Fisher,22.0,0.2574114260268482,0.1898467650710174,0.023588915385194996,0.7688429812319978
25,1,6,Lindsey Stirling,22.0,0.24095976716557627,0.18688913657787729,0.0210006268874227,0.7252523290329013
25,1,7,Nick Lachey,18.0,0.03277894227305375,0.019491769508517717,0.0010595384500093155,0.14606998547629976
25,1,8,Nikki Bella,20.0,0.0858592503553081,0.054259204722554535,0.007326393696127927,0.3491848310647294
25,1,9,Sasha Pieterse,18.0,0.03144346022871538,0.016523932351236073,0.0011089766786717657,0.15476959554081762
25,1,10,Terrell Owens,15.0,0.013169957639383592,0.004523759960784858,4.835727282331476e-05,0.07811959710970615
25,1,11,Vanessa Lachey,21.0,0.13935219031214396,0.09672277738931861,0.014023169855225982,0.5003316333342676
25,1,12,Victoria Arlen,19.0,0.04965502287749612,0.02861486686142188,0.0033401779054737604,0.20752164589188513
25,2,0,Barbara Corcoran,17.0,0.009453980495999586,0.002360369037989002,2.1007455387216255e-05,0.06972282200776893
25,2,1,Debbie Gibson,20.5,0.02938305847101306,0.015721146327633127,0.0011780274736437847,0.1454000782197236
25,2,2,Derek Fisher,19.0,0.02251982431479439,0.008009778497264579,0.00030567668409426914,0.12772900123530018
25,2,3,Drew Scott,20.5,0.03374417751820574,0.016705559880147897,0.0008915568789232046,0.15431669986221297
25,2,4,Frankie Muniz,24.0,0.21101204990276087,0.15728968654297731,0.018636894773296244,0.6570784410212002
25,2,5,Jordan Fisher,24.0,0.23289600294918408,0.16722303860965665,0.02379183165316952,0.7317212318145395
25,2,6,Lindsey Stirling,22.5,0.10447577028329208,0.06697287217225573,0.0066760751837594305,0.41083481159122276
25,2,7,Nick Lachey,19.0,0.016184325688961027,0.007786590186107119,0.00021056804505966307,0.08504151279891259
25,2,8,Nikki Bella,19.5,0.023147794265155213,0.010407953381172287,0.00046938317702754527,0.12141741678781363
25,2,9,Sasha Pieterse,22.5,0.07496043046111432,0.04802122992234764,0.0059483246875025085,0.31046558306088257
25,2,10,Terrell Owens,19.5,0.02256091288268018,0.010418823541784526,0.00027207435981045397,0.1207954373698487
25,2,11,Vanessa Lachey,23.5,0.1559375447023378,0.11121743488086781,0.017435690953997794,0.5579349705417794
25,2,12,Victoria Arlen,22.0,0.06372412806450165,0.038449997180461055,0.004094765234503614,0.24680500686162107
25,3,2,Derek Fisher,21.0,0.03115075459058,0.012427986646638257,0.0003125263578054743,0.163163663593702
25,3,3,Drew Scott,23.0,0.06028874054148661,0.03435259154293773,0.0018633332053664996,0.2691337467003746
25,3,4,Frankie Muniz,21.0,0.029870926537443023,0.012661434102226695,0.0001846926645952981,0.1628861273515966
25,3,5,Jordan Fisher,25.0,0.19623461447783674,0.14434751311173544,0.013203474367695735,0.6966336206558444
25,3,6,Lindsey Stirling,27.0,0.4914175082632975,0.4727879332397704,0.049308550474768814,0.9530384014708286
25,3,7,Nick Lachey,21.0,0.023349444882142422,0.011667980632252495,0.00022965261728580104,0.11602938033750564
25,3,8,Nikki Bella,21.0,0.027456651913119023,0.011538893147323075,0.0002617170959722506,0.14993546599279664
25,3,9,Sasha Pieterse,19.0,0.011922270749342474,0.0031250362305319363,2.009606712392784e-05,0.08545477185806684
25,3,10,Terrell Owens,21.0,0.027104268988786064,0.011253605557859512,0.00019128088311547804,0.152688648003569
25,3,11,Vanessa Lachey,23.0,0.06441358429545084,0.03660817074105445,0.002259597617788818,0.27593657594390375
25,3,12,Victoria Arlen,22.0,0.03679123476051524,0.017693893471013834,0.0007123865087206684,0.17958368598498436
25,4,2,Derek Fisher,23.0,0.025037533186163845,0.008051418710048053,8.843286767128786e-05,0.1498535108820565
25,4,3,Drew Scott,24.0,0.03089503373098403,0.015226420600163972,0.00027688563457555404,0.15138585070595925
25,4,4,Frankie Muniz,24.0,0.03515808739891839,0.01711110276402325,0.00021706211728581085,0.17698704728810305
25,4,5,Jordan Fisher,29.0,0.5281481926502316,0.5373762735567955,0.05534559274765602,0.9721658278112485
25,4,6,Lindsey Stirling,26.0,0.10414947933881485,0.06195864947071225,0.0023806829112773997,0.4470181072880957
25,4,7,Nick Lachey,22.0,0.012184090424981813,0.004194963744164936,1.7542481220488668e-05,0.06840733165912978
25,4,8,Nikki Bella,24.0,0.03263800172690863,0.015423715999238535,0.00030060472067297247,0.1769730777710759
25,4,9,Sasha Pieterse,24.0,0.02867130923680791,0.013127037015999697,0.00026361862097028644,0.16475986030323164
25,4,10,Terrell Owens,24.0,0.032603534184903776,0.01448484089530978,0.0002034148346159371,0.16903329277314957
25,4,11,Vanessa Lachey,24.0,0.03427346572722412,0.015121701992652035,0.00029035621207613136,0.1739574817773682
25,4,12,Victoria Arlen,27.0,0.13624127239406106,0.09122898489318065,0.008310224620166767,0.5107801279127313
25,5,3,Drew Scott,25.0,0.03566820926595068,0.017411483796230687,0.0005748757604749357,0.18015279542698184
25,5,4,Frankie Muniz,29.0,0.209847310167634,0.15745801868011305,0.017905813101865672,0.646494425837928
25,5,5,Jordan Fisher,30.0,0.35868537812941315,0.2961475694574959,0.040303842321828084,0.8875394461771333
25,5,6,Lindsey Stirling,28.0,0.14652373698993534,0.09626746452320134,0.008127008904910056,0.5609562406457597
25,5,7,Nick Lachey,22.0,0.01154232171552814,0.00404128957507482,3.154864807487104e-05,0.0670602407803585
25,5,8,Nikki Bella,27.0,0.079785966254226,0.048583273322402976,0.00509641766161475,0.3357383953990145
25,5,9,Sasha Pieterse,24.0,0.021955500233536943,0.009269537616626345,0.00025818031868016467,0.13232676842255123
25,5,10,Terrell Owens,25.0,0.03550524498755547,0.017575467907018735,0.0005325466989192663,0.18206411357452768
25,5,11,Vanessa Lachey,24.0,0.026964163511264596,0.011509944472366961,0.00030030573887822716,0.13848717997949625
25,5,12,Victoria Arlen,27.0,0.07352216874495567,0.04548429335280681,0.004270547628416811,0.28456804927646506
25,6,3,Drew Scott,30.0,0.028265903476912466,0.011994099354934522,0.00040602617590273924,0.14811245101108267
25,6,4,Frankie Muniz,31.0,0.03738857548176439,0.018009739289710038,0.0006639889081677808,0.1900646707734845
25,6,5,Jordan Fisher,39.0,0.25397443495094124,0.19339412299613257,0.02439597568207023,0.765838212369257
25,6,6,Lindsey Stirling,40.0,0.3036726128569994,0.2526597677293281,0.030830946580463894,0.800496880215702
25,6,7,Nick Lachey,26.0,0.012357773848043829,0.004318906418244853,5.3557651429530404e-05,0.07111008944638167
25,6,8,Nikki Bella,36.0,0.10327350446429935,0.06958223093057334,0.008394601437628844,0.39947819064050893
25,6,10,Terrell Owens,37.0,0.12348415871363956,0.08824701590686618,0.008866401633688764,0.4373175303749012
25,6,11,Vanessa Lachey,36.0,0.106053985449379,0.07044231518132088,0.008372417760904837,0.38944494359752585
25,6,12,Victoria Arlen,31.0,0.031529050758020774,0.014509437664195369,0.0007508522678729696,0.15628489430430928
25,7,3,Drew Scott,28.5,0.16678514169201156,0.11771934510179397,0.011423687424037009,0.5886853597479893
25,7,4,Frankie Muniz,30.0,0.4072855370522561,0.3735262528895136,0.04053034603833402,0.9124250737461523
25,7,5,Jordan Fisher,27.0,0.09100838954852776,0.05256157481798829,0.003459769177738707,0.4131019884903136
25,7,6,Lindsey Stirling,25.5,0.04922739264033517,0.02034749222397205,0.00047479422636712866,0.30650971946869576
25,7,8,Nikki Bella,24.0,0.022135334277463368,0.007011461431646417,0.0001254070114905252,0.14513527226234776
25,7,10,Terrell Owens,24.5,0.025756944131876947,0.009982319008619237,0.0001258571441006272,0.14919111146596978
25,7,11,Vanessa Lachey,27.0,0.0796442147731209,0.04771824889444392,0.0035020387526956812,0.33112181750214914
25,7,12,Victoria Arlen,28.5,0.15815704588440824,0.11414715099851991,0.009777184222320216,0.524738468811739
25,8,3,Drew Scott,23.5,0.03164245830218087,0.01173251158004535,0.0001275487194618806,0.18660762375266296
25,8,4,Frankie Muniz,26.5,0.11192382095827125,0.06891954988221624,0.0028200891220685155,0.4540264838218635
25,8,5,Jordan Fisher,30.0,0.5938151381682039,0.6264582711461422,0.08444079386733973,0.9857520201626729
25,8,6,Lindsey Stirling,27.0,0.1583912127613246,0.0955089531114501,0.003960276271203911,0.6325203950928019
25,8,10,Terrell Owens,25.5,0.06763978259119822,0.0353506512441281,0.0007627848257482993,0.33719447371102956
25,8,12,Victoria Arlen,24.0,0.03658758721882107,0.013272180272919097,0.000220175363040848,0.21452967692932254
25,9,3,Drew Scott,24.0,0.031762896096095596,0.011511803467226661,0.0002244195730829923,0.18778296024609709
25,9,4,Frankie Muniz,25.5,0.06721964152309495,0.03321339121670901,0.0010331705660626027,0.3328757282280438
25,9,5,Jordan Fisher,29.0,0.4079488315744484,0.37996819880150035,0.04775600756818769,0.9014149778419477
25,9,6,Lindsey Stirling,28.5,0.3056743931708738,0.2536940572103471,0.024722297819123634,0.797573670679039
25,9,12,Victoria Arlen,28.0,0.18739423763548727,0.13715018017251285,0.01623683847636165,0.6093173557672749
25,10,3,Drew Scott,37.5,0.040260081657575865,0.01443815217779457,0.0002802637016408304,0.25675031502718865
25,10,4,Frankie Muniz,38.8887,0.13574755301389083,0.083392693620093,0.0051493646395696325,0.5283584844402487
25,10,5,Jordan Fisher,40.0,0.41736061116971296,0.3789938744301996,0.04890754665929556,0.9234657872718351
25,10,6,Lindsey Stirling,40.0,0.4066317541588204,0.3658843161303028,0.035388362401865554,0.9017072490694662
26,1,0,Adam Rippon,24.0,0.2412719396826215,0.1996275938972233,0.023383215065171176,0.6958029705611364
26,1,1,Arike Ogunbowale,20.0,0.039550739359957794,0.019522619194811967,0.0014369518118120645,0.21060003217507411
26,1,2,Chris Mazdzer,21.0,0.059351693865044276,0.033601899632043936,0.002788687370105389,0.25384248392295145
26,1,3,Jamie Anderson,19.0,0.024624840002042625,0.011753953245192267,0.0005962241645655102,0.12491338730993587
26,1,4,Jennie Finch Daigle,21.0,0.05429336330852252,0.03184842473310183,0.0031971946809333687,0.23341982806187003
26,1,5,Johnny Damon,18.0,0.020397859093202457,0.007855513472201469,0.00014225945962246373,0.11198628912923336
26,1,6,Josh Norman,24.0,0.2538000079723506,0.1962291166134963,0.027032351799594467,0.7689921424032113
26,1,7,Kareem Abdul-Jabbar,17.0,0.015905758388165464,0.004332380167359772,6.992170967022886e-05,0.10642682334867971
26,1,8,Mirai Nagasu,23.0,0.13865530934518527,0.0975076938410144,0.012260708383327597,0.5025910301343853
26,1,9,Tonya Harding,23.0,0.15214848898290748,0.11285377559871021,0.011947312356696332,0.5250084265744044
26,2,0,Adam Rippon,37.0,0.3339832535830465,0.29016940349797893,0.03563035831113538,0.8007277894143354
26,2,1,Arike Ogunbowale,35.0,0.13068960192176693,0.08933485275107259,0.011123868185978358,0.47572934760103186
26,2,2,Chris Mazdzer,33.0,0.06324164958407917,0.03390005354361737,0.001957555848464637,0.2843555796062721
26,2,4,Jennie Finch Daigle,31.5,0.033586769259636655,0.015931557557145558,0.0005890214668411655,0.17824984271492464
26,2,6,Josh Norman,31.5,0.039647407592121695,0.01935793498193024,0.0005722848961601391,0.19128059006537643
26,2,7,Kareem Abdul-Jabbar,29.5,0.021878894998252178,0.006745875335228141,9.512137759271174e-05,0.14629719236479927
26,2,8,Mirai Nagasu,37.0,0.3120966938925776,0.2594099187312151,0.032870258837572816,0.781890907229785
26,2,9,Tonya Harding,33.0,0.06487572916851929,0.03728504938363783,0.002766478440164542,0.2894036949834234
26,3,0,Adam Rippon,41.0,0.5006898364203586,0.4955156870721079,0.06847558684858872,0.9392222492421872
26,3,2,Chris Mazdzer,33.0,0.05864180090132932,0.028824503966392627,0.0010253098882108953,0.27981711705663725
26,3,4,Jennie Finch Daigle,29.0,0.02298858550603299,0.007793617245883761,0.00010005899233483988,0.14630687344896975
26,3,6,Josh Norman,38.0,0.22737586048674682,0.17204570118422463,0.015803645327908955,0.6887522855272811
26,3,8,Mirai Nagasu,35.0,0.09197279253287734,0.05376077240551995,0.0038582245898412513,0.39467958735564607
26,3,9,Tonya Harding,35.0,0.09833112415265499,0.06144971266983707,0.00428654467543439,0.4172934298558732
26,4,0,Adam Rippon,29.0,0.696682496200846,0.7574206315556102,0.16349358497810867,0.9861227009703337
26,4,6,Josh Norman,28.5,0.2274358740826535,0.1634405339824359,0.008212330123547221,0.7397047915311261
26,4,9,Tonya Harding,28.0,0.07588162971650045,0.03216609535863642,0.0007735310567922144,0.38145289985254305
27,1,0,Alexis Ren,22.0,0.14150586135512921,0.10314854966596973,0.015086416120422238,0.48145154155677766
27,1,1,Bobby Bones,20.0,0.0686128141449739,0.03907906276028423,0.003719262713178375,0.3177170895972097
27,1,2,Danelle Umstead,18.0,0.026210358112009884,0.012629277890450388,0.0006066231226590278,0.1275613245548932
27,1,3,DeMarcus Ware,23.0,0.2203426393176039,0.16393347762684957,0.021679856878953158,0.6764021231905676
27,1,4,Evanna Lynch,18.0,0.026136766255425953,0.014419575626666351,0.0008363419884430382,0.12056783268847587
27,1,5,Joe Amabile,14.0,0.008351037667968905,0.0020051474426787297,1.3582746644490399e-05,0.05856447956230397
27,1,6,John Schneider,18.0,0.024178007062970616,0.012581992116059103,0.0006413714833257454,0.11716429409949185
27,1,7,Juan Pablo Di Pace,22.0,0.11159359796538389,0.07787551347457208,0.008526505733107414,0.41830267634521956
27,1,8,Mary Lou Retton,20.0,0.05180644484126838,0.030229390527680613,0.003561482058311808,0.2396690365394055
27,1,9,Milo Manheim,20.0,0.05221505501132962,0.03323286445705545,0.002477905846406283,0.21026110340199525
27,1,10,Nancy McKeon,19.5,0.04230204019647205,0.02358797328644409,0.0026967439371985646,0.18079964465147397
27,1,11,Nikki Glaser,17.5,0.02470506647631077,0.011432306469167385,0.00041947809888379626,0.14273297024629816
27,1,12,Tinashe,23.0,0.20204031159315292,0.15798953038950442,0.02142424157464626,0.6429601550120276
27,2,0,Alexis Ren,24.5,0.11523326592803998,0.08089367706806883,0.011940847497843717,0.39986448186849755
27,2,1,Bobby Bones,19.5,0.02834745014379903,0.010280601026751657,0.00029796289994817304,0.17698101637434793
27,2,2,Danelle Umstead,18.5,0.015885962122589248,0.00568147379813249,0.00013794830778237157,0.08871379663218162
27,2,3,DeMarcus Ware,23.5,0.07499295894258919,0.04684022481687947,0.006372038420498003,0.30283938263608084
27,2,4,Evanna Lynch,24.0,0.09706769412054606,0.06760159667113032,0.008595514582336363,0.3539121930383044
27,2,5,Joe Amabile,17.5,0.013146643310207241,0.0041860729054467825,6.587753987024833e-05,0.08662381196808368
27,2,6,John Schneider,21.5,0.03521384784352244,0.020398422966332517,0.0014512686745503372,0.16141294255631158
27,2,7,Juan Pablo Di Pace,26.0,0.16385027154364493,0.12066800237784495,0.014122934181898764,0.55464979855975
27,2,8,Mary Lou Retton,23.0,0.057394772780006556,0.03473594401109344,0.004511468208717637,0.2437148305303043
27,2,9,Milo Manheim,26.0,0.18765057718365363,0.14363700235009144,0.015804197055335988,0.6038087590259864
27,2,10,Nancy McKeon,20.5,0.025354628327342945,0.013019309933028427,0.0007473011749284512,0.12348118508890726
27,2,12,Tinashe,26.0,0.1858619277540588,0.1474001297023545,0.020858204379938496,0.5898357291982431
27,3,0,Alexis Ren,26.0,0.09584662345765199,0.06447653818250446,0.008419491883262752,0.36585364665842207
27,3,1,Bobby Bones,23.0,0.047083483553663194,0.02176343783228741,0.0009803043034286344,0.2618713452979252
27,3,3,DeMarcus Ware,26.0,0.08936058158169119,0.05784488159154223,0.0067025858192578565,0.3495415212191152
27,3,4,Evanna Lynch,27.0,0.134139057195915,0.09674707383862735,0.011381548148106265,0.4535024662236118
27,3,5,Joe Amabile,18.0,0.012057838768620906,0.003203461556379427,2.856609196071815e-05,0.08542867719806287
27,3,6,John Schneider,21.0,0.019976069392302995,0.00901679975956363,0.00023715461572567382,0.11177206114658404
27,3,7,Juan Pablo Di Pace,30.0,0.2973304380449071,0.24524550005670584,0.025556498606950053,0.8187178397859257
27,3,8,Mary Lou Retton,24.0,0.044001222665231876,0.024899846766177874,0.0020984172382338823,0.2103235210292007
27,3,9,Milo Manheim,27.0,0.11860581796990122,0.08558789663691552,0.007634521817350923,0.4280626088713905
27,3,10,Nancy McKeon,22.0,0.025245310324971924,0.01266928613557462,0.000647027465254099,0.1298216927537627
27,3,12,Tinashe,27.0,0.11635355704514252,0.08278566446811346,0.011979989616144089,0.41669984765902096
27,4,0,Alexis Ren,25.0,0.11248332583525697,0.07665669262761673,0.010478698319850595,0.4031980944701231
27,4,1,Bobby Bones,20.0,0.039379787595975366,0.015325895671178898,0.00045087852854423766,0.23260228942875355
27,4,3,DeMarcus Ware,22.0,0.046744904803200205,0.026085322339273326,0.0017735648432964182,0.21185958010529704
27,4,4,Evanna Lynch,24.0,0.0865598921754931,0.05820515645866937,0.0057384686503510005,0.33442867263124504
27,4,5,Joe Amabile,15.0,0.011843466979497928,0.00295902974092098,2.296771633895623e-05,0.08042633098180367
27,4,6,John Schneider,21.0,0.03436132409539783,0.019086677985435084,0.0008857738925116694,0.16393050164516482
27,4,7,Juan Pablo Di Pace,24.0,0.06732246527469721,0.04107641286732909,0.0038522504658415595,0.2927960027817152
27,4,8,Mary Lou Retton,26.0,0.13327210487610897,0.09336861600183853,0.011407005464433078,0.46181832481998714
27,4,9,Milo Manheim,29.0,0.3329939572245221,0.2872346732546802,0.03352575254973687,0.8540456407437611
27,4,12,Tinashe,26.0,0.1350387711398504,0.09869559247316971,0.011947156108501665,0.43496019008055564
27,5,0,Alexis Ren,29.0,0.2814704766689385,0.23306875914248149,0.034219898289333854,0.7380377076288389
27,5,1,Bobby Bones,21.0,0.03921077200462207,0.014998077154692736,0.0004887688873017171,0.24088703971936257
27,5,3,DeMarcus Ware,26.0,0.10743899165875939,0.07140172538516204,0.008410935526687481,0.41138976776471375
27,5,4,Evanna Lynch,24.0,0.06440333102403377,0.04123485731097529,0.0035433599456300745,0.26532281294317334
27,5,5,Joe Amabile,17.0,0.014124450491758396,0.003821283684243955,3.9076009622341284e-05,0.09352054300116606
27,5,6,John Schneider,24.0,0.05840654788760827,0.03664347836774266,0.002904205276619774,0.2533606358096321
27,5,7,Juan Pablo Di Pace,29.0,0.2241597210712789,0.1728111910449263,0.020116763476037487,0.6901018081510396
27,5,8,Mary Lou Retton,25.0,0.07502984693970038,0.0465045206766249,0.005210426703408289,0.317285192030704
27,5,9,Milo Manheim,27.0,0.13575586225330027,0.10136632807408145,0.0105227703889186,0.4659901660740421
27,6,0,Alexis Ren,27.0,0.1141576503208335,0.08003655092469128,0.009398433132369946,0.4225009090722801
27,6,1,Bobby Bones,22.0,0.040370236959311724,0.015731758764784404,0.0004994117595046139,0.24241252186775192
27,6,3,DeMarcus Ware,26.0,0.0804821709161445,0.050485809282559205,0.0053268375400738555,0.33310024321574994
27,6,4,Evanna Lynch,29.0,0.21056631281059426,0.1624819222859888,0.018824146275282623,0.6194519277610175
27,6,5,Joe Amabile,22.0,0.03212747984697353,0.014748721152541062,0.0006679525031568144,0.15348807291495617
27,6,6,John Schneider,19.0,0.015071606684777632,0.005233509226697901,5.504171287459706e-05,0.09103781325744427
27,6,7,Juan Pablo Di Pace,30.0,0.2170549566277525,0.16499222554705806,0.0200319995263881,0.6731715915225785
27,6,8,Mary Lou Retton,24.0,0.043693045714042554,0.0240219535041995,0.0018556103053492927,0.207722560462863
27,6,9,Milo Manheim,30.0,0.24647654011956976,0.19817091968647121,0.02165997525388938,0.723486153091469
27,7,0,Alexis Ren,27.5,0.10124237260715375,0.06521533127942516,0.007169233947803336,0.3916104873686141
27,7,1,Bobby Bones,26.5,0.0682812216609237,0.0344613549054022,0.0019216957233298682,0.3562905251505403
27,7,3,DeMarcus Ware,26.5,0.05296899213756222,0.028974178018739815,0.002116906555956369,0.25641419790149467
27,7,4,Evanna Lynch,29.5,0.36195678274342413,0.31153808715095876,0.03433223508949855,0.8465075801028553
27,7,5,Joe Amabile,23.5,0.01564432101732015,0.003990195014420981,3.6436392128008844e-05,0.10277436463269489
27,7,6,John Schneider,27.0,0.06768769531020799,0.041541456030255164,0.0033544788107065693,0.2908531781373254
27,7,7,Juan Pablo Di Pace,28.0,0.10572835984417032,0.0691762079143813,0.007411695764949508,0.41109802966196085
27,7,9,Milo Manheim,29.0,0.22649025467923772,0.18021652031884464,0.01923438241559349,0.672161972481803
27,8,0,Alexis Ren,29.0,0.2486711403801717,0.19952728987840407,0.029192336803952775,0.6844441015399284
27,8,1,Bobby Bones,22.5,0.042110733414583254,0.013862446223627499,0.0002641163569416707,0.2678831861303857
27,8,4,Evanna Lynch,29.0,0.25651623499853865,0.2060489703812585,0.024029539336681324,0.7186454912062955
27,8,5,Joe Amabile,23.0,0.03765641416299694,0.016137749157113187,0.0005222710167780949,0.1970599269757048
27,8,7,Juan Pablo Di Pace,30.0,0.28230379803876393,0.23539092669997047,0.027805957008350778,0.7828895979839253
27,8,9,Milo Manheim,27.5,0.13274167900494552,0.0964884744887676,0.008051685239417256,0.44550487710686315
27,9,0,Alexis Ren,28.5,0.1292944598212646,0.07885964262931613,0.006713905930561067,0.5185536824473643
27,9,1,Bobby Bones,27.0,0.05902726488522198,0.01859031988176739,0.00032843714111574176,0.3794770413424918
27,9,4,Evanna Lynch,30.0,0.43622091447745137,0.41201334004086265,0.048856869112951395,0.9047856011894779
27,9,9,Milo Manheim,30.0,0.375457360816062,0.34676209053445367,0.03542369780752076,0.843860532342341
28,1,0,Ally Brooke,16.0,0.04764062448022961,0.029239563985267843,0.0014378447013078997,0.1993054779442915
28,1,1,Hannah Brown,20.0,0.21889007772610555,0.1801727725752527,0.028677853836339345,0.6341076649198663
28,1,2,James Van Der Beek,21.0,0.2829332808229862,0.22378924625753593,0.03438127906304968,0.7854059234813325
28,1,3,Karamo Brown,17.0,0.03820843293482197,0.02655033171408163,0.0021353088723867694,0.15508630348775587
28,1,4,Kate Flannery,15.0,0.02243012753051822,0.01509975258464355,0.0006516627380406487,0.08976406325409109
28,1,5,Kel Mitchell,16.0,0.04815403033099819,0.02907476250490025,0.0014908354251163343,0.19803077294342838
28,1,6,Lamar Odom,11.0,0.00666643454112963,0.002511908734201888,2.165676936941559e-05,0.036627039119335236
28,1,7,Lauren Alaina,19.0,0.18035591666926953,0.14092944348769884,0.016317221428517215,0.5520118213833387
28,1,8,Mary Wilson,17.0,0.05999118196178953,0.03767308210450959,0.003195514701584758,0.2587074066220795
28,1,9,Ray Lewis,15.0,0.0242992301629373,0.014131988422497157,0.0008687782733752405,0.10500873257521835
28,1,10,Sailor Brinkley-Cook,18.0,0.04437126674772149,0.024520950294440548,0.004302428950469838,0.21779794751744486
28,1,11,Sean Spicer,12.0,0.026059396091492715,0.006713578083288442,6.506312209701693e-05,0.14104252173097598
28,2,0,Ally Brooke,20.0,0.09349216601381036,0.06290048460015378,0.0059423868996772815,0.33866212363502973
28,2,1,Hannah Brown,24.0,0.4066172936007061,0.36229204418060734,0.06388089828969859,0.8908897676184551
28,2,2,James Van Der Beek,20.0,0.07592595701562112,0.05475632360892507,0.007148193351130167,0.2745297156490644
28,2,3,Karamo Brown,19.0,0.03887046765062725,0.026554854365546617,0.0018824398999090046,0.15813920994468342
28,2,4,Kate Flannery,21.0,0.09533707953631244,0.0711746423640138,0.009211474090285799,0.32411675395940026
28,2,5,Kel Mitchell,20.0,0.09359728188888146,0.06568019992359023,0.005456029919404391,0.34793268513905684
28,2,6,Lamar Odom,12.0,0.00594965455494266,0.002095102415915919,1.9220428037424927e-05,0.033110620938580665
28,2,7,Lauren Alaina,19.0,0.09047886268995249,0.059800805105014995,0.00399172930125543,0.347798839928369
28,2,8,Mary Wilson,15.0,0.019194260775626183,0.008122201333305285,0.00015480581639251912,0.10819665843028634
28,2,9,Ray Lewis,15.0,0.013978772809122035,0.007494515057178518,0.000193245863293524,0.06356921190900805
28,2,10,Sailor Brinkley-Cook,18.0,0.020682282312956473,0.01175639805133568,0.0009002726794611834,0.10038747375856964
28,2,11,Sean Spicer,16.0,0.04587592115144148,0.018966449697748168,0.0004118629633156028,0.20095073288952578
28,3,0,Ally Brooke,24.0,0.2267578719189926,0.18698197935703992,0.028912382961259347,0.6263338460368696
28,3,1,Hannah Brown,21.0,0.1091694435811756,0.07637854575880776,0.008746528516023705,0.37698602417605087
28,3,2,James Van Der Beek,23.0,0.1512065126641929,0.11436938979903306,0.020552928591567328,0.49744075575255997
28,3,3,Karamo Brown,16.0,0.015934814976127733,0.009603562235853087,0.00034184044880653034,0.06503730879783913
28,3,4,Kate Flannery,24.0,0.1795491553747126,0.13765760315556874,0.019306716743420133,0.5510548856515736
28,3,5,Kel Mitchell,20.0,0.07682706077554649,0.055026360577679394,0.004625718032242517,0.27710432701138554
28,3,6,Lamar Odom,12.0,0.008115930279593566,0.0031325635680642637,5.344816739069423e-05,0.04459376953126745
28,3,7,Lauren Alaina,20.0,0.10507636250765853,0.07459024227662583,0.006983363997697564,0.39215345712983557
28,3,10,Sailor Brinkley-Cook,23.0,0.0849118932105954,0.049265100338001466,0.009723808424643567,0.3800209415125089
28,3,11,Sean Spicer,15.0,0.042450954711404594,0.014844824207124688,0.0003109719990603988,0.20181916324041374
28,4,0,Ally Brooke,32.0,0.17592506265822652,0.13868687094627813,0.021093251706788944,0.5334647719052544
28,4,1,Hannah Brown,32.0,0.19060111137216357,0.15194889634689004,0.020997309931303377,0.5627102880701261
28,4,2,James Van Der Beek,28.0,0.05341702411967355,0.03728496568292576,0.00463880617913344,0.20061274189246642
28,4,3,Karamo Brown,28.0,0.038231421706301366,0.0261090458123674,0.002410138082638853,0.152357088879729
28,4,4,Kate Flannery,26.0,0.028506317261241483,0.018651110743089765,0.0014652767757261844,0.1117311970117055
28,4,5,Kel Mitchell,32.0,0.18160716024614112,0.13955336384064432,0.019801962138782176,0.5428487488255123
28,4,6,Lamar Odom,20.0,0.008266953251403319,0.0032137074910963707,6.002728490152613e-05,0.04588284052310284
28,4,7,Lauren Alaina,32.0,0.22780621301401463,0.18555412944066524,0.026620620190755114,0.6407099421829021
28,4,10,Sailor Brinkley-Cook,31.0,0.06612793395937508,0.038547305384652925,0.006679816075756376,0.29023635204911025
28,4,11,Sean Spicer,21.0,0.029510802411459373,0.008026919960001173,0.00010984389163215705,0.1599483626040296
28,5,0,Ally Brooke,27.0,0.29807461334087065,0.2556894154201172,0.04139445931833823,0.752915670594188
28,5,1,Hannah Brown,25.0,0.1324643975695913,0.09855670534973329,0.010587534363822725,0.4384808526111642
28,5,2,James Van Der Beek,26.0,0.16798887596232928,0.12548286399037248,0.019815510886227225,0.5382402496467665
28,5,3,Karamo Brown,21.0,0.01354907565663271,0.007250209951833269,0.00017939024410861042,0.05823608653950087
28,5,4,Kate Flannery,24.0,0.0556584726374848,0.04218586904012678,0.004120923701593032,0.19354457332208416
28,5,5,Kel Mitchell,26.0,0.19515390133776458,0.1568207338005106,0.021482927957887837,0.5760809282862727
28,5,7,Lauren Alaina,23.0,0.07612729992313629,0.04376267630414557,0.002547172174134589,0.329904706518046
28,5,10,Sailor Brinkley-Cook,24.0,0.03468539968455649,0.02034825547499716,0.003111984016134167,0.15145428830827642
28,5,11,Sean Spicer,19.0,0.02629796388763402,0.005449511980605599,3.936815447046239e-05,0.15862409747337203
28,6,0,Ally Brooke,25.0,0.07384778666584478,0.047772316230511945,0.0036338556630035467,0.2704987403788437
28,6,1,Hannah Brown,24.0,0.050459818758709106,0.02647422109935417,0.0014568916430952167,0.21401469562180997
28,6,2,James Van Der Beek,27.0,0.2093205633740583,0.1646376558683149,0.028812799522958257,0.6204806294788925
28,6,3,Karamo Brown,25.0,0.04274402795068051,0.028587801824518356,0.0024724513238491386,0.17291961676074794
28,6,4,Kate Flannery,27.0,0.1808270521093973,0.1442099241090904,0.021496085483043742,0.537057891953566
28,6,5,Kel Mitchell,26.0,0.1311744875264021,0.09837528178731345,0.010520833548932646,0.4284716558064312
28,6,7,Lauren Alaina,26.0,0.17049574809101323,0.13415523314698566,0.01532270232268764,0.533887003608215
28,6,10,Sailor Brinkley-Cook,27.0,0.11766700705901623,0.07354486417641395,0.013374696159486195,0.4953903536967652
28,6,11,Sean Spicer,21.0,0.023463508464878435,0.004432353170087326,2.475314607205521e-05,0.1458223340862427
28,7,0,Ally Brooke,27.0,0.21594689218904778,0.17673216614963344,0.023732757096177354,0.6054604138650989
28,7,1,Hannah Brown,26.0,0.13370769161336643,0.09789980315601945,0.01111530608648872,0.44875861361117747
28,7,2,James Van Der Beek,27.0,0.19377636240248863,0.14848287446420913,0.02377819619931002,0.6020467999208096
28,7,3,Karamo Brown,24.5,0.031565373662724175,0.020936382711086454,0.0013625042218992813,0.12654129322173385
28,7,4,Kate Flannery,24.0,0.029624597986614466,0.01921297835696486,0.001261006055731135,0.11915345428038177
28,7,5,Kel Mitchell,25.5,0.09555971193288243,0.06727674647310769,0.006411547085820725,0.34139762162568515
28,7,7,Lauren Alaina,27.0,0.2758003492629643,0.23230274812647944,0.036264713070220625,0.7208329384996396
28,7,11,Sean Spicer,21.0,0.024019020949911766,0.005075916764972852,3.862192047999786e-05,0.14763849867807163
28,8,0,Ally Brooke,30.0,0.17226610812984836,0.13464260213547105,0.01625738087008398,0.5212856114755212
28,8,1,Hannah Brown,30.9998,0.2416594752961809,0.20863704764472207,0.029440121917234198,0.6551097655443555
28,8,2,James Van Der Beek,31.9998,0.2706090408429933,0.2246911055356985,0.034644833637305035,0.7337121650825118
28,8,4,Kate Flannery,25.9998,0.043645572806813346,0.03076843575089265,0.0022415274079147225,0.16227895204561307
28,8,5,Kel Mitchell,29.9998,0.1776949115827498,0.1413386125431837,0.015899891400453437,0.5343947959223019
28,8,7,Lauren Alaina,24.0,0.060074770477151256,0.0288505245150033,0.001011816115234887,0.29400917343035043
28,8,11,Sean Spicer,20.0,0.03405012086426301,0.008376880985004314,8.639537510644275e-05,0.19164385758871938
28,9,0,Ally Brooke,40.0,0.36403435550856406,0.3273451108026672,0.04683812962471369,0.8362547964132195
28,9,1,Hannah Brown,35.5,0.1403877220771142,0.10556671087206287,0.010914362438789401,0.4680786377419709
28,9,2,James Van Der Beek,36.0,0.12326077618499152,0.08998359774912823,0.013842144061487802,0.42113526990155603
28,9,5,Kel Mitchell,37.0,0.18530195158341364,0.14504709927020215,0.01789778335824007,0.5657921263207407
28,9,7,Lauren Alaina,35.0,0.15447185418123732,0.11165328396035876,0.010723722321747644,0.5171747282617744
28,9,11,Sean Spicer,25.0,0.03254334046467931,0.007756903328394476,7.193020413950757e-05,0.19601234440040066
28,10,0,Ally Brooke,29.5,0.5117927602845219,0.5087760251811237,0.09065246804064679,0.9450034023214222
28,10,1,Hannah Brown,27.0,0.09546118403301708,0.05640221316969956,0.0024686906941106443,0.39218563526227607
28,10,2,James Van Der Beek,25.5,0.024874025721530944,0.012219695256344686,0.0002679102919104562,0.12399249311320135
28,10,5,Kel Mitchell,28.5,0.24916138019785858,0.2060977659633325,0.022244869746276583,0.6864660180725207
28,10,7,Lauren Alaina,27.0,0.11871064976307151,0.07005584545434881,0.003270822637223227,0.4843379588932212
28,11,0,Ally Brooke,30.0,0.5745605687710051,0.59292213075734,0.11621119962881739,0.962392259589428
28,11,1,Hannah Brown,29.0,0.11421573366707599,0.0674372469554379,0.002939326419465281,0.4638140959657258
28,11,5,Kel Mitchell,29.5,0.23985463654238565,0.1992811467044521,0.01636638576750789,0.6699722064779562
28,11,7,Lauren Alaina,28.5,0.07136906101953325,0.027800060321397202,0.0004635893288602604,0.38134399917121325
29,1,0,AJ McLean,18.0,0.03445568022600307,0.02408876254169017,0.003090718012205718,0.12819974472293738
29,1,1,Anne Heche,18.0,0.02820925373002257,0.019560944425901252,0.002776817416341159,0.09727815806462675
29,1,2,Carole Baskin,11.0,0.004163567387028697,0.001558450593794421,1.3992496964844476e-05,0.023552974255697887
29,1,3,Charles Oakley,12.0,0.00367103232428217,0.001813902407545652,3.1776827692915334e-05,0.017449777859359073
29,1,4,Chrishell Stause,13.0,0.006530832133711238,0.0031152594996202163,9.05653096492321e-05,0.03205452385826104
29,1,5,Jeannie Mai,18.0,0.053156899251898156,0.03569642727498104,0.0028626548646323705,0.20695544916398106
29,1,6,Jesse Metcalfe,18.0,0.035158669714375514,0.021707561689953137,0.0023485035195417087,0.16014588756859457
29,1,7,Johnny Weir,18.0,0.034523171477952676,0.0226480875427349,0.002834075278405407,0.14188797350178686
29,1,8,Justina Machado,21.0,0.2108931785805358,0.1651366564745289,0.0283295752432598,0.6001749844082782
29,1,9,Kaitlyn Bristowe,20.0,0.11742252317005186,0.0760942726142716,0.009270303562613758,0.4382205936249867
29,1,10,Monica Aldama,19.0,0.0677783554169115,0.047565862412415255,0.006342191807247071,0.2455369182254588
29,1,11,Nelly,16.0,0.06105270869251178,0.030738917683161532,0.0012275068496552482,0.29013503287717585
29,1,12,Nev Schulman,20.0,0.11392809177842031,0.08114007418490106,0.011007506864421415,0.3963764901531608
29,1,13,Skai Jackson,21.0,0.208265945044443,0.1595583471989716,0.023539021290505478,0.612484028735147
29,1,14,Veron Davis,17.0,0.02079009107185163,0.01425248103243847,0.0013476780056978107,0.07927955915451851
29,2,0,AJ McLean,19.0,0.03680089497448225,0.024041939011116308,0.0026087530283881682,0.14638138744232582
29,2,1,Anne Heche,18.0,0.017979766362636262,0.011583606362712277,0.0008338929349587437,0.06650366961097996
29,2,2,Carole Baskin,16.0,0.009208787737868995,0.004676886820563447,9.520056542824036e-05,0.04392406665743605
29,2,3,Charles Oakley,15.0,0.004310583340423938,0.0020043842683024177,2.431393296888959e-05,0.020786548283516393
29,2,4,Chrishell Stause,18.0,0.02070789294616549,0.013104679518255374,0.0010882314641697242,0.0818381755274682
29,2,5,Jeannie Mai,18.0,0.035752018172734476,0.020403549117124387,0.0009313241047913396,0.15086200841116632
29,2,6,Jesse Metcalfe,20.0,0.0654431450488894,0.0393642458589527,0.004823540047431355,0.29100434288199595
29,2,7,Johnny Weir,18.0,0.02148939365871098,0.013511342109428491,0.0009277314804060986,0.09826117285846801
29,2,8,Justina Machado,21.0,0.20831793028419743,0.16146535769205417,0.0241600482478314,0.5949949836020032
29,2,9,Kaitlyn Bristowe,22.0,0.2914681679154742,0.24534740309859424,0.024244840388190272,0.7890065820318918
29,2,10,Monica Aldama,16.0,0.013857662624178242,0.005300859555460118,0.00010465801946416638,0.07870804748990921
29,2,11,Nelly,18.0,0.07685953530448021,0.03992573514621952,0.0011689687238316505,0.3666355610594246
29,2,12,Nev Schulman,21.0,0.16322127747720383,0.1199802793732192,0.013513048179580675,0.5339231271927193
29,2,13,Skai Jackson,15.0,0.015899686621064946,0.004774092405918701,3.813391468698158e-05,0.08362053534601573
29,2,14,Veron Davis,18.0,0.018683257531489358,0.012746310456570396,0.0007529606735144354,0.0722505114180812
29,3,0,AJ McLean,21.0,0.045712942196202706,0.031779193151467794,0.004132027939982855,0.16650869298580534
29,3,1,Anne Heche,15.0,0.00660940336820599,0.0028971803349448636,6.486468376732016e-05,0.03393135729638198
29,3,2,Carole Baskin,12.0,0.00395391102115433,0.0013672370398382478,7.004046044007635e-06,0.02326264069838607
29,3,4,Chrishell Stause,22.0,0.06356170782725908,0.04455942824229678,0.00687597326789883,0.24407971256855068
29,3,5,Jeannie Mai,22.0,0.09609738012092983,0.07210422635303931,0.0064347535086985335,0.32324098183121386
29,3,6,Jesse Metcalfe,20.0,0.03310245242035964,0.019791316784002144,0.0019268955649799624,0.14408865636418994
29,3,7,Johnny Weir,24.0,0.1396393933588994,0.09724303159250064,0.014308678304175445,0.5236373112389029
29,3,8,Justina Machado,19.0,0.049489406094219784,0.031146520912084606,0.002169308008257679,0.21319676925885403
29,3,9,Kaitlyn Bristowe,23.0,0.14085324485097594,0.0958136392374268,0.012704640156356733,0.49558645249241073
29,3,10,Monica Aldama,21.0,0.06242657383717126,0.0422280345893746,0.005042652956197354,0.24565027113443608
29,3,11,Nelly,18.0,0.06299853333676982,0.031164717235575443,0.0009491396006978445,0.3017770033813534
29,3,12,Nev Schulman,24.0,0.19762811063234614,0.14910117878225013,0.018078838319175613,0.6509087721921262
29,3,13,Skai Jackson,18.0,0.03920436209334929,0.02082034503381739,0.000838547151695125,0.17121861372464886
29,3,14,Veron Davis,22.0,0.05872257884215677,0.04153219356441681,0.005886944761639033,0.20597780681636216
29,4,0,AJ McLean,24.0,0.034821853049252054,0.022451220920749308,0.0011872418126570258,0.1433343054557445
29,4,1,Anne Heche,21.0,0.0077230961650098726,0.0032214971788998904,2.9794669904930095e-05,0.0394263775702137
29,4,4,Chrishell Stause,22.0,0.013012297068433968,0.00666071667889492,0.0001453017182517635,0.061587722404469046
29,4,5,Jeannie Mai,21.0,0.015662793235444023,0.005414740593824664,2.85234936305039e-05,0.08407261930001689
29,4,6,Jesse Metcalfe,21.0,0.00861672623236278,0.0035942503111527587,2.706958397831349e-05,0.043645293867208584
29,4,7,Johnny Weir,24.0,0.03555550206181153,0.02105427194566734,0.0010140307860907732,0.16002969389328317
29,4,8,Justina Machado,24.0,0.07245198225479113,0.04431833433482141,0.0019235506983490821,0.29935789308443483
29,4,9,Kaitlyn Bristowe,25.0,0.09704281491536967,0.05857111418760606,0.0030969088413490722,0.43520416387393884
29,4,10,Monica Aldama,24.0,0.0486274030877735,0.03144941059644199,0.0011490870146629905,0.1877148929620136
29,4,11,Nelly,21.0,0.03750943621439039,0.011598239298148568,5.1904773426252333e-05,0.21858978727458314
29,4,12,Nev Schulman,24.0,0.05826668765868248,0.03259851334031354,0.0013386946677056138,0.27249514449661394
29,4,13,Skai Jackson,28.0,0.5589039299973203,0.5634473926809238,0.0798205692262853,0.9732579187092614
29,4,14,Veron Davis,22.0,0.01180547805935832,0.0064256487199157615,6.311809077525397e-05,0.05415854147647618
29,5,0,AJ McLean,24.0,0.03337763876469128,0.022085786318143494,0.002346132690141853,0.12801136608059138
29,5,4,Chrishell Stause,19.0,0.006414251914086672,0.0028048291017974568,4.3808260893881265e-05,0.033704994505835674
29,5,5,Jeannie Mai,24.0,0.05291501987950752,0.034460718479875835,0.002226063397189399,0.20718242280868854
29,5,6,Jesse Metcalfe,19.0,0.00664423440330116,0.0028454135074018547,2.8819799689597988e-05,0.03547685999511065
29,5,7,Johnny Weir,29.0,0.268952093762879,0.19662783176471327,0.022794875513934058,0.8339972660349366
29,5,8,Justina Machado,24.0,0.0694624204468336,0.04400292648229542,0.003315232488125409,0.2804983718474184
29,5,9,Kaitlyn Bristowe,27.0,0.1648077189292045,0.11414513487649866,0.015807397007284434,0.5529253764631207
29,5,10,Monica Aldama,26.0,0.09877037786905794,0.06836769837632142,0.008636472247749672,0.3823549455032322
29,5,11,Nelly,24.0,0.10736086513139857,0.0684290066012471,0.003321203284829114,0.43520684343823757
29,5,12,Nev Schulman,26.0,0.11100543260516355,0.07647200329842269,0.007434173224923454,0.3943168617002892
29,5,13,Skai Jackson,24.0,0.06993361539859204,0.044642172220885665,0.0027390649698264494,0.27511095889169745
29,5,14,Veron Davis,21.0,0.0103563308952842,0.006164788322712802,0.00015119795563480325,0.04801298644666642
29,6,0,AJ McLean,27.0,0.11659335291511187,0.081520587267007,0.011284797295037178,0.406073945563055
29,6,4,Chrishell Stause,24.0,0.03146856329860974,0.021028815545152166,0.002458222710199787,0.12592223698014124
29,6,5,Jeannie Mai,25.0,0.07359068113045061,0.05079170725240187,0.005131003943247837,0.2646733550615685
29,6,7,Johnny Weir,22.0,0.0159147900153161,0.00939886358172213,0.0005327859713670305,0.08192097281871327
29,6,8,Justina Machado,27.0,0.20920245419365674,0.16769051272396485,0.02645185644281339,0.6051068902627638
29,6,9,Kaitlyn Bristowe,27.0,0.16779854966582958,0.11832067341194265,0.01493458450271165,0.5461848457954093
29,6,10,Monica Aldama,27.0,0.14655626624526816,0.10946256498179648,0.01731031323935509,0.4711443403799894
29,6,11,Nelly,24.0,0.10551597386042538,0.06276984690623272,0.003813795746220758,0.4445787785046293
29,6,12,Nev Schulman,26.0,0.11041743590812826,0.07892392528052469,0.009644778084446005,0.3852049894667795
29,6,13,Skai Jackson,18.0,0.013156420838473938,0.003398895125915459,2.035837993451755e-05,0.07440963396254036
29,6,14,Veron Davis,21.0,0.00978551192872959,0.005730391727325944,0.00019750467460158625,0.04408306283586752
29,7,0,AJ McLean,26.0,0.033834491049825825,0.021811202301827114,0.0011877075901175994,0.1368404646714944
29,7,4,Chrishell Stause,26.0,0.03300794361053528,0.0206094304645269,0.0013240957914596374,0.142125696156852
29,7,5,Jeannie Mai,25.0,0.033651916029417486,0.018662063538759863,0.0003262578717456847,0.14627789050306836
29,7,7,Johnny Weir,27.0,0.059141458886477115,0.037516275057740814,0.0034106083736469657,0.2516161199947615
29,7,8,Justina Machado,26.0,0.07008414463935794,0.043489206492057224,0.001936134161778355,0.29224241763133896
29,7,9,Kaitlyn Bristowe,24.0,0.0228471870260794,0.009563630118041115,0.00010046850331504569,0.14124886892785216
29,7,10,Monica Aldama,22.0,0.008908643170758847,0.00262000349799112,9.835116691746286e-06,0.0539579879391273
29,7,11,Nelly,27.0,0.16934856570261603,0.12860065193256803,0.005253156354078409,0.5595843441065255
29,7,12,Nev Schulman,30.0,0.45406051035883127,0.41884907554139994,0.041532776507468644,0.9619794967267556
29,7,13,Skai Jackson,27.0,0.11511513952610074,0.0798149595208354,0.0044677284614194745,0.4268681557644654
29,8,0,AJ McLean,27.0,0.03490389344931138,0.022348797742329354,0.0015633017236533105,0.13842963060653524
29,8,4,Chrishell Stause,27.0,0.03284638686492938,0.020711668806064815,0.0018237324641542695,0.14307623544284973
29,8,7,Johnny Weir,30.0,0.21559925430424642,0.1628153268714691,0.022888254318236833,0.7096924882593457
29,8,8,Justina Machado,28.9998,0.20948329840764257,0.16490965970918536,0.020736274540793444,0.5932140516896899
29,8,9,Kaitlyn Bristowe,28.0,0.0965013709355303,0.06126820860609171,0.0052490067151716915,0.43070993453654044
29,8,11,Nelly,24.0,0.03789269971371956,0.009467887833207525,5.029717620009828e-05,0.22512174371569973
29,8,12,Nev Schulman,30.0,0.2977281815239606,0.25442492297921976,0.029369243109186278,0.7765715164119782
29,8,13,Skai Jackson,26.9998,0.07504491480065976,0.045428575385486156,0.0017963399852666281,0.30791381233825005
29,9,0,AJ McLean,24.9998,0.019640821387127475,0.01037201955513668,0.0004428410345435465,0.0905143080460985
29,9,7,Johnny Weir,30.0,0.19583151251197028,0.14062816828478275,0.02054361037656085,0.6302054480220554
29,9,8,Justina Machado,25.9998,0.06289123071198244,0.034369273024926345,0.0016408820311024145,0.27650861642641134
29,9,9,Kaitlyn Bristowe,30.0,0.2749137373741992,0.21783703985899075,0.029729696861037082,0.7629607479281687
29,9,11,Nelly,24.0,0.05510463756549015,0.018220147439990033,0.00019975155718264648,0.3050398252600417
29,9,12,Nev Schulman,28.9998,0.17310540521670642,0.13421524264962328,0.013044482749934713,0.5437801519239921
29,9,13,Skai Jackson,28.9998,0.21851265523252403,0.17806882438407085,0.01677769148417268,0.6320018534672992
29,10,7,Johnny Weir,28.5,0.03021842594641964,0.017664943222701283,0.0008707994872469557,0.13930328069948555
29,10,8,Justina Machado,29.0,0.12042842737229359,0.07555366935604552,0.004400516350627219,0.4614549682270311
29,10,9,Kaitlyn Bristowe,30.0,0.36026242139823605,0.32121544103598776,0.03443845965419145,0.8603992150688071
29,10,11,Nelly,28.0,0.06803483071608984,0.023033738575449443,0.00022314115888638316,0.37603254354977284
29,10,12,Nev Schulman,30.0,0.35304844955726844,0.310820089862716,0.034256400616280616,0.8644159160083009
29,10,13,Skai Jackson,28.5,0.06800744500969248,0.035495299895182506,0.001057824659524708,0.30440455692240975
29,11,8,Justina Machado,30.0,0.35523755889993597,0.31606002983613635,0.041296615060474974,0.8181336779687083
29,11,9,Kaitlyn Bristowe,30.0,0.2854190896402766,0.22952553934249081,0.025591100767506238,0.766500717430151
29,11,11,Nelly,28.5,0.07906455004088656,0.02647117162891609,0.00031576295972002066,0.47004239145639914
29,11,12,Nev Schulman,30.0,0.280278801418901,0.23660094306352747,0.024768059641660203,0.7493280747160329
30,1,0,Amanda Kloots,28.0,0.143857529123938,0.10352272481143066,0.014710083924867539,0.47852080251907836
30,1,1,Brian Austin Green,24.0,0.03238436837694882,0.02282074134751443,0.001707555575273726,0.12074071838604908
30,1,2,Christine Chiu,25.0,0.02011353500097232,0.012938718825539458,0.0019293119414094462,0.08930826229514002
30,1,3,Cody Rigsby,24.0,0.10449646969645143,0.07547894118209555,0.004798341692490163,0.3708823547380506
30,1,4,Iman Shumpert,21.0,0.046006639389352746,0.021654184928808457,0.0003909745916293908,0.2184906293672222
30,1,5,Jimmie Allen,22.0,0.025082456811639987,0.01541093599430538,0.0007765725161833555,0.09997703063188107
30,1,6,JoJo Siwa,29.0,0.2023072755304087,0.15133071924184643,0.016552832560202888,0.6805981886329824
30,1,7,Kenya Moore,26.0,0.07116735730597072,0.05280907642151214,0.00762980100551561,0.23967794967585526
30,1,8,Martin Kove,13.0,0.0023134809411693305,0.0006854287508778094,1.6967090771885199e-06,0.014304315634706926
30,1,9,Matt James,24.0,0.03618487747866511,0.02500676295414963,0.002506753015529687,0.1431963020886116
30,1,10,Melanie C,27.0,0.04648397682086486,0.0316973551602419,0.005304163228736506,0.1717316724395324
30,1,11,Melora Hardin,26.0,0.063481435798594,0.04387933561616584,0.007178547421432087,0.22540472430201558
30,1,12,"Mike ""The Miz"" Mizanin",24.0,0.03734980003522019,0.025595393813908844,0.003473592615868716,0.14536911041648803
30,1,13,Olivia Jade,25.0,0.044027213286214124,0.0306168370920381,0.0038194934716460904,0.16404667143205548
30,1,14,Suni Lee,28.0,0.1247435844035896,0.09534186170177594,0.010432573206790245,0.41219957937803436
30,2,0,Amanda Kloots,32.0,0.2538651763989956,0.1983323066167008,0.02495146705180236,0.734366208179739
30,2,1,Brian Austin Green,23.0,0.017022838389181113,0.010284803388671958,0.0003946077136896951,0.07780055746609699
30,2,2,Christine Chiu,24.0,0.009101825244209345,0.00582403625563564,0.00047088070469237793,0.03898244155154936
30,2,3,Cody Rigsby,24.0,0.07194166310981842,0.045612282514617415,0.0013580163310779696,0.2779834486334073
30,2,4,Iman Shumpert,25.0,0.07814324407843916,0.045899356351726414,0.0014860265797711333,0.2979006621763784
30,2,5,Jimmie Allen,27.0,0.06138646034211831,0.040627294118544835,0.0037196472790430504,0.2107919962725275
30,2,6,JoJo Siwa,31.0,0.19308844143965082,0.14230208386905438,0.015618759454788132,0.6331701150207519
30,2,7,Kenya Moore,24.0,0.026050977077403423,0.017123405897120067,0.0009306466636697044,0.09992474461431629
30,2,8,Martin Kove,15.0,0.0029032862623145504,0.000955750742321834,2.6411256837915655e-06,0.017119324110915764
30,2,9,Matt James,22.0,0.015297622052620662,0.008496903703335534,0.00027004802767659317,0.07172308794920843
30,2,10,Melanie C,30.0,0.06550033467711354,0.04302214528665038,0.00657278117700066,0.25446010646728817
30,2,11,Melora Hardin,27.0,0.050224594804459975,0.0329165186022469,0.004326991950023954,0.1857662062087273
30,2,12,"Mike ""The Miz"" Mizanin",26.0,0.040885486408628706,0.02777213528868009,0.0030964767606745827,0.15112045304552818
30,2,13,Olivia Jade,27.0,0.04711146043259988,0.03269579825324919,0.0034792640147335158,0.17752051436226193
30,2,14,Suni Lee,28.0,0.06747658928244653,0.051361138770432996,0.004520356067200952,0.23750210163709704
30,3,0,Amanda Kloots,24.0,0.21434143128734728,0.16923328929138626,0.023041170614465256,0.6566257061224625
30,3,1,Brian Austin Green,19.0,0.011768567349626429,0.005826101868406002,8.696478207728348e-05,0.060887274256245946
30,3,2,Christine Chiu,21.0,0.012856963984562958,0.00816349636382216,0.0007015751711968735,0.05674257292438593
30,3,3,Cody Rigsby,18.0,0.027405977765148835,0.010652205382873658,4.3219450929475726e-05,0.15092553932358294
30,3,4,Iman Shumpert,19.0,0.03825179113639631,0.014127701750262027,9.561416805259534e-05,0.1952918993726861
30,3,5,Jimmie Allen,20.0,0.02459767598900334,0.013827495047197932,0.0004032133336843612,0.10582627395828845
30,3,6,JoJo Siwa,24.0,0.218641223137224,0.1661422099529442,0.018114518143682357,0.6669925124920832
30,3,7,Kenya Moore,21.0,0.03607570815631196,0.024210614623816004,0.0015703931450309668,0.13616916339553847
30,3,9,Matt James,20.0,0.020684194277631494,0.01163645911349957,0.00040207210384034725,0.10040059464521009
30,3,10,Melanie C,22.0,0.02721925714036947,0.019304961089855,0.0025030207740824586,0.09859691212311686
30,3,11,Melora Hardin,23.0,0.10015205901566433,0.06914100471481796,0.010694551279436328,0.3534280957808445
30,3,12,"Mike ""The Miz"" Mizanin",22.0,0.05966277933299537,0.04186170214943968,0.0047584055928631686,0.20543326938034007
30,3,13,Olivia Jade,24.0,0.17545718410801442,0.13188283754508998,0.01813738130680312,0.5569018847042485
30,3,14,Suni Lee,21.0,0.032885187319703836,0.022057815138307367,0.001066291830374114,0.13162200751107098
30,4,0,Amanda Kloots,34.0,0.09994191236718439,0.06923609414506382,0.009475367213395766,0.3732384748598258
30,4,1,Brian Austin Green,26.0,0.006176871604986178,0.0022037282564274343,1.4275634917670283e-05,0.03656074095258841
30,4,3,Cody Rigsby,29.0,0.04692730311747639,0.02559622054274585,0.0003429374434818902,0.21356942926702732
30,4,4,Iman Shumpert,31.5,0.0853026892779889,0.05281475033707336,0.0017176745677109431,0.31532382511845075
30,4,5,Jimmie Allen,32.5,0.05791090236920804,0.038784517060399315,0.0033161447081300646,0.1991861502984805
30,4,6,JoJo Siwa,35.0,0.15019383652607363,0.10903688036678016,0.013632635482469718,0.5403670060968948
30,4,7,Kenya Moore,29.5,0.01953633435053231,0.011146916048158408,0.00044242715430905914,0.08698971373720048
30,4,9,Matt James,28.5,0.01343494528108387,0.006741248659115625,0.00015690367504986338,0.06622872788852592
30,4,10,Melanie C,33.0,0.028592172301040938,0.019253444010902447,0.0029415713687143577,0.10770620040006851
30,4,11,Melora Hardin,36.5,0.24025928975028732,0.18616572964646316,0.020620379916207257,0.7031174903745332
30,4,12,"Mike ""The Miz"" Mizanin",32.5,0.049958325941651095,0.035280686876751746,0.0046187782436977074,0.17234836790746183
30,4,13,Olivia Jade,35.0,0.11785582533132052,0.08734799969740663,0.012910320569518047,0.37660517798616217
30,4,14,Suni Lee,34.0,0.08390959178116647,0.0653573226274566,0.007184299321549738,0.2676892023465847
30,5,0,Amanda Kloots,39.0,0.2230811511371588,0.17444818777511117,0.02438703706954818,0.6668254496984407
30,5,3,Cody Rigsby,32.0,0.0625205614430153,0.03505075657505712,0.0004665941374057705,0.27350947304715695
30,5,4,Iman Shumpert,28.0,0.024704459967393472,0.005956616220742627,1.3608284560525938e-05,0.15516986979429287
30,5,5,Jimmie Allen,34.0,0.04327280832400623,0.02699957980622826,0.0012518365690770176,0.1632763629433419
30,5,6,JoJo Siwa,40.0,0.32123322163164464,0.2738587527947999,0.025703575458188105,0.8378917428045978
30,5,7,Kenya Moore,36.0,0.07362914942135107,0.054604750611842695,0.005718334816308934,0.24551601576997664
30,5,10,Melanie C,36.0,0.03251281604104264,0.023477615963774144,0.0030007815990964553,0.11528886978068383
30,5,11,Melora Hardin,36.0,0.06652594278166278,0.043539331996080524,0.005406574777552628,0.24706918075610018
30,5,12,"Mike ""The Miz"" Mizanin",32.0,0.021596281705228555,0.011920973480828517,0.000447728284973409,0.10444695104138642
30,5,13,Olivia Jade,36.0,0.06265058845628681,0.04248453825624483,0.004528279184983105,0.23297230107861128
30,5,14,Suni Lee,36.0,0.06827301909120972,0.05223136538433926,0.0033427773876573176,0.2576225203756065
30,6,0,Amanda Kloots,38.0,0.09462501031151128,0.060716553929040434,0.00762979096543665,0.3799545153108243
30,6,3,Cody Rigsby,36.0,0.0967104342548014,0.06527619558153026,0.0024265796266976997,0.3718098226576748
30,6,4,Iman Shumpert,40.0,0.3749540407948685,0.35292650258867525,0.04313330425740339,0.82702716129572
30,6,5,Jimmie Allen,38.0,0.09163659545924142,0.06561674231642045,0.007282714147395952,0.29875496729736334
30,6,6,JoJo Siwa,40.0,0.23819880951659966,0.17802672693374194,0.01613825103021886,0.7821387439182151
30,6,7,Kenya Moore,32.0,0.009388034585534956,0.0033787881678223556,4.195944446566711e-05,0.053958370242988336
30,6,11,Melora Hardin,34.0,0.015497942576381563,0.007212365953679726,0.0002549011183054541,0.0851083595323968
30,6,12,"Mike ""The Miz"" Mizanin",34.0,0.01621180974584761,0.008509782410404978,0.00038900356279218565,0.0783684893953102
30,6,13,Olivia Jade,36.0,0.030335706343502463,0.019185748919841206,0.0013254011164404802,0.12709531942504476
30,6,14,Suni Lee,36.0,0.03244161641171112,0.021989838115237643,0.0013020416511646956,0.1235872601135827
30,7,0,Amanda Kloots,34.0,0.031032536803212492,0.013207085032619074,0.0003700014781112341,0.17944691359516046
30,7,3,Cody Rigsby,36.0,0.12844653746397725,0.08886663332911551,0.0032229197517082693,0.4582837449882026
30,7,4,Iman Shumpert,34.0,0.06490165006257803,0.03087857900639255,0.00034655005603831114,0.306958168009837
30,7,5,Jimmie Allen,38.0,0.10517595077927858,0.07356774534151014,0.00612102233493932,0.34457425880186493
30,7,6,JoJo Siwa,39.0,0.15083950777751742,0.10704698043568442,0.013041782590949442,0.5236641180725233
30,7,11,Melora Hardin,38.0,0.08835233170341515,0.05672569938545133,0.007666962469655537,0.3339547615932346
30,7,12,"Mike ""The Miz"" Mizanin",32.0,0.01446845424114467,0.006573837440762235,9.040767127405524e-05,0.07533344353847828
30,7,13,Olivia Jade,42.0,0.3932834395370037,0.3566349391617726,0.033718593284061446,0.9031115247027088
30,7,14,Suni Lee,34.0,0.02349959163187278,0.013794440637110845,0.00030386388015771453,0.10141117382086653
30,8,0,Amanda Kloots,42.0,0.20986820361217395,0.16429518178221203,0.024147834518401433,0.6270858359391529
30,8,3,Cody Rigsby,38.0,0.15208998550625305,0.11489667961616903,0.00636618303644128,0.49057514591232787
30,8,4,Iman Shumpert,35.0,0.06647308504929628,0.03101434833852167,0.0005763776359584725,0.31542643044694113
30,8,5,Jimmie Allen,32.0,0.014857081830897243,0.0058170603567670644,8.075606840659351e-05,0.08271299984178747
30,8,6,JoJo Siwa,41.0,0.15968185275947502,0.11649602644676549,0.013909796001601056,0.5759638635728501
30,8,11,Melora Hardin,42.0,0.1827807244444791,0.14136765295634574,0.017435746927319726,0.5524905518227238
30,8,13,Olivia Jade,36.0,0.028706308437237746,0.016702061173408105,0.0010602007222364075,0.1234091217288895
30,8,14,Suni Lee,42.0,0.18554275836018758,0.1420456663852604,0.018807077988094386,0.5614343624360503
30,9,0,Amanda Kloots,39.5,0.28009030658838013,0.224150605812593,0.031674878462152556,0.7826903226555266
30,9,3,Cody Rigsby,35.5,0.06785632525405026,0.034840890534764205,0.00025768992095632923,0.3186029691546243
30,9,4,Iman Shumpert,37.5,0.16153557770600688,0.10916282326328028,0.0027807769174900913,0.550649735570649
30,9,6,JoJo Siwa,40.0,0.3957831544857427,0.35314452704375193,0.031166734809993532,0.915030152388902
30,9,11,Melora Hardin,36.0,0.027915848972526195,0.013466630214794974,0.0004496257761213235,0.1476456520935633
30,9,14,Suni Lee,37.5,0.06681878699329387,0.0476849657504044,0.0025208146438117206,0.24516616710574984
30,10,0,Amanda Kloots,39.0,0.09098306058772479,0.05465504252489493,0.0045018003182015895,0.3960822037633238
30,10,3,Cody Rigsby,38.0,0.07395413957193138,0.03800793189103772,0.0004005724333809933,0.3626591982488634
30,10,4,Iman Shumpert,40.0,0.5115949091453768,0.5219254133911319,0.06243850784836451,0.9267847166102684
30,10,6,JoJo Siwa,40.0,0.32346789069496706,0.26734059852047576,0.023170699143991048,0.882684747761339
31,1,0,Charli D'Amelio,32.0,0.2808833896587344,0.23013591062051175,0.027741086311255582,0.7880509357783837
31,1,1,Cheryl Ladd,21.0,0.012012271578413546,0.007673028068517156,0.00030497794438258884,0.05040303353968639
31,1,2,Daniel Durant,27.0,0.06398574881524677,0.043672716449870086,0.005929943939374096,0.23239619273254786
31,1,3,Gabby Windey,28.0,0.10674134928244779,0.08279066211265082,0.011458532806675794,0.34407135579462333
31,1,4,Heidi D'Amelio,24.0,0.026108340000737796,0.01658443538609803,0.0018723545913105599,0.10024172192760139
31,1,5,Jason Lewis,18.0,0.004568991835849273,0.0023943170037335985,5.213987570782438e-05,0.019509033540676058
31,1,6,Jessie James Decker,20.0,0.010378427924874088,0.005994668355240535,0.00016274146973245974,0.04921960613276215
31,1,7,Jordin Sparks,26.0,0.044289846198331276,0.029949717004862954,0.004044662996835783,0.15490258377599903
31,1,8,Joseph Baena,23.0,0.03807767821874369,0.023152039685258554,0.0008116139212312045,0.15882988367661222
31,1,9,Sam Champion,20.0,0.013148727555386515,0.00781707608698383,0.00023822099808394314,0.06966308361712861
31,1,10,Selma Blair,28.0,0.10007697341851189,0.0692838875218112,0.008161385257468796,0.3679049014478652
31,1,11,Shangela,28.0,0.09324436178253437,0.0688096499953699,0.008472500005759722,0.3721265994050933
31,1,12,Teresa Giudice,20.0,0.008371116068595827,0.005219746833788084,0.00018356163195609726,0.03165014805383071
31,1,13,Trevor Donovan,21.0,0.026544926469639404,0.013198980116051643,0.0004251066451561178,0.11734014885514191
31,1,14,Vinny Guadagnino,17.0,0.01807958437844236,0.007466628967504937,3.569708996813856e-05,0.08320947168883974
31,1,15,Wayne Brady,29.0,0.153488266813511,0.11706196030278646,0.018509602693191872,0.48799526416034705
31,2,0,Charli D'Amelio,32.0,0.17110362360342757,0.1247436930131279,0.015302235428399348,0.5621224062759327
31,2,1,Cheryl Ladd,21.0,0.0040196189283252855,0.0015378337858272472,1.3582845475934182e-05,0.02062840473873644
31,2,2,Daniel Durant,29.0,0.050189715630941975,0.03453939001915535,0.004829858586409877,0.19153855535179987
31,2,3,Gabby Windey,32.0,0.1977647263627135,0.15411280683622397,0.025113102604737838,0.6084895031880644
31,2,4,Heidi D'Amelio,28.0,0.03104433244259588,0.020249241823974588,0.002550835190659172,0.12274634152597326
31,2,6,Jessie James Decker,25.0,0.01189037982727781,0.007316681739993881,0.00024002599799584598,0.05190708935830219
31,2,7,Jordin Sparks,27.0,0.02370074287512279,0.014855345397569955,0.00123943538660112,0.09064464917263494
31,2,8,Joseph Baena,24.0,0.01831213369471775,0.008475810291536177,0.00012936744375021824,0.10319799817505299
31,2,9,Sam Champion,26.0,0.01994540165140454,0.013080646928532804,0.0007702441404855019,0.08830896681656021
31,2,10,Selma Blair,28.0,0.046703903081725825,0.0266493438691445,0.0023577630025008608,0.2258399160635106
31,2,11,Shangela,28.0,0.04199939907109172,0.026566491327993443,0.0027444731032448375,0.1838904276964757
31,2,12,Teresa Giudice,23.0,0.005442428532723965,0.002978694261355457,6.16083500541433e-05,0.02167339940561866
31,2,13,Trevor Donovan,30.0,0.10818050267592628,0.0780183513509575,0.011850316782232969,0.37514604881506314
31,2,14,Vinny Guadagnino,27.0,0.06063983652279251,0.04289663110692395,0.0010946272594927068,0.2247627770870948
31,2,15,Wayne Brady,32.0,0.20906325509921259,0.16781760331010367,0.02698043082606379,0.6280355334820981
31,3,0,Charli D'Amelio,33.0,0.16757167672407125,0.12384441919425213,0.015543428140321005,0.5430646060706166
31,3,1,Cheryl Ladd,24.0,0.0070397973650102325,0.0035524893733440816,6.95055499698059e-05,0.0321162874343407
31,3,2,Daniel Durant,31.0,0.07158372829091222,0.051095150928772363,0.008514389747223895,0.2515965111813145
31,3,3,Gabby Windey,33.0,0.1923715237997688,0.15251297699686864,0.024848036138198967,0.5845772654703649
31,3,4,Heidi D'Amelio,32.0,0.09283586598480412,0.06995819584071054,0.010731114541995717,0.3456877430849752
31,3,6,Jessie James Decker,26.0,0.012590955533062071,0.007711578420330283,0.00025718807452916766,0.05356162015353186
31,3,7,Jordin Sparks,29.0,0.033359629648408565,0.023086369753905052,0.002507278293855943,0.11971629777398216
31,3,8,Joseph Baena,29.0,0.05701922406526614,0.03742068397404101,0.002225799712787047,0.20819753965608953
31,3,9,Sam Champion,25.0,0.012191898573942931,0.006876131248348084,0.00019067753185183695,0.06900542217632409
31,3,10,Selma Blair,28.0,0.0370651499731802,0.019468903780221418,0.0012283801925127812,0.18937845789267713
31,3,11,Shangela,30.0,0.05934349401666375,0.03960747716495377,0.0043174087349279805,0.2374574983638589
31,3,13,Trevor Donovan,27.0,0.033772044220941336,0.017875931497629356,0.0009393469914087177,0.1439017703431153
31,3,14,Vinny Guadagnino,23.0,0.018328938481184522,0.007307184875346456,3.27777117750814e-05,0.08298024960937124
31,3,15,Wayne Brady,33.0,0.20492607332278387,0.16384558531473964,0.026636454068189704,0.6012218845570557
31,4,0,Charli D'Amelio,36.0,0.1799985350164785,0.13812496452269657,0.01701906319955137,0.5959832817384735
31,4,2,Daniel Durant,29.0,0.018982617151343025,0.00956702479134321,0.0004366678823726762,0.08679652892845918
31,4,3,Gabby Windey,36.0,0.20715832722376695,0.1651724428754928,0.02504107220031493,0.6191158782994935
31,4,4,Heidi D'Amelio,34.0,0.07162396672040533,0.05272323661273441,0.007764947960528054,0.2776654066403898
31,4,6,Jessie James Decker,31.0,0.026596244579704983,0.017626891254357693,0.0013322794893204045,0.10450624025910984
31,4,7,Jordin Sparks,34.0,0.07271877375508672,0.05066621429734916,0.008551896190770274,0.2440810075396572
31,4,8,Joseph Baena,28.0,0.022990192249857194,0.011212868911817962,0.00017712101609199853,0.12577752499332615
31,4,9,Sam Champion,25.0,0.00715728577523094,0.003090263656346684,2.7298764480803235e-05,0.04989800386337591
31,4,10,Selma Blair,32.0,0.05458441756060558,0.03179854373281629,0.0028387546071264665,0.25462936223109006
31,4,11,Shangela,32.0,0.049014586061994804,0.03201721636646476,0.003273612479953139,0.2083626115886048
31,4,13,Trevor Donovan,28.0,0.023824734095038585,0.010676734309178586,0.00030838662945269695,0.11215169692401031
31,4,14,Vinny Guadagnino,29.0,0.043894894835324355,0.02596729553728796,0.00037926937047415196,0.17108057961581874
31,4,15,Wayne Brady,36.0,0.22145542497516305,0.1779066469777872,0.029495046252427617,0.6346889820939295
31,5,0,Charli D'Amelio,42.0,0.22752662218086597,0.1796729175235987,0.02433960258011573,0.6792169967843248
31,5,2,Daniel Durant,33.5,0.01421210979026593,0.006262703202590486,0.00016478897434777577,0.06852176187798606
31,5,3,Gabby Windey,41.0,0.1812556533067968,0.1470907082461275,0.024236824279407192,0.5339687042115645
31,5,4,Heidi D'Amelio,39.0,0.06068033990148302,0.04380544505585228,0.006453236076565295,0.2325453092689117
31,5,6,Jessie James Decker,36.0,0.022289535645704926,0.014277170514033367,0.0008142362054227565,0.09160785421909554
31,5,7,Jordin Sparks,35.5,0.02091623339762756,0.012017223955716347,0.0006746529548357593,0.08247045126299607
31,5,8,Joseph Baena,35.0,0.032158131528934056,0.017569755824623605,0.000425696240672866,0.15678943623822258
31,5,10,Selma Blair,40.0,0.11683843798466324,0.08389329693823509,0.010068002621841102,0.41737660619018424
31,5,11,Shangela,38.5,0.06648204366223981,0.045342940712935965,0.0051719126643398295,0.2719397629123168
31,5,13,Trevor Donovan,36.0,0.043439797071389084,0.024649546062891693,0.0013988388421764014,0.18588018192641997
31,5,14,Vinny Guadagnino,31.0,0.0178895501065577,0.006686063431247714,2.4617802795819315e-05,0.08172126384583558
31,5,15,Wayne Brady,41.0,0.1963115454234719,0.15601646855092627,0.02584091851835413,0.5893794466826612
31,6,0,Charli D'Amelio,40.0,0.41829731971396084,0.38699268158782274,0.0556934017772009,0.9012023948882975
31,6,2,Daniel Durant,34.0,0.04410788779682449,0.026768728767530656,0.0015753288056103603,0.19061462863579082
31,6,3,Gabby Windey,37.0,0.15662168569911825,0.12359627847477489,0.014290986820559418,0.4812317211649845
31,6,4,Heidi D'Amelio,36.0,0.07387978976422084,0.0516522672945759,0.007471777764321416,0.2785640363844017
31,6,6,Jessie James Decker,32.0,0.01875764956153975,0.011327243007970307,0.0003461439575746048,0.07814911265603625
31,6,7,Jordin Sparks,34.0,0.037999527427305814,0.024939364020408757,0.0017121801993691067,0.14724079557458067
31,6,11,Shangela,36.0,0.0959129031515281,0.06513965131500718,0.0067763245227819065,0.37271930140476206
31,6,13,Trevor Donovan,34.0,0.06802011367094657,0.041211314754597723,0.0020996035098376858,0.29399221668092906
31,6,14,Vinny Guadagnino,28.0,0.019967946265842012,0.0065147215293761135,1.3884285152181266e-05,0.09698836226184947
31,6,15,Wayne Brady,34.0,0.06643517694871333,0.040085913898191716,0.0021850583292362335,0.28234382136301933
31,7,0,Charli D'Amelio,39.0,0.24530038449514555,0.18857566323889313,0.0215965621320188,0.7031267584914855
31,7,2,Daniel Durant,36.5,0.06363730651790844,0.04212496193852223,0.004051439340386963,0.2615413637491615
31,7,3,Gabby Windey,35.5,0.05345108549553523,0.03507104047877123,0.002124988819754473,0.22783819599371277
31,7,4,Heidi D'Amelio,35.0,0.027354010062435936,0.016159249869055228,0.0010964909389760164,0.11406819511247301
31,7,7,Jordin Sparks,34.5,0.024300276704771466,0.013093562400156696,0.0006658923157485303,0.09902428528410596
31,7,11,Shangela,36.5,0.07213997447900523,0.04712837580218285,0.00487422991580086,0.2830364935286409
31,7,13,Trevor Donovan,39.0,0.30800391051320236,0.2705286068431527,0.03705438794570922,0.7833434453886647
31,7,14,Vinny Guadagnino,31.5,0.02178083808546592,0.00775036064163967,3.05201968876875e-05,0.10378723523265454
31,7,15,Wayne Brady,38.0,0.18403221364652989,0.14549486602659129,0.020080257671076292,0.5687623561131961
31,8,0,Charli D'Amelio,45.0,0.2594626756852846,0.20797120534628596,0.02426384889501739,0.7336361292863526
31,8,2,Daniel Durant,39.0,0.06040891561661631,0.039544389906934076,0.004015155453044752,0.2324410119649783
31,8,3,Gabby Windey,40.0,0.09740898165167182,0.06953202718442028,0.007161672740073949,0.34572270101133973
31,8,4,Heidi D'Amelio,35.0,0.02332615575421462,0.013381334110012102,0.0006989869212071164,0.0977545458828581
31,8,11,Shangela,42.0,0.1293886145694433,0.09607879337901776,0.011420263238021163,0.4625879206446496
31,8,13,Trevor Donovan,39.0,0.09313116501588682,0.06451012936361732,0.005892820070451441,0.35424928643365505
31,8,14,Vinny Guadagnino,29.0,0.02502110693701939,0.00931752586464592,3.606369603812239e-05,0.12009921050859505
31,8,15,Wayne Brady,45.0,0.31185238476986316,0.2652176275951523,0.04959189514908277,0.7948982238426151
31,9,0,Charli D'Amelio,40.0,0.3343221032232075,0.2926793309964468,0.03738295687023831,0.8014779987761196
31,9,2,Daniel Durant,34.5,0.040112210901778425,0.021288500016456928,0.0007265965274551371,0.166740387638463
31,9,3,Gabby Windey,40.0,0.38401684653062124,0.3520144097954936,0.06141069123260011,0.8624261308562684
31,9,11,Shangela,36.5,0.08983605952319332,0.05576957905958656,0.004393961579158076,0.38484469831945156
31,9,13,Trevor Donovan,32.5,0.035890603748564474,0.013029883638071418,0.00019026198831162785,0.18796862417465973
31,9,15,Wayne Brady,36.5,0.11582217607263509,0.07460984340173632,0.005493950430404444,0.434201745432877
31,10,0,Charli D'Amelio,40.0,0.3974940837992659,0.3761704097397909,0.046789800083508276,0.8690783822130562
31,10,3,Gabby Windey,40.0,0.45586793194314823,0.43661713724680096,0.08253071506079411,0.9027516310874756
31,10,11,Shangela,38.0,0.0631013761486122,0.028076283635820175,0.0009677672335162273,0.30207671494977567
31,10,15,Wayne Brady,38.0,0.0835366081089737,0.04092560675304341,0.0011027219060123102,0.38296875059227514
32,1,0,Adrian Peterson,18.0,0.03597280656217776,0.023223467922465296,0.0023698917289808347,0.14529469174085835
32,1,1,Alyson Hannigan,13.0,0.031272013757020836,0.015529979999100687,0.00023614128570915592,0.1449072169330628
32,1,2,Ariana Madix,21.0,0.1848304646283367,0.14845669584531687,0.028385984432019326,0.5640536026287497
32,1,3,Barry Williams,16.0,0.037017170555433354,0.023712393647382084,0.001128604641408431,0.1526960998512851
32,1,4,Charity Lawson,22.0,0.28437284251542855,0.2444125713464506,0.031678943025621124,0.7542174212333791
32,1,5,Harry Jowsey,12.0,0.027022308417615635,0.010373644290432244,7.697487286182734e-05,0.13131685790982453
32,1,6,Jamie Lynn Spears,15.0,0.012146819851461831,0.0074397798099528935,0.000580539447156736,0.05378978053118732
32,1,7,Jason Mraz,21.0,0.19613352592802927,0.15910793625628591,0.020890251097271918,0.5878859403707205
32,1,8,Lele Pons,19.0,0.05249171433151173,0.03071472751933415,0.004739154581974635,0.23788529335335862
32,1,9,Matt Walsh,12.0,0.006023146834595158,0.0027631275724781384,5.8473448646340945e-05,0.026724176946252454
32,1,10,Mauricio Umansky,15.0,0.02331910435438357,0.014868055116452577,0.0006347915370381462,0.09794244845712395
32,1,11,Mira Sorvino,17.0,0.025575850735409307,0.016535869973449812,0.0014469458424236999,0.09854295324932308
32,1,12,Tyson Beckford,12.0,0.008409402019680897,0.0037489978430253115,8.234047987055603e-05,0.04290912104273437
32,1,13,Xochitl Gomez,18.0,0.0754128295089154,0.04374606992599556,0.004516632041195621,0.29864879297080715
32,2,0,Adrian Peterson,15.0,0.008775233056910105,0.004487102277487133,0.00016075390362913603,0.04117634966829733
32,2,1,Alyson Hannigan,19.0,0.09413911757032446,0.0631788001652674,0.003999085873619534,0.34438726761908883
32,2,2,Ariana Madix,20.0,0.072598139682868,0.0487413475431772,0.005857673879129121,0.30504591705026607
32,2,3,Barry Williams,15.0,0.018817455012768713,0.009228544189214186,0.0001909542003577385,0.08639912811372973
32,2,4,Charity Lawson,21.0,0.10781404669393649,0.07670004457843096,0.00979080754418451,0.3408828150200609
32,2,5,Harry Jowsey,15.0,0.035557815704863674,0.01612150187724891,0.00023110614928606113,0.1669735956684209
32,2,6,Jamie Lynn Spears,16.0,0.009714101901849957,0.005995699163548817,0.00032056914763818584,0.04152426927818232
32,2,7,Jason Mraz,24.0,0.28214498354171064,0.23573334639906246,0.029039564778369022,0.7317390365934789
32,2,8,Lele Pons,21.0,0.0532918870537647,0.03213161522754029,0.005023676681588278,0.23576522543102582
32,2,10,Mauricio Umansky,12.0,0.008016536697226772,0.0029756134387393055,2.278424986295396e-05,0.04661431785030295
32,2,11,Mira Sorvino,18.0,0.020379469834263628,0.012735248159378503,0.0009744909375251294,0.08809205727630327
32,2,12,Tyson Beckford,18.0,0.0248064274159284,0.01702769065593651,0.0015252454024422435,0.09385288456679104
32,2,13,Xochitl Gomez,24.0,0.26394478583358444,0.22337414162053024,0.01625675200527179,0.7167160623089623
32,3,0,Adrian Peterson,22.0,0.008132738348157071,0.003987764963125081,0.0001282874833210667,0.03842423540490125
32,3,1,Alyson Hannigan,24.0,0.04533812711559384,0.0265248106173542,0.0006046279030763104,0.19020195525124511
32,3,2,Ariana Madix,34.0,0.24025488460051753,0.1980374775234957,0.032959274787233865,0.6545677358103459
32,3,3,Barry Williams,25.0,0.030091006608251175,0.017720373268126498,0.0006632009062213605,0.1243823805066902
32,3,4,Charity Lawson,32.0,0.15867967988714402,0.12198335416872172,0.017431559794139323,0.4798423471901216
32,3,5,Harry Jowsey,24.0,0.04714031145805579,0.024085005270250114,0.0004965632546846845,0.19725101923269633
32,3,7,Jason Mraz,34.0,0.25270995156186465,0.2118016712654333,0.028825416478784574,0.687195750167356
32,3,8,Lele Pons,27.0,0.023428259696042206,0.013791222553255305,0.0014549408021697517,0.1106669647321493
32,3,10,Mauricio Umansky,23.0,0.016940121398850965,0.009716970154189647,0.00025869419717319375,0.07241472748330068
32,3,11,Mira Sorvino,26.0,0.018591449425952422,0.011486748501111376,0.000812117957683251,0.07947580019346831
32,3,12,Tyson Beckford,20.0,0.007566947860380794,0.0031754131282895988,6.534080122362902e-05,0.0401864776949778
32,3,13,Xochitl Gomez,32.0,0.1511265220391895,0.11578660264803131,0.012236049487859965,0.4829806983889289
32,4,0,Adrian Peterson,21.0,0.01834187865817878,0.010646160719977848,0.0006803072880246691,0.0755913249987444
32,4,1,Alyson Hannigan,18.0,0.027085800269958864,0.012286287083708039,9.180271956465505e-05,0.13466208094071783
32,4,2,Ariana Madix,25.0,0.17223695179964252,0.13184327399460746,0.021482731666134215,0.5459912852830219
32,4,3,Barry Williams,18.0,0.015224427114028528,0.0063652567737163615,6.097039580937108e-05,0.07624970799730671
32,4,4,Charity Lawson,24.0,0.1250552150944974,0.08923527527000731,0.01158617502771091,0.39380266436402683
32,4,5,Harry Jowsey,21.0,0.06799217805243105,0.03982768807516986,0.0011082605618987662,0.25624360573763366
32,4,7,Jason Mraz,24.0,0.12531209731583437,0.09130455708454202,0.009409672880242661,0.4519151846167336
32,4,8,Lele Pons,22.0,0.027456919859001012,0.016172155942343766,0.0016790638952957784,0.12939746169670666
32,4,10,Mauricio Umansky,19.0,0.016323266106026954,0.008907810800267073,0.00019366992653477744,0.07704544824430938
32,4,11,Mira Sorvino,21.0,0.0188963570139023,0.011196722960556793,0.0006695270152624778,0.08447349994977786
32,4,13,Xochitl Gomez,27.0,0.3860749087164983,0.35787264237180283,0.019335049276958664,0.8740779454787981
32,5,1,Alyson Hannigan,21.0,0.04169467742751746,0.02299233445573421,0.00041768591589155536,0.18871445058634334
32,5,2,Ariana Madix,24.0,0.06014108047294884,0.03694789182487551,0.0035282666535745417,0.2670572416672272
32,5,3,Barry Williams,24.0,0.05689207381600853,0.039164273580992885,0.0026465532444721984,0.2108585699003048
32,5,4,Charity Lawson,28.0,0.27965250834104993,0.24084672025261505,0.032596452209057734,0.7417978038543965
32,5,5,Harry Jowsey,18.0,0.021190836678711186,0.006432240961721855,2.6672291174346524e-05,0.11978348060164277
32,5,7,Jason Mraz,27.0,0.18830435261057418,0.15526427828236355,0.01726493106998927,0.5707068397483648
32,5,8,Lele Pons,24.0,0.030415462303535565,0.018295820001218363,0.0022451016064225573,0.14401004309320936
32,5,10,Mauricio Umansky,24.0,0.047399341971678194,0.03459721565894871,0.002657803875114904,0.1584685128280081
32,5,11,Mira Sorvino,22.0,0.01540698679260027,0.00876524307484971,0.00046923887487481194,0.07319496000930514
32,5,13,Xochitl Gomez,28.0,0.25890267958537583,0.21741139607567783,0.01663340382124924,0.7031653813712658
32,6,1,Alyson Hannigan,31.0,0.04182648879421236,0.02320045852691932,0.0003638488769340153,0.18476925905142721
32,6,2,Ariana Madix,41.0,0.23984690569355485,0.19438226209431042,0.03230343358420565,0.6758059120611377
32,6,3,Barry Williams,32.0,0.028277954305834033,0.015075483369334008,0.0004450931117213987,0.12085715385392365
32,6,4,Charity Lawson,38.0,0.12102403439001921,0.08731485094502425,0.012074333656387326,0.37216126019977086
32,6,5,Harry Jowsey,29.0,0.031672820366491286,0.011947959868044492,0.00010162606109866932,0.1767690815389678
32,6,7,Jason Mraz,39.0,0.15331407597742167,0.1192103024925773,0.013925675824145452,0.507192972815039
32,6,8,Lele Pons,37.0,0.045870629406543,0.027351107285523625,0.003833153456677319,0.20197839899746745
32,6,10,Mauricio Umansky,33.0,0.028243085346725233,0.01866555296080765,0.000925601016319009,0.11759915671012326
32,6,13,Xochitl Gomez,42.0,0.3099240057191983,0.2693356529993636,0.020479313771446662,0.7668890389914087
32,7,1,Alyson Hannigan,35.0,0.11776869168534605,0.0814629168281136,0.006855740441048005,0.41428538135383014
32,7,2,Ariana Madix,37.0,0.23145150753926494,0.18856345931878218,0.034242520727966935,0.6763402832344644
32,7,3,Barry Williams,32.5,0.0197351453232484,0.008973057304492833,0.00019039115369977506,0.09844468331513631
32,7,4,Charity Lawson,36.0,0.13605803190054958,0.0998701285631905,0.01499634375166536,0.4255906849843054
32,7,5,Harry Jowsey,32.0,0.03149757587986397,0.011679805651928122,0.00011163782776377842,0.189692913308735
32,7,7,Jason Mraz,36.0,0.13524200837379788,0.0996204191514474,0.011644093280664378,0.4545726775821626
32,7,8,Lele Pons,36.5,0.09632126481709055,0.06151998089889618,0.009153341793893297,0.3868397543714294
32,7,13,Xochitl Gomez,37.0,0.23192577448083865,0.18698293647956196,0.018973743617039837,0.6348688326119024
32,8,1,Alyson Hannigan,36.0,0.12912821598915772,0.09541086992385922,0.00626631358895938,0.43878471505858885
32,8,2,Ariana Madix,42.0,0.34959555309486845,0.3127094281942894,0.05031142258389477,0.8443622604434342
32,8,3,Barry Williams,35.0,0.05790352401807807,0.039970314421121825,0.002509199102589043,0.2077400784927261
32,8,4,Charity Lawson,39.0,0.17545657750712418,0.13044861407314265,0.02022008120197926,0.535756677144766
32,8,5,Harry Jowsey,28.0,0.030337625708032365,0.010449763638738976,6.815712672764282e-05,0.1891273945164995
32,8,7,Jason Mraz,33.0,0.04724235933525621,0.02296267156560248,0.0010717902420472375,0.2152329901943783
32,8,13,Xochitl Gomez,40.0,0.21033614434748296,0.17060688204920804,0.017531615339931472,0.607723031951303
32,9,1,Alyson Hannigan,32.0,0.0616317067016889,0.034483027389058854,0.0006894012166853327,0.26767817028123464
32,9,2,Ariana Madix,37.0,0.09533554195911151,0.06444215022506232,0.006305997441468113,0.3734025485243958
32,9,4,Charity Lawson,38.0,0.1303339067059371,0.08926411120497912,0.009046007984533484,0.4148266948948533
32,9,5,Harry Jowsey,30.0,0.04498721192349793,0.018991471008869214,0.0001988798901482866,0.2324199615816689
32,9,7,Jason Mraz,43.0,0.41788820753392036,0.38490219322365904,0.052482868196583356,0.8776692137765331
32,9,13,Xochitl Gomez,41.0,0.2498234251758441,0.20332688140259148,0.018662718955663158,0.7054124422561808
32,10,1,Alyson Hannigan,25.5,0.04124537997181152,0.018063966681465315,0.00016233042871514176,0.2026232938598212
32,10,2,Ariana Madix,29.0,0.18017463758618799,0.13754466084633415,0.01999452598837356,0.5614207702989247
32,10,4,Charity Lawson,29.5,0.27655559080600434,0.22601741176067253,0.032552180720231354,0.6886361431098347
32,10,7,Jason Mraz,28.5,0.14145020789373383,0.10082724627961626,0.008316700949142422,0.4817929680628855
32,10,13,Xochitl Gomez,30.0,0.3605741837422623,0.3249392430926624,0.03082838412878847,0.8163649189959493
32,11,1,Alyson Hannigan,26.5,0.04006280123792587,0.017500237943313353,0.00017756958524289907,0.19856900150932902
32,11,2,Ariana Madix,29.5,0.18221575306988522,0.139499370042222,0.02170621569481926,0.566832045206792
32,11,4,Charity Lawson,29.5,0.19985480529323169,0.15191498725805958,0.022528451742523246,0.5572666525064576
32,11,7,Jason Mraz,30.0,0.2945754156860572,0.25631812343295035,0.03592737294019699,0.7448149996434043
32,11,13,Xochitl Gomez,30.0,0.2832912247129,0.24205717217003422,0.02228960500562019,0.7320143281770202
33,1,0,Anna Delvey,18.0,0.012246218973270686,0.007226204612097447,0.00046043791832990605,0.05254639549655698
33,1,1,Brooks Nader,18.0,0.015489918432014381,0.007964449776679348,0.00039027769119405394,0.0798329324336846
33,1,2,Chandler Kinney,23.0,0.3105274823587883,0.2528988745684771,0.0294549707875596,0.8170887556678305
33,1,3,Danny Amendola,20.0,0.07448668796659817,0.04673616979382565,0.0035329429340158415,0.3000304699732591
33,1,4,Dwight Howard ,22.0,0.21471884558245447,0.17876854610681545,0.025586374635863933,0.607243320323587
33,1,5,Eric Roberts,15.0,0.006203558621570594,0.0024650541935636837,1.6015137137331217e-05,0.02891464975397891
33,1,6,Ilona Maher,18.0,0.04434677522231767,0.020391986250827263,0.0005870996358396264,0.23773893045036898
33,1,7,Jenn Tran,19.0,0.025719041854091757,0.015397608255942743,0.0012297170616619667,0.12048905729921172
33,1,8,Joey Graziadei,21.0,0.11183281199370088,0.07821297602463363,0.009454470950973412,0.40641606091372023
33,1,9,Phaedra Parks,19.0,0.03343306883552061,0.01823130193708055,0.0016023409896879918,0.1682440781574039
33,1,10,Reginald VelJohnson,16.0,0.015212727034073155,0.006635150557681404,6.736156038721518e-05,0.0749043537529249
33,1,11,Stephen Nedoroscik,21.0,0.12762894547961362,0.09413148954318365,0.008982194166748628,0.41389632082307565
33,1,12,Tori Spelling,17.0,0.008153917645985723,0.00428143613854488,0.0001318986353806066,0.03907056004210412
33,2,0,Anna Delvey,17.0,0.007069322937213681,0.004170751225411707,0.0001731797588386103,0.033439884280380985
33,2,1,Brooks Nader,20.0,0.027903249830892266,0.01694407818813389,0.0017182871512391007,0.12782566221090472
33,2,2,Chandler Kinney,24.0,0.28547401783016685,0.2269964408054343,0.024597714555589605,0.7823021645687912
33,2,3,Danny Amendola,21.0,0.08127813006513493,0.05265517522722703,0.005095962407771528,0.30899863514787607
33,2,4,Dwight Howard ,22.0,0.1384784183008988,0.11016661205409853,0.01301226121590396,0.44052471810511035
33,2,5,Eric Roberts,15.0,0.006247729467316521,0.0026471658587782073,2.4394272432039053e-05,0.02890658042004467
33,2,6,Ilona Maher,21.0,0.10093733589907547,0.06682952180118358,0.00661311162833444,0.377282887546724
33,2,7,Jenn Tran,19.0,0.020363056167271448,0.012160531371673108,0.000966892383327983,0.09632167525239771
33,2,8,Joey Graziadei,22.0,0.11695986042562266,0.08288879310042777,0.010931599891189123,0.41450358105628493
33,2,9,Phaedra Parks,21.0,0.05697577622023281,0.03591666192851935,0.00530860717743748,0.25429390549450664
33,2,10,Reginald VelJohnson,15.0,0.010922333168163578,0.004237328089117297,3.25164039063316e-05,0.05808972778840875
33,2,11,Stephen Nedoroscik,22.0,0.131693170647036,0.0980412410599263,0.010824814847345316,0.42384931307755935
33,2,12,Tori Spelling,19.0,0.015697599040975008,0.009879061498104958,0.0006714841722738207,0.06621511459242102
33,3,1,Brooks Nader,30.5,0.046688849454427035,0.030050671744072523,0.0035248691017584124,0.19936970908551221
33,3,2,Chandler Kinney,34.5,0.25149676453638314,0.19983910137750652,0.02484962553865454,0.6890324743196484
33,3,3,Danny Amendola,30.0,0.07990980518331892,0.04997563967796889,0.0038840477365051436,0.3133857045288462
33,3,4,Dwight Howard ,26.0,0.0395170912893221,0.020250710642519577,0.0006471174318512443,0.18552788376096058
33,3,5,Eric Roberts,23.0,0.010441664954612722,0.005083477881322168,6.865102895119836e-05,0.04476323846331558
33,3,6,Ilona Maher,28.0,0.06708353576975318,0.03550578728880905,0.0016213752079643799,0.31745930169129954
33,3,7,Jenn Tran,31.0,0.060026503400069514,0.038015166783815085,0.005458478091754563,0.2503648402170676
33,3,8,Joey Graziadei,35.0,0.2857125080145451,0.2365552348933167,0.02871358697363174,0.7917083285939828
33,3,9,Phaedra Parks,28.0,0.035136614766498805,0.018976995617012618,0.0016387671571470909,0.15209319753053988
33,3,10,Reginald VelJohnson,21.0,0.01237004207891502,0.004497436441474907,2.3948526109103818e-05,0.06626919010829964
33,3,11,Stephen Nedoroscik,31.0,0.11161662055215445,0.0815345164921773,0.005961067923291409,0.3775177331221208
33,4,1,Brooks Nader,32.0,0.02401227104082357,0.01393170219365495,0.0007189264602429546,0.11523976623946607
33,4,2,Chandler Kinney,32.0,0.0462018100314824,0.02541257183308473,0.0011755783299087022,0.21969478169309736
33,4,3,Danny Amendola,36.0,0.34187382568310654,0.29901611284142415,0.041788791586501256,0.7984662104345562
33,4,4,Dwight Howard ,29.0,0.02029541625846307,0.005763489444512044,3.527142674231654e-05,0.12704539905848544
33,4,6,Ilona Maher,32.0,0.06925605718641648,0.034251088795156176,0.0008710042383146157,0.3219243774046199
33,4,7,Jenn Tran,32.0,0.02696900492180121,0.01545810207685725,0.000743846749623151,0.128237533208334
33,4,8,Joey Graziadei,36.0,0.34754995475282485,0.2952303061950389,0.03815820061281448,0.8825957866734011
33,4,9,Phaedra Parks,32.0,0.03566590595478325,0.017988741525317875,0.0010583284287497832,0.16379934994886555
33,4,11,Stephen Nedoroscik,33.0,0.08817575417029856,0.05585227827562066,0.002283861325190169,0.3611921791648898
33,5,2,Chandler Kinney,27.0,0.422088204752398,0.3816436052332639,0.04366194794112131,0.9105667473052763
33,5,3,Danny Amendola,25.5,0.09905474862727068,0.06111830888933115,0.003990974915291881,0.3988890087110272
33,5,4,Dwight Howard ,24.0,0.03395162600797199,0.014644970344564582,0.00024277927949729774,0.17825401019995127
33,5,6,Ilona Maher,26.0,0.18850018653955306,0.1430456187162185,0.013801684587933669,0.5904585590084092
33,5,7,Jenn Tran,25.5,0.05542721882355477,0.03429202859818197,0.0038275239205345767,0.2513786504552325
33,5,8,Joey Graziadei,26.0,0.14936200870463848,0.10273042067290533,0.012580241415514308,0.49904047976291976
33,5,9,Phaedra Parks,24.0,0.020350880751264868,0.008085638861664624,0.00018086917439467544,0.10008153399838553
33,5,11,Stephen Nedoroscik,24.0,0.03126512579334819,0.014001696603448379,0.00016661215384467515,0.1708910264878859
33,6,2,Chandler Kinney,32.0,0.25821756193485246,0.21318493465830948,0.030906343151961387,0.6826093526770527
33,6,3,Danny Amendola,28.0,0.06322273664805697,0.03422259377835281,0.0016592877630553378,0.2763370000315002
33,6,4,Dwight Howard ,31.0,0.20934023942949126,0.17517036446073825,0.019371281758908326,0.6137468410492115
33,6,6,Ilona Maher,24.0,0.028718198087390342,0.007485799998441869,6.0310651678010725e-05,0.19530635943990607
33,6,7,Jenn Tran,31.0,0.11167638116328804,0.07499401404273867,0.011144430256161707,0.43192122237203406
33,6,8,Joey Graziadei,32.0,0.260228922932206,0.21197153794948226,0.02841482654716632,0.7208237457123807
33,6,11,Stephen Nedoroscik,28.0,0.06859595980471489,0.042787261979294534,0.0017206733447793388,0.29478233424363615
33,7,2,Chandler Kinney,30.0,0.5514644331561512,0.5593244610211918,0.07793114484742188,0.9785548976092888
33,7,3,Danny Amendola,25.5,0.058802894162540684,0.027599715618960206,0.00046534508428839683,0.298737224125412
33,7,4,Dwight Howard ,24.0,0.036614805864841136,0.013108234757000733,0.00010898690909657013,0.20815744208916048
33,7,6,Ilona Maher,26.0,0.09164843645265822,0.046422016986290976,0.001079459342807039,0.41749651722439307
33,7,8,Joey Graziadei,27.5,0.1376231763194048,0.09065441343494865,0.006560754185645404,0.4864509507872523
33,7,11,Stephen Nedoroscik,27.0,0.12384625404440389,0.08890901933448041,0.0028796711947692843,0.44853495663644527
33,8,2,Chandler Kinney,29.0,0.32679537044432594,0.28400015826456726,0.033960980522260015,0.8070610231523266
33,8,3,Danny Amendola,27.0,0.05846663818940393,0.02524906400162446,0.0007406994538947686,0.30225590127342555
33,8,6,Ilona Maher,28.5,0.24763618011968408,0.2024451974487395,0.020440406280411407,0.6999468930076008
33,8,8,Joey Graziadei,29.0,0.3257612468866269,0.269433178979551,0.03552868568015475,0.8254935150191975
33,8,11,Stephen Nedoroscik,26.5,0.04134056435995918,0.01799129660070657,0.00024393777146396783,0.2135000946078969
33,9,2,Chandler Kinney,30.0,0.4298448518093144,0.39079816079261825,0.061428451135716725,0.9019143355895483
33,9,3,Danny Amendola,28.0,0.040074957981112,0.013809803020781837,0.00016041281087725133,0.2444036532827865
33,9,6,Ilona Maher,28.5,0.08393419730799036,0.03835242533453801,0.0010626557747142207,0.4024049637855471
33,9,8,Joey Graziadei,29.5,0.20886632209720618,0.15705511053450533,0.019973135741806432,0.6526371365110389
33,9,11,Stephen Nedoroscik,29.5,0.23727967080437704,0.19721933978786124,0.017208203979316314,0.6443543819396975
34,1,0,Alix Earle,13.0,0.0895151692610172,0.0670790668079504,0.006384775935174896,0.30513804618522006
34,1,1,Andy Richter,9.0,0.03331811414448331,0.014334311556877873,8.951621877076007e-05,0.15741306423502616
34,1,2,Baron Davis,10.0,0.00824177039801313,0.005059734640656958,0.00020412791346347022,0.03325752897856037
34,1,3,Corey Feldman,9.0,0.012920063270228793,0.004934556855453995,6.937402470795576e-05,0.06501523113400386
34,1,4,Danielle Fishel,12.0,0.039160632417358766,0.025861753317837646,0.0018966562660391192,0.15617828459761945
34,1,5,Dylan Efron,10.0,0.0271382384743899,0.012140594576771972,0.0003841027096753696,0.13426589534504146
34,1,6,Elaine Hendrix,12.0,0.08539301897956342,0.05582516114140819,0.0029680697852851033,0.31053560174495554
34,1,7,Hilaria Baldwin,14.0,0.08205518790489987,0.04540842612788153,0.007964953114047438,0.36105607325155065
34,1,8,Jen Affleck,12.0,0.03943642142490877,0.027928153382697628,0.0023748186853778017,0.1393766143567679
34,1,9,Jordan Chiles,10.0,0.02777047733644352,0.01396118349291485,0.0003224849804238357,0.14085916653143785
34,1,10,Lauren Jauregui,13.0,0.053026722005090524,0.0370971805433276,0.0052587019722540596,0.18262253651992172
34,1,11,Robert Irwin,15.0,0.3070849821771814,0.2518356484084123,0.045804984751879815,0.7833534030917767
34,1,12,Scott Hoying,10.0,0.016417699080748645,0.008953853968648846,0.0002629603908167655,0.06865715501436247
34,1,13,Whitney Leavitt,15.0,0.17852150312567278,0.11979752327636745,0.020733567513366708,0.6408073233137248
34,2,0,Alix Earle,21.0,0.08493878427525686,0.06328599475865382,0.008399050952644713,0.27926270702994294
34,2,1,Andy Richter,16.0,0.024942834436230805,0.010042604840722285,7.750271780427887e-05,0.11957384156926103
34,2,2,Baron Davis,18.0,0.008463335700397643,0.005518720614152371,0.00041937826970821825,0.034241042309527105
34,2,3,Corey Feldman,15.0,0.006909488655925089,0.0019675290331825444,1.978805400551428e-05,0.03781808990330739
34,2,4,Danielle Fishel,19.0,0.0246637805499754,0.015564910457867082,0.0012054276776801423,0.10328403601694858
34,2,5,Dylan Efron,20.0,0.0640971337502644,0.03844375171946601,0.005419873178719686,0.2544097111880292
34,2,6,Elaine Hendrix,21.0,0.12868196442493757,0.09322519205653403,0.00924125043187707,0.4073726972704757
34,2,7,Hilaria Baldwin,21.0,0.04077895633440581,0.02469195686073123,0.004982834653273219,0.17543454837779882
34,2,8,Jen Affleck,22.0,0.11484846959434991,0.08452641582460581,0.014329862363857668,0.3870933534796808
34,2,9,Jordan Chiles,22.0,0.17700213121490058,0.14174666695530033,0.019543776903512725,0.5384144859419757
34,2,10,Lauren Jauregui,21.0,0.05033640941692816,0.036750823709841646,0.005837810112975101,0.16656041420830883
34,2,11,Robert Irwin,22.0,0.16564304470429053,0.11857143973909534,0.018602848699530605,0.5408295667719151
34,2,12,Scott Hoying,18.0,0.017003490493058455,0.00992181517837874,0.0004896836667371711,0.06928932021661291
34,2,13,Whitney Leavitt,22.0,0.09169017644907881,0.05784598947534553,0.011593114824513868,0.38471199113187937
34,3,0,Alix Earle,23.0,0.12252742247957174,0.09023104897491598,0.013277872091449565,0.41847147526096534
34,3,1,Andy Richter,18.0,0.0277010832825921,0.011012571413708924,7.769526882649139e-05,0.13119958889524838
34,3,4,Danielle Fishel,21.0,0.03148095548305974,0.02030561373378629,0.0016505952417555216,0.1257254269806251
34,3,5,Dylan Efron,23.0,0.1461027469193903,0.10876253776958683,0.016501172798562055,0.5350639469450482
34,3,6,Elaine Hendrix,21.0,0.06940291860374408,0.042070090117656354,0.0023074160495462127,0.2819642800832236
34,3,7,Hilaria Baldwin,22.0,0.03213068258886469,0.01941655328720781,0.00320871591231223,0.14440721051193992
34,3,8,Jen Affleck,19.0,0.012673027913246761,0.006576941963368945,0.00019980379454045543,0.0599445425803953
34,3,9,Jordan Chiles,24.0,0.26869768255733417,0.23254962938944038,0.03293853826400515,0.7014358488797681
34,3,10,Lauren Jauregui,18.0,0.005844329057818421,0.002763827030587706,6.199901230271085e-05,0.03461307518860908
34,3,11,Robert Irwin,22.0,0.08344893203826315,0.052702055910830076,0.005704301892537804,0.32739915257954494
34,3,12,Scott Hoying,22.0,0.05754804861963668,0.03924214194452351,0.004761248543444227,0.20809561043442623
34,3,13,Whitney Leavitt,24.0,0.14244217045647814,0.08865189166113033,0.017062796857335017,0.5720183570729921
34,4,0,Alix Earle,24.0,0.14095723096862117,0.11052828115999608,0.016109021039716714,0.45177820323798235
34,4,1,Andy Richter,18.0,0.018626952216143647,0.005359560985352519,1.6539430597235824e-05,0.1016528051563133
34,4,4,Danielle Fishel,21.0,0.02035705937480251,0.011672964378927956,0.0005236232467954662,0.08547100417045773
34,4,5,Dylan Efron,23.0,0.09525666581535837,0.060651094297505675,0.008534196420100906,0.3752229353885196
34,4,6,Elaine Hendrix,24.0,0.20581421086745952,0.1701199691619859,0.02190275576114815,0.5640373563431592
34,4,7,Hilaria Baldwin,23.0,0.03633701589190131,0.021734964089327187,0.003675844138097243,0.16420999851721413
34,4,8,Jen Affleck,23.0,0.05878994040101339,0.04175618901595213,0.00628034679640678,0.18996542666059826
34,4,9,Jordan Chiles,24.0,0.1758241570938084,0.14069443569471007,0.017758144371633443,0.5430862532115146
34,4,11,Robert Irwin,22.0,0.05358735866183651,0.031934396251379144,0.0022436219023584734,0.23067348595624845
34,4,12,Scott Hoying,21.0,0.021157061741161068,0.01291148385134953,0.0005637800745098978,0.08252520449629769
34,4,13,Whitney Leavitt,25.0,0.17329234696789417,0.11364197667461862,0.01934129012186457,0.6436141467786528
34,5,0,Alix Earle,35.0,0.1830235015429828,0.140623807012033,0.018984629576883027,0.5677856334724162
34,5,1,Andy Richter,24.0,0.023038638772341722,0.006869348925983078,2.2698948682666124e-05,0.12154284339798715
34,5,4,Danielle Fishel,29.0,0.02235327610358184,0.013318762457926642,0.0005883590775555918,0.09950732001549237
34,5,5,Dylan Efron,36.0,0.29409818356228734,0.2419990414429541,0.03754989026054269,0.7980858951450799
34,5,6,Elaine Hendrix,30.0,0.06517270448222945,0.03755065253804353,0.0013811655893345202,0.2744548266600423
34,5,8,Jen Affleck,29.0,0.022175246807084686,0.013206973838449675,0.000570347840918315,0.08898479596450136
34,5,9,Jordan Chiles,32.0,0.09062413988861111,0.06251067888157494,0.004812576805304411,0.34340886941473847
34,5,11,Robert Irwin,35.0,0.20772941987231047,0.16072118985220202,0.023426316812717233,0.6378490911834331
34,5,12,Scott Hoying,30.0,0.030683264594935186,0.019860525639506597,0.0011219588617281527,0.11879263490701734
34,5,13,Whitney Leavitt,33.0,0.06110162437363529,0.03611349458070154,0.004850861853674554,0.2995031022686449
34,6,0,Alix Earle,35.0,0.07739328725441502,0.05548830347983934,0.005906329079433944,0.2724993340087668
34,6,1,Andy Richter,27.0,0.029050797988649974,0.011616745508691247,6.987929361192081e-05,0.14041314596415957
34,6,4,Danielle Fishel,36.0,0.07581321030265618,0.054380996995457814,0.007602900250719797,0.2631882906652168
34,6,5,Dylan Efron,32.0,0.04592310950738814,0.02272941701311723,0.0016915756810946725,0.20126247054511565
34,6,6,Elaine Hendrix,36.0,0.15311217990392967,0.11562818976473113,0.010597575464477454,0.46620523376759737
34,6,8,Jen Affleck,32.0,0.026628976371595732,0.016290812705288767,0.0013111098676622237,0.11412942520709216
34,6,9,Jordan Chiles,39.0,0.3021307027198883,0.26888053687638824,0.03692994938213301,0.752642004620177
34,6,11,Robert Irwin,36.0,0.11913016634941369,0.0814543369039962,0.009350632255154125,0.42227644244624607
34,6,12,Scott Hoying,28.0,0.01155578167614995,0.00533597261204396,0.00010238854901874261,0.055321533853736254
34,6,13,Whitney Leavitt,39.0,0.15926178792591336,0.10115268100187258,0.02047896564216883,0.6323751761629977
34,7,0,Alix Earle,43.0,0.299522089499702,0.2509706810553398,0.035132012206544425,0.7723516273074919
34,7,1,Andy Richter,29.0,0.03337515967549211,0.012914759188974655,7.498002371859797e-05,0.1590093585434517
34,7,4,Danielle Fishel,35.0,0.03287026472654095,0.020724655893527354,0.0011003820865786627,0.13958349641541554
34,7,5,Dylan Efron,38.0,0.10408077853331717,0.06805284393286651,0.00800936948016578,0.41120606998098735
34,7,6,Elaine Hendrix,32.0,0.042237921339318835,0.017890944859515964,0.0003461334906495677,0.20633426828528506
34,7,8,Jen Affleck,34.0,0.02620810556435859,0.016127833140684254,0.0008380050873662488,0.10587213937948557
34,7,9,Jordan Chiles,38.0,0.1086282164366747,0.0772997377879977,0.006821347660899557,0.38996583044425187
34,7,11,Robert Irwin,41.0,0.20381006141373903,0.15296682279922402,0.023950284071010686,0.6387706815042454
34,7,13,Whitney Leavitt,42.0,0.14926740281085663,0.09926264942766971,0.017508926762842908,0.5693453360028744
34,8,0,Alix Earle,38.5,0.14217604911030457,0.10871366783963549,0.01444606937002204,0.4665608810955875
34,8,1,Andy Richter,34.0,0.02521422762686932,0.008009650199932515,3.3800809281966075e-05,0.12657668175126988
34,8,4,Danielle Fishel,37.0,0.03862157619743999,0.024917857609671187,0.0020229297515606103,0.161913117543312
34,8,5,Dylan Efron,38.0,0.12170517463416149,0.07997983031458158,0.011474710432382688,0.46894803818673714
34,8,6,Elaine Hendrix,37.5,0.11158889636385988,0.07468847868659234,0.00556609380031096,0.40916864283954424
34,8,9,Jordan Chiles,39.0,0.25171556050627314,0.21703715332410453,0.029814142582325526,0.6707128414582636
34,8,11,Robert Irwin,38.0,0.11657161154235854,0.07757782267971058,0.009413321312425747,0.43322519585178243
34,8,13,Whitney Leavitt,39.5,0.19240690401873303,0.12791290441881698,0.02306410769881987,0.6894281817246539
34,9,0,Alix Earle,40.0,0.12943278976404804,0.09750184265562231,0.013178804089351846,0.4363621778737679
34,9,1,Andy Richter,29.0,0.03147451352568134,0.010935628445491185,5.896230822823201e-05,0.15414922578148274
34,9,5,Dylan Efron,42.0,0.2501107545696871,0.2011715486502212,0.030909709015981186,0.7314827811349928
34,9,6,Elaine Hendrix,36.0,0.08211597826925024,0.0494510914554885,0.0023114038416289545,0.3334434553478271
34,9,9,Jordan Chiles,39.0,0.1272748114387561,0.09259989048260805,0.008460939852845023,0.4393536994212432
34,9,11,Robert Irwin,42.0,0.24117215328307964,0.19678203571739586,0.030705653250045453,0.6933101033120114
34,9,13,Whitney Leavitt,42.0,0.13841899914949748,0.0900393377531096,0.016315342095646522,0.5370401989816364
34,10,0,Alix Earle,29.0,0.1774846132727328,0.14184330980916382,0.014814706857635486,0.5389373468927271
34,10,5,Dylan Efron,27.5,0.02718634172101238,0.008037052636072179,9.704312381785302e-05,0.17336517094421622
34,10,6,Elaine Hendrix,28.5,0.12298768776951287,0.0790831020510919,0.00351289934354255,0.45941302794307687
34,10,9,Jordan Chiles,28.5,0.09881135000360779,0.0662955582348249,0.003868447791981983,0.3795909118000809
34,10,11,Robert Irwin,29.5,0.4618268336609638,0.44221597008605806,0.0804155403375301,0.9225644193768879
34,10,13,Whitney Leavitt,29.0,0.11170317357217041,0.07140820273870636,0.01067809363924181,0.5026609161384344
34,11,0,Alix Earle,30.0,0.47113405891421295,0.4518343063390659,0.06621621222584469,0.9344230497112982
34,11,5,Dylan Efron,29.3332,0.08063838903093595,0.039913901355660295,0.00203797355791173,0.37556483466852475
34,11,6,Elaine Hendrix,28.9998,0.05009843688199073,0.01741366539790222,0.00016339690590787829,0.3184245314755798
34,11,9,Jordan Chiles,29.666600000000003,0.20610702467278924,0.15994147666694036,0.014669593585801555,0.6615282103095909
34,11,11,Robert Irwin,29.666600000000003,0.1920220905000711,0.1381316664061023,0.012483528545684831,0.6450405294799073
