season,week,n_active,mechanism,rule_used_in_likelihood,notes,r_rank_percent_mean,r_rank_percent_median,r_rank_percent_q025,r_rank_percent_q975,r_rank_judge_mean,r_rank_judge_median,r_rank_judge_q025,r_rank_judge_q975,r_percent_judge_mean,r_percent_judge_median,r_percent_judge_q025,r_percent_judge_q975,r_rank_fan_mean,r_rank_fan_median,r_rank_fan_q025,r_rank_fan_q975,r_percent_fan_mean,r_percent_fan_median,r_percent_fan_q025,r_percent_fan_q975,bias_rank_mean,bias_rank_median,bias_rank_q025,bias_rank_q975,bias_percent_mean,bias_percent_median,bias_percent_q025,bias_percent_q975,elim_disagree_prob,top1_disagree_prob,most_likely_elim_rank_id,most_likely_elim_rank_name,most_likely_elim_rank_prob,most_likely_elim_percent_id,most_likely_elim_percent_name,most_likely_elim_percent_prob,observed_eliminated_id,observed_eliminated_name,prob_rank_method_matches_observed_elim,prob_percent_method_matches_observed_elim
1,1,6,direct,rank,,0.9557044556834438,0.9428571428571428,0.8857142857142857,1.0,0.8286698104801482,0.8332380897952963,0.6172133998483676,0.9258200997725515,0.7471809071878667,0.7715167498104596,0.46291004988627577,0.9258200997725515,0.8000154931478444,0.8285714285714286,0.4857142857142857,0.9428571428571428,0.8238367346938776,0.8857142857142857,0.2571428571428571,1.0,-0.028654317332303884,-8.817838188812654e-05,-0.34752380408101063,0.20677954588108116,0.07665582750601074,0.11419753590382609,-0.6686772426296944,0.41948483576757456,0.14,0.014285714285714285,3,Kelly Monaco,0.84,3,Kelly Monaco,0.98,,,,
1,2,6,direct,rank,,0.8709553413512676,0.9276336570439175,0.44136741475237473,0.9856107606091623,0.7856607560305906,0.8406680016960503,0.3236694374850748,0.9258200997725515,0.9242448979591837,0.9428571428571428,0.7714285714285715,1.0,0.7473401383826981,0.7826908981308054,0.5161002296110788,0.9276336570439175,0.48832653061224496,0.4857142857142857,-0.3142857142857143,0.7871428571428559,-0.038320617647892644,0.0,-0.36430604443134973,0.35309393180189974,-0.43591836734693873,-0.45714285714285713,-1.2571428571428571,-0.05714285714285705,0.40285714285714286,0.12,0,Evander Holyfield,0.5971428571428572,0,Evander Holyfield,0.9571428571428572,5.0,Trista Sutter,0.19428571428571428,0.02857142857142857
1,3,5,direct,rank,,0.809631676812209,0.8944271909999159,0.4472135954999579,0.9746794344808964,0.5830117601542911,0.6668859288553503,0.22360679774997896,0.8944271909999159,0.7460000000000001,0.7,0.3,0.9,0.6857229918370773,0.6668859288553503,0.22360679774997896,0.8944271909999159,0.35114285714285715,0.5,-0.6,0.9,0.10271123168278616,0.0,0.0,0.5590169943749475,-0.3948571428571429,-0.20000000000000007,-1.4,0.5,0.0,0.7885714285714286,0,Evander Holyfield,1.0,0,Evander Holyfield,1.0,0.0,Evander Holyfield,1.0,1.0
1,4,4,direct,rank,,0.7463692952552331,0.7745966692414834,0.31622776601683794,0.9486832980505138,0.6990126390770655,0.7745966692414834,0.31622776601683794,0.7745966692414834,0.86,1.0,0.2,1.0,0.7351529551932755,0.7745966692414834,0.31622776601683794,0.7745966692414834,0.23942857142857146,0.2,-0.8,0.8,0.036140316116210054,0.0,0.0,0.4216370213557839,-0.6205714285714286,-0.8,-1.8,0.4,0.3342857142857143,0.002857142857142857,1,Joey McIntyre,0.8371428571428572,1,Joey McIntyre,0.6485714285714286,4.0,Rachel Hunter,0.07714285714285714,0.06285714285714286
1,5,3,direct,rank,,0.8908652366969241,0.8660254037844387,0.5,1.0,0.8622507788655988,0.8660254037844387,0.5,1.0,0.7328571428571429,0.5,0.5,1.0,0.8622507788655988,0.8660254037844387,0.5,1.0,0.7414285714285714,1.0,-1.0,1.0,0.0,0.0,0.0,0.0,0.008571428571428572,0.0,-2.0,0.5,0.44857142857142857,0.09714285714285714,1,Joey McIntyre,0.9371428571428572,3,Kelly Monaco,0.5114285714285715,,,,
1,6,2,direct,rank,,1.0,1.0,1.0,1.0,1.0,1.0,1.0,1.0,0.96,1.0,1.0,1.0,1.0,1.0,1.0,1.0,0.88,1.0,-1.0,1.0,0.0,0.0,0.0,0.0,-0.08,0.0,-2.0,0.0,0.02,0.06,2,John O'Hurley,1.0,2,John O'Hurley,0.98,,,,
2,1,10,direct,rank,,0.9673652043854303,0.9726488698881033,0.9268464986450383,0.9848069807617046,0.686581648299448,0.7217159129777719,0.4159040854448177,0.7951107515856809,0.7166511610795183,0.7477238187264794,0.5471149893120582,0.8145934285312865,0.6495361412643781,0.713427896983352,0.39634883165741774,0.7773834508582804,0.5789783549783549,0.6,0.296969696969697,0.7454545454545455,-0.037045507035069744,-0.008288015994419973,-0.20549909516784115,0.0942661311253668,-0.13767280610116342,-0.12974494368280165,-0.31093584671036756,0.03490336683590295,0.02,0.3657142857142857,4,Kenny Mayne,1.0,4,Kenny Mayne,0.98,4.0,Kenny Mayne,1.0,0.98
2,2,9,direct,rank,,0.9558842581110402,0.9580170197702604,0.8786687791935092,0.9958246164193104,0.8001422557636219,0.7899159663865546,0.7310924369747899,0.8907563025210085,0.8211906908892589,0.8451956828432803,0.6830603723968589,0.9288784237188525,0.7358849615884456,0.7815402003388966,0.5378341163622514,0.8619322310183947,0.6665238095238094,0.6333333333333333,0.5,0.9,-0.06425729417517599,-0.0702306235975042,-0.24597815069533457,0.03827741350694869,-0.15466688136544943,-0.16995109756371296,-0.38102071866121207,0.1995689083937693,0.28285714285714286,0.19714285714285715,8,Tatum O'Neal,0.7171428571428572,8,Tatum O'Neal,1.0,8.0,Tatum O'Neal,0.7171428571428572,1.0
2,3,8,direct,rank,,0.8597051543562536,0.9047619047619048,0.6099375455928333,0.9523809523809523,0.675369530764216,0.6709239388850755,0.38274521870171596,0.8193365776101958,0.8179595413453048,0.8434347122457898,0.41930754265933545,0.9157291161525718,0.6038316854585338,0.6107893935757621,0.46707424214617105,0.7142857142857143,0.3578231292517007,0.3333333333333333,0.047619047619047616,0.7619047619047619,-0.07153784530568214,-0.10216475506377964,-0.2108949717500228,0.3247823341859706,-0.46013641209360406,-0.5347767352001909,-0.7843438189610855,0.279942069192882,0.9742857142857143,0.06285714285714286,2,Giselle Fernandez,1.0,6,Master P,0.9371428571428572,2.0,Giselle Fernandez,1.0,0.025714285714285714
2,4,7,direct,rank,,0.8843355648674167,0.9285714285714286,0.7637626158259733,0.9819805060619657,0.5341995418604814,0.5405624776173353,0.36698792170878686,0.8545454545454545,0.5293393709391849,0.6666937223947136,0.30631873731649006,0.6666937223947136,0.5988645054705376,0.6428571428571429,0.37839373433213475,0.7637626158259733,0.5214285714285714,0.4642857142857143,0.32142857142857145,0.8571428571428571,0.06466496361005639,0.10229466523980757,-0.22160626566786523,0.23000394817526332,-0.007910799510613574,-0.09526515096614219,-0.34526515096614213,0.4525330528743277,0.5742857142857143,0.2342857142857143,1,George Hamilton,0.5742857142857143,6,Master P,1.0,6.0,Master P,0.4257142857142857,1.0
2,5,6,direct,rank,,0.865345120587842,0.8451542547285166,0.6957252427829381,0.9856107606091623,0.696531825116012,0.6957252427829381,0.33806170189140666,0.9411239481143202,0.5580408163265306,0.4857142857142857,0.08571428571428572,0.8285714285714286,0.7850201149753275,0.8116794499134278,0.5161002296110788,0.9411239481143202,0.7758367346938777,0.8285714285714286,0.42857142857142855,1.0,0.08848828985931552,0.0,-0.07590772066300616,0.2910843597952812,0.21779591836734694,0.34285714285714286,-0.4000000000000001,0.6857142857142857,0.15142857142857144,0.002857142857142857,9,Tia Carrere,0.9714285714285714,9,Tia Carrere,0.84,9.0,Tia Carrere,0.9714285714285714,0.84
2,6,5,direct,rank,,0.9645334841685826,1.0,0.8207826816681233,1.0,0.68944175412239,0.6488856845230502,0.31622776601683794,0.9486832980505138,0.6816967127420119,0.7905694150420948,0.31622776601683794,0.9486832980505138,0.5941711907573551,0.6,0.4616902584383194,0.9,0.5768571428571428,0.6,0.3,0.9,-0.09527056336503494,-0.18719542608473078,-0.3486832980505138,0.4837722339831621,-0.10483956988486921,-0.1905694150420948,-0.4905694150420948,0.4837722339831621,0.002857142857142857,0.0,1,George Hamilton,1.0,1,George Hamilton,0.9971428571428571,1.0,George Hamilton,1.0,0.9971428571428571
2,7,4,direct,rank,,0.6529506976523851,0.6324555320336759,0.2,1.0,0.666050390944927,0.8888888888888888,0.21081851067789195,0.8888888888888888,0.6285403311210864,0.6324555320336759,0.10540925533894598,0.9486832980505138,0.43982186569048753,0.31622776601683794,0.31622776601683794,0.8408879069638879,0.2857142857142857,0.4,-0.2,0.8,-0.22622852525443915,-0.5726611228720508,-0.5726611228720508,0.38918148932210805,-0.3428260454068007,-0.3378647873726218,-1.1486832980505137,0.6945907446610541,0.39714285714285713,0.0,3,Jerry Rice,0.5714285714285714,3,Jerry Rice,0.72,5.0,Lisa Rinna,0.42857142857142855,0.06857142857142857
2,8,3,direct,rank,,0.5599285646254892,0.5,0.5,1.0,0.5233988842601924,0.5,0.5,0.8660254037844387,-0.58,-0.5,-1.0,0.5,0.5233988842601924,0.5,0.5,0.8660254037844387,0.9557142857142857,1.0,0.5,1.0,0.0,0.0,0.0,0.0,1.5357142857142858,1.5,0.0,2.0,0.54,0.4142857142857143,3,Jerry Rice,0.58,0,Drew Lachey,0.8942857142857142,,,,
3,1,11,direct,percent,,0.9595394385698669,0.9703897613415771,0.877256049471133,1.0,0.8738191208438512,0.8721461187214612,0.7113638258471795,0.9817351598173516,0.9237902261892922,0.9339431975353206,0.798065851845121,0.9840572227689233,0.8755534117858977,0.8812877264060406,0.7029101185248813,0.9749455818173591,0.7898701298701298,0.8181818181818182,0.5,0.9727272727272728,0.0017342909420466194,0.0023532316612118187,-0.0823712504767018,0.0965931829636398,-0.1339200963191622,-0.10664973840193837,-0.3792526199652811,0.05256089718425341,0.3628571428571429,0.17142857142857143,8,Tucker Carlson,0.5971428571428572,8,Tucker Carlson,0.9542857142857143,8.0,Tucker Carlson,0.5971428571428572,0.9542857142857143
3,2,10,direct,percent,,0.9711522089320621,0.9787279253249039,0.9024558013122742,1.0,0.8543095878489516,0.8731026756393483,0.6068373206571357,0.9662682041877619,0.8358439772458032,0.8431767132084291,0.5046751130152641,0.9601136296387952,0.8552019583658629,0.8787878787878788,0.6391163679620231,0.9644430626104717,0.8488311688311689,0.8666666666666667,0.6087878787878788,0.9878787878787879,0.0008923705169112247,-0.0020743250075514474,-0.15045717791315594,0.1279198903885602,0.012987191585365631,0.02236233159791068,-0.21990323960659428,0.25623616445864283,0.2,0.045714285714285714,2,Jerry Springer,0.6342857142857142,2,Jerry Springer,0.6828571428571428,7.0,Shanna Moakler,0.0,0.037142857142857144
3,3,9,direct,percent,,0.9611771144615016,0.9790880682441959,0.8067511745433772,1.0,0.8229087257756388,0.8656280532685529,0.5437584302281231,0.9530652303663865,0.8160886469299802,0.8393969001392028,0.6183994350244283,0.9530652303663865,0.8460991907794659,0.85,0.5690426379538917,0.9666666666666667,0.8234761904761906,0.85,0.41208333333333336,0.9833333333333333,0.023190465003827064,0.021398739452830773,-0.12583518799316007,0.19397899339634728,0.007387543546210203,0.03026810296694682,-0.3781908761707192,0.3625293759387146,0.22285714285714286,0.07142857142857142,0,Emmitt Smith,0.6257142857142857,0,Emmitt Smith,0.6457142857142857,1.0,Harry Hamlin,0.06285714285714286,0.15142857142857144
3,4,8,direct,percent,,0.9717343327701188,0.979085491126221,0.8916309815169777,1.0,0.8719546066486525,0.9020054122100718,0.6415221219189502,0.9694893700057866,0.8811680587244578,0.9027075674773932,0.614207108411983,0.9759000729485332,0.867323449254777,0.8795819141991807,0.5769586239647777,0.994029797388005,0.8259863945578232,0.8333333333333334,0.47619047619047616,1.0,-0.004631157393875508,0.001475166312091658,-0.09342064136970596,0.10379187116483413,-0.0551816641666346,-0.04556471033453613,-0.4021195894632037,0.17257225994411954,0.30857142857142855,0.18571428571428572,2,Jerry Springer,0.4742857142857143,6,Sara Evans,0.7085714285714285,9.0,Vivica A. Fox,0.03428571428571429,0.07714285714285714
3,6,5,direct,percent,,0.9550469515560287,0.9746794344808964,0.8207826816681233,1.0,0.9073152145259763,0.9,0.6668859288553503,1.0,0.886,0.9,0.6,1.0,0.9155230413426576,0.9,0.6668859288553503,1.0,0.8731428571428572,0.9,0.3725,1.0,0.008207826816681231,0.0,-0.09999999999999998,0.2051956704170308,-0.012857142857142852,0.0,-0.6,0.30000000000000004,0.05142857142857143,0.16,2,Jerry Springer,0.9457142857142857,2,Jerry Springer,0.9971428571428571,,,,
3,7,5,direct,percent,,0.9159552447133346,0.9,0.6668859288553503,1.0,0.8873991455741225,0.9473684210526315,0.5263157894736842,0.9746794344808964,0.7857528493612158,0.8207826816681233,0.41039134083406165,0.9746794344808964,0.884191372867249,0.9,0.6,1.0,0.9302857142857144,1.0,0.4,1.0,-0.0032077727068734216,0.025320565519103555,-0.2804824921972813,0.18181515354039213,0.14453286492449835,0.1792173183318767,-0.3014650297985548,0.5383097415616807,0.025714285714285714,0.26571428571428574,2,Jerry Springer,0.9457142857142857,2,Jerry Springer,0.9714285714285714,2.0,Jerry Springer,0.9457142857142857,0.9714285714285714
3,8,4,direct,percent,,0.9257142857142857,1.0,0.6,1.0,0.873692142109378,0.9486832980505138,0.31622776601683794,0.9486832980505138,0.75533260682879,0.9486832980505138,0.31622776601683794,0.9486832980505138,0.8868571428571428,1.0,0.6,1.0,0.9594285714285713,1.0,0.8,1.0,0.013165000747764962,0.05131670194948623,-0.3486832980505138,0.4837722339831621,0.20409596459978144,0.05131670194948623,-0.14868329805051372,0.683772233983162,0.15428571428571428,0.12,5,Monique Coleman,0.9114285714285715,5,Monique Coleman,0.7571428571428571,5.0,Monique Coleman,0.9114285714285715,0.7571428571428571
3,9,3,direct,percent,,1.0,1.0,1.0,1.0,,,,,,,,,1.0,1.0,1.0,1.0,1.0,1.0,1.0,1.0,,,,,,,,,0.0,0.0,0,Emmitt Smith,0.4142857142857143,0,Emmitt Smith,0.4142857142857143,,,,
3,10,2,direct,percent,,1.0,1.0,1.0,1.0,,,,,,,,,1.0,1.0,1.0,1.0,1.0,1.0,1.0,1.0,,,,,,,,,0.0,0.0,0,Emmitt Smith,0.5971428571428572,0,Emmitt Smith,0.5971428571428572,,,,
4,1,11,direct,percent,,0.9584276421650106,0.968046621751713,0.8785715839817774,0.9977246841962694,0.8652811139231803,0.8878741782052075,0.7101849257886241,0.9659918058093152,0.9191746184487222,0.9315165605535352,0.7625650275119625,0.9771791370512575,0.8599571773503192,0.8767214687562683,0.6833730713673078,0.9771791370512575,0.7636883116883115,0.8181818181818182,0.35454545454545455,0.9545454545454546,-0.005323936572861237,0.00039645897415396814,-0.1402330137667258,0.10150285653508186,-0.1554863067604105,-0.10420222707217242,-0.5631264530708331,0.0823527978511866,0.1657142857142857,0.1,1,Billy Ray Cyrus,0.48857142857142855,1,Billy Ray Cyrus,0.5428571428571428,,,,
4,2,11,direct,percent,,0.9676451366191418,0.9795014022931412,0.8964798620027409,1.0,0.8658060660394599,0.8800766169092491,0.6800181492094094,0.9588884151545373,0.8523215226991046,0.8674180613083575,0.6490478961429605,0.9513617446607793,0.8691055925283033,0.8909090909090909,0.7,0.9636363636363636,0.8576623376623378,0.8681818181818182,0.6727272727272727,0.9818181818181818,0.003299526488843459,0.0020929569629837275,-0.09935432654510823,0.10886324540155146,0.005340814963233098,0.003183709884675312,-0.19049958429133695,0.25116541107991075,0.15428571428571428,0.22,2,Clyde Drexler,0.6742857142857143,2,Clyde Drexler,0.7571428571428571,9.0,Paulina Porizkova,0.014285714285714285,0.022857142857142857
4,3,10,direct,percent,,0.9600010254936259,0.9665698144513026,0.8383905845832568,1.0,0.8181705861665745,0.8343597072450788,0.5852261886834985,0.9566355184455129,0.8097824633622877,0.8425994963791603,0.4480665367023768,0.9566355184455129,0.8250445281471945,0.8328305948416884,0.6349573403738275,0.9636363636363636,0.7926233766233766,0.8181818181818182,0.38727272727272727,0.9878787878787879,0.006873941980620154,0.007258994598866919,-0.12700925718877376,0.12184216469994519,-0.017159086738911172,0.010297587174479705,-0.5263324881424826,0.36701600107309085,0.16285714285714287,0.10571428571428572,2,Clyde Drexler,0.8485714285714285,2,Clyde Drexler,0.9428571428571428,10.0,Shandi Finnessey,0.011428571428571429,0.03142857142857143
4,4,9,direct,percent,,0.9558531103568018,0.9664206778384206,0.8,1.0,0.8804663130187058,0.91140051812009,0.6426887040815811,0.9664206778384206,0.9273556730472875,0.9412097036339401,0.8067511745433772,0.9916316520429012,0.8710099893955953,0.9,0.5760685462742146,0.9666666666666667,0.7821428571428571,0.8166666666666667,0.31666666666666665,0.9666666666666667,-0.009456323623110571,-0.007454421891645691,-0.1996028834865462,0.13700623581045962,-0.14521281590443028,-0.12902616494066083,-0.5248243359065807,0.07616021038099507,0.21142857142857144,0.22857142857142856,2,Clyde Drexler,0.62,2,Clyde Drexler,0.5314285714285715,8.0,Leeza Gibbons,0.24,0.33714285714285713
4,5,8,direct,percent,,0.9209937818052588,0.9341484842923421,0.773682323556399,0.994029797388005,0.8622630864812978,0.8971734604454378,0.6011500913792086,0.9700772721497398,0.9538095238095239,0.9761904761904762,0.8333333333333334,1.0,0.859347817376257,0.8916309815169777,0.6347419188140273,0.9700772721497398,0.6743537414965987,0.6904761904761905,0.20773809523809522,0.9523809523809523,-0.0029152691050408222,0.0,-0.1219875091185666,0.12852060331855497,-0.2794557823129251,-0.26190476190476186,-0.7857142857142857,0.023809523809523836,0.21142857142857144,0.1742857142857143,2,Clyde Drexler,0.7342857142857143,2,Clyde Drexler,0.9314285714285714,2.0,Clyde Drexler,0.7342857142857143,0.9314285714285714
4,6,7,direct,percent,,0.9550814177643773,0.9642857142857143,0.8785194651325225,1.0,0.874610195693157,0.9189562119494701,0.5946187253790689,0.9818181818181818,0.9030482304653028,0.9189562119494701,0.7387687194103584,0.9910312089651149,0.8665468308171482,0.8928571428571429,0.6666937223947136,0.9910312089651149,0.7928571428571428,0.8214285714285714,0.39285714285714285,1.0,-0.00806336487600857,0.009292003828421769,-0.18702658789376556,0.1196669889066454,-0.11019108760815999,-0.0968812149338254,-0.5080803198384161,0.17222837749827197,0.2571428571428571,0.18,6,John Ratzenberger,0.64,6,John Ratzenberger,0.8657142857142858,3.0,Heather Mills,0.1657142857142857,0.037142857142857144
4,7,6,direct,percent,,0.9206616918052284,0.9428571428571428,0.6571428571428571,1.0,0.8426974177444796,0.9090909090909091,0.5296408977028497,0.9710083124552245,0.8961860269067266,0.9710083124552245,0.6179143806533246,0.9710083124552245,0.8219783440614856,0.8857142857142857,0.29424494316824984,1.0,0.7080816326530612,0.8571428571428572,-0.08571428571428572,1.0,-0.020719073682993975,0.0038667251342207054,-0.3724217234984168,0.21459801588689564,-0.18810439425366537,-0.028151169598081616,-1.05672259816951,0.32370581687299343,0.3057142857142857,0.08285714285714285,1,Billy Ray Cyrus,0.6828571428571428,1,Billy Ray Cyrus,0.9142857142857143,6.0,John Ratzenberger,0.17142857142857143,0.08571428571428572
4,8,5,direct,percent,,0.9086238104060043,0.9486832980505138,0.5642880936468347,1.0,0.8690158550120278,0.9,0.4472135954999579,1.0,0.9337142857142859,1.0,0.7,1.0,0.8739742039835463,0.9,0.4472135954999579,1.0,0.6960000000000001,0.8,-0.3,1.0,0.004958348971518487,0.0,-0.20000000000000007,0.2051956704170308,-0.2377142857142857,-0.09999999999999998,-1.2,0.20000000000000007,0.22285714285714286,0.12857142857142856,1,Billy Ray Cyrus,0.7342857142857143,1,Billy Ray Cyrus,0.9342857142857143,1.0,Billy Ray Cyrus,0.7342857142857143,0.9342857142857143
4,9,4,direct,percent,,0.9184585684043298,1.0,0.8,1.0,0.8817778432438939,0.9486832980505138,0.6324555320336759,0.9486832980505138,0.7447916812948955,0.9486832980505138,-0.10540925533894598,0.9486832980505138,0.892744282690044,0.9486832980505138,0.6,1.0,0.9685714285714285,1.0,0.8,1.0,0.010966439446150217,0.05131670194948623,-0.14868329805051372,0.16754446796632416,0.2237797472765331,0.05131670194948623,-0.14868329805051372,1.105409255338946,0.06857142857142857,0.10857142857142857,4,Ian Ziering,0.8771428571428571,4,Ian Ziering,0.88,4.0,Ian Ziering,0.8771428571428571,0.88
4,10,3,direct,percent,,0.9309367482590715,1.0,0.8660254037844387,1.0,0.9237528402130945,1.0,0.5,1.0,0.7771428571428571,1.0,0.5,1.0,0.9237528402130945,1.0,0.5,1.0,0.9471428571428572,1.0,0.5,1.0,0.0,0.0,0.0,0.0,0.17,0.0,-0.5,0.5,0.09142857142857143,0.16857142857142857,7,Laila Ali,0.6914285714285714,7,Laila Ali,0.7657142857142857,,,,
5,1,12,direct,percent,,0.9768888535971215,0.986013986013986,0.9305169859355032,0.9982502173821434,0.8654538032439307,0.8972035839273084,0.6946412370396402,0.9514721097423332,0.895304355982153,0.9153655997962822,0.7713408139553196,0.9444248251866404,0.8663041329991883,0.8931712471313914,0.7390554240969552,0.9694172774831074,0.8138261738261738,0.8531468531468531,0.5269230769230769,0.986013986013986,0.0008503297552574662,0.001079301338296479,-0.06758095751494086,0.06067186522827068,-0.08147818215597902,-0.09127797203978727,-0.36301570065664196,0.15640207721566934,0.2714285714285714,0.14,6,Josie Maran,0.6485714285714286,6,Josie Maran,0.8742857142857143,6.0,Josie Maran,0.6485714285714286,0.8742857142857143
5,2,11,direct,percent,,0.984083838769631,0.9886130432447053,0.9376447536253156,1.0,0.9004355264880292,0.9184623601709494,0.7936788055913766,0.9439279633531363,0.9231697206958466,0.9343933374606804,0.8295124526436652,0.9534625892455922,0.9093714951552292,0.9132515299544463,0.8243875028539992,0.9818181818181818,0.8682337662337662,0.8909090909090909,0.6909090909090909,0.990909090909091,0.008935968667199853,0.010617491192318251,-0.05994242677345829,0.048533387939407535,-0.05493595446208036,-0.0248587115682245,-0.2339496206591336,0.08733821513351236,0.18,0.09142857142857143,11,Wayne Newton,0.6742857142857143,11,Wayne Newton,0.8542857142857143,0.0,Albert Reed,0.005714285714285714,0.0
5,3,10,direct,percent,,0.9616767910374451,0.9726488698881033,0.8909090909090909,0.9969650916353059,0.8636243140013327,0.880104160502229,0.7295927875524922,0.9539590550898286,0.8333469784287939,0.8493312877573959,0.6831577749352966,0.9125695412480278,0.8849535714778619,0.9130187815192359,0.731720919982925,0.9515151515151515,0.8794458874458875,0.9030303030303031,0.6484848484848484,0.9878787878787879,0.02132925747652926,0.03504735464928621,-0.06828994422723074,0.11449301285568902,0.04609890901709356,0.04138986617497398,-0.18853729017461407,0.23683275592813713,0.06,0.6542857142857142,11,Wayne Newton,0.66,11,Wayne Newton,0.72,11.0,Wayne Newton,0.66,0.72
5,4,9,direct,percent,,0.9216409497290314,0.9288784237188525,0.8171297189439173,0.9833333333333333,0.8008305208537612,0.8246883274537258,0.5266034641401188,0.9394501508629484,0.6657161031769884,0.6555622813752365,0.2760262237369417,0.9065736285860172,0.8194189960837177,0.8284591346681658,0.6975036196572948,0.9244023874976197,0.8780952380952382,0.9333333333333333,0.57875,1.0,0.018588475229956675,0.004982981824555366,-0.04610780026343786,0.22073027767402995,0.21237913491824978,0.21826777399097907,-0.2988401440957371,0.6043822480119307,0.12857142857142856,0.3514285714285714,8,Mark Cuban,0.7314285714285714,8,Mark Cuban,0.86,2.0,Floyd Mayweather Jr. ,0.26857142857142857,0.14
5,5,8,direct,percent,,0.9340036884958582,0.9581010095306072,0.7856954482445611,1.0,0.8100874225694201,0.8485004317396407,0.5643253715150958,0.9518763181059627,0.8624722386079091,0.9157291161525718,0.4940117600296769,0.9880235200593538,0.7843498611243097,0.8024095954818835,0.6386005678432408,0.9523809523809523,0.6894557823129251,0.7142857142857143,0.3333333333333333,0.9523809523809523,-0.025737561445110524,-0.04609083625775723,-0.178120069308226,0.18504418151335866,-0.17301645629498388,-0.2014434018668575,-0.6185429847726294,0.28181250857492496,0.014285714285714285,0.06,8,Mark Cuban,0.9685714285714285,8,Mark Cuban,0.9771428571428571,8.0,Mark Cuban,0.9685714285714285,0.9771428571428571
5,6,7,direct,percent,,0.9731318118332105,1.0,0.8829187134416477,1.0,0.8602475614921119,0.8727272727272727,0.6831216471145983,0.9454545454545454,0.8444615543197288,0.8468812149338254,0.5716448200803321,0.9910312089651149,0.898143912613275,0.9285714285714286,0.6830236848023958,0.9642857142857143,0.889591836734694,0.9285714285714286,0.6491071428571429,1.0,0.03789635112116335,0.046228939222197396,-0.09720442772736204,0.1174044993518889,0.04513028241496514,0.08152860724083488,-0.16960263753654348,0.34400846103910154,0.09714285714285714,0.14,4,Jane Seymour,0.9171428571428571,4,Jane Seymour,0.82,10.0,Sabrina Bryan,0.054285714285714284,0.13714285714285715
5,7,6,direct,percent,,0.956773523782908,0.9856107606091623,0.7944613465542745,1.0,0.8926954512152891,0.8823529411764706,0.7164977208318386,0.9856107606091623,0.8088634191688301,0.8406680016960503,0.3978678732164927,0.9856107606091623,0.9222464696067306,0.9276336570439175,0.7944613465542745,1.0,0.9608163265306123,0.9428571428571428,0.8857142857142857,1.0,0.029551018391441416,0.0442120375958478,-0.042954578250200104,0.18915479650895983,0.151952907361782,0.10218914116109257,0.014389239390837694,0.5660059696830513,0.08571428571428572,0.1457142857142857,1,Cameron Mathison,0.5657142857142857,4,Jane Seymour,0.5028571428571429,4.0,Jane Seymour,0.4342857142857143,0.5028571428571429
5,8,5,direct,percent,,0.9177388172109122,0.9486832980505138,0.6919756081437326,0.9746794344808964,0.7694280268719371,0.8207826816681233,0.5642880936468347,0.9746794344808964,0.5888571428571429,0.6,0.0,0.9274999999999978,0.8527534966119749,0.872081599272381,0.48946482107053785,0.9746794344808964,0.9237142857142859,0.9,0.7,1.0,0.08332546974003785,0.0,-0.20519567041703082,0.3077935056255463,0.3348571428571428,0.4,-0.027500000000000028,0.7,0.10571428571428572,0.20285714285714285,1,Cameron Mathison,0.5485714285714286,1,Cameron Mathison,0.5971428571428572,1.0,Cameron Mathison,0.5485714285714286,0.5971428571428572
5,9,4,direct,percent,,0.9111723587746087,0.9486832980505138,0.4,1.0,0.8580114178185693,0.8888888888888888,0.6324555320336759,0.9486832980505138,0.7487068822074848,0.9486832980505138,-0.31622776601683794,0.9486832980505138,0.7335910633029958,0.9486832980505138,0.31622776601683794,1.0,0.7491428571428572,1.0,0.2,1.0,-0.12442035451557339,0.05979440916162493,-0.5726611228720508,0.16754446796632416,0.0004359749353723024,0.05131670194948623,-0.7486832980505138,1.316227766016838,0.4142857142857143,0.08285714285714285,5,Jennie Garth,0.7542857142857143,7,Marie Osmond,0.6228571428571429,5.0,Jennie Garth,0.7542857142857143,0.3485714285714286
5,10,3,direct,percent,,0.9243850280044027,1.0,0.7013139720814415,1.0,0.8602450863134405,0.8660254037844387,0.5,1.0,0.8114285714285714,1.0,-0.5,1.0,0.8602450863134405,0.8660254037844387,0.5,1.0,0.7557142857142857,1.0,0.5,1.0,0.0,0.0,0.0,0.0,-0.055714285714285716,0.0,-0.5,1.5,0.35714285714285715,0.04,7,Marie Osmond,0.6257142857142857,7,Marie Osmond,0.9571428571428572,,,,
6,1,12,direct,percent,,0.9632417481589466,0.9754446010932805,0.8771983822781299,0.9982502173821434,0.8725830675949224,0.8824263896900841,0.6812176107595349,0.9665278806845443,0.915228329978764,0.9347806145306725,0.8254289200006693,0.9912201988042225,0.8767464673653221,0.8896686147896997,0.6608176207139196,0.9754446010932805,0.796043956043956,0.8321678321678322,0.2937062937062937,0.9669580419580418,0.0041633997703998974,-0.0013416146568064335,-0.049608036980202615,0.09119791185180107,-0.11918437393480803,-0.09481454183440541,-0.6155345183061339,0.0791951137059796,0.03142857142857143,0.12285714285714286,7,Monica Seles,0.64,7,Monica Seles,0.6428571428571429,,,,
6,2,12,direct,percent,,0.9689329677531135,0.977234423331993,0.8842159693363549,0.9982502173821434,0.8948053511796239,0.8996545292546019,0.7429623522407206,0.9753581591027469,0.940480056641283,0.9437741019238692,0.8154770638597305,0.9947414184151023,0.8927779809890467,0.916083916083916,0.7460606887803387,0.9794033873320929,0.8158641358641358,0.8461538461538461,0.4965034965034965,0.972027972027972,-0.0020273701905771445,-0.003285103047657334,-0.10253612112493937,0.07974826379440882,-0.12461592077714718,-0.08883278740946554,-0.4492576044319579,0.04754933280189033,0.1657142857142857,0.037142857142857144,7,Monica Seles,0.7657142857142857,7,Monica Seles,0.8342857142857143,7.0,Monica Seles,0.7657142857142857,0.8342857142857143
6,3,10,direct,percent,,0.976164409711554,0.9772427505412398,0.9361745372672994,1.0,0.8653336683721107,0.8754275592730114,0.7212902592439827,0.9567172612055053,0.8836994564147135,0.9004397752522403,0.7531803536745302,0.9567172612055053,0.8815268441584525,0.8902604526458922,0.7151290320826837,0.9787279253249039,0.840138528138528,0.8545454545454545,0.5966666666666667,0.9878787878787879,0.016193175786341787,0.009998269378077018,-0.07446531960200553,0.10546128016090506,-0.043560928276185344,-0.021651896464361498,-0.2962525670008941,0.19531900359871995,0.13428571428571429,0.18285714285714286,5,Marissa Jaret Winokur,0.5085714285714286,5,Marissa Jaret Winokur,0.4942857142857143,11.0,Steve Guttenberg,0.1742857142857143,0.16285714285714287
6,4,9,direct,percent,,0.9687044537756083,0.9707197941566387,0.9186171969174335,1.0,0.8960204811993232,0.9146635591184593,0.7272795420152302,0.9712650555490204,0.9298639909705279,0.9534073144497984,0.7723024875308747,0.9789450103725609,0.8911261890658745,0.912141875543738,0.6879879710544737,0.9916316520429012,0.8219523809523808,0.85,0.5,0.9833333333333333,-0.0048942921334488776,0.005463714806297371,-0.12837718656985728,0.09202962368936778,-0.10791161001814695,-0.09453628519370261,-0.4372334403653822,0.13426333731353607,0.14285714285714285,0.07142857142857142,0,Adam Carolla,0.8428571428571429,0,Adam Carolla,0.9514285714285714,0.0,Adam Carolla,0.8428571428571429,0.9514285714285714
6,5,8,direct,percent,,0.9593789334667875,0.9761904761904762,0.8552650990671352,1.0,0.8774517431963269,0.884864735957054,0.6265515005254438,0.9880235200593538,0.8988948478142782,0.9157291161525718,0.6626987024788349,0.9880235200593538,0.8735117166061723,0.8809523809523809,0.6666666666666666,0.9761904761904762,0.8170748299319728,0.8095238095238095,0.4392857142857143,0.9761904761904762,-0.003940026590154767,-0.010534295151561734,-0.11822726629948144,0.15853505664213915,-0.08182001788230546,-0.07005810467537121,-0.36632789668254084,0.20528827178297623,0.2542857142857143,0.12285714285714286,9,Priscilla Presley,0.6628571428571428,9,Priscilla Presley,0.7342857142857143,9.0,Priscilla Presley,0.6628571428571428,0.7342857142857143
6,6,7,direct,percent,,0.962315245992622,0.9910312089651149,0.7928249671720918,1.0,0.8697274715186815,0.8887834162450674,0.5122727272727272,0.9818181818181818,0.8834335348489023,0.900937462695559,0.5946187253790689,0.9910312089651149,0.8580931222441813,0.8728715609439694,0.5392292248439967,0.9910312089651149,0.811020408163265,0.8571428571428571,0.26517857142857126,1.0,-0.011634349274500244,-0.008403532631952704,-0.17457636838564136,0.16733728145882593,-0.07241312668563708,-0.02642228188586393,-0.6242810335272595,0.3034925453569205,0.13714285714285715,0.21714285714285714,6,Marlee Matlin,0.8685714285714285,6,Marlee Matlin,0.9542857142857143,6.0,Marlee Matlin,0.8685714285714285,0.9542857142857143
6,7,6,direct,percent,,0.9509887675803173,0.9856107606091623,0.8116794499134278,1.0,0.8920864262214598,0.9240616554505462,0.6957252427829381,0.9856107606091623,0.834621818038532,0.9276336570439175,0.34786262139146906,0.9856107606091623,0.8939893311537581,0.9276336570439175,0.6,1.0,0.9072653061224489,0.9428571428571428,0.7714285714285715,1.0,0.0019029049322984123,0.015022525315044666,-0.17357226976827092,0.18998904293134755,0.07264348808391714,0.014389239390837694,-0.15620508561534607,0.5093219480725073,0.18857142857142858,0.13714285714285715,1,Cristian de la Fuente,0.6485714285714286,1,Cristian de la Fuente,0.7171428571428572,10.0,Shannon Elizabeth,0.12285714285714286,0.12285714285714286
6,8,5,direct,percent,,0.92985480374973,0.9746794344808964,0.7744543648263006,1.0,0.8694923359063191,0.9,0.6668859288553503,0.9746794344808964,0.7622857142857143,0.8,0.3,1.0,0.876809666714685,0.8944271909999159,0.6668859288553503,0.9746794344808964,0.8940000000000001,0.9,0.5,1.0,0.0073173308083655875,0.0,-0.09999999999999998,0.2051956704170308,0.13171428571428573,0.09999999999999998,-0.4,0.6274999999999977,0.33714285714285713,0.07714285714285714,5,Marissa Jaret Winokur,0.68,5,Marissa Jaret Winokur,0.58,4.0,Mario,0.06857142857142857,0.34285714285714286
6,9,4,direct,percent,,0.914016452437764,0.9486832980505138,0.7745966692414834,1.0,0.8692086527976051,0.9486832980505138,0.6324555320336759,1.0,0.7262857142857142,0.8,0.2,1.0,0.8655946211859841,0.9486832980505138,0.4111924923920999,1.0,0.8868571428571429,1.0,0.345,1.0,-0.0036140316116210045,0.0,0.0,0.0,0.16057142857142856,0.19999999999999996,-0.655,0.8,0.08285714285714285,0.1457142857142857,5,Marissa Jaret Winokur,0.8857142857142857,5,Marissa Jaret Winokur,0.9571428571428572,5.0,Marissa Jaret Winokur,0.8857142857142857,0.9571428571428572
6,10,3,direct,percent,,0.9396456070095053,1.0,0.8660254037844387,1.0,0.8992264453328586,0.8660254037844387,0.5,1.0,0.8128571428571428,1.0,-0.5,1.0,0.8992264453328586,0.8660254037844387,0.5,1.0,0.8057142857142857,1.0,0.5,1.0,0.0,0.0,0.0,0.0,-0.007142857142857143,0.0,-0.5,1.0,0.05714285714285714,0.2,1,Cristian de la Fuente,0.9914285714285714,1,Cristian de la Fuente,0.9342857142857143,,,,
7,1,13,direct,percent,,0.9682827403913573,0.9711150865094875,0.907352264823499,0.9972489631508746,0.8625852443553014,0.8516023788567885,0.7582503880660366,0.9599123045541285,0.8793966466991024,0.8962869933012612,0.7260201277528271,0.9626786224346878,0.8673215152890045,0.8775799223697636,0.734408229936795,0.967032967032967,0.8188226059654631,0.8461538461538461,0.5973901098901099,0.967032967032967,0.004736270933703296,0.007416834444694209,-0.0749030888333877,0.08607968199983436,-0.060574040733639326,-0.036568469610911536,-0.28978891237438803,0.14427498290244387,0.20857142857142857,0.2342857142857143,3,Jeffrey Ross,0.7885714285714286,3,Jeffrey Ross,0.9914285714285714,3.0,Jeffrey Ross,0.7885714285714286,0.9914285714285714
7,3,9,direct,percent,,0.9588818877740972,0.9707197941566387,0.8606234763002292,1.0,0.8452750740617967,0.8571731229523383,0.5907225580407991,0.9664206778384206,0.8672094917308838,0.8571731229523383,0.6722926454528143,0.9916316520429012,0.8726305058160756,0.8870370532810664,0.6324921143224703,0.9833333333333333,0.8181904761904762,0.8666666666666667,0.48333333333333334,0.9666666666666667,0.027355431754278965,0.017193954434220116,-0.1409120855659527,0.2403097226202805,-0.049019015540407655,-0.03294669503543357,-0.3787325517855764,0.1844083008284887,0.21714285714285714,0.12,1,Cloris Leachman,0.7285714285714285,1,Cloris Leachman,0.9257142857142857,,,,
7,4,9,direct,percent,,0.9657902595859785,0.9789450103725609,0.8820505809448816,1.0,0.8683179404784988,0.8853067919890986,0.675312347386526,0.9789450103725609,0.8527401492837854,0.8853067919890986,0.629929832761474,0.9789450103725609,0.8845718566134184,0.9,0.741629552166297,0.9833333333333333,0.8657142857142858,0.9,0.5833333333333334,1.0,0.01625391613491962,0.01469320801090146,-0.09331281421776805,0.15252594206285247,0.012974136430500426,0.022847309369980584,-0.24381935729668602,0.23173221008541325,0.20857142857142857,0.10285714285714286,8,Rocco DiSpirito,0.5942857142857143,8,Rocco DiSpirito,0.7771428571428571,8.0,Rocco DiSpirito,0.5942857142857143,0.7771428571428571
7,5,8,direct,percent,,0.9572853222447527,0.9581010095306072,0.8932880022951425,1.0,0.8427822911162002,0.8727908136845943,0.6024533658898499,0.9655174686932556,0.8468428770013954,0.8675328468813838,0.6626987024788349,0.9880235200593538,0.836613936808639,0.8622909085775465,0.5648861678889194,0.9700772721497398,0.7898639455782314,0.8333333333333334,0.35714285714285715,1.0,-0.006168354307561326,-0.0073934523131602425,-0.1317468661719381,0.11238749085693278,-0.056978931423163945,-0.010678600564596796,-0.4380955858317446,0.1570920025117882,0.3342857142857143,0.14857142857142858,1,Cloris Leachman,0.4828571428571429,1,Cloris Leachman,0.36857142857142855,11.0,Toni Braxton,0.05714285714285714,0.22285714285714286
7,6,7,direct,percent,,0.9443324860927812,0.9642857142857143,0.7207499701564472,1.0,0.8843790402364117,0.900937462695559,0.6847124716486248,0.9818181818181818,0.9090716409301818,0.9369749612033813,0.7207499701564472,0.9910312089651149,0.8994743118997027,0.9285714285714286,0.7207499701564472,0.9691517820241831,0.8269387755102041,0.8928571428571429,0.17857142857142858,1.0,0.015095271663291209,0.009978181850805234,-0.12092757389341016,0.17340002387484232,-0.08213286541997765,-0.04347139275916523,-0.8124597803936863,0.17210717270069575,0.19714285714285715,0.11428571428571428,1,Cloris Leachman,0.7942857142857143,1,Cloris Leachman,0.9914285714285714,1.0,Cloris Leachman,0.7942857142857143,0.9914285714285714
7,7,6,direct,percent,,0.9408087214051817,0.9428571428571428,0.7714285714285715,1.0,0.8221140620504959,0.8615104714362605,0.47058823529411764,0.9856107606091623,0.7884057840536651,0.8116794499134278,0.38989602147627156,0.9856107606091623,0.8211867718272087,0.8285714285714286,0.6,0.9856107606091623,0.7998367346938776,0.8285714285714286,0.37142857142857144,1.0,-0.0009272902232871789,0.015223485813225301,-0.15620508561534607,0.19233953939685866,0.011430950640212316,0.015223485813225301,-0.40003196436874716,0.5941602750432862,0.18,0.18,2,Cody Linley,0.6971428571428572,2,Cody Linley,0.5742857142857143,9.0,Susan Lucci,0.03142857142857143,0.06857142857142857
7,8,5,direct,percent,,0.9617341811236039,0.9746794344808964,0.872081599272381,1.0,0.8963571134705688,0.9473684210526315,0.5263157894736842,0.9746794344808964,0.8307493285169505,0.872081599272381,0.39628413849289074,0.9746794344808964,0.9130309338143386,0.9,0.6155870112510925,1.0,0.9265714285714287,0.9,0.7,1.0,0.016673820343769786,0.02731101342826492,-0.17388667295943383,0.34576580979869687,0.09582210005447801,0.07921731833187673,-0.2727960039547228,0.5037158615071081,0.008571428571428572,0.26571428571428574,2,Cody Linley,0.5114285714285715,2,Cody Linley,0.5085714285714286,6.0,Maurice Greene,0.48857142857142855,0.4828571428571429
7,9,4,direct,percent,,0.9548571428571428,1.0,0.8,1.0,0.8556219840512729,0.9486832980505138,0.31622776601683794,0.9486832980505138,0.8601395235657993,0.9486832980505138,0.31622776601683794,0.9486832980505138,0.8559999999999999,0.8,0.6,1.0,0.8291428571428571,0.8,0.4,1.0,0.00037801594872711574,0.05131670194948623,-0.3486832980505138,0.4837722339831621,-0.030996666422941997,0.05131670194948623,-0.5486832980505137,0.4837722339831621,0.08571428571428572,0.12,2,Cody Linley,0.9171428571428571,2,Cody Linley,0.8314285714285714,2.0,Cody Linley,0.9171428571428571,0.8314285714285714
7,10,3,direct,percent,,0.9228571428571428,1.0,0.5,1.0,0.6804485315449161,0.8660254037844387,0.0,0.8660254037844387,0.6408587988004846,0.8660254037844387,-0.8660254037844387,0.8660254037844387,0.8185714285714286,1.0,0.5,1.0,0.8142857142857143,1.0,-0.5,1.0,0.13812289702651245,0.1339745962155613,-0.3660254037844387,0.5,0.17342691548522965,0.1339745962155613,-1.3660254037844388,1.8660254037844388,0.07714285714285714,0.07714285714285714,5,Lance Bass,0.52,5,Lance Bass,0.5057142857142857,,,,
8,1,13,direct,percent,,0.968258966089036,0.9738661207488912,0.9078412990032037,0.9945054945054945,0.8545951067694737,0.8729315074828792,0.6883313556235646,0.9394563188043401,0.8953061871284168,0.9006973662887009,0.7310407413981799,0.9738014404285189,0.867075190824916,0.8736263736263736,0.7372771761601775,0.952490913155685,0.792276295133438,0.8021978021978022,0.5494505494505495,0.9560439560439561,0.012480084055442625,0.012815434192433472,-0.05732037089672018,0.09679309255958737,-0.10302989199497879,-0.09153460396353019,-0.2939521689271543,0.12060761025017175,0.38,0.12285714285714286,10,Steve Wozniak,0.5457142857142857,10,Steve Wozniak,0.8857142857142857,,,,
8,2,13,direct,percent,,0.9717555486488381,0.9752103120315183,0.9256233470129664,0.9958705948858224,0.8672422091075477,0.8666800414618658,0.7351078290445394,0.9542531818540436,0.9020256074256391,0.9086186328714748,0.7766196150168231,0.9814050797577492,0.8814842319250004,0.8898105389440124,0.7590103466514663,0.9697006492516792,0.8200941915227631,0.8351648351648352,0.6263736263736264,0.9615384615384616,0.014242022817452722,0.018099657401269176,-0.08132338512761945,0.08753753446214563,-0.0819314159028761,-0.07345379770663962,-0.2832522035507425,0.11006938447095846,0.2,0.16285714285714287,11,Steve-O,0.6571428571428571,11,Steve-O,0.8028571428571428,0.0,Belinda Carlisle,0.1,0.03142857142857143
8,3,12,direct,percent,,0.9661352700588288,0.9754446010932805,0.8901644638542561,0.9982502173821434,0.9010204549584732,0.9142522061171034,0.7716922942745734,0.9734650501170078,0.9356977577751178,0.9418355625648662,0.7962390725091927,0.9912201988042225,0.9003272274124441,0.9105330654968005,0.7578994022883042,0.9842396880153764,0.8234965034965036,0.8601398601398601,0.5326923076923077,0.9790209790209791,-0.0006932275460288222,-0.004602924756298088,-0.07842934479453423,0.0480423709145995,-0.11220125427861415,-0.09159677302324232,-0.43140799311654243,0.09431532680584012,0.5257142857142857,0.037142857142857144,10,Steve Wozniak,0.46,10,Steve Wozniak,0.9857142857142858,3.0,Denise Richards,0.36857142857142855,0.002857142857142857
8,4,11,direct,percent,,0.9493811130583921,0.968046621751713,0.8425258082538369,0.990909090909091,0.8932652569888829,0.9199108753569418,0.7231140214248597,0.9702542565953813,0.9556264009443323,0.9589141064521685,0.8650775117493492,0.9863116523508019,0.8981406547602382,0.9090909090909091,0.7775130845706099,0.9636363636363636,0.7818181818181817,0.8363636363636363,0.5,0.9636363636363636,0.004875397771355151,0.004861026008998737,-0.07510955135202693,0.12426858707060195,-0.1738082191261507,-0.11794260623012454,-0.48631165235080187,0.03666005685220365,0.26571428571428574,0.18857142857142858,10,Steve Wozniak,0.6857142857142857,10,Steve Wozniak,0.94,5.0,Holly Madison,0.18,0.008571428571428572
8,5,9,direct,percent,,0.9635049387613133,0.9707197941566387,0.8976012181921125,1.0,0.8686305359473249,0.8870370532810664,0.611837994148347,0.9747899159663865,0.8877782432716784,0.912141875543738,0.6443571047419068,0.9790880682441959,0.8541488281839403,0.8666666666666667,0.6350093404265446,0.9666666666666667,0.7987142857142857,0.8166666666666667,0.5,0.9666666666666667,-0.014481707763384618,-0.012027274298680557,-0.1377168964117994,0.06343746700239938,-0.08906395755739288,-0.0954752088770714,-0.34714187554373804,0.18039830997852602,0.14,0.28,11,Steve-O,0.7171428571428572,11,Steve-O,0.84,2.0,David Alan Grier,0.11142857142857143,0.054285714285714284
8,6,8,direct,percent,,0.9595653551834448,0.9761904761904762,0.8709736989764176,1.0,0.8623247626856132,0.8862434338158117,0.6144578313253012,0.9700772721497398,0.89137611779544,0.9101959590540769,0.7065994945288229,0.994029797388005,0.8325202850364741,0.8742671711966791,0.5149792926227014,0.9700772721497398,0.7668707482993198,0.8095238095238095,0.3333333333333333,0.9523809523809523,-0.02980447764913911,-0.00529105286343079,-0.23315954161575547,0.16238019884014399,-0.12450536949612022,-0.11236240929191721,-0.4341484842923421,0.16194761951820136,0.18571428571428572,0.16857142857142857,11,Steve-O,0.7971428571428572,11,Steve-O,0.9428571428571428,11.0,Steve-O,0.7971428571428572,0.9428571428571428
8,7,7,direct,percent,,0.948265586709302,0.9549937104572925,0.8072177586086567,1.0,0.8766889034115073,0.9272727272727272,0.6306562238868912,0.9549937104572925,0.87087189251189,0.900937462695559,0.6027271625433289,0.9910312089651149,0.8690136773795988,0.868885762565853,0.6126374746329801,0.9642857142857143,0.825612244897959,0.8571428571428571,0.40892857142857136,1.0,-0.007675226031908713,-0.016928088068603353,-0.1975953667886885,0.19069889306815946,-0.04525964761393083,-0.025775856298790645,-0.5460651390287211,0.2852313865078569,0.15428571428571428,0.2742857142857143,6,Lawrence Taylor,0.8228571428571428,6,Lawrence Taylor,0.9428571428571428,6.0,Lawrence Taylor,0.8228571428571428,0.9428571428571428
8,8,6,direct,percent,,0.9344259632513242,0.9428571428571428,0.7944613465542745,1.0,0.8436354310959613,0.8696565534786727,0.5882352941176471,0.9856107606091623,0.7647179960255794,0.8116794499134278,0.3188740696088466,0.9856107606091623,0.760703588368666,0.8116794499134278,0.46381682852195877,0.9856107606091623,0.780734693877551,0.8857142857142857,0.42857142857142855,1.0,-0.08293184272729517,-0.042954578250200104,-0.38394226776438695,0.19049613501871782,0.016016697851971518,-0.012930819547009365,-0.4419193713296318,0.537017417900429,0.24857142857142858,0.26571428571428574,1,Chuck Wicks,0.5428571428571428,8,Melissa Rycroft,0.6857142857142857,1.0,Chuck Wicks,0.5428571428571428,0.3028571428571429
8,9,5,direct,percent,,0.9534471039058318,0.9746794344808964,0.872081599272381,1.0,0.8793756258928246,0.9473684210526315,0.6155870112510925,0.9746794344808964,0.8530277155907995,0.8207826816681233,0.4616902584383194,0.9746794344808964,0.8880166530870716,0.9,0.5901792257528795,1.0,0.8742857142857144,0.9,0.5,1.0,0.008641027194247294,0.02731101342826492,-0.29156504430176283,0.23311407114464977,0.021257998694914706,-0.072081599272381,-0.2746794344808965,0.43571190635316526,0.39714285714285713,0.18571428571428572,7,Lil' Kim,0.5542857142857143,12,Ty Murray,0.8371428571428572,7.0,Lil' Kim,0.5542857142857143,0.15714285714285714
8,10,4,direct,percent,,0.91211519679178,0.9486832980505138,0.7745966692414834,1.0,0.8644581852985925,0.9486832980505138,0.31622776601683794,1.0,0.7845714285714286,0.8,0.4,1.0,0.8578633707077956,0.9486832980505138,0.31622776601683794,1.0,0.8182857142857142,1.0,0.2,1.0,-0.006594814590796914,0.0,0.0,0.0,0.033714285714285704,0.0,-0.8,0.6,0.10571428571428572,0.2342857142857143,12,Ty Murray,0.86,12,Ty Murray,0.9514285714285714,12.0,Ty Murray,0.86,0.9514285714285714
8,11,3,direct,percent,,0.8636838382793629,0.8660254037844387,0.5,1.0,0.8476488528566223,0.8660254037844387,0.5,1.0,0.59,1.0,-0.5,1.0,0.8476488528566223,0.8660254037844387,0.5,1.0,0.8985714285714286,1.0,0.5,1.0,0.0,0.0,0.0,0.0,0.30857142857142855,0.0,-0.5,1.5,0.13714285714285715,0.1657142857142857,8,Melissa Rycroft,0.5028571428571429,8,Melissa Rycroft,0.5971428571428572,,,,
9,1,16,direct,percent,,0.9658908737933735,0.9690732159111027,0.9169744848885263,0.9933777523776267,0.8734025740011201,0.8856110266769264,0.7852417769868747,0.9445678854872926,0.911567387898517,0.912983323262543,0.818587632327482,0.9723862365814426,0.8769599881515612,0.8844741173021535,0.7585821566561413,0.9403976055841533,0.8017226890756303,0.7941176470588235,0.6061029411764706,0.9558823529411765,0.0035574141504409757,0.0032152209885998873,-0.07606990112457379,0.06091667461535133,-0.10984469882288676,-0.13051308232578462,-0.2950720149466658,0.1092796887384806,0.1457142857142857,0.3342857142857143,1,Ashley Hamiliton,0.5542857142857143,1,Ashley Hamiliton,0.4714285714285714,1.0,Ashley Hamiliton,0.5542857142857143,0.4714285714285714
9,2,14,direct,percent,,0.9565555543234969,0.961416504956677,0.900275572278586,0.9956043956043956,0.8286294322217252,0.8257000591256045,0.7422718866820798,0.9228996099792515,0.7539936210266688,0.748175897410364,0.5945086322536246,0.9296197527703626,0.8320824402625205,0.8404845569998652,0.7350238094682144,0.9296703296703297,0.8664113029827315,0.8813186813186813,0.6462637362637362,0.978021978021978,0.003453008040795294,0.016526872506925083,-0.07035426238254414,0.07449822299224654,0.11241768195606273,0.1517390910723705,-0.19897175453902435,0.35680912310977403,0.08,0.18,15,Tom DeLay,0.28285714285714286,15,Tom DeLay,0.24857142857142858,6.0,Kathy Ireland,0.21428571428571427,0.17714285714285713
9,4,11,direct,percent,,0.9748553826838673,0.9818181818181818,0.9263676476657612,0.9977246841962694,0.8769995152161726,0.8878927761289473,0.7096774193548387,0.9656978132124118,0.8990470108570472,0.9016230767907352,0.7630614592788595,0.9694736458944031,0.8804280281004154,0.8909090909090909,0.7471545580282566,0.9727272727272728,0.8351688311688313,0.8318181818181818,0.5909090909090909,0.9727272727272728,0.0034285128842428377,0.0030163147801435253,-0.06996408536167031,0.09452457070454315,-0.06387817968821614,-0.055980657285341184,-0.31529075276890683,0.12275890795440682,0.16857142857142857,0.15428571428571428,8,Louie Vito,0.4057142857142857,8,Louie Vito,0.4514285714285714,2.0,Chuck Liddell,0.21428571428571427,0.17714285714285713
9,5,10,direct,percent,,0.9704469576864276,0.9787279253249039,0.8909090909090909,1.0,0.9023161474000251,0.9170316077960288,0.7463470860298976,0.9815562866705296,0.8503863576800756,0.8677950114042957,0.5997632897967987,0.9758077947386599,0.8921410696241266,0.9057792600832962,0.7499961690058808,0.9757575757575757,0.9172294372294373,0.9272727272727272,0.7475757575757576,0.9790909090909088,-0.010175077775898463,-0.008436144071130025,-0.08791349064568789,0.07883017035698721,0.06684307954936143,0.04735650374721945,-0.15442889753163147,0.30542104203791187,0.19714285714285715,0.08857142857142856,12,Michael Irvin,0.46,14,Natalie Coughlin,0.4542857142857143,14.0,Natalie Coughlin,0.3171428571428571,0.4542857142857143
9,6,9,direct,percent,,0.9359068223637288,0.9539832459815243,0.7576183123752862,0.9958246164193104,0.8612397939732939,0.8984341422975738,0.6043921368387115,0.9790880682441959,0.8406666666666667,0.85,0.6833333333333333,0.9833333333333333,0.8683021219632592,0.8853067919890986,0.7227145938617754,0.9790880682441959,0.8208095238095238,0.8833333333333333,0.48333333333333334,0.9666666666666667,0.007062327989965414,0.0,-0.08944817010493786,0.13620104492139973,-0.019857142857142858,0.0,-0.44999999999999996,0.21666666666666667,0.18,0.36,12,Michael Irvin,0.4714285714285714,12,Michael Irvin,0.6142857142857143,8.0,Louie Vito,0.27714285714285714,0.2857142857142857
9,7,7,direct,percent,,0.9330627220811826,0.9636241116594315,0.7455777916396407,1.0,0.7937174436897414,0.8363636363636363,0.5048713746045669,0.9818181818181818,0.687852882232878,0.6847124716486248,0.2964084252268389,0.9910312089651149,0.7932433692710531,0.8108437164260031,0.5929994533288809,0.9910312089651149,0.8410204081632654,0.8928571428571429,0.5714285714285714,1.0,-0.00047407441868825984,0.010191440714375055,-0.11554638977480991,0.17513235577399477,0.1531675259303874,0.14572547440690226,-0.24006157058450484,0.622107245497847,0.05142857142857143,0.3028571428571429,10,Mark Dacascos,0.8828571428571429,10,Mark Dacascos,0.88,10.0,Mark Dacascos,0.8828571428571429,0.88
9,8,5,direct,percent,,0.8570807661908924,0.9,0.6668859288553503,1.0,0.7932724763525175,0.8207826816681233,0.5263157894736842,0.9746794344808964,0.5377592248286328,0.5642880936468347,0.10259783520851541,0.9746794344808964,0.8119434520441564,0.8,0.6,1.0,0.9431428571428572,0.9,0.9,1.0,0.018670975691639002,0.02731101342826492,-0.22078268166812332,0.34576580979869687,0.40538363231422425,0.43571190635316526,-0.07467943448089642,0.8461032471872268,0.2857142857142857,0.05714285714285714,0,Aaron Carter,0.8285714285714286,0,Aaron Carter,0.5971428571428572,0.0,Aaron Carter,0.8285714285714286,0.5971428571428572
9,9,4,direct,percent,,0.8737928077061321,0.9486832980505138,0.6,1.0,0.8169845377076299,0.8,0.31622776601683794,1.0,0.5771428571428572,0.8,-0.2,1.0,0.8042013743440969,0.8,0.31622776601683794,1.0,0.8937142857142856,1.0,0.6,1.0,-0.01278316336353309,0.0,-0.20000000000000007,0.13703203194062497,0.3165714285714285,0.19999999999999996,-0.19999999999999996,1.2,0.33714285714285713,0.2571428571428571,4,Donny Osmond,0.6457142857142857,7,Kelly Osbourne,0.44857142857142857,5.0,Joanna Krupa,0.05714285714285714,0.21714285714285714
9,10,3,direct,percent,,0.94841039381702,1.0,0.8660254037844387,1.0,0.9382359752123688,1.0,0.7104646071760526,1.0,0.8785714285714286,1.0,0.5,1.0,0.9382359752123688,1.0,0.7104646071760526,1.0,0.88,1.0,0.5,1.0,0.0,0.0,0.0,0.0,0.0014285714285714286,0.0,-0.5,0.5,0.06571428571428571,0.18,7,Kelly Osbourne,0.9742857142857143,7,Kelly Osbourne,0.9542857142857143,,,,
10,1,11,direct,percent,,0.9726315352850199,0.9816926905710048,0.9038590118371562,1.0,0.8840729282744467,0.889438699381539,0.7042730553012994,0.9683927559783481,0.9207045009190978,0.9241989846421228,0.8021219545811856,0.9885710532241612,0.8711707893429899,0.8838291723017181,0.6909090909090909,0.961278120390013,0.8084675324675324,0.8363636363636363,0.44545454545454544,0.9727272727272728,-0.012902138931456893,-0.010510070652496761,-0.1741544931946043,0.06597191220083015,-0.1122369684515654,-0.09755686160854538,-0.4606013731159966,0.06697811306860683,0.17714285714285713,0.14285714285714285,1,Buzz Aldrin,0.48857142857142855,1,Buzz Aldrin,0.62,,,,
10,2,11,direct,percent,,0.9587343630942379,0.9703897613415771,0.8736209307562355,0.9977246841962694,0.8818093280717378,0.8889118460795196,0.7480568784929956,0.9702542565953813,0.9317043371872221,0.9339431975353206,0.8631001891369098,0.9886130432447053,0.8739518778249674,0.8974966337290643,0.6924847123188719,0.9648491846180846,0.7757922077922077,0.8181818181818182,0.38181818181818183,0.9636363636363636,-0.007857450246770434,-0.011059685304073141,-0.15843980665876045,0.08446667111370265,-0.15591212939501425,-0.10673266584455854,-0.5384575542897927,0.0706955503830814,0.28,0.26571428571428574,1,Buzz Aldrin,0.6228571428571429,1,Buzz Aldrin,0.8657142857142858,10.0,Shannen Doherty,0.002857142857142857,0.0
10,3,10,direct,percent,,0.9686638939466827,0.9757575757575757,0.8666666666666667,1.0,0.87649150729044,0.8766935474490194,0.6892232330062339,0.9816498172140429,0.8810681953316625,0.8890413438919633,0.7346938883551641,0.9816498172140429,0.8764225312268565,0.8909090909090909,0.696969696969697,0.9757575757575757,0.8406926406926407,0.8666666666666667,0.4666666666666667,0.9757575757575757,-6.897606358358439e-05,-0.0004183663750872424,-0.1365811978662853,0.11246666578111969,-0.04037555463902169,-0.008667374851961895,-0.4176096535499495,0.19958387411931558,0.17714285714285713,0.2057142857142857,1,Buzz Aldrin,0.6857142857142857,1,Buzz Aldrin,0.8171428571428572,1.0,Buzz Aldrin,0.6857142857142857,0.8171428571428572
10,4,9,direct,percent,,0.953262178537433,0.9663305852490377,0.8403658068160179,0.9958246164193104,0.8799855853710655,0.890787755224979,0.6996812053587008,0.9790880682441959,0.9317142857142858,0.95,0.8333333333333334,0.9833333333333333,0.8834256100222546,0.901108674471371,0.7418204762930308,0.9790880682441959,0.7792380952380953,0.8,0.4666666666666667,0.9833333333333333,0.003440024651189234,0.0,-0.10127393670836671,0.1186611131336418,-0.15247619047619046,-0.1333333333333333,-0.4,0.08333333333333337,0.12,0.19714285714285715,6,Kate Gosselin,0.5342857142857143,6,Kate Gosselin,0.5914285714285714,0.0,Aiden Turner,0.4142857142857143,0.3314285714285714
10,5,8,direct,percent,,0.9459846537542957,0.9700772721497398,0.8263621207201487,1.0,0.8655782997725333,0.8795180722891566,0.6107893935757621,0.9879518072289156,0.9351065853018726,0.9581010095306072,0.7545045450053531,0.994029797388005,0.8786288873511288,0.8982196964349443,0.725146331562395,0.9761904761904762,0.7634693877551019,0.8095238095238095,0.35714285714285715,0.9761904761904762,0.01305058757859521,0.007431326333775912,-0.12462467476853256,0.14004671368005195,-0.17163719754677062,-0.13645793595892375,-0.5530531019112197,0.054057579910170586,0.14,0.12571428571428572,6,Kate Gosselin,0.8142857142857143,6,Kate Gosselin,0.9485714285714286,6.0,Kate Gosselin,0.8142857142857143,0.9485714285714286
10,6,7,direct,percent,,0.9546372359985519,0.9819805060619657,0.8153742483272113,1.0,0.8761003109854318,0.900937462695559,0.6306562238868912,0.9819805060619657,0.9060204081632652,0.9285714285714286,0.6428571428571429,1.0,0.8721620198110739,0.8961402190848622,0.600099198148979,0.9819805060619657,0.7875510204081632,0.8571428571428571,0.21428571428571427,1.0,-0.003938291174357818,0.0,-0.1071428571428572,0.10910894511799618,-0.11846938775510205,-0.0714285714285714,-0.6785714285714286,0.1428571428571429,0.16,0.18285714285714286,5,Jake Pavelka,0.82,5,Jake Pavelka,0.6714285714285714,5.0,Jake Pavelka,0.82,0.6714285714285714
10,7,6,direct,percent,,0.9463827110513157,0.9428571428571428,0.8285714285714286,1.0,0.8521229339331788,0.8827348295047495,0.595765580895227,0.9710083124552245,0.7508290249816113,0.7944613465542745,0.44136741475237473,0.9710083124552245,0.8587636613828143,0.8857142857142857,0.6377481392176932,1.0,0.9144489795918367,0.9428571428571428,0.7142857142857143,1.0,0.0066407274496356195,0.008097850681914709,-0.20532554616393975,0.15113373916332062,0.16361995461022555,0.14839579630286837,-0.17701003731613008,0.5114582086817663,0.15714285714285714,0.06285714285714286,8,Niecy Nash,0.72,8,Niecy Nash,0.6028571428571429,9.0,Pamela Anderson,0.1657142857142857,0.2571428571428571
10,8,5,direct,percent,,0.9388529323032491,0.9746794344808964,0.6668859288553503,1.0,0.8524617496758989,0.9473684210526315,0.5263157894736842,0.9746794344808964,0.8835139294813298,0.872081599272381,0.6527787265141793,0.9746794344808964,0.8437396695311873,0.872081599272381,0.6,1.0,0.7708571428571429,0.8,0.2,1.0,-0.008722080144711692,0.025320565519103555,-0.2804824921972813,0.3357119063531653,-0.11265678662418703,-0.07467943448089642,-0.6746794344808964,0.33311407114464975,0.20285714285714285,0.14,8,Niecy Nash,0.4828571428571429,8,Niecy Nash,0.6342857142857142,8.0,Niecy Nash,0.4828571428571429,0.6342857142857142
10,9,4,direct,percent,,0.9311013760127862,1.0,0.8,1.0,0.8327946403221613,0.9486832980505138,0.6324555320336759,0.9486832980505138,0.7911717536440316,0.9486832980505138,0.31622776601683794,0.9486832980505138,0.8570161699324013,0.8,0.5449999999999999,1.0,0.852,1.0,0.4,1.0,0.024221529610239975,0.05131670194948623,-0.14868329805051372,0.16754446796632416,0.06082824635596836,0.05131670194948623,-0.5486832980505137,0.683772233983162,0.06,0.07428571428571429,2,Chad Ochocinco,0.9428571428571428,2,Chad Ochocinco,0.9171428571428571,2.0,Chad Ochocinco,0.9428571428571428,0.9171428571428571
10,10,3,direct,percent,,0.9007790014555533,1.0,0.5,1.0,0.8730866937632457,0.8660254037844387,0.5,1.0,0.6271428571428571,1.0,-1.0,1.0,0.8730866937632457,0.8660254037844387,0.5,1.0,0.8671428571428571,1.0,-0.5,1.0,0.0,0.0,0.0,0.0,0.24,0.0,-1.5,2.0,0.06,0.22285714285714286,4,Evan Lysacek,0.5914285714285714,4,Evan Lysacek,0.5942857142857143,,,,
11,1,12,direct,percent,,0.9718231549038988,0.972027972027972,0.9352028352316922,0.9982502173821434,0.8891909472007785,0.90944972014824,0.7163525939072959,0.9575009918562866,0.9078724616996547,0.9204246261062241,0.7823609321902906,0.9770661415589149,0.8831140486790163,0.8896686147896997,0.7342657342657343,0.9698858276977479,0.8374225774225774,0.8461538461538461,0.5765734265734266,0.9790209790209791,-0.006076898521762367,-0.004409862952996169,-0.08497824653833685,0.07086633041041634,-0.07044988427707724,-0.07284946234879885,-0.30106400381291887,0.14223584903127978,0.09142857142857143,0.38571428571428573,3,David Hasselhoff,0.46285714285714286,3,David Hasselhoff,0.4542857142857143,3.0,David Hasselhoff,0.46285714285714286,0.4542857142857143
11,2,11,direct,percent,,0.971585730306816,0.9818181818181818,0.9,0.9977246841962694,0.8843465085711054,0.9125296052040349,0.6620654183645975,0.965422335078315,0.8875370916300485,0.9010077667544889,0.7051365131122088,0.9862693712811286,0.878012336751347,0.8818181818181818,0.7118204209548302,0.965833940865795,0.8476103896103895,0.8636363636363636,0.5106818181818181,0.9818181818181818,-0.006334171819758352,0.0004116057874800072,-0.08424438458148664,0.09377081594214107,-0.03992670201965884,-0.012909290210217805,-0.32944580669857676,0.21870628784204066,0.14285714285714285,0.4342857142857143,9,Michael Bolton,0.8571428571428571,9,Michael Bolton,1.0,9.0,Michael Bolton,0.8571428571428571,1.0
11,3,10,direct,percent,,0.9507352692675326,0.9636363636363636,0.8583347587104543,0.9969650916353059,0.7950350677940177,0.8112427143122912,0.49693275351460536,0.963128122549627,0.772266468960122,0.8026067687913558,0.49946836611708223,0.9446064278852111,0.8091650620874088,0.8206724839680871,0.5896683773696626,0.9515151515151515,0.7937662337662339,0.8424242424242424,0.21757575757575756,0.9669696969696967,0.01412999429339127,0.025440634194593914,-0.15603388385079614,0.11893235413768982,0.02149976480611163,0.06281368410578592,-0.6273023616772437,0.3600388129831511,0.10571428571428572,0.3914285714285714,8,Margaret Cho,0.9028571428571428,8,Margaret Cho,0.8685714285714285,8.0,Margaret Cho,0.9028571428571428,0.8685714285714285
11,4,9,direct,percent,,0.9298756097429354,0.9707197941566387,0.5044393564418674,0.9958246164193104,0.8080168680284602,0.836827408755723,0.44459061923690013,0.9392124553213247,0.8903333333333333,0.9,0.6666666666666666,0.9833333333333333,0.8053141345078013,0.836827408755723,0.4787898976397386,0.951095392644919,0.6537142857142857,0.7666666666666667,-0.43333333333333335,0.9666666666666667,-0.0027027335206591344,0.0,-0.13503191561115557,0.1532261755365748,-0.23661904761904762,-0.10000000000000009,-1.4166666666666665,0.13333333333333333,0.21714285714285714,0.08285714285714285,11,The Situation,0.7,11,The Situation,0.9057142857142857,11.0,The Situation,0.7,0.9057142857142857
11,5,8,direct,percent,,0.9242249408819496,0.9523809523809523,0.7711403083390078,0.994029797388005,0.762480092544654,0.7590361445783133,0.552240780383043,0.963855421686747,0.8353272087378995,0.8383383833392813,0.6042024491352391,0.9766642165902623,0.7552630839939181,0.7591136592199376,0.4630335874607359,0.9476036485701445,0.6168707482993198,0.6190476190476191,0.11249999999999999,0.9523809523809523,-0.007217008550735987,-0.005322831244429227,-0.28077687148447883,0.2524371812195645,-0.2184564604385797,-0.20731450167252963,-0.8095935708874017,0.27001998594787746,0.32,0.29714285714285715,2,Bristol Palin,0.45714285714285713,2,Bristol Palin,0.5885714285714285,4.0,Florence Henderson,0.24285714285714285,0.19142857142857142
11,6,7,direct,percent,,0.9170249046934771,0.9274260335029676,0.7778900290357149,0.9910312089651149,0.6906932494147133,0.6728384948943098,0.31204481674109974,0.9549937104572925,0.6103061224489795,0.6071428571428571,0.25,1.0,0.6967039255836487,0.7092081432669752,0.29649972666444047,0.9419301172482065,0.7022448979591837,0.7142857142857143,0.32142857142857145,0.9642857142857143,0.006010676168935224,0.0,-0.21821789023599236,0.2545875386086578,0.09193877551020409,0.1071428571428572,-0.3866071428571429,0.6071428571428572,0.06571428571428571,0.36,6,Kurt Warner,0.9171428571428571,6,Kurt Warner,0.9771428571428571,0.0,Audrina Patridge,0.0,0.0
11,7,6,direct,percent,,0.8798643255946175,0.898645105261295,0.629776287477472,1.0,0.748456674293473,0.7941176470588235,0.17647058823529413,0.9394461660627216,0.5422515672023687,0.5797710356524485,-0.11595420713048969,0.9276336570439175,0.7243328909369726,0.7142857142857143,0.4058397249567139,0.9428571428571428,0.8346122448979593,0.8857142857142857,0.3142857142857143,1.0,-0.02412378335650035,0.016977135660887432,-0.2735933537413997,0.2534801595634714,0.2923606776955906,0.30469188042825573,-0.2364967695841117,0.9883942267764374,0.2914285714285714,0.16,2,Bristol Palin,0.5685714285714286,2,Bristol Palin,0.39714285714285713,10.0,Rick Fox,0.1457142857142857,0.33714285714285713
11,8,5,direct,percent,,0.8923861839447292,0.9,0.43708747546683646,1.0,0.7264863329961877,0.7894736842105263,0.20519567041703082,0.9473684210526315,0.6312698232043942,0.6668859288553503,0.0692535387657478,0.872081599272381,0.6984201486309135,0.7,0.2789918693812442,0.9746794344808964,0.7265714285714286,0.7,-0.1,1.0,-0.028066184365274194,0.02731101342826492,-0.4181848464596079,0.3578225933746873,0.09530160536703444,0.1357119063531652,-0.8270815992723811,0.7482464612342519,0.27714285714285714,0.3514285714285714,2,Bristol Palin,0.5514285714285714,6,Kurt Warner,0.6714285714285714,6.0,Kurt Warner,0.4228571428571429,0.6714285714285714
11,9,4,direct,percent,,0.9084161559694774,0.9486832980505138,0.5454928963790453,1.0,0.8454424900084672,0.8944271909999159,0.31622776601683794,1.0,0.7411428571428571,0.8,-0.2550000000000001,1.0,0.8476814322554447,0.8944271909999159,0.31622776601683794,1.0,0.8279999999999998,0.8,0.4,1.0,0.002238942246977607,0.0,-0.4216370213557839,0.20000000000000007,0.08685714285714287,0.0,-0.6,1.2549999999999955,0.41714285714285715,0.32571428571428573,1,Brandy,0.8085714285714286,2,Bristol Palin,0.5914285714285714,1.0,Brandy,0.8085714285714286,0.3914285714285714
11,10,3,direct,percent,,0.903825995760483,0.8660254037844387,0.5,1.0,0.841325995760483,0.8660254037844387,0.5,1.0,0.7457142857142857,1.0,-1.0,1.0,0.841325995760483,0.8660254037844387,0.5,1.0,0.6571428571428571,0.5,-0.5,1.0,0.0,0.0,0.0,0.0,-0.08857142857142856,0.0,-1.5,2.0,0.21428571428571427,0.07428571428571429,2,Bristol Palin,0.92,2,Bristol Palin,0.7057142857142857,,,,
12,1,11,direct,percent,,0.9672035112571516,0.9749455818173591,0.8825763216708781,0.9977246841962694,0.8983543764832767,0.9057495197535115,0.7393347598467797,0.9737487769747857,0.9258145589091233,0.9405255953324674,0.8134058950387482,0.9840048807614622,0.8995372232279757,0.9041190146549017,0.7793181818181818,0.9703897613415771,0.8413506493506494,0.8636363636363636,0.5818181818181818,0.9727272727272728,0.0011828467446991058,-0.002005714000447023,-0.10322514917431595,0.0820043075920007,-0.08446390955847391,-0.06080792290706849,-0.37014933073244216,0.10251754467332025,0.10857142857142857,0.08857142857142856,5,Mike Catherwood,0.7085714285714285,5,Mike Catherwood,0.6942857142857143,,,,
12,2,11,direct,percent,,0.9714365071078249,0.9817190426360172,0.8899457101438081,0.9977246841962694,0.8664416385151029,0.8762559250698203,0.6844618473011643,0.958305399820784,0.8824993527364768,0.8911455867026995,0.7333385557240965,0.9561249523997712,0.8648379351903436,0.8909090909090909,0.6210110403690234,0.9585430734213478,0.8238441558441559,0.8636363636363636,0.42227272727272724,0.990909090909091,-0.001603703324759241,0.01330393912413308,-0.22292415770523188,0.09446825675929263,-0.058655196892320995,-0.02866036768979996,-0.49820582223525456,0.17237348963251198,0.06571428571428571,0.14285714285714285,5,Mike Catherwood,0.43714285714285717,5,Mike Catherwood,0.42857142857142855,5.0,Mike Catherwood,0.43714285714285717,0.42857142857142855
12,3,10,direct,percent,,0.966766307085144,0.9757575757575757,0.8980284644013754,1.0,0.8493740696149225,0.854689897936124,0.7081974910453575,0.955487565247069,0.8601931807157955,0.8670767080511403,0.6688877462108798,0.978557999086287,0.8532776607594441,0.8666666666666667,0.7051704306688749,0.9569484850938332,0.811878787878788,0.8424242424242424,0.5590909090909091,0.9757575757575757,0.003903591144521396,0.007111353642055285,-0.097910934341779,0.15227845107325894,-0.048314392837007725,-0.02491806362070209,-0.31569464664273517,0.2398047658893231,0.21714285714285714,0.18285714285714286,10,Wendy Williams,0.7714285714285715,10,Wendy Williams,0.9885714285714285,10.0,Wendy Williams,0.7714285714285715,0.9885714285714285
12,4,9,direct,percent,,0.9746049428350685,0.9833333333333333,0.9153857298880941,1.0,0.8709068367029381,0.889018786432895,0.7184653025451125,0.9659531044895878,0.8414792414626052,0.8597690960663361,0.6422730524574758,0.9619198797573859,0.8757788306091122,0.8786687791935092,0.7479255680662559,0.9741885174302294,0.8788571428571429,0.9,0.7120833333333333,1.0,0.004871993906174061,0.00476668966705085,-0.09313283074347056,0.12121903571343923,0.037377901394537574,0.024281165164013796,-0.1601275600148444,0.27698756797525154,0.06285714285714286,0.10571428571428572,3,Kendra Wilkinson,0.8142857142857143,3,Kendra Wilkinson,0.8571428571428571,9.0,Sugar Ray Leonard,0.18,0.13142857142857142
12,5,8,direct,percent,,0.9662501498275177,0.9700772721497398,0.8783100656536799,1.0,0.8371139635148468,0.8510644963469901,0.5826987807288609,0.9511897312113419,0.818023168841754,0.8510644963469901,0.5869841893922623,0.9511897312113419,0.8603082001467143,0.8809523809523809,0.6467181814331598,0.9581010095306072,0.8419727891156464,0.9047619047619048,0.4523809523809524,1.0,0.02319423663186755,0.02638002397373096,-0.09867955563549495,0.12981068765096984,0.023949620273892233,0.06560217031967652,-0.3669198202794985,0.30737040406884514,0.05142857142857143,0.19714285714285715,3,Kendra Wilkinson,0.4342857142857143,3,Kendra Wilkinson,0.4114285714285714,6.0,Petra Nemcova,0.4257142857142857,0.40285714285714286
12,6,7,direct,percent,,0.954778269518021,0.9642857142857143,0.7748062179181807,1.0,0.8632430091740675,0.9189562119494701,0.5636363636363636,0.9818181818181818,0.8119763235219634,0.8468812149338254,0.37839373433213475,0.9910312089651149,0.8706267585104724,0.8928571428571429,0.6304927900875286,0.9910312089651149,0.8785714285714286,0.8928571428571429,0.6071428571428571,1.0,0.00738374933640477,0.009500839268213823,-0.19198174393859113,0.22715009667199354,0.06659510504946538,0.04565271512978086,-0.311813354806613,0.5324821577789194,0.09142857142857143,0.11714285714285715,1,Chris Jericho,0.8857142857142857,1,Chris Jericho,0.9657142857142857,1.0,Chris Jericho,0.8857142857142857,0.9657142857142857
12,7,6,direct,percent,,0.9411726948406668,0.9428571428571428,0.8116794499134278,1.0,0.8403267812418937,0.8827348295047495,0.6179143806533246,0.9710083124552245,0.7634395225459647,0.7944613465542745,0.4707919090691997,0.9710083124552245,0.8507803205092195,0.8857142857142857,0.6571428571428571,0.9895678014416424,0.8893061224489794,0.9428571428571428,0.6,1.0,0.010453539267325741,0.030280466166710873,-0.16844911521903516,0.12953692858481924,0.12586659990301485,0.13880194361683432,-0.3710083124552245,0.5078753325511015,0.26,0.23142857142857143,8,Romeo,0.62,8,Romeo,0.46,3.0,Kendra Wilkinson,0.11714285714285715,0.37714285714285717
12,8,5,direct,percent,,0.9151898759089694,0.9486832980505138,0.6324555320336759,1.0,0.8362587666770462,0.9,0.31622776601683794,1.0,0.7482857142857143,0.7,0.3,1.0,0.8158897422627466,0.872081599272381,0.31622776601683794,1.0,0.8100000000000002,0.9,-0.1,1.0,-0.0203690244142996,0.0,-0.2051956704170308,0.20000000000000007,0.06171428571428573,0.09999999999999998,-0.6,0.6000000000000001,0.16857142857142857,0.2885714285714286,7,Ralph Macchio,0.8314285714285714,7,Ralph Macchio,0.9257142857142857,8.0,Romeo,0.1,0.07428571428571429
12,9,4,direct,percent,,0.8961002336294648,0.9486832980505138,0.31622776601683794,1.0,0.83176682354055,0.8,0.31622776601683794,1.0,0.9057142857142857,1.0,0.8,1.0,0.8552489735360936,0.8,0.38826997223255405,1.0,0.6325714285714285,0.8,-0.8,1.0,0.02348214999554362,0.0,-0.08999999999999989,0.4216370213557839,-0.27314285714285713,0.0,-1.8,0.19999999999999996,0.2542857142857143,0.037142857142857144,7,Ralph Macchio,0.6714285714285714,7,Ralph Macchio,0.8742857142857143,7.0,Ralph Macchio,0.6714285714285714,0.8742857142857143
12,10,3,direct,percent,,0.9085714285714286,1.0,0.5,1.0,0.8190125961504262,0.8660254037844387,0.0,0.8660254037844387,0.7200382642893476,0.8660254037844387,0.0,0.8660254037844387,0.7971428571428572,1.0,0.5,1.0,0.8371428571428572,1.0,-0.5,1.0,-0.021869739007569174,0.1339745962155613,-0.3660254037844387,0.5,0.11710459285350952,0.1339745962155613,-1.3660254037844388,1.0,0.1657142857142857,0.017142857142857144,4,Kirstie Alley,0.9457142857142857,4,Kirstie Alley,0.8485714285714285,,,,
13,1,12,direct,percent,,0.9610380673686024,0.9684270140350554,0.8741258741258742,0.9987314076020539,0.8609685000267375,0.8714842757325989,0.7077508663525348,0.9471889703921983,0.9051494124213503,0.9314716462190887,0.7573040233128403,0.9666215196613185,0.873100015186812,0.8861659824480079,0.7467835207036267,0.9438654593312678,0.796983016983017,0.8181818181818182,0.5524475524475524,0.951048951048951,0.01213151516007436,0.002510224403886374,-0.07940680713309108,0.11815371464300711,-0.10816639543833345,-0.08894369049578243,-0.4141739672137661,0.1348314635833082,0.29428571428571426,0.13714285714285715,4,Elisabetta Canalis,0.54,8,Metta World Peace (Ron),0.5828571428571429,8.0,Metta World Peace (Ron),0.30857142857142855,0.5828571428571429
13,2,11,direct,percent,,0.9706823236339595,0.9749455818173591,0.9202757361079745,1.0,0.8553149546720098,0.8601512308077806,0.6908615966928809,0.947143279574055,0.8299925121872219,0.8321028211075269,0.6298036661444469,0.9442964599085417,0.8750944034397987,0.8714444918008224,0.7064517492894147,0.990909090909091,0.875038961038961,0.8909090909090909,0.6793181818181818,0.990909090909091,0.019779448767788768,0.03075786010131032,-0.08066009627217807,0.10087935187453775,0.045046448851738995,0.03490515324055987,-0.1432622166718397,0.27057124702885743,0.23714285714285716,0.17142857142857143,1,Chaz Bono,0.5857142857142857,1,Chaz Bono,0.5228571428571429,4.0,Elisabetta Canalis,0.0,0.022857142857142857
13,3,10,direct,percent,,0.9600203472143763,0.9665698144513026,0.857146816588891,1.0,0.8567226987895123,0.8594452875445685,0.6340905639975446,0.9627402883667394,0.8391197201603028,0.8625819491779428,0.5332324776736374,0.966091783079296,0.8565256459459261,0.875383982899293,0.6786193014682124,0.9515151515151515,0.8363982683982685,0.8545454545454545,0.4909090909090909,0.9878787878787879,-0.0001970528435860229,0.005431601597466251,-0.11011059865300155,0.10344840018475443,-0.002721451762034397,0.007221379122098193,-0.35184935883687174,0.35151180310037666,0.16,0.19714285714285715,1,Chaz Bono,0.7885714285714286,1,Chaz Bono,0.9285714285714286,7.0,Kristin Cavallari,0.0,0.017142857142857144
13,4,9,direct,percent,,0.9719388636994294,0.9790880682441959,0.9,1.0,0.8935830352222992,0.9084798947342327,0.7327022502514038,0.9789450103725609,0.8992187558632129,0.910844487911861,0.6895177899145863,0.9789450103725609,0.8958682430720826,0.9037736014561809,0.75,0.9833333333333333,0.8641428571428571,0.8833333333333333,0.6166666666666667,0.9833333333333333,0.0022852078497832143,-0.0023417001004236715,-0.06810060931317015,0.11097443390633024,-0.035075898720355825,-0.017564733476907013,-0.3622783437058942,0.21048221008541368,0.26,0.4228571428571429,0,Carson Kressley,0.8857142857142857,0,Carson Kressley,0.6257142857142857,2.0,Chynna Phillips,0.08285714285714285,0.14285714285714285
13,5,8,direct,percent,,0.9432914735641309,0.9700772721497398,0.8314162498647076,1.0,0.8570959986880267,0.884864735957054,0.5970239605132547,0.983537723072185,0.8469461547212622,0.8916309815169777,0.5301589619830679,0.9880235200593538,0.8940525814298301,0.9341484842923421,0.6583040591912742,0.9761904761904762,0.861360544217687,0.9047619047619048,0.5517857142857142,0.9761904761904762,0.036956582741803676,0.03665183622838053,-0.13919842193920706,0.20228604563749705,0.014414389496425022,0.036940447054450876,-0.32020241008840633,0.3164066995878858,0.07714285714285714,0.19142857142857142,0,Carson Kressley,0.9228571428571428,0,Carson Kressley,0.8914285714285715,0.0,Carson Kressley,0.9228571428571428,0.8914285714285715
13,6,7,direct,percent,,0.9601215074497241,0.9819805060619657,0.8382167991170065,1.0,0.8740713511329135,0.8909090909090909,0.6545454545454545,0.9818181818181818,0.9103586944483183,0.9549937104572925,0.702731220902536,0.9910312089651149,0.8787833143547269,0.8952183213444402,0.6252701969164731,0.9910312089651149,0.8001020408163266,0.8214285714285714,0.41874999999999996,0.9642857142857143,0.004711963221813462,0.009292003828421769,-0.13862689424134908,0.19233576038837086,-0.11025665363199169,-0.09720442772736204,-0.4290685320350817,0.13615855771109595,0.04857142857142857,0.017142857142857144,1,Chaz Bono,0.7371428571428571,1,Chaz Bono,0.7142857142857143,1.0,Chaz Bono,0.7371428571428571,0.7142857142857143
13,7,6,direct,percent,,0.9503674023224435,0.9561828874675149,0.8116794499134278,1.0,0.8806195818784686,0.9276336570439175,0.6452344389194355,0.9856107606091623,0.8388571428571426,0.8857142857142857,0.4857142857142857,1.0,0.8809464351076794,0.9258200997725515,0.6179143806533246,0.9856107606091623,0.8517551020408164,0.8857142857142857,0.5428571428571428,1.0,0.00032685322921076175,0.0,-0.11595420713048976,0.11595420713048976,0.012897959183673464,0.0,-0.4,0.4,0.24285714285714285,0.2571428571428571,9,Nancy Grace,0.5314285714285715,9,Nancy Grace,0.7714285714285715,3.0,David Arquette,0.45714285714285713,0.2257142857142857
13,8,5,direct,percent,,0.9407314381620963,0.9746794344808964,0.7,1.0,0.809074715180369,0.8207826816681233,0.5263157894736842,0.9746794344808964,0.8121351498434057,0.8207826816681233,0.6668859288553503,0.9746794344808964,0.8274234091302295,0.8,0.6,1.0,0.7839999999999999,0.8500000000000001,0.3,1.0,0.018348693949860485,0.02731101342826492,-0.22078268166812332,0.23311407114464977,-0.02813514984340559,0.025320565519103555,-0.6356042886916359,0.33311407114464975,0.15428571428571428,0.07428571428571429,9,Nancy Grace,0.84,9,Nancy Grace,0.9714285714285714,9.0,Nancy Grace,0.84,0.9714285714285714
13,9,4,direct,percent,,0.9042188400244792,0.9486832980505138,0.4472135954999579,1.0,0.8533483851423499,0.9486832980505138,0.31622776601683794,1.0,0.8822857142857145,1.0,0.4,1.0,0.8618295895949089,0.9486832980505138,0.31622776601683794,1.0,0.6982857142857142,0.8,-0.6,1.0,0.008481204452558871,0.0,-0.20000000000000007,0.4216370213557839,-0.18400000000000002,0.0,-1.4,0.4,0.06,0.35714285714285715,5,Hope Solo,0.9457142857142857,5,Hope Solo,0.9542857142857143,5.0,Hope Solo,0.9457142857142857,0.9542857142857143
13,10,3,direct,percent,,0.9079002537398222,0.8660254037844387,0.5,1.0,0.9020523005234479,0.8660254037844387,0.5,1.0,0.6485714285714286,0.5,-0.5,1.0,0.9020523005234479,0.8660254037844387,0.5,1.0,0.9814285714285714,1.0,0.5,1.0,0.0,0.0,0.0,0.0,0.33285714285714285,0.0,-0.13750000000000018,1.5,0.07428571428571429,0.06,10,Ricki Lake,0.8,10,Ricki Lake,0.76,,,,
14,1,12,direct,percent,,0.9642417044727333,0.978093908977193,0.8842159693363549,1.0,0.8647489515390625,0.8780614847446453,0.7245890143840726,0.9536323502349631,0.8607675805603305,0.8852587100294375,0.6493696513203739,0.9716254134469435,0.8650831341982955,0.8671328671328671,0.7460606887803387,0.963223893965226,0.8418181818181818,0.8671328671328671,0.5734265734265734,0.9790209790209791,0.00033418265923299743,0.004145334180333582,-0.10605077221881845,0.08833208992890956,-0.018949398742148533,0.01595886806029989,-0.3912058330273631,0.23707953819046337,0.07428571428571429,0.04857142857142857,1,Gavin DeGraw,0.4514285714285714,1,Gavin DeGraw,0.43714285714285717,,,,
14,2,12,direct,percent,,0.9805056030341893,0.986013986013986,0.9281975705483088,1.0,0.8820534768092323,0.8873294443822825,0.758294292089662,0.9595915449728726,0.876979299562649,0.8998367601210819,0.7723305942093934,0.9385016209075346,0.8870604706143231,0.9001765118147749,0.7482517482517482,0.9445110108111704,0.874125874125874,0.8811188811188811,0.7164335664335665,0.972027972027972,0.005006993805090774,0.009325864445328513,-0.12698010045977293,0.10146670591115696,-0.0028534254367749744,0.002224174281381164,-0.18307202718558457,0.14563573433261645,0.16,0.2257142857142857,7,Martina Navratilova,0.7514285714285714,7,Martina Navratilova,0.8685714285714285,7.0,Martina Navratilova,0.7514285714285714,0.8685714285714285
14,3,11,direct,percent,,0.9660751178870659,0.9727272727272728,0.8636363636363636,1.0,0.8562407490874944,0.8746075279824972,0.7203563915582617,0.9427023758267375,0.7891267610009135,0.8172562146721696,0.5687338569940829,0.9415173935112129,0.8979456054191021,0.9090909090909091,0.790152250044422,0.9818181818181818,0.9276103896103897,0.9363636363636364,0.7975,0.9934090909090907,0.04170485633160775,0.03448338110841187,-0.04603661917449142,0.11980674422381722,0.13848362860947605,0.12819833078237586,-0.07788102987484924,0.3767206884604626,0.05142857142857143,0.07714285714285714,2,Gladys Knight,0.2885714285714286,2,Gladys Knight,0.28,3.0,Jack Wagner,0.16285714285714287,0.15142857142857144
14,4,10,direct,percent,,0.9721315210996753,0.9757575757575757,0.8963581269790831,1.0,0.8796988017886427,0.8951299469636906,0.736873889369379,0.9568630467542899,0.8466232749558503,0.8862587350511957,0.5846845821518305,0.943342413992861,0.8758480140150758,0.8814630383360936,0.7294866524160775,0.9636363636363636,0.8815930735930736,0.8848484848484848,0.7145454545454545,0.9757575757575757,-0.0038507877735669423,-0.001368427438953268,-0.08124032409898067,0.11680051727736684,0.03496979863722311,0.02198645764446827,-0.17791957386717117,0.2870607198720743,0.14857142857142858,0.18571428571428572,2,Gladys Knight,0.7285714285714285,2,Gladys Knight,0.6514285714285715,10.0,Sherri Sheperd,0.18857142857142858,0.18
14,5,9,direct,percent,,0.9791547650061082,0.9831920802501751,0.9333333333333333,1.0,0.9164453439531517,0.9367171991789814,0.798347516475217,0.9842332687633898,0.9234659798843103,0.9412097036339401,0.7899438584070568,0.9748243359065808,0.9017642073710632,0.9166666666666666,0.7782494901428224,0.9790880682441959,0.8708095238095237,0.9166666666666666,0.6,0.9833333333333333,-0.014681136582088186,-0.008033827013304518,-0.1420136392560042,0.11831915019144967,-0.052656456074786626,-0.02482433590658084,-0.3239804390886586,0.10963419318398204,0.06857142857142857,0.09714285714285714,1,Gavin DeGraw,0.8771428571428571,1,Gavin DeGraw,0.8971428571428571,1.0,Gavin DeGraw,0.8771428571428571,0.8971428571428571
14,6,8,direct,percent,,0.9626645952906743,0.9700772721497398,0.9157366061219169,1.0,0.9042704000531319,0.9157291161525718,0.7818879916681785,0.9880235200593538,0.910408163265306,0.9285714285714286,0.7619047619047619,1.0,0.9042750695368698,0.9157291161525718,0.7142857142857143,0.9880235200593538,0.8533333333333334,0.8809523809523809,0.5714285714285714,0.9761904761904762,4.669483737996011e-06,0.0,-0.09639253854237595,0.07254138183698042,-0.05707482993197279,-0.04761904761904767,-0.30952380952380953,0.19047619047619047,0.08857142857142856,0.12,2,Gladys Knight,0.8057142857142857,2,Gladys Knight,0.8257142857142857,2.0,Gladys Knight,0.8057142857142857,0.8257142857142857
14,7,7,direct,percent,,0.9510551833536156,0.9642857142857143,0.8288624656799143,1.0,0.8795850835067227,0.9189562119494701,0.6892050206124627,0.9818181818181818,0.8115644663961596,0.8288624656799143,0.41443123283995714,0.9549937104572925,0.8802272818756498,0.8829187134416477,0.6753050593728319,0.9691517820241831,0.9081632653061223,0.9285714285714286,0.7142857142857143,1.0,0.0006421983689272923,0.009292003828421769,-0.1683097863623968,0.19200962253255682,0.09659879890996295,0.04500628954270747,-0.13848797379419303,0.5141401957314715,0.18571428571428572,0.28,8,Melissa Gilbert,0.56,8,Melissa Gilbert,0.6971428571428572,4.0,Jaleel White,0.42857142857142855,0.2571428571428571
14,8,6,direct,percent,,0.9091576946872361,0.9276336570439175,0.7714285714285715,1.0,0.8462395850218168,0.8406680016960503,0.7164977208318386,0.9856107606091623,0.6787462338816879,0.6957252427829381,0.23190841426097938,0.9856107606091623,0.8509676908148938,0.8696565534786727,0.6377481392176932,0.9856107606091623,0.9356734693877551,0.9428571428571428,0.7714285714285715,1.0,0.004728105793077032,0.01689197865800085,-0.16086894788817696,0.13201193936610267,0.2569272355060673,0.2471319000742047,-0.04275361775201947,0.6521373786085309,0.24,0.46285714285714286,6,Maria Menounos,0.5771428571428572,8,Melissa Gilbert,0.6257142857142857,8.0,Melissa Gilbert,0.4228571428571429,0.6257142857142857
14,9,4,direct,percent,,0.8050890864144359,0.8944271909999159,0.31622776601683794,1.0,0.7028838936496089,0.8,0.31622776601683794,1.0,0.3125714285714286,0.4,-1.0,1.0,0.6992802900460052,0.8,0.31622776601683794,1.0,0.8462857142857143,0.8,0.2,1.0,-0.0036036036036036054,0.0,-0.4216370213557839,0.4216370213557839,0.5337142857142857,0.4,-0.6000000000000001,2.0,0.26857142857142857,0.34,5,Katherine Jenkins,0.52,5,Katherine Jenkins,0.5,6.0,Maria Menounos,0.0,0.12285714285714286
14,10,3,direct,percent,,0.9057142857142857,1.0,0.5,1.0,0.8066408046677913,0.8660254037844387,0.0,0.8660254037844387,0.6433331570970116,0.8660254037844387,-0.8660254037844387,0.8660254037844387,0.9,1.0,0.5,1.0,0.9942857142857143,1.0,1.0,1.0,0.0933591953322085,0.1339745962155613,-0.3660254037844387,0.5,0.35095255718870266,0.1339745962155613,0.1339745962155613,1.8660254037844388,0.05714285714285714,0.13142857142857142,11,William Levy,0.7942857142857143,11,William Levy,0.7457142857142857,,,,
15,1,13,direct,percent,,0.959035754027305,0.9656130180306802,0.8800075339849788,0.9931233604247167,0.8374984081189198,0.8583388296818436,0.61985906044449,0.9460807151513312,0.7700717640593933,0.80223218536224,0.536665668828533,0.9337706005828414,0.8327111070358707,0.8461132540782454,0.5741183087434285,0.9560439560439561,0.8586185243328102,0.8681318681318682,0.5576923076923077,0.9795329670329669,-0.004787301083049121,-0.005746504103763761,-0.09887232833268472,0.09348164227236777,0.088546760273417,0.06226496454807001,-0.09460582325382766,0.3864112542483902,0.11714285714285715,0.29428571428571426,10,Pamela Anderson,0.8171428571428572,10,Pamela Anderson,0.9171428571428571,10.0,Pamela Anderson,0.8171428571428572,0.9171428571428571
15,2,12,direct,percent,,0.953355646549044,0.9648126568294781,0.8587054936793668,0.9899651990192135,0.8111268332312144,0.8277100090397829,0.5957446808510638,0.9399351967069808,0.7522922964242028,0.7570610263442985,0.507054826946879,0.9366429442213181,0.8067566140283566,0.8235413470431177,0.5911164584150091,0.9473742528603802,0.8178621378621379,0.8671328671328671,0.39912587412587414,0.9790209790209791,-0.004370219202857672,-0.005344313303817294,-0.12629112765139527,0.13658067746256353,0.06556984143793498,0.07173385522461262,-0.4221423345921272,0.40905627077450524,0.2057142857142857,0.23714285714285716,1,Bristol Palin,0.8228571428571428,1,Bristol Palin,0.9285714285714286,6.0,Joey Fatone,0.014285714285714285,0.04285714285714286
15,3,11,direct,percent,,0.9605039692065468,0.965833940865795,0.8883849927775002,1.0,0.8810730615606824,0.8949105796428637,0.7262363342651512,0.9583206647586685,0.8027054164645466,0.8180786162574,0.523570314404736,0.9723448696087954,0.8819049888376146,0.8919249520811865,0.6833730713673078,0.990909090909091,0.9229350649350648,0.9454545454545454,0.7636363636363637,0.990909090909091,0.0008319272769319497,0.003100970721102325,-0.07240096464816062,0.11203463327874641,0.12022964847051829,0.13230922495636321,-0.19468430112230484,0.36726042034721584,0.31142857142857144,0.11714285714285715,1,Bristol Palin,0.47714285714285715,1,Bristol Palin,0.6342857142857142,2.0,Drew Lachey,0.44285714285714284,0.27714285714285714
15,4,9,direct,percent,,0.9658896694240775,0.9748243359065808,0.8692679567468139,0.996972846904,0.8665591682197837,0.8949640290580597,0.6518620069205965,0.9747899159663865,0.8373773239100482,0.8786687791935092,0.619252282479235,0.9790880682441959,0.8571869837259423,0.8619322310183947,0.6945667492672501,0.9689100257076428,0.8551904761904762,0.8666666666666667,0.6333333333333333,0.9833333333333333,-0.009372184493841168,-0.007902379504484358,-0.15105620988484458,0.13006881562420464,0.017813152280427985,0.022030035890968747,-0.18053853625292224,0.2220300358909688,0.23142857142857143,0.3485714285714286,8,Kirstie Alley,0.6457142857142857,8,Kirstie Alley,0.8257142857142857,1.0,Bristol Palin,0.24571428571428572,0.12285714285714286
15,5,8,direct,percent,,0.9168040343747228,0.9285714285714286,0.7837185514598521,1.0,0.7429765143698749,0.7483357769119654,0.46929531772445293,0.9314680310852852,0.5627557520419327,0.6088155473182092,0.13603222385391237,0.9132233209773137,0.7881668276773744,0.8333333333333334,0.47619047619047616,0.9572474403173685,0.8853741496598638,0.9285714285714286,0.47619047619047616,1.0,0.045190313307499286,0.03915763140363859,-0.10532857163729514,0.22919115800132883,0.3226183976179312,0.2959463574436956,-0.05608046383445664,0.7836161665874256,0.28285714285714286,0.24285714285714285,8,Kirstie Alley,0.48857142857142855,8,Kirstie Alley,0.6,,,,
15,6,8,direct,percent,,0.9369332606637434,0.9523809523809523,0.8075674006622798,1.0,0.8169462097668989,0.8485004317396407,0.49916917668377786,0.9518763181059627,0.6691019211105784,0.6988459044322258,0.0930790450299818,0.9157291161525718,0.83290465967929,0.8571428571428571,0.5872818141301452,0.9523809523809523,0.9142857142857143,0.9285714285714286,0.6666666666666666,1.0,0.01595844991239085,0.0007932451010597696,-0.13650073112320787,0.2205625650821076,0.2451837931751359,0.18268369817229557,0.04011516614122279,0.7164447644938274,0.3,0.1742857142857143,3,Emmitt Smith,0.7857142857142857,3,Emmitt Smith,0.5,11.0,Sabrina Bryan,0.0,0.011428571428571429
15,7,7,direct,percent,,0.958570912084695,0.9636241116594315,0.8728715609439694,1.0,0.8921038483037923,0.9265616458263765,0.6546536707079771,0.9819805060619657,0.8717346938775511,0.8571428571428571,0.7401785714285715,0.9642857142857143,0.8825583506931646,0.900937462695559,0.4364357804719847,0.9819805060619657,0.8428571428571429,0.8928571428571429,0.07142857142857142,1.0,-0.009545497610627935,0.0,-0.21821789023599236,0.1853123291652753,-0.028877551020408135,0.0357142857142857,-0.7857142857142857,0.1785714285714286,0.25142857142857145,0.18571428571428572,8,Kirstie Alley,0.7285714285714285,8,Kirstie Alley,0.9314285714285714,,,,
15,8,7,direct,percent,,0.893495571127748,0.8968973027763509,0.7207499701564472,0.9910312089651149,0.7856538212557534,0.7928249671720918,0.5473807328914797,0.9549937104572925,0.5866389935666226,0.6126374746329801,0.28829998806257884,0.8829187134416477,0.8127484948529192,0.8288624656799143,0.6633827081808611,0.9308824000452154,0.9132653061224489,0.9285714285714286,0.7142857142857143,1.0,0.027094673597165792,0.029025534607821202,-0.18850400786236887,0.19718545220935133,0.3266263125558264,0.29856163027161053,-0.00611680211768107,0.6858071547945632,0.08,0.38285714285714284,8,Kirstie Alley,0.8942857142857142,8,Kirstie Alley,0.9228571428571428,4.0,Gilles Marini,0.0,0.0
15,9,5,direct,percent,,0.9217733030214176,0.9746794344808964,0.6668859288553503,1.0,0.8376744832937973,0.8944271909999159,0.5,1.0,0.7382857142857144,0.8,0.1,1.0,0.8680983611485895,0.9,0.5642880936468347,1.0,0.874857142857143,0.9,0.3,1.0,0.030423877854791843,0.0,-0.10259783520851551,0.3077935056255463,0.1365714285714286,0.09999999999999998,-0.6000000000000001,0.8,0.18571428571428572,0.14857142857142858,3,Emmitt Smith,0.8314285714285714,3,Emmitt Smith,0.6857142857142857,0.0,Apolo Anton Ohno,0.07714285714285714,0.05142857142857143
15,10,3,direct,percent,,0.9225662101357889,1.0,0.5,1.0,0.913970221597107,1.0,0.5,1.0,0.73,1.0,-0.5,1.0,0.913970221597107,1.0,0.5,1.0,0.9757142857142858,1.0,0.5,1.0,0.0,0.0,0.0,0.0,0.24571428571428572,0.0,-0.5,1.5,0.03428571428571429,0.04285714285714286,12,Shawn Johnson,0.9342857142857143,12,Shawn Johnson,0.9085714285714286,,,,
16,1,12,direct,percent,,0.9731395367402595,0.986013986013986,0.8898399735592727,1.0,0.8488749118306812,0.8562372971055298,0.6466190376481594,0.9490687080012291,0.8475581875735175,0.8526844452503201,0.6517706728382134,0.9521642971961908,0.8506697046422151,0.8713893474327117,0.7171731736798157,0.9597212616235343,0.8275324675324675,0.8741258741258742,0.5555944055944056,0.9790209790209791,0.0017947928115339292,-0.00402307901890625,-0.10896509109802444,0.10862571759659578,-0.020025720041050056,-0.01166120499545642,-0.24973274896720865,0.20716986755024636,0.1457142857142857,0.18857142857142858,2,D. L. Hughley,0.8457142857142858,2,D. L. Hughley,0.9914285714285714,,,,
16,3,11,direct,percent,,0.955228592051541,0.9703897613415771,0.8610500699228079,0.9977246841962694,0.8593288000906529,0.8802684575453064,0.6986646057664606,0.965422335078315,0.9099223777605945,0.9217470759636716,0.797311220708576,0.9737105673711235,0.8740826928133847,0.8909090909090909,0.708724351924469,0.9716426119724171,0.7812727272727272,0.8363636363636363,0.33136363636363636,0.9727272727272728,0.01475389272273196,0.0058553783156932715,-0.08076863587076788,0.13652110674010687,-0.1286496504878675,-0.08282594857267078,-0.6038183811193087,0.1011748837546254,0.18857142857142858,0.13428571428571429,10,Wynonna Judd,0.5228571428571429,10,Wynonna Judd,0.6542857142857142,10.0,Wynonna Judd,0.5228571428571429,0.6542857142857142
16,4,10,direct,percent,,0.9584729726201772,0.9757575757575757,0.8632258720256917,1.0,0.8735213309783321,0.8834522085987724,0.7015417824541677,0.9908673886137245,0.9127513881357112,0.9297027349955934,0.7706746355884524,0.9725179925282852,0.863919626006584,0.8814753285502899,0.6092733311533447,0.9757575757575757,0.7953939393939393,0.8181818181818182,0.3696969696969697,0.9878787878787879,-0.00960170497174817,-0.008769910289507354,-0.16648994443383708,0.12701131449038383,-0.11735744874177192,-0.08144132371557317,-0.44997083401731536,0.11215385970119486,0.005714285714285714,0.11714285714285715,9,Victor Ortiz,0.5685714285714286,9,Victor Ortiz,0.5685714285714286,7.0,Lisa Vanderpump,0.38285714285714284,0.38285714285714284
16,5,9,direct,percent,,0.9614144425886717,0.9748243359065808,0.8585076009715499,0.9958246164193104,0.8746270984009308,0.890787755224979,0.6877681159751854,0.9748243359065808,0.9258190041433955,0.9412097036339401,0.7792291943701526,0.9916316520429012,0.8646322878149301,0.8870370532810664,0.5294304582940913,0.9666666666666667,0.776142857142857,0.8333333333333334,0.23625,0.9833333333333333,-0.009994810586000814,0.00038825942994857865,-0.1284707808341852,0.09314814457897545,-0.14967614700053816,-0.11207819933468682,-0.6566166895687945,0.12875251528904627,0.04,0.4,1,Andy Dick,0.49142857142857144,1,Andy Dick,0.49142857142857144,2.0,D. L. Hughley,0.44285714285714284,0.44285714285714284
16,6,8,direct,percent,,0.9491285905608715,0.9700772721497398,0.8503146459584139,1.0,0.8297989079971031,0.8674698795180723,0.5509080804800992,0.9700772721497398,0.8393649201352069,0.8742671711966791,0.5868368683374969,0.9700772721497398,0.8387611067348005,0.8742671711966791,0.5835642203275323,0.9761904761904762,0.7891156462585034,0.8571428571428571,0.42857142857142855,0.9761904761904762,0.008962198737697455,0.006880697150668524,-0.1728466476083821,0.1508267995498263,-0.050249273876703575,0.018232468088610232,-0.4456957426252505,0.23750264648945255,0.10571428571428572,0.17142857142857143,9,Victor Ortiz,0.7942857142857143,9,Victor Ortiz,0.8857142857142857,9.0,Victor Ortiz,0.7942857142857143,0.8857142857142857
16,7,7,direct,percent,,0.9207911521258567,0.9549937104572925,0.6546536707079771,0.9910312089651149,0.811997696031172,0.8728715609439694,0.39295262399668784,0.9642857142857143,0.8815306122448978,0.8928571428571429,0.6071428571428571,1.0,0.8081502689191973,0.8728715609439694,0.5455447255899809,0.9642857142857143,0.6473469387755102,0.75,-0.21428571428571427,1.0,-0.0038474271119746475,0.0,-0.21821789023599236,0.14414999403128947,-0.23418367346938773,-0.1428571428571429,-1.0714285714285714,0.2857142857142857,0.19428571428571428,0.19428571428571428,1,Andy Dick,0.8057142857142857,1,Andy Dick,1.0,1.0,Andy Dick,0.8057142857142857,1.0
16,8,6,direct,percent,,0.9256716642056918,0.9411239481143202,0.8069444714896606,1.0,0.8292527981000745,0.8857142857142857,0.46381682852195877,0.9710083124552245,0.7977142857142855,0.8285714285714286,0.4857142857142857,0.9428571428571428,0.8322382002787585,0.8696565534786727,0.5202281639062692,0.9710083124552245,0.7748571428571427,0.8857142857142857,0.2,1.0,0.002985402178684234,0.0,-0.17142857142857149,0.29681438564583185,-0.022857142857142857,0.05714285714285716,-0.6857142857142857,0.4,0.23714285714285716,0.28,8,Sean Lowe,0.7428571428571429,8,Sean Lowe,0.9771428571428571,8.0,Sean Lowe,0.7428571428571429,0.9771428571428571
16,9,5,direct,percent,,0.8710539481710678,0.9,0.22360679774997896,1.0,0.8153466253254528,0.8207826816681233,0.4616902584383194,0.9746794344808964,0.6649805404871919,0.6668859288553503,0.008977310580745045,0.9746794344808964,0.8238052982296814,0.872081599272381,0.22360679774997896,1.0,0.8874285714285715,0.9,0.4,1.0,0.008458672904228677,0.02731101342826492,-0.6367022042646276,0.33830974156168064,0.22244803094137938,0.1792173183318767,-0.38735782745738384,0.9635226894192537,0.11714285714285715,0.3485714285714286,4,Ingo Rademacher,0.9085714285714286,4,Ingo Rademacher,0.8542857142857143,4.0,Ingo Rademacher,0.9085714285714286,0.8542857142857143
16,10,4,direct,percent,,0.932004487640486,0.9486832980505138,0.8,1.0,0.8511391829085683,0.8888888888888888,0.6324555320336759,0.9486832980505138,0.7182887828096748,0.7378647873726218,0.10540925533894598,0.9486832980505138,0.8945445991884318,0.9486832980505138,0.3769626356546304,1.0,0.9354285714285715,1.0,0.4,1.0,0.04340541627986388,0.05979440916162493,-0.3378647873726218,0.16754446796632416,0.21713978861889668,0.26213521262737816,-0.14868329805051372,0.894590744661054,0.14285714285714285,0.04,0,Alexandra Raisman,0.6971428571428572,0,Alexandra Raisman,0.5828571428571429,0.0,Alexandra Raisman,0.6971428571428572,0.5828571428571429
17,1,12,direct,percent,,0.9552760161067639,0.965034965034965,0.8253290024198238,0.9982502173821434,0.8421441846780822,0.8445282406502571,0.7137853749428952,0.9770859871339765,0.8641964797601182,0.8732610908529583,0.6901579588999186,0.968333870905498,0.8422845211092393,0.8436009126159014,0.6807059446478289,0.9476371800446977,0.7709090909090909,0.8181818181818182,0.3667832167832168,0.972027972027972,0.00014033643115720195,-0.005124731024179929,-0.10375124959634308,0.1031604999271174,-0.09328738885102732,-0.046597475014804546,-0.5941832862001075,0.21893295019099046,0.23714285714285716,0.2885714285714286,2,Bill Nye,0.7228571428571429,2,Bill Nye,0.94,,,,
17,2,12,direct,percent,,0.9630173318973575,0.9667265263069178,0.8951048951048951,0.9982502173821434,0.8389862572386249,0.844544058599906,0.6981119004708783,0.971755715962235,0.8511694018282847,0.8677586082058318,0.6913849073509879,0.977110302735835,0.8558249145304494,0.856660903628998,0.6725054096048124,0.9667265263069178,0.8065134865134863,0.8671328671328671,0.5155594405594406,0.9739510489510488,0.016838657291824467,0.0024280547194605595,-0.10307622454497176,0.13734091494246725,-0.04465591531479826,-0.01906834469387697,-0.3538035647404112,0.20341028254797344,0.12285714285714286,0.2571428571428571,2,Bill Nye,0.6114285714285714,2,Bill Nye,0.5742857142857143,8.0,Keyshawn Johnson,0.31142857142857144,0.36
17,3,11,direct,percent,,0.9424611995761395,0.961278120390013,0.8125647633177964,0.9977246841962694,0.7723012403667279,0.7963731106789856,0.5635840433910475,0.896191019818551,0.6982370740860234,0.7298875316047992,0.34138410497211813,0.9608645985683433,0.7922705532778773,0.8,0.6118785250694789,0.9297727272727271,0.813116883116883,0.8636363636363636,0.44545454545454544,0.9727272727272728,0.019969312911149603,0.014233451561052157,-0.21416314066364672,0.1873973919813681,0.11487980903085981,0.11704874972607293,-0.4230192263283803,0.5494546034828468,0.022857142857142857,0.2885714285714286,11,Valerie Harper,0.58,11,Valerie Harper,0.5971428571428572,2.0,Bill Nye,0.39714285714285713,0.40285714285714286
17,4,10,direct,percent,,0.9577037752387197,0.9787279253249039,0.7963562622208845,1.0,0.8213673631582528,0.8428900870199156,0.5639366027045227,0.9534625892455922,0.8589880675454863,0.8962548338908568,0.6419981434253654,0.9534625892455922,0.854397973333505,0.8632258720256917,0.6550097403102852,0.9878787878787879,0.778805194805195,0.806060606060606,0.3893939393939394,0.9878787878787879,0.033030610175252086,0.010173774390771384,-0.08678100299068509,0.1964361713454894,-0.08018287274029136,-0.03342666571652808,-0.5352807710637741,0.2418325214404275,0.11714285714285715,0.04857142857142857,11,Valerie Harper,0.7542857142857143,11,Valerie Harper,0.8514285714285714,11.0,Valerie Harper,0.7542857142857143,0.8514285714285714
17,5,9,direct,percent,,0.9309848265098226,0.9414308348501884,0.7606813410468678,1.0,0.7839801584911583,0.8207826816681233,0.44459061923690013,0.9366327372577382,0.6789045324083477,0.7438343052617367,0.09404801560780579,0.8891812384738003,0.8204950284606857,0.8666666666666667,0.5941474602165634,0.9333333333333333,0.857047619047619,0.9166666666666666,0.5650000000000001,0.9833333333333333,0.03651486996952701,0.020319367349214468,-0.14487217469601377,0.27215062995812966,0.1781430866392713,0.14631695753329588,-0.22078268166812332,0.7226186510588608,0.05714285714285714,0.35428571428571426,9,Leah Remini,0.94,9,Leah Remini,0.9542857142857143,4.0,Christina Milian,0.0,0.011428571428571429
17,6,8,direct,percent,,0.9325293859513103,0.9456108576893003,0.7711403083390078,0.994029797388005,0.8048219020098837,0.8503146459584139,0.3943361860516963,0.9698628495769793,0.7935374149659864,0.8809523809523809,0.2857142857142857,0.9523809523809523,0.8099925382588133,0.8333333333333334,0.5235319749582795,0.9698628495769793,0.7538095238095237,0.7857142857142857,0.3333333333333333,0.9761904761904762,0.00517063624892962,0.0,-0.1305004162445489,0.21957751641341994,-0.03972789115646259,-0.023809523809523836,-0.5714285714285714,0.3874999999999995,0.34285714285714286,0.4942857142857143,1,Bill Engvall,0.5085714285714286,1,Bill Engvall,0.7114285714285714,,,,
17,7,8,direct,percent,,0.9411145961347624,0.9581010095306072,0.7784570702436183,1.0,0.8374870771741733,0.8589118694710287,0.5854093866116818,0.9593159311010281,0.7372647291544601,0.788009048074417,0.44855899659620657,0.9334876415650785,0.8414685527419525,0.8571428571428571,0.6666666666666666,0.9581010095306072,0.8915646258503402,0.9047619047619048,0.6190476190476191,1.0,0.003981475567779281,0.011139179080849937,-0.18195846202885924,0.16917789713465314,0.15429989669588018,0.11718976512640766,-0.2780703741447941,0.4791386150973824,0.30857142857142855,0.34,1,Bill Engvall,0.39714285714285713,1,Bill Engvall,0.4257142857142857,10.0,"Nicole ""Snooki"" Polizzi",0.2,0.12285714285714286
17,8,7,direct,percent,,0.9621990625022997,0.9642857142857143,0.8627667597503947,1.0,0.8469286096547489,0.8624216160156492,0.5688312786486196,0.9725179925282852,0.8260066711837635,0.8546867367576368,0.600099198148979,0.9456108576893003,0.855008991191721,0.8728715609439694,0.6847124716486248,0.9642857142857143,0.8375510204081632,0.8928571428571429,0.42857142857142855,1.0,0.008080381536971699,0.02049709742599859,-0.12512627306291557,0.14332332105110843,0.011544349224399758,0.019985581913173456,-0.5170394291178717,0.3342431081972868,0.3171428571428571,0.08,1,Bill Engvall,0.47714285714285715,6,Elizabeth Berkley Lauren,0.5371428571428571,3.0,Brant Daugherty,0.2742857142857143,0.18285714285714286
17,9,6,direct,percent,,0.9344410522189049,0.9428571428571428,0.6957252427829381,1.0,0.8211808897960503,0.8904990232188827,0.4411764705882353,0.9856107606091623,0.7740771570296833,0.8116794499134278,0.1920491555598735,0.9856107606091623,0.8111777099522318,0.8857142857142857,0.4058397249567139,1.0,0.8009795918367347,0.8857142857142857,0.29857142857142854,1.0,-0.010003179843818518,-0.007091094590295444,-0.2485357270828079,0.19804431931380675,0.0269024348070514,-0.007091094590295444,-0.32513091777675446,0.486782748309248,0.35714285714285715,0.18857142857142858,1,Bill Engvall,0.6114285714285714,1,Bill Engvall,0.9685714285714285,6.0,Elizabeth Berkley Lauren,0.0,0.0
17,10,5,direct,percent,,0.9354549700745763,0.9486832980505138,0.7676171907318192,1.0,0.8442387386624995,0.8944271909999159,0.5466088678939551,0.9816425899986494,0.8722857142857144,0.9,0.6,1.0,0.8439870850951651,0.8972135954999579,0.5642880936468347,0.9816425899986494,0.7342857142857143,0.8,0.07249999999999997,1.0,-0.0002516535673342836,0.0,-0.2051956704170308,0.10259783520851543,-0.13800000000000004,-0.09999999999999998,-0.8275,0.30000000000000004,0.34,0.2,1,Bill Engvall,0.6114285714285714,1,Bill Engvall,0.5714285714285714,9.0,Leah Remini,0.37142857142857144,0.4257142857142857
17,11,4,direct,percent,,0.9151259835558658,0.9486832980505138,0.6,1.0,0.8356636656254038,0.8,0.40464320091794403,1.0,0.8560000000000001,0.8,0.4,1.0,0.8085580896854164,0.8,0.31622776601683794,1.0,0.6651428571428571,0.8,0.0,1.0,-0.027105575939987584,0.0,-0.4216370213557839,0.20000000000000007,-0.1908571428571429,-0.19999999999999996,-1.0,0.4,0.15714285714285714,0.16285714285714287,1,Bill Engvall,0.7914285714285715,1,Bill Engvall,0.82,1.0,Bill Engvall,0.7914285714285715,0.82
18,1,12,direct,percent,,0.9718269400168691,0.9806814690382104,0.8646868866788522,0.9964973622679556,0.888349287853028,0.9071659994278244,0.7082254164105476,0.968026699817432,0.9037586012265759,0.9078927557393176,0.8137343468921345,0.9788218772814519,0.8872706868239724,0.9033517474653049,0.7046862157161855,0.9702291586486095,0.840999000999001,0.8741258741258742,0.3916083916083916,0.9790209790209791,-0.0010786010290553725,-0.006065863065281452,-0.06497398777490768,0.07380787499473829,-0.06275960022757508,-0.04051012570343443,-0.49500562766828576,0.13706983651186058,0.21142857142857144,0.2571428571428571,1,Billy Dee Williams,0.7857142857142857,1,Billy Dee Williams,0.9257142857142857,,,,
18,3,9,direct,percent,,0.9463624721768956,0.9707197941566387,0.7899438584070568,1.0,0.8030007926515846,0.8181649829917799,0.5266400752650643,0.9492581055504937,0.7647728790865108,0.7746455690028554,0.5222329678670935,0.9400193421607683,0.8144879108499229,0.8451956828432803,0.5882560647712125,0.946820854623126,0.8102857142857144,0.85,0.2,0.9833333333333333,0.011487118198338284,0.005003159797231316,-0.1502730164885222,0.1781225778478137,0.04551283519920347,0.029611720221510818,-0.5833494518006404,0.4495543288563609,0.09428571428571429,0.13428571428571429,7,Drew Carey,0.7828571428571428,7,Drew Carey,0.6914285714285714,,,,
18,4,9,direct,percent,,0.9446806048121682,0.95,0.8619322310183947,1.0,0.810352137397001,0.8067511745433772,0.6620312096900098,0.9588389780823641,0.786438332470053,0.798347516475217,0.5622047247599159,0.9328060455657798,0.8304863243828481,0.8333333333333334,0.685410561171944,0.9372466978064098,0.8080476190476192,0.8333333333333334,0.5833333333333334,0.9666666666666667,0.020134186985847242,0.0022150814033977673,-0.14247228603253048,0.1691630470093719,0.02160928657756619,0.01860044913075709,-0.24806621753590952,0.3211286085734166,0.24285714285714285,0.045714285714285714,4,Cody Simpson,0.4857142857142857,4,Cody Simpson,0.4685714285714286,,,,
18,5,9,direct,percent,,0.9219182042047231,0.9244023874976197,0.7948599082089185,0.9958246164193104,0.7464473077688049,0.7516128820134691,0.4830508474576271,0.9025489171205503,0.6026863461968247,0.6050633809075329,0.2437060839766452,0.8235584906796976,0.7802467992219297,0.7833333333333333,0.5690426379538917,0.9166666666666666,0.860952380952381,0.8833333333333333,0.65,0.9833333333333333,0.033799491453125205,0.05243401352252941,-0.18385231254609502,0.1784524620270671,0.25826603475555626,0.24437402121385232,-0.005484476112446946,0.6239451289775974,0.2714285714285714,0.3514285714285714,7,Drew Carey,0.7114285714285714,7,Drew Carey,0.9828571428571429,4.0,Cody Simpson,0.26857142857142857,0.017142857142857144
18,6,8,direct,percent,,0.9236406593529338,0.9456108576893003,0.7229440390678198,1.0,0.79082767557347,0.8242575622613653,0.5091002590437844,0.9518763181059627,0.7220833914022627,0.7470421737034139,0.33737388489831593,0.9518763181059627,0.7925383214775603,0.8095238095238095,0.5714285714285714,0.9523809523809523,0.8075510204081633,0.8333333333333334,0.14285714285714285,1.0,0.0017106459040906272,0.013419534070997163,-0.18966081556734316,0.17855127857923955,0.08546762900590038,0.06277024664646591,-0.7246757040242409,0.590331711194902,0.21714285714285714,0.09428571428571429,7,Drew Carey,0.74,7,Drew Carey,0.6771428571428572,7.0,Drew Carey,0.74,0.6771428571428572
18,7,7,direct,percent,,0.9578675208974502,0.9774130555979913,0.8728715609439694,1.0,0.8954870194763452,0.9261908727994639,0.7637626158259733,0.9819805060619657,0.8248979591836737,0.8571428571428571,0.5616071428571429,0.9642857142857143,0.907097116366539,0.9189562119494701,0.8288624656799143,0.9819805060619657,0.9232653061224488,0.9642857142857143,0.7857142857142857,1.0,0.011610096890193952,0.0,-0.07331922282590567,0.10910894511799618,0.09836734693877554,0.1071428571428572,-0.1428571428571429,0.4285714285714286,0.2742857142857143,0.34,10,NeNe Leakes,0.62,10,NeNe Leakes,0.7257142857142858,10.0,NeNe Leakes,0.62,0.7257142857142858
18,8,6,direct,percent,,0.9408040848854394,0.9428571428571428,0.7714285714285715,1.0,0.7638638959940082,0.802377419802878,0.4070457892053472,0.9258200997725515,0.615626279677329,0.6789347398332045,0.06403589023426806,0.9258200997725515,0.7782656785656226,0.7714285714285715,0.4857142857142857,1.0,0.8587755102040816,0.8857142857142857,0.5428571428571428,1.0,0.01440178257161452,0.02870787879858827,-0.2163740291699044,0.31766800536021333,0.24314923052675258,0.20677954588108116,-0.15439152834398007,0.7497248671201123,0.09142857142857143,0.08571428571428572,8,James Maslow,0.5714285714285714,8,James Maslow,0.5,5.0,Danica McKellar,0.11142857142857143,0.20285714285714285
18,9,5,direct,percent,,0.9149900085138729,0.9,0.6484922984201289,1.0,0.7555302877812108,0.7181848464596079,0.5263157894736842,0.9746794344808964,0.6342011899246375,0.6668859288553503,0.051298917604257706,0.9746794344808964,0.8005854408727532,0.872081599272381,0.5901792257528795,0.9,0.86,0.9,0.5,1.0,0.04505515309154216,0.07921731833187673,-0.18735782745738383,0.23311407114464977,0.2257988100753625,0.23311407114464977,-0.2746794344808965,0.9487010823957422,0.24285714285714285,0.037142857142857144,3,Charlie White,0.5085714285714286,3,Charlie White,0.5,3.0,Charlie White,0.5085714285714286,0.5
18,10,4,direct,percent,,0.8479939118595491,0.9486832980505138,0.31622776601683794,1.0,0.7954032964188965,0.8,0.31622776601683794,1.0,0.7097142857142857,0.8,-0.2,1.0,0.7512162082639497,0.8,0.31622776601683794,1.0,0.6828571428571429,0.8,-0.2,1.0,-0.044187088154946735,0.0,-0.4216370213557839,0.4216370213557839,-0.026857142857142875,0.0,-1.0,1.0,0.26857142857142857,0.06571428571428571,2,Candace Cameron Bure,0.7371428571428571,2,Candace Cameron Bure,0.7685714285714286,8.0,James Maslow,0.16,0.17714285714285713
19,1,13,direct,percent,,0.9437385949495299,0.9641909864718401,0.80223218536224,0.9945054945054945,0.8256233722007784,0.8453070926891172,0.6222246227848112,0.9419925444672842,0.9039446847302753,0.91862855428526,0.7515926414865438,0.9820773733500077,0.8397594237584943,0.8461538461538461,0.7252747252747253,0.9550035266900605,0.7144270015698587,0.75,0.34065934065934067,0.9615384615384616,0.014136051557715884,0.012979720014143992,-0.07535233944501774,0.1551107016523937,-0.18951768316041678,-0.16059184412188532,-0.5779692136259194,0.17058724695300054,0.20857142857142857,0.36,7,Lolo Jones,0.5142857142857142,3,Betsey Johnson,0.58,7.0,Lolo Jones,0.5142857142857142,0.4057142857142857
19,2,12,direct,percent,,0.9530421513874351,0.965034965034965,0.8077915499151849,1.0,0.7986414027497065,0.8251291112505832,0.507223779481692,0.9556204403096967,0.8417813912689657,0.845082255049993,0.6470049585604272,0.9556204403096967,0.8105519229216268,0.8328971647452321,0.5734265734265734,0.951048951048951,0.7277922077922079,0.8181818181818182,0.2097902097902098,0.972027972027972,0.01191052017192032,0.0024215177322612913,-0.11119702560126898,0.2053259719718773,-0.11398918347675809,-0.024494363176474465,-0.6780810201990233,0.26272111527930553,0.26285714285714284,0.2342857142857143,8,Michael Waltrip,0.49714285714285716,8,Michael Waltrip,0.7342857142857143,11.0,Tavis Smiley,0.22285714285714286,0.10571428571428572
19,3,11,direct,percent,,0.9565090534637508,0.9715013203715311,0.8610500699228079,0.9977246841962694,0.8449617733573398,0.8480073098865779,0.7083636993691149,0.965422335078315,0.8349580048540065,0.8433985745067595,0.6452229531745701,0.9493994882425817,0.8401145571084776,0.8363636363636363,0.7061521737462181,0.9727272727272728,0.8152727272727271,0.8454545454545455,0.5545454545454546,0.9752272727272725,-0.004847216248862249,0.005126246421968295,-0.12035489760766771,0.08533393109525955,-0.019685277581279168,-0.03263610606957934,-0.25659197230257647,0.24454708271597225,0.22857142857142856,0.12285714285714286,9,Randy Couture,0.5028571428571429,9,Randy Couture,0.6571428571428571,9.0,Randy Couture,0.5028571428571429,0.6571428571428571
19,4,10,direct,percent,,0.9159525257014766,0.947804480540862,0.7744046403152623,0.9977996914355967,0.8051098415038366,0.8308046267499458,0.6116236550659084,0.9460048928728939,0.91145883473425,0.9240164263936981,0.8024353176576852,0.9787279253249039,0.809327745062142,0.8231860349807907,0.5365953413208117,0.9632626970495627,0.6143722943722943,0.6606060606060606,-0.01818181818181818,0.9669696969696967,0.004217903558305535,0.009503676572765685,-0.14842315235300574,0.11399959058382558,-0.29708654036195553,-0.2878741825443968,-0.9847516326331208,0.12465291585309624,0.08857142857142856,0.14285714285714285,5,Jonathan Bennett,0.7942857142857143,5,Jonathan Bennett,0.7571428571428571,3.0,Betsey Johnson,0.002857142857142857,0.002857142857142857
19,5,9,direct,percent,,0.9193589395361135,0.9288784237188525,0.7899438584070568,1.0,0.7978761336470749,0.8151260504201681,0.6076003454133934,0.9663865546218487,0.8864393194176695,0.912141875543738,0.7592116665936297,0.9790880682441959,0.8117645431400355,0.8284591346681658,0.6386780131801736,0.9623515200690814,0.6478571428571429,0.6666666666666666,0.29083333333333333,0.9666666666666667,0.01388840949296058,0.013468856206973578,-0.10877617629576583,0.12334172842585744,-0.2385821765605266,-0.24505591982638464,-0.6623515200690815,0.18848705803229204,0.4228571428571429,0.21428571428571427,8,Michael Waltrip,0.4542857142857143,8,Michael Waltrip,0.82,,,,
19,6,9,direct,percent,,0.9641551570291537,0.9748243359065808,0.9075950713612994,1.0,0.841131949312748,0.8523282623160101,0.7220613008887702,0.9378064100827276,0.8602224503084991,0.8655767810204984,0.6890999615891347,0.9687316838071645,0.8385763173929774,0.8333333333333334,0.6833333333333333,0.95,0.7836666666666666,0.8166666666666667,0.43333333333333335,0.9666666666666667,-0.00255563191977067,0.010326691727018722,-0.18224344768716505,0.10410980955478993,-0.07655578364183255,-0.02860421653169981,-0.5330873445050872,0.20210256182767478,0.09142857142857143,0.18857142857142858,1,Antonio Sabato Jr.,0.7342857142857143,1,Antonio Sabato Jr.,0.7057142857142857,5.0,Jonathan Bennett,0.0,0.02
19,7,8,direct,percent,,0.9523312650738868,0.9697815168769667,0.8642193533689896,0.994029797388005,0.8094563256471944,0.8168612178556061,0.6586944440522925,0.9700772721497398,0.8213605442176871,0.8333333333333334,0.5238095238095238,0.9761904761904762,0.8001577333802101,0.7952384429746018,0.4940117600296769,0.9698628495769793,0.7354421768707483,0.7619047619047619,0.4523809523809524,0.9761904761904762,-0.009298592266984361,0.0,-0.168686942449158,0.09581010095306075,-0.08591836734693876,-0.0714285714285714,-0.45892857142857146,0.30952380952380953,0.11714285714285715,0.14,1,Antonio Sabato Jr.,0.4714285714285714,1,Antonio Sabato Jr.,0.4342857142857143,1.0,Antonio Sabato Jr.,0.4714285714285714,0.4342857142857143
19,8,7,direct,percent,,0.9216127991125452,0.9369749612033813,0.6995115479015153,1.0,0.8085712705877252,0.7857142857142857,0.5819143739626463,0.9638060523816593,0.8837755102040816,0.9285714285714286,0.6071428571428571,0.9741071428571421,0.7853963843022675,0.8214285714285714,0.38188130791298663,0.9642857142857143,0.6215306122448979,0.6785714285714286,-0.03571428571428571,0.9642857142857143,-0.0231748862854574,0.0,-0.36369648372665403,0.1253482550371062,-0.26224489795918365,-0.2857142857142857,-0.8928571428571428,0.1428571428571429,0.4,0.12,8,Michael Waltrip,0.52,8,Michael Waltrip,0.8428571428571429,8.0,Michael Waltrip,0.52,0.8428571428571429
19,9,6,direct,percent,,0.917565371861937,0.9428571428571428,0.753702346348183,1.0,0.8235856565294031,0.8696565534786727,0.6087595874350709,0.9705882352941176,0.7667057824335307,0.7826908981308054,0.46381682852195877,0.9856107606091623,0.8134080273782133,0.8406680016960503,0.550782483869826,0.9856107606091623,0.8035918367346939,0.8285714285714286,0.37142857142857144,1.0,-0.010177629151189992,-0.012696387697797906,-0.24175062176830023,0.2769546982792148,0.03688605430116314,0.018560471502776177,-0.35245097671460146,0.47904031433518407,0.5057142857142857,0.2257142857142857,6,Lea Thompson,0.4857142857142857,12,Tommy Chong,0.9657142857142857,6.0,Lea Thompson,0.4857142857142857,0.03428571428571429
19,10,5,direct,percent,,0.8832528954370218,0.9,0.6708203932499369,1.0,0.7930359995104,0.872081599272381,0.4472135954999579,1.0,0.652,0.7,0.2,1.0,0.7503374933621366,0.7689323936863109,0.4472135954999579,1.0,0.7608571428571429,0.7,0.3,1.0,-0.042698506148263475,0.0,-0.20519567041703085,0.2051956704170308,0.10885714285714286,0.09999999999999998,-0.30000000000000004,0.6274999999999977,0.3,0.19428571428571428,12,Tommy Chong,0.6971428571428572,12,Tommy Chong,0.9885714285714285,12.0,Tommy Chong,0.6971428571428572,0.9885714285714285
19,11,4,direct,percent,,0.8947055131813932,0.9486832980505138,0.6,1.0,0.8900805383087831,0.9486832980505138,0.6,1.0,0.6719999999999999,0.8,0.0,1.0,0.873724748385734,0.9486832980505138,0.6,1.0,0.9485714285714286,1.0,0.8,1.0,-0.01635578992304909,0.0,-0.20000000000000007,0.20000000000000007,0.2765714285714286,0.19999999999999996,-0.19999999999999996,1.0,0.29428571428571426,0.4114285714285714,2,Bethany Mota,0.9685714285714285,2,Bethany Mota,0.68,2.0,Bethany Mota,0.9685714285714285,0.68
20,1,12,direct,percent,,0.9618213465542537,0.963223893965226,0.9277256664964787,0.9987314076020539,0.8918475037261361,0.8976768469259289,0.7829974835326377,0.9713748415523016,0.894232509945672,0.8988715193680458,0.7370391173632455,0.9699285564722391,0.8975829528104308,0.8937798112202349,0.7333378475845166,0.9702291586486095,0.8622577422577423,0.8601398601398601,0.6713286713286714,0.993006993006993,0.0057354490842946824,0.002667566804821664,-0.06711200017498736,0.06857728498997678,-0.031974767687929756,-0.038731659228185666,-0.23109569989458412,0.15373029346379358,0.06,0.05714285714285714,6,Redfoo,0.56,6,Redfoo,0.6057142857142858,,,,
20,2,12,direct,percent,,0.9537751864962108,0.9562186292818426,0.9001226493644087,0.9947414184151023,0.7916846597888083,0.8045279497184824,0.5459296801661131,0.9156947087676065,0.8051177573181157,0.8353884230458977,0.5328738385201568,0.9090675307437224,0.8106054660811628,0.8371291296643237,0.6304738215045116,0.9388841067733027,0.7553046953046954,0.7412587412587412,0.5104895104895105,0.9739510489510488,0.01892080629235427,0.021686311058120467,-0.149810696206485,0.12330201864258183,-0.04981306201342025,-0.035666522312117976,-0.33278046497259517,0.2980052135687494,0.44571428571428573,0.06285714285714286,1,Chris Soules,0.5314285714285715,1,Chris Soules,0.9714285714285714,6.0,Redfoo,0.0,0.0
20,3,11,direct,percent,,0.9641115973520816,0.9795014022931412,0.8121178916866209,0.9977246841962694,0.873080772316996,0.8978272868068615,0.7057307699226049,0.9601698273058558,0.8962911443981494,0.8949864993553572,0.7534325122124181,0.9771791370512575,0.8723547233224535,0.8949864993553572,0.6560381485126155,0.963423888502035,0.8204415584415584,0.8727272727272727,0.5363636363636364,0.9818181818181818,-0.0007260489945424307,-0.0042535113624321275,-0.17361595956979636,0.14721709673242,-0.07584958595659089,-0.07709592463398662,-0.38602040889035427,0.14305620103483127,0.054285714285714284,0.14285714285714285,5,Patti LaBelle,0.5257142857142857,5,Patti LaBelle,0.5228571428571429,0.0,Charlotte McKinney,0.38285714285714284,0.3485714285714286
20,4,10,direct,percent,,0.9691953073286816,0.9848069807617046,0.8685380813774622,1.0,0.8186994853147586,0.8475767323135548,0.5229005011926314,0.9489023112742102,0.8239177559007735,0.8475767323135548,0.5122046439880475,0.9451395216446115,0.8362074968012637,0.8510677611520904,0.5845454545454546,0.9393939393939394,0.808,0.8303030303030303,0.4303030303030303,0.9878787878787879,0.017508011486504927,0.016337643367196175,-0.10483196783020858,0.19775859890446917,-0.015917755900773583,0.00733940495774954,-0.39613478781140676,0.30116899120298957,0.11714285714285715,0.2342857142857143,1,Chris Soules,0.5742857142857143,1,Chris Soules,0.5885714285714285,2.0,Michael Sam,0.04285714285714286,0.054285714285714284
20,5,9,direct,percent,,0.9334646234291232,0.95,0.7280316361412523,1.0,0.848081131785081,0.8861469461982083,0.5017807044959951,0.9621023987294833,0.9222920964662659,0.9536629040037861,0.7511150305870528,0.9874208829065749,0.8426670666897511,0.85,0.63525856889107,0.9539832459815243,0.715190476190476,0.7916666666666667,0.23333333333333334,0.95,-0.005414065095330086,-0.011465430375299901,-0.14543573206281668,0.16462794113378254,-0.20710162027578957,-0.14543573206281668,-0.6146873278433744,0.09799852178670881,0.23714285714285716,0.1457142857142857,8,Robert Herjavec,0.6457142857142857,8,Robert Herjavec,0.7857142857142857,10.0,Suzanne Somers,0.008571428571428572,0.07142857142857142
20,6,8,direct,percent,,0.9144311939133669,0.9285714285714286,0.7545045450053531,1.0,0.7917274903087849,0.836378997000503,0.4760919452401021,0.9518763181059627,0.6313022756393181,0.6506496351610378,0.18073600976695495,0.8982579685417655,0.7947583017161464,0.8119548338124128,0.5748606057183643,0.9285714285714286,0.8859183673469389,0.9047619047619048,0.6666666666666666,1.0,0.0030308114073616093,0.001959386338778346,-0.17763387805733366,0.24467842536154305,0.2546160917076207,0.20490586243843328,-0.05829764818364436,0.7781925616616159,0.22,0.07714285714285714,8,Robert Herjavec,0.7114285714285714,8,Robert Herjavec,0.49714285714285716,5.0,Patti LaBelle,0.20857142857142857,0.38
20,7,7,direct,percent,,0.9390071486859561,0.9642857142857143,0.7074269896167544,1.0,0.775545287106033,0.8257228238447705,0.45873490213598356,0.9456108576893003,0.7398106045405465,0.8001322641986387,0.34051083288907974,0.8778723875952106,0.7907661335347279,0.8214285714285714,0.5,0.9285714285714286,0.7778571428571428,0.8571428571428571,0.0,1.0,0.015220846428694961,0.02049709742599859,-0.17366822531753404,0.22329546125473143,0.03804653831659632,0.02227935121750224,-0.8596875634088783,0.49410173607458285,0.03142857142857143,0.26,1,Chris Soules,0.5542857142857143,1,Chris Soules,0.5542857142857143,11.0,Willow Shields,0.0,0.0
20,8,6,direct,percent,,0.917871020306795,0.9276336570439175,0.7912244732378205,1.0,0.8287918162438563,0.8285714285714286,0.6,0.9428571428571428,0.8424489795918368,0.8285714285714286,0.6571428571428571,0.9428571428571428,0.8289218416228314,0.8406680016960503,0.5768179036829705,0.9428571428571428,0.7203265306122447,0.8285714285714286,0.14285714285714285,1.0,0.00013002537897524924,0.0,-0.1714285714285714,0.11595420713048976,-0.12212244897959185,0.0,-0.6285714285714286,0.2857142857142857,0.30857142857142855,0.04285714285714286,8,Robert Herjavec,0.8571428571428571,8,Robert Herjavec,0.5571428571428572,1.0,Chris Soules,0.025714285714285714,0.32571428571428573
20,9,4,direct,percent,,0.7861012769439848,0.9486832980505138,0.31622776601683794,1.0,0.6345793702933117,0.7378647873726218,0.0,0.9486832980505138,0.3252628450458904,0.31622776601683794,-0.7378647873726218,0.9486832980505138,0.6424309143176158,0.8,0.31622776601683794,1.0,0.8114285714285714,0.8,0.2,1.0,0.007851544024304213,0.0621352126273782,-0.5726611228720508,0.38918148932210805,0.486165726382681,0.26213521262737816,-0.17172066239588335,1.7378647873726218,0.35714285714285715,0.20285714285714285,4,Noah Galloway,0.5457142857142857,3,Nastia Liukin,0.3914285714285714,3.0,Nastia Liukin,0.13428571428571429,0.3914285714285714
20,10,3,direct,percent,,0.96,1.0,0.5,1.0,0.7818972217025215,0.8660254037844387,0.0,0.8660254037844387,0.7868459382955756,0.8660254037844387,0.0,0.8660254037844387,0.6871428571428572,0.5,0.5,1.0,0.6628571428571428,0.5,-0.5,1.0,-0.09475436455966466,-0.3660254037844387,-0.3660254037844387,0.5,-0.12398879543843291,-0.3660254037844387,-1.3660254037844388,1.0,0.05714285714285714,0.022857142857142857,4,Noah Galloway,0.9028571428571428,4,Noah Galloway,0.9314285714285714,,,,
21,1,13,direct,percent,,0.952664292011165,0.9711150865094875,0.8705267192145756,0.9931233604247167,0.8616422182188317,0.8746823514660793,0.6316510035284506,0.9571055397323944,0.9078496926278736,0.9222791547914787,0.7659500601050617,0.977838140019881,0.8615037772444523,0.8870557075540929,0.6535845973764678,0.9594670365997776,0.7660282574568289,0.8296703296703297,0.2181318681318681,0.9835164835164835,-0.00013844097437965314,-0.0021058616892563053,-0.1137752211551376,0.09515689866620969,-0.14182143517104476,-0.1481678103495513,-0.7292877274754627,0.16691758223851352,0.22857142857142856,0.23714285714285716,8,Kim Zolciak-Biermann,0.5457142857142857,8,Kim Zolciak-Biermann,0.6685714285714286,,,,
21,3,10,direct,percent,,0.9435865786352626,0.9695302189773757,0.725623245649734,0.9969650916353059,0.874495578794771,0.8882672969073572,0.6196319018404908,0.9724816115547944,0.9138323194253423,0.9329441729782294,0.7073302226501609,0.9817255676437577,0.8845529935342922,0.9038463374303076,0.6303525694650604,0.9673476007434587,0.7931082251082251,0.8424242424242424,0.05454545454545454,0.9878787878787879,0.010057414739521476,0.012436912548485557,-0.07331273167305741,0.11967320271231008,-0.12072409431711695,-0.048355166037839514,-0.9027894157655391,0.18357886825893,0.22857142857142856,0.19714285714285715,10,Paula Deen,0.7028571428571428,10,Paula Deen,0.9314285714285714,,,,
21,4,10,direct,percent,,0.9486168912560421,0.9680500167143391,0.8000946913656627,0.9969650916353059,0.8654813084531544,0.9046539269054965,0.6283685356351911,0.9723491187147514,0.8912853242727564,0.9019083851355778,0.7301163117764201,0.9755335594323596,0.8798650861839619,0.9024558013122742,0.6468400395805844,0.9682415546964227,0.8033593073593074,0.8424242424242424,0.15151515151515152,0.9757575757575757,0.014383777730807174,0.013508602779886747,-0.07241354009354348,0.12488905325253441,-0.08792601691344902,-0.04736293059012331,-0.8117475455344112,0.2001492944845347,0.32,0.2742857142857143,6,Gary Busey,0.5742857142857143,6,Gary Busey,0.84,6.0,Gary Busey,0.5742857142857143,0.84
21,5,9,direct,percent,,0.9629444289646377,0.9707197941566387,0.8376878527238735,1.0,0.8230868037624186,0.8487394957983193,0.6095172983846153,0.9561971704020199,0.8403181745179612,0.8284591346681658,0.6267837291580365,0.9707197941566387,0.8240679166130872,0.836827408755723,0.6732276503439791,0.935499335166,0.7763809523809523,0.8166666666666667,0.45291666666666663,0.9666666666666667,0.0009811128506683638,-0.003779743266700275,-0.12889248798349462,0.16480411199156186,-0.06393722213700881,-0.020649912648190938,-0.3704402681228476,0.21827130070241235,0.08285714285714285,0.34285714285714286,10,Paula Deen,0.8085714285714286,10,Paula Deen,0.7685714285714286,,,,
21,6,9,direct,percent,,0.958055476783144,0.9707197941566387,0.8131389594356941,1.0,0.8611873117113994,0.8841934652602015,0.6353962655631176,0.9488565893658784,0.8626390466557512,0.8853067919890986,0.6554675286842364,0.9789450103725609,0.8484760810634822,0.8703005051059519,0.6527253788294639,0.9539832459815243,0.8054761904761906,0.8333333333333334,0.37416666666666665,0.9712499999999996,-0.012711230647917434,0.00967076060801958,-0.1609366378768814,0.1435186288739998,-0.05716285617956083,-0.018640125322431866,-0.5092920577920442,0.22643194885506368,0.14285714285714285,0.21714285714285714,10,Paula Deen,0.8342857142857143,10,Paula Deen,0.96,10.0,Paula Deen,0.8342857142857143,0.96
21,7,8,direct,percent,,0.8985540330044391,0.9221722216732094,0.7065994945288229,1.0,0.7032338518475895,0.7533571001031303,0.4597071433101443,0.924054476998907,0.4810677499271058,0.4787529007367304,-0.04910286161402363,0.8961272244559313,0.7620953607837668,0.7425282823862206,0.5663061639364588,0.9523809523809523,0.8849659863945578,0.9285714285714286,0.7142857142857143,1.0,0.05886150893617751,0.056253727925021035,-0.14246566693492752,0.21150218665167464,0.403898236467452,0.38695613682219254,-0.15803198636069316,1.001483813994976,0.4742857142857143,0.16285714285714287,11,Tamar Braxton,0.34,9,Nick Carter,0.26285714285714284,7.0,Hayes Grier,0.0,0.045714285714285714
21,8,7,direct,percent,,0.9568790468861922,0.9642857142857143,0.8214285714285714,1.0,0.8251499031430586,0.8468812149338254,0.586098575899825,0.9818181818181818,0.7900449315729171,0.8468812149338254,0.4504687313477795,0.9549937104572925,0.8258430311192254,0.8571428571428571,0.5714285714285714,0.9642857142857143,0.8241836734693876,0.8571428571428571,0.4901785714285714,1.0,0.0006931279761669743,0.010191440714375055,-0.18665174840984466,0.20874226727836118,0.034138741896470766,0.045975927923317506,-0.34785085331443544,0.46532999552874604,0.09142857142857143,0.04285714285714286,2,Andy Grammer,0.8228571428571428,2,Andy Grammer,0.8257142857142857,2.0,Andy Grammer,0.8228571428571428,0.8257142857142857
21,10,4,direct,percent,,0.899670362626369,0.9486832980505138,0.8,1.0,0.7443953399445565,0.6324555320336759,0.21081851067789195,0.9486832980505138,0.8044232028866419,0.9486832980505138,0.12385587502326141,0.9486832980505138,0.7645801735614912,0.8,0.31622776601683794,1.0,0.656,0.8,0.2,1.0,0.020184833616934916,0.0621352126273782,-0.5726611228720508,0.38918148932210805,-0.148423202886642,-0.14868329805051372,-0.7486832980505138,0.7447224148559975,0.09428571428571429,0.07714285714285714,9,Nick Carter,0.86,9,Nick Carter,0.9285714285714286,,,,
21,11,4,direct,percent,,0.9620988349861391,1.0,0.6324555320336759,1.0,0.6869707671413163,0.7745966692414834,0.0,0.7745966692414834,0.5960705797591607,0.7745966692414834,-0.4002082791080999,0.7745966692414834,0.8199272018464464,0.8,0.6324555320336759,1.0,0.8582857142857142,0.8,0.4,1.0,0.13295643470513033,0.02540333075851664,0.02540333075851664,0.6324555320336759,0.26221513452655376,0.08360222050567778,-0.3745966692414834,1.4002082791080879,0.1657142857142857,0.025714285714285714,0,Alek Skarlatos,0.92,0,Alek Skarlatos,0.76,4.0,Carlos PenaVega,0.04285714285714286,0.15142857142857144
22,1,12,direct,percent,,0.9737444165518757,0.9790209790209791,0.913664342188163,1.0,0.8954201358080411,0.9195435518317364,0.718393399868544,0.9715310579804965,0.8913927933197445,0.9159515848323937,0.6922618399483258,0.9734230568218772,0.8985417129466515,0.9141851168265855,0.7680444797626033,0.9842396880153764,0.8740059940059941,0.8881118881118881,0.6223776223776224,0.9809440559440559,0.0031215771386104464,-0.0038549924010178316,-0.07078076114963883,0.1099085154465091,-0.017386799313750742,-0.03578733874190487,-0.24443198649804387,0.22585347119307853,0.17714285714285713,0.09428571428571429,2,Geraldo Rivera,0.7171428571428572,2,Geraldo Rivera,0.8828571428571429,,,,
22,2,12,direct,percent,,0.967831162288019,0.9702291586486095,0.905990147379936,0.9982502173821434,0.8610192995573298,0.8791086854424877,0.7143956633750146,0.9300516832480819,0.8239079804535996,0.8481721456324522,0.6002517853426289,0.9125902832754232,0.8532342165460316,0.8596544146325673,0.7426516783147489,0.9422080999150757,0.8552647352647355,0.8636363636363635,0.6643356643356644,0.972027972027972,-0.007785083011298405,-0.010611832510584951,-0.0631785786349795,0.10978810417331374,0.03135675481113551,0.03195935234915692,-0.1703441588794099,0.27662683778129005,0.054285714285714284,0.1457142857142857,2,Geraldo Rivera,0.8914285714285715,2,Geraldo Rivera,0.9342857142857143,2.0,Geraldo Rivera,0.8914285714285715,0.9342857142857143
22,3,11,direct,percent,,0.9651436738834138,0.9703897613415771,0.8636363636363636,1.0,0.8637852464569172,0.8842971671862807,0.7193893219343312,0.9506668904720317,0.8381314483583955,0.8848771929251247,0.5714831870974764,0.9309645467233083,0.8753345929409362,0.8974966337290643,0.7260349663137847,0.961278120390013,0.868909090909091,0.8818181818181818,0.6975,0.9818181818181818,0.011549346484018815,0.018081471860131038,-0.06651924872334633,0.09947222226760966,0.030777642550695233,0.014869683737420036,-0.16766428049837268,0.31033499472070547,0.3314285714285714,0.18285714285714286,7,Mischa Barton,0.45714285714285713,7,Mischa Barton,0.6542857142857142,7.0,Mischa Barton,0.45714285714285713,0.6542857142857142
22,4,10,direct,percent,,0.9722959447368524,0.9757575757575757,0.9199756746392361,0.9969650916353059,0.9253777709043359,0.9509381412000675,0.7872050224810803,0.987748649891683,0.898596139726944,0.9052368735483409,0.7339758434175737,0.9725179925282852,0.9214989384953323,0.9240164263936981,0.7990918371674448,0.9878044218151566,0.9228051948051949,0.9393939393939394,0.7575757575757576,0.9878787878787879,-0.0038788324090033147,-0.008852636531373248,-0.10693198605316212,0.08402372264991442,0.024209055078250986,0.015584232555330924,-0.17857859858889125,0.1997317344218104,0.14285714285714285,0.08,1,Doug Flutie,0.7885714285714286,1,Doug Flutie,0.7885714285714286,6.0,Marla Maples,0.06,0.10285714285714286
22,5,9,direct,percent,,0.9693691704272942,0.9790880682441959,0.9037736014561809,1.0,0.8784058074483283,0.8945227307474958,0.7142857142857143,0.9747899159663865,0.8717350663781044,0.8954053273686237,0.6397545539937503,0.9790880682441959,0.883941955447136,0.9166666666666666,0.6868942265520896,0.9666666666666667,0.8615238095238096,0.9,0.6029166666666667,0.9833333333333333,0.005536147998807573,0.004617819975338611,-0.11158282347615578,0.13828057986258893,-0.010211256854295097,0.012683420685142388,-0.2871069347895142,0.23862682104918764,0.18285714285714286,0.11142857142857143,0,Antonio Brown,0.5114285714285715,0,Antonio Brown,0.44285714285714284,,,,
22,6,9,direct,percent,,0.9504010767070228,0.9666666666666667,0.6780635036208105,0.9958246164193104,0.8737974813081422,0.8767942266815111,0.7095053776339451,0.9619198797573859,0.7850774158960468,0.8001811389132237,0.41711570007178683,0.9363821838346235,0.8650260161604555,0.9,0.6780635036208105,0.95,0.9095238095238095,0.9333333333333333,0.6833333333333333,0.9833333333333333,-0.008771465147686864,0.00575637309183763,-0.2396940136841229,0.10311712623059388,0.12444639362776246,0.1327937304716013,-0.0677977350434374,0.5328842999282131,0.08857142857142856,0.17714285714285713,1,Doug Flutie,0.9171428571428571,1,Doug Flutie,0.9085714285714286,1.0,Doug Flutie,0.9171428571428571,0.9085714285714286
22,7,8,direct,percent,,0.9597100277136799,0.9581010095306072,0.8434347122457898,1.0,0.9136558537920076,0.9317209855568762,0.7736841691858944,0.9511897312113419,0.8242452370083245,0.8510644963469901,0.42553224817349505,0.9511897312113419,0.91841928659976,0.9341484842923421,0.7590912410212108,1.0,0.9636734693877551,0.9761904761904762,0.8571428571428571,1.0,0.004763432807752352,0.008006933028515406,-0.08962220047517355,0.08809727340646788,0.13942823237943064,0.12512597984348606,-0.046427826449437104,0.522682037540789,0.24857142857142858,0.29714285714285715,4,Jodie Sweetin,0.9342857142857143,4,Jodie Sweetin,0.6971428571428572,5.0,Kim Fields,0.03142857142857143,0.12857142857142856
22,8,6,direct,percent,,0.9239139056918679,0.9428571428571428,0.7714285714285715,1.0,0.8414305536836652,0.8406680016960503,0.4938579154858371,0.9856107606091623,0.7247966189992252,0.753702346348183,0.3688793214338703,0.9276336570439175,0.8334397830411311,0.8116794499134278,0.5768179036829705,0.9856107606091623,0.894857142857143,0.9428571428571428,0.4857142857142857,1.0,-0.007990770642534303,0.01470588235294118,-0.2208609589661112,0.2515122194703128,0.17006052385791764,0.18832055008657222,-0.15620508561534607,0.5751874787357342,0.08571428571428572,0.1457142857142857,11,Wanya Morris,0.8,11,Wanya Morris,0.8771428571428571,4.0,Jodie Sweetin,0.0,0.008571428571428572
22,9,5,direct,percent,,0.9124620004833056,0.9746794344808964,0.5901792257528795,1.0,0.8295317017653113,0.872081599272381,0.41039134083406165,0.9746794344808964,0.6631428571428573,0.8,-0.22750000000000004,1.0,0.8229993848521906,0.9,0.41039134083406165,0.9746794344808964,0.8851428571428573,0.9,0.7,1.0,-0.006532316913120582,0.0,-0.23341007509937262,0.2051956704170308,0.222,0.09999999999999998,-0.20000000000000007,1.2,0.17714285714285713,0.1742857142857143,0,Antonio Brown,0.9228571428571428,0,Antonio Brown,0.7742857142857142,0.0,Antonio Brown,0.9228571428571428,0.7742857142857142
22,10,3,direct,percent,,0.9141727874888316,0.8660254037844387,0.8660254037844387,1.0,0.8974044948059048,0.8660254037844387,0.5,1.0,0.6314285714285715,0.5,-1.0,1.0,0.8974044948059048,0.8660254037844387,0.5,1.0,0.9185714285714286,1.0,0.5,1.0,0.0,0.0,0.0,0.0,0.28714285714285714,0.5,-0.5,2.0,0.18,0.05142857142857143,3,Ginger Zee,0.9628571428571429,3,Ginger Zee,0.7828571428571428,,,,
23,1,13,direct,percent,,0.9817306883662126,0.9835164835164835,0.943205331705635,0.998625428903524,0.9026812676705022,0.9237392719691759,0.7444559330505771,0.9561802742586187,0.8839561271221061,0.9030782753539658,0.7534886223812229,0.9489247338113526,0.8867236186116016,0.8870557075540929,0.7107464985992421,0.9628619837912766,0.8833751962323392,0.8956043956043956,0.6593406593406593,0.9795329670329669,-0.015957649058900607,-0.01601367614085114,-0.07372242891006142,0.05972494024801389,-0.000580930889767088,-0.018554594784588097,-0.15698202723168977,0.17066140288700557,0.12285714285714286,0.04,9,Rick Perry,0.7028571428571428,9,Rick Perry,0.7771428571428571,,,,
23,2,13,direct,percent,,0.9790920219750131,0.9835164835164835,0.9410386789306278,0.998625428903524,0.8854228699059464,0.9070953211228845,0.6997454642460859,0.9529414930115467,0.8809959932484658,0.8947677390777024,0.742407907346205,0.9695625655640737,0.8813616091422932,0.9010989010989011,0.6661648376910542,0.9601109495518729,0.8683045525902668,0.8956043956043956,0.6028846153846154,0.989010989010989,-0.004061260763653246,0.0033317231474268016,-0.07972544716803502,0.07657215337324041,-0.01269144065819879,0.0006073964116758424,-0.2536894327028232,0.19030713292595647,0.10285714285714286,0.18857142857142858,9,Rick Perry,0.6942857142857143,9,Rick Perry,0.7514285714285714,3.0,Jake T. Austin,0.02857142857142857,0.037142857142857144
23,3,12,direct,percent,,0.9806740527905885,0.9894797752097305,0.9087775240401426,1.0,0.8992704794177873,0.9203900230262253,0.7102872602039206,0.9780028985060399,0.9056339255973173,0.9117120056348832,0.7102872602039206,0.9647185175903997,0.9023264923135214,0.9230769230769231,0.7536823608610059,0.9724965222426125,0.880939060939061,0.9090909090909091,0.6643356643356644,0.993006993006993,0.0030560128957339444,-0.009539575602585892,-0.06666896442302346,0.11436586943013816,-0.024694864658256408,-0.01712880607075451,-0.2968490857910342,0.11840189695966714,0.037142857142857144,0.24285714285714285,12,Vanilla Ice,0.6457142857142857,12,Vanilla Ice,0.6428571428571429,9.0,Rick Perry,0.2914285714285714,0.29714285714285715
23,4,11,direct,percent,,0.9624711729516247,0.9703897613415771,0.8963328909987679,0.990909090909091,0.8485263533135227,0.8837209302325582,0.6500253299429158,0.9452624525710274,0.7950870070861485,0.8460329013639333,0.5011825339601561,0.9196009797434058,0.8397374688149937,0.8643142931027707,0.614704768862218,0.9541685964428458,0.8590909090909089,0.9090909090909091,0.6363636363636364,0.9818181818181818,-0.008788884498529029,0.0016988383632981496,-0.18302714196671954,0.11092739507334949,0.06400390200476046,0.08081942308269408,-0.20570186434072968,0.34290570230956474,0.05142857142857143,0.11142857142857143,1,Babyface,0.9057142857142857,1,Babyface,0.9485714285714286,1.0,Babyface,0.9057142857142857,0.9485714285714286
23,5,9,direct,percent,,0.970095901234706,0.9833333333333333,0.8833333333333333,1.0,0.8698639349621344,0.8831154886881196,0.6673088162180217,0.9530652303663865,0.8273055876491024,0.8656280532685529,0.5158793448772183,0.9268340772370364,0.9000956740546504,0.9333333333333333,0.7,0.9833333333333333,0.9167142857142856,0.9333333333333333,0.6333333333333333,1.0,0.030231739092515916,0.04343940992625006,-0.06961217016894272,0.12903970994296676,0.08940869806518335,0.06729489568833041,-0.14179724163896174,0.4117098504623744,0.06571428571428571,0.2057142857142857,10,Ryan Lochte,0.4142857142857143,10,Ryan Lochte,0.4085714285714286,,,,
23,6,9,direct,percent,,0.9701222610998301,0.9790880682441959,0.8719691516726108,1.0,0.9135998081006675,0.9244023874976197,0.8151548326115373,0.9873505612967642,0.9211129556252257,0.9412097036339401,0.7815402003388966,0.9916316520429012,0.9137122632569565,0.9333333333333333,0.75,0.9802555161437086,0.8831904761904762,0.9166666666666666,0.5983333333333334,1.0,0.00011245515628872406,0.00031763983120858263,-0.12398043908865863,0.11198387775688069,-0.0379224794347494,-0.0416316520429012,-0.34224257970875344,0.16849847826525813,0.05142857142857143,0.14857142857142858,0,Amber Rose,0.8285714285714286,0,Amber Rose,0.8114285714285714,0.0,Amber Rose,0.8285714285714286,0.8114285714285714
23,7,8,direct,percent,,0.944243637124568,0.9523809523809523,0.860875194433007,1.0,0.8753819515111199,0.9018533352710065,0.5682911427735109,0.9636241116594316,0.7667341741196401,0.7906659377718414,0.38297881360823566,0.9636241116594316,0.8855692475244457,0.9047619047619048,0.7185757571479554,1.0,0.944421768707483,0.9761904761904762,0.7142857142857143,1.0,0.010187296013325709,-0.011243159278479298,-0.0925766921023047,0.1459945715122034,0.1776875945878429,0.13520913056204853,-0.051671912930757014,0.5694021387727166,0.40285714285714286,0.12857142857142856,7,Marilu Henner,0.5714285714285714,10,Ryan Lochte,0.43714285714285717,8.0,Maureen McCormick,0.29714285714285715,0.29428571428571426
23,8,7,direct,percent,,0.9498279444311741,0.9636241116594315,0.8468812149338254,1.0,0.8857380741426106,0.900937462695559,0.6831216471145983,0.9818181818181818,0.8999593020217752,0.900937462695559,0.7567874686642695,0.9910312089651149,0.8800133731393143,0.9265616458263765,0.5405624776173353,0.9910312089651149,0.8067346938775511,0.8571428571428571,0.10714285714285714,1.0,-0.005724701003296268,0.009978181850805234,-0.24422485528516577,0.08827338835984509,-0.09322460814422417,-0.02658388828263225,-0.8478508533144354,0.1895118176468872,0.44285714285714284,0.15142857142857144,7,Marilu Henner,0.7314285714285714,11,Terra Jole,0.6,10.0,Ryan Lochte,0.022857142857142857,0.07714285714285714
23,9,6,direct,percent,,0.9382287783922746,0.9642339517331526,0.7665538595314646,1.0,0.8265307259074792,0.9121593238215745,0.22153745351484586,0.9710083124552245,0.7295593190897348,0.7944613465542745,0.0,0.9710083124552245,0.8241354978095592,0.8285714285714286,0.43482827673933633,1.0,0.8726530612244898,0.9428571428571428,0.42857142857142855,1.0,-0.002395228097919845,0.028991687544775546,-0.25501646667871736,0.40497420503800974,0.14309374213475495,0.0878406761784255,-0.3050362248475144,0.6763305625149252,0.18285714285714286,0.12,7,Marilu Henner,0.5228571428571429,7,Marilu Henner,0.4714285714285714,7.0,Marilu Henner,0.5228571428571429,0.4714285714285714
23,10,5,direct,percent,,0.8160153851993732,0.872081599272381,0.5642880936468347,1.0,0.8481021145676124,0.9473684210526315,0.41039134083406165,0.9746794344808964,0.5628224102867132,0.5642880936468347,-0.24751727744054347,0.9746794344808964,0.7660876344978403,0.7,0.5,1.0,0.9262857142857144,0.9,0.6,1.0,-0.08201448006977204,-0.02078268166812325,-0.2804824921972813,0.34576580979869687,0.3634633039990012,0.3357119063531653,-0.37467943448089647,1.2200172774405422,0.15714285714285714,0.20857142857142857,2,Calvin Johnson Jr.,0.9142857142857143,2,Calvin Johnson Jr.,0.7914285714285715,11.0,Terra Jole,0.0,0.07428571428571429
23,11,4,direct,percent,,0.892658190022178,0.9486832980505138,0.31622776601683794,1.0,0.8922890182343768,0.9486832980505138,0.6324555320336759,1.0,0.7131428571428572,0.8,-0.2,1.0,0.864643262606299,0.9486832980505138,0.31622776601683794,1.0,0.9297142857142856,1.0,0.4,1.0,-0.027645755628077844,0.0,-0.4216370213557839,0.0,0.21657142857142855,0.0,-0.19999999999999996,1.0549999999999955,0.19142857142857142,0.11428571428571428,5,Jana Kramer,0.7942857142857143,5,Jana Kramer,0.9285714285714286,5.0,Jana Kramer,0.7942857142857143,0.9285714285714286
24,1,12,direct,percent,,0.9721671570577742,0.9762774519145577,0.8847780295824981,0.9982502173821434,0.8735374072024048,0.8718861209964412,0.7420680012802521,0.9413869201525427,0.8994857173653203,0.8924509263255099,0.8007366018809912,0.9630004066674475,0.8749172869218449,0.8756580854229328,0.7525946068126481,0.9422080999150757,0.8234765234765234,0.8461538461538461,0.6293706293706294,0.965034965034965,0.0013798797194399701,0.00932261259133016,-0.07894779086167741,0.08811751726001316,-0.07600919388879682,-0.06789551156255236,-0.30540998516004314,0.10080383084623012,0.10857142857142857,0.23142857142857143,2,Chris Kattan,0.8542857142857143,2,Chris Kattan,0.9571428571428572,,,,
24,2,12,direct,percent,,0.9761902752974233,0.9806377767529318,0.9085658976279026,0.9982502173821434,0.8695537397919356,0.8830286924896865,0.7593691465952065,0.9573196218828571,0.8269256673839611,0.8213019740640154,0.6513774277059432,0.9027241525272583,0.8802992256273781,0.8826633501063162,0.7810790945639813,0.9524179846161569,0.8992607392607392,0.9020979020979021,0.7723776223776224,0.972027972027972,0.010745485835442426,0.011103242460924978,-0.08442851858397182,0.07867980349755188,0.07233507187677812,0.059904089493445056,-0.045688474910294596,0.26815940065518673,0.011428571428571429,0.03428571428571429,2,Chris Kattan,0.8142857142857143,2,Chris Kattan,0.8114285714285714,2.0,Chris Kattan,0.8142857142857143,0.8114285714285714
24,3,11,direct,percent,,0.9635989264499798,0.9703897613415771,0.9248315565837566,0.9977246841962694,0.8515881251422122,0.8637989313858608,0.7054742876786395,0.9632256943820368,0.8803606322529026,0.9033121344443982,0.746615131530574,0.9493994882425817,0.8320100582351682,0.8363636363636363,0.7040856165801748,0.9454545454545454,0.7633506493506496,0.7545454545454545,0.4909090909090909,0.9570454545454543,-0.019578066907044018,-0.021098993659385612,-0.12184574868550999,0.0708073166388784,-0.11700998290225337,-0.11587272389657699,-0.37603940717167095,0.14648071924841582,0.08,0.3942857142857143,1,Charo,0.4657142857142857,1,Charo,0.4542857142857143,1.0,Charo,0.4657142857142857,0.4542857142857143
24,4,10,direct,percent,,0.9655424897918381,0.9787279253249039,0.8744241621015716,1.0,0.8178405675816433,0.8379244074402945,0.6463534793182505,0.9130012110996346,0.7817044275884252,0.7683069659820713,0.5183023183212385,0.9512371959778025,0.807438728562074,0.8048930119812175,0.6653526175578307,0.9297207250212344,0.8164155844155843,0.806060606060606,0.7057575757575758,0.9636363636363636,-0.010401839019569186,0.0006134316996102562,-0.15669838738003783,0.1476261955985788,0.034711156827159105,0.049874852199746966,-0.24214628688689344,0.3686863747254816,0.2714285714285714,0.02857142857142857,6,Mr. T,0.5857142857142857,6,Mr. T,0.7714285714285715,6.0,Mr. T,0.5857142857142857,0.7714285714285715
24,5,9,direct,percent,,0.9460192992780384,0.9748243359065808,0.7356765700880689,1.0,0.7777000245766664,0.8126443132480309,0.2916253330845024,0.9154589726269996,0.7954902727320424,0.8403658068160179,0.21849510977216466,0.9244023874976197,0.7849170946559626,0.7666666666666667,0.5966597228393727,0.9228114250053734,0.7291904761904764,0.75,0.2133333333333333,0.9666666666666667,0.007217070079295959,0.010945741078442595,-0.15842858373253577,0.4053337369345782,-0.06629979654156636,0.0050104157409409655,-0.6744023874976197,0.5815048902278354,0.22,0.05714285714285714,0,Bonner Bolton,0.38,3,David Ross,0.3628571428571429,4.0,Erika Jayne,0.19142857142857142,0.19428571428571428
24,6,8,direct,percent,,0.9528635375344349,0.9700772721497398,0.8434347122457898,0.994029797388005,0.8157286978258612,0.8383840227895616,0.694391197268267,0.9461247469114746,0.7508843537414965,0.7619047619047619,0.3333333333333333,0.9285714285714286,0.803881203190868,0.8503146459584139,0.5855400437691199,0.9404164843696942,0.8163945578231291,0.8095238095238095,0.5886904761904762,1.0,-0.011847494634993103,0.0,-0.1916202019061214,0.1287608588241474,0.06551020408163263,0.023809523809523725,-0.2142857142857143,0.5714285714285714,0.13714285714285715,0.35714285714285715,8,Nick Viall,0.7457142857142857,8,Nick Viall,0.6685714285714286,5.0,Heather Morris,0.0,0.0
24,7,7,direct,percent,,0.9560749514273054,0.9642857142857143,0.7748062179181807,1.0,0.8412152292298287,0.8727272727272727,0.509090909090909,0.9549937104572925,0.8412181794540246,0.8829187134416477,0.5256970094828586,0.9910312089651149,0.8489593314874387,0.8648999641877366,0.6257010678420657,0.9549937104572925,0.8126530612244899,0.8571428571428571,0.38928571428571423,0.9642857142857143,0.007744102257609902,-0.025775856298790645,-0.1561442613045126,0.2655522398993646,-0.028565118229534957,-0.025775856298790645,-0.4319369727805681,0.36999020170018204,0.26571428571428574,0.08,0,Bonner Bolton,0.8485714285714285,0,Bonner Bolton,0.6542857142857142,7.0,Nancy Kerrigan,0.03142857142857143,0.07714285714285714
24,8,5,direct,percent,,0.9559155185370891,0.9746794344808964,0.7905694150420948,1.0,0.8926500944487157,0.9,0.5797509043642028,0.9746794344808964,0.8774285714285714,0.9,0.4,1.0,0.8895666163963389,0.9,0.5797509043642028,0.9746794344808964,0.845142857142857,0.9,0.3,1.0,-0.0030834780523767927,0.0,-0.20000000000000007,0.2051956704170308,-0.032285714285714286,0.0,-0.6000000000000001,0.4,0.054285714285714284,0.29428571428571426,0,Bonner Bolton,0.9685714285714285,0,Bonner Bolton,0.9542857142857143,0.0,Bonner Bolton,0.9685714285714285,0.9542857142857143
24,9,4,direct,percent,,0.8624578099612658,0.9486832980505138,0.31622776601683794,1.0,0.7257818734842535,0.7745966692414834,0.31622776601683794,1.0,0.44399999999999995,0.4,-0.8,1.0,0.7314081770648211,0.7745966692414834,0.31622776601683794,1.0,0.8280000000000001,0.8,0.4,1.0,0.005626303580567649,0.0,-0.4216370213557839,0.4216370213557839,0.384,0.4,-0.2,1.6,0.13428571428571429,0.09428571428571429,3,David Ross,0.92,3,David Ross,0.8257142857142857,11.0,Simone Biles,0.0,0.08857142857142856
24,10,3,direct,percent,,0.9170318222063806,1.0,0.5,1.0,0.8559853105784736,0.8660254037844387,0.5,1.0,0.6657142857142857,0.75,-0.5,1.0,0.8559853105784736,0.8660254037844387,0.5,1.0,0.9028571428571428,1.0,0.5,1.0,0.0,0.0,0.0,0.0,0.23714285714285716,0.0,-0.5,1.5,0.08,0.03142857142857143,3,David Ross,0.9371428571428572,3,David Ross,0.8742857142857143,,,,
25,1,13,direct,percent,,0.9772094067596028,0.9814195991392297,0.9338878411827252,1.0,0.8797986499635931,0.8845695914788284,0.7711697225448375,0.9577900214088805,0.8936438379812932,0.9086186328714748,0.777658432051356,0.9620138284464677,0.8812391085266704,0.8910421112136306,0.7552047813927293,0.9564058448427972,0.8467032967032966,0.8516483516483516,0.6428571428571429,0.9725274725274725,0.001440458563077183,0.004714382252960059,-0.08745070253060232,0.08189892887674029,-0.046940541277996635,-0.04875144899286665,-0.2618830463204277,0.12855096384939627,0.1457142857142857,0.08,0,Barbara Corcoran,0.7085714285714285,0,Barbara Corcoran,0.7514285714285714,,,,
25,2,13,direct,percent,,0.9779761036121742,0.9827798236312997,0.9325514285402271,1.0,0.8760121824622696,0.8864401968523712,0.7527806820298385,0.9616309728043368,0.8575506392080556,0.8630911787345478,0.746905827751051,0.9488470330318907,0.8871400833990122,0.8907224918383359,0.7884928779353425,0.9550035266900605,0.8859968602825746,0.9010989010989011,0.7307692307692307,0.978021978021978,0.011127900936742525,0.01607085605386538,-0.09975895263748802,0.12141409625595202,0.028446221074518736,0.03213191420371381,-0.20708879127364888,0.18684854014221072,0.22,0.08571428571428572,0,Barbara Corcoran,0.56,0,Barbara Corcoran,0.6142857142857143,0.0,Barbara Corcoran,0.56,0.6142857142857143
25,3,11,direct,percent,,0.9767217522141016,0.9818181818181818,0.9256288251670185,1.0,0.8805336984509254,0.8909726003483427,0.7503463491434539,0.9510759457296007,0.8272926945014768,0.8507111474365273,0.6260851703044106,0.9510759457296007,0.8972863280319338,0.9041190146549017,0.7909090909090909,0.9636363636363636,0.9221818181818181,0.9363636363636364,0.7727272727272727,0.990909090909091,0.016752629581008222,0.017510512691549462,-0.049212126645494236,0.09392878492359184,0.09488912368034132,0.07412051936440023,-0.049673016347164256,0.3084078935493104,0.1457142857142857,0.10571428571428572,9,Sasha Pieterse,0.8428571428571429,9,Sasha Pieterse,0.8057142857142857,,,,
25,4,11,direct,percent,,0.9754007247000285,0.9818181818181818,0.9157199156321925,1.0,0.8533135504319858,0.872399610890033,0.693738471804237,0.9170109546287278,0.7870574022013423,0.7930905553545754,0.565077020690135,0.9170109546287278,0.9189073393211695,0.9157199156321925,0.8231067954989675,0.990909090909091,0.9536623376623375,0.9636363636363636,0.8636363636363636,0.990909090909091,0.06559378888918395,0.06394354660877588,-0.025505389652645188,0.17031811278934192,0.16660493546099525,0.14825037584485456,0.03153810621277468,0.35980981031462517,0.32857142857142857,0.16857142857142857,7,Nick Lachey,0.52,7,Nick Lachey,0.5228571428571429,2.0,Derek Fisher,0.45714285714285713,0.24571428571428572
25,5,10,direct,percent,,0.9806625276134501,0.9878787878787879,0.9275251510128696,1.0,0.9137662383862184,0.9202627172903879,0.8061576622938242,0.987748649891683,0.8973903222699007,0.8991204081865278,0.7628761422521407,0.9908673886137245,0.9102771533436871,0.9151515151515152,0.7575757575757576,0.9969650916353059,0.9080865800865802,0.9272727272727272,0.7145454545454545,0.9878787878787879,-0.0034890850425311204,-0.00795616700920887,-0.08851827741648322,0.07129567104974055,0.010696257816679437,0.013419748693737188,-0.19692799467433053,0.18695698128851224,0.08571428571428572,0.22857142857142856,7,Nick Lachey,0.6657142857142857,7,Nick Lachey,0.66,9.0,Sasha Pieterse,0.14,0.14
25,6,9,direct,percent,,0.9567561325426894,0.9707197941566387,0.8703005051059519,1.0,0.8712549573457945,0.8860838370611986,0.635593220338983,0.9748243359065808,0.8971025040019107,0.9328060455657798,0.6722926454528143,0.9916316520429012,0.8811907851037751,0.9,0.7166666666666667,0.9666666666666667,0.8206666666666665,0.8666666666666667,0.5,0.9833333333333333,0.009935827757980612,0.009674588301124554,-0.09364148645930351,0.1291396638635932,-0.0764358373352441,-0.03308734450508721,-0.4164206778384205,0.17807302839391978,0.20285714285714285,0.08857142857142856,7,Nick Lachey,0.7514285714285714,7,Nick Lachey,0.9314285714285714,7.0,Nick Lachey,0.7514285714285714,0.9314285714285714
25,7,8,direct,percent,,0.9551692923455125,0.9761904761904762,0.8197751762796257,1.0,0.869676644458008,0.8916309815169777,0.6424360411742994,0.9818362138701557,0.8478756542000636,0.8434347122457898,0.6111889396952527,0.9880235200593538,0.8748285324924434,0.8809523809523809,0.6946232319096902,0.9761904761904762,0.860204081632653,0.9047619047619048,0.5,1.0,0.005151888034435487,0.012265090766716447,-0.11885359612751122,0.10217356662975785,0.012328427432589504,0.02460276891058355,-0.3778502492427596,0.26500689361438323,0.2,0.18,8,Nikki Bella,0.76,8,Nikki Bella,0.5885714285714285,8.0,Nikki Bella,0.76,0.5885714285714285
25,8,6,direct,percent,,0.9534704444978346,0.9428571428571428,0.8116794499134278,1.0,0.9006583640135133,0.9276336570439175,0.7247137945655605,0.9895678014416424,0.8716734693877551,0.9142857142857143,0.6414285714285713,1.0,0.8976184516160467,0.9276336570439175,0.7246434012577607,0.9895678014416424,0.8600816326530614,0.8857142857142857,0.42857142857142855,1.0,-0.0030399123974666903,0.0,-0.11595420713048976,0.11595420713048976,-0.011591836734693882,0.0,-0.5142857142857142,0.3014285714285701,0.24285714285714285,0.12857142857142856,3,Drew Scott,0.82,3,Drew Scott,0.5828571428571429,10.0,Terrell Owens,0.04,0.13428571428571429
25,9,5,direct,percent,,0.9421107165676368,0.9746794344808964,0.8207826816681233,1.0,0.8926363880132487,0.9,0.6324555320336759,1.0,0.8122857142857142,0.9,0.3,1.0,0.8870519464721663,0.9,0.5642880936468347,1.0,0.8839999999999999,0.9,0.6,1.0,-0.005584441541082352,0.0,-0.2051956704170308,0.2051956704170308,0.07171428571428572,0.09999999999999998,-0.4,0.6000000000000001,0.06285714285714286,0.30857142857142855,3,Drew Scott,0.9342857142857143,3,Drew Scott,0.88,12.0,Victoria Arlen,0.017142857142857144,0.017142857142857144
25,10,4,direct,percent,,0.9385901395304771,1.0,0.8,1.0,0.8638380133177239,0.9486832980505138,0.31622776601683794,0.9486832980505138,0.7731015955859266,0.9486832980505138,0.12385587502326141,0.9486832980505138,0.9085437744847147,1.0,0.6,1.0,0.9565714285714286,1.0,0.8,1.0,0.04470576116699061,0.05131670194948623,-0.14868329805051372,0.16754446796632416,0.18346983298550193,0.05131670194948623,-0.14868329805051372,0.7447224148559975,0.06571428571428571,0.08285714285714285,3,Drew Scott,0.9514285714285714,3,Drew Scott,0.8942857142857142,3.0,Drew Scott,0.9514285714285714,0.8942857142857142
26,1,10,direct,percent,,0.9741241711620059,0.9847319278346618,0.9118583155200969,1.0,0.9021213270926328,0.9263978020723238,0.7278593780557606,0.9786344578900983,0.9024582507125457,0.9174698042719671,0.726177350081262,0.9786344578900983,0.8962446628194743,0.9240164263936981,0.6747751534848716,0.9757575757575757,0.8701991341991343,0.9151515151515152,0.5018181818181818,0.9878787878787879,-0.005876664273158468,-0.002541726325280158,-0.11221053622734278,0.08547557102590227,-0.0322591165134116,0.00957948579593193,-0.40341869173015915,0.17804621203797769,0.21714285714285714,0.1742857142857143,7,Kareem Abdul-Jabbar,0.4342857142857143,7,Kareem Abdul-Jabbar,0.5371428571428571,3.0,Jamie Anderson,0.08,0.04857142857142857
26,2,8,direct,percent,,0.9594954836758526,0.9700772721497398,0.8589974363572851,1.0,0.8348119026993509,0.8781140799175228,0.5697911578384245,0.9634862821317264,0.7987813915447971,0.8365019125713041,0.38794291597509756,0.9819805060619657,0.8299396939331157,0.8503146459584139,0.5509080804800992,0.9761904761904762,0.8289115646258505,0.8571428571428571,0.5714285714285714,0.9761904761904762,-0.004872208766235361,0.0005484166513719524,-0.21523421698348644,0.1570254951103791,0.030130173081053466,0.020859398791012895,-0.3629328870143467,0.46919994116775954,0.1,0.09714285714285714,7,Kareem Abdul-Jabbar,0.8228571428571428,7,Kareem Abdul-Jabbar,0.78,1.0,Arike Ogunbowale,0.002857142857142857,0.025714285714285714
26,3,6,direct,percent,,0.9580903712603868,0.9856107606091623,0.8116794499134278,1.0,0.8836411512627435,0.9117647058823529,0.6031154067727793,0.9856107606091623,0.8849790737066303,0.898645105261295,0.629776287477472,0.9856107606091623,0.8804802824590902,0.9276336570439175,0.46381682852195877,1.0,0.847673469387755,0.9428571428571428,0.2,1.0,-0.003160868803653528,0.015022525315044666,-0.27055680101700974,0.1415841569522593,-0.037305604318875106,0.014389239390837694,-0.698645105261295,0.3051090036394496,0.24285714285714285,0.1742857142857143,4,Jennie Finch Daigle,0.6857142857142857,4,Jennie Finch Daigle,0.9028571428571428,2.0,Chris Mazdzer,0.3028571428571429,0.07142857142857142
26,4,3,direct,percent,,0.8924357862512144,0.8660254037844387,0.5,1.0,0.870047726549722,0.8660254037844387,0.5,1.0,0.5614285714285714,0.5,-1.0,1.0,0.870047726549722,0.8660254037844387,0.5,1.0,0.9571428571428572,1.0,0.5,1.0,0.0,0.0,0.0,0.0,0.39571428571428574,0.5,-0.5,2.0,0.06571428571428571,0.32,9,Tonya Harding,0.6914285714285714,9,Tonya Harding,0.6714285714285714,,,,
27,1,13,direct,percent,,0.9627037178341077,0.9634420959189207,0.9128849005846178,0.9931233604247167,0.8228369103464864,0.8635935121735981,0.656216726193605,0.930064283650393,0.8390388026339156,0.8635935121735981,0.5938598288955057,0.9284326702246964,0.8368646359204786,0.8457332367052998,0.6442937673426583,0.9535344599878713,0.780502354788069,0.7637362637362637,0.5604395604395604,0.9685439560439559,0.014027725573992325,0.009758242976681819,-0.08521663475187988,0.1748657694057888,-0.05853644784584656,-0.05117735450454275,-0.2339311018483586,0.24550730841575527,0.5428571428571428,0.18,5,Joe Amabile,0.37142857142857144,5,Joe Amabile,0.8942857142857142,11.0,Nikki Glaser,0.2914285714285714,0.06285714285714286
27,2,12,direct,percent,,0.9578121310181341,0.9649182205059429,0.8877247628654674,0.9969793974243571,0.8352248240164847,0.8657297864406401,0.5971768730957885,0.9337152821851248,0.8512685937953021,0.8873459471570383,0.5633942521631989,0.9366429442213181,0.8337693031403527,0.8752318487115212,0.5915639647713589,0.9430736897392988,0.7763436563436562,0.8111888111888111,0.4316433566433566,0.972027972027972,-0.0014555208761319375,0.007534348722552597,-0.1531168862924709,0.10946376025973258,-0.07492493745164563,-0.06936181361135207,-0.4398429207636237,0.22593089929990076,0.2057142857142857,0.4942857142857143,2,Danelle Umstead,0.7514285714285714,2,Danelle Umstead,0.6114285714285714,2.0,Danelle Umstead,0.7514285714285714,0.6114285714285714
27,3,11,direct,percent,,0.9569443546709122,0.9703897613415771,0.8454545454545455,0.9927833790630649,0.8306053626296966,0.861787755359315,0.6061635413633959,0.9344846866099127,0.8341700487252433,0.8828169405536695,0.5596921462963304,0.9425910042369909,0.8315174579040409,0.8272727272727273,0.624944673765403,0.956722299914231,0.7830389610389612,0.7818181818181819,0.4090909090909091,0.9636363636363636,0.0009120952743441078,-0.0011590469932160063,-0.10596711588388298,0.1301249177492918,-0.05113108768628236,-0.06342646424681425,-0.4350962139687921,0.22472712699659406,0.3914285714285714,0.16857142857142857,5,Joe Amabile,0.46,5,Joe Amabile,0.8085714285714286,10.0,Nancy McKeon,0.08,0.06
27,4,10,direct,percent,,0.9417153330403315,0.9480521310810327,0.8257710256882611,0.9947580645245604,0.7947485451659925,0.8256919343389764,0.48318268750206766,0.9357841922508399,0.8162869520209516,0.8536744066467459,0.46342324932251916,0.9451395216446115,0.8030023406562056,0.828283210838796,0.5702356490893249,0.9118583155200969,0.7315670995670994,0.7575757575757576,0.30666666666666664,0.9272727272727272,0.008253795490213139,0.010951185012918474,-0.15648230004153896,0.17856671593613838,-0.08471985245385211,-0.05877123762014247,-0.5926976633148355,0.28572233829580446,0.38,0.32,5,Joe Amabile,0.6,5,Joe Amabile,0.98,12.0,Tinashe,0.0,0.0
27,5,9,direct,percent,,0.9194851497348069,0.9288784237188525,0.7782494901428224,1.0,0.7772909870684409,0.7796610169491526,0.5485280896093134,0.927788960709994,0.8260555776485223,0.8571731229523383,0.5477084145923397,0.9916316520429012,0.795515079136034,0.8308962340007495,0.5085476277156078,0.9288784237188525,0.6875238095238095,0.7166666666666667,0.26666666666666666,0.95,0.018224092067593026,0.009392109906164903,-0.2405968187394535,0.2200113540698937,-0.13853176812471277,-0.1574544218916457,-0.5330873445050872,0.3305422797903895,0.3171428571428571,0.06,5,Joe Amabile,0.6828571428571428,5,Joe Amabile,0.9885714285714285,,,,
27,6,9,direct,percent,,0.9672534895746363,0.9707197941566387,0.8941354950291214,1.0,0.8329211998879266,0.8319621487478577,0.6470816712483338,0.9496133617021002,0.8577973946945445,0.8655767810204984,0.6783852975522304,0.9496133617021002,0.8454849044259451,0.8833333333333333,0.6078909060839663,0.945614971893967,0.7961904761904761,0.8333333333333334,0.43333333333333335,0.95,0.012563704538018508,0.010416094087893457,-0.1576202738512802,0.16033744053225052,-0.06160691850406824,-0.05787637030060677,-0.4406471057553253,0.18526711579742372,0.04,0.12857142857142856,6,John Schneider,0.9342857142857143,6,John Schneider,0.9685714285714285,8.0,Mary Lou Retton,0.017142857142857144,0.005714285714285714
27,7,8,direct,percent,,0.9222909327825924,0.9341484842923421,0.7175109783737315,0.994029797388005,0.83986375965474,0.8693915553945479,0.5801446968597344,0.9341484842923421,0.7109793848581057,0.7545045450053531,0.316772146276057,0.9221722216732094,0.8337012343871429,0.8742671711966791,0.6586944440522925,0.9476036485701445,0.89,0.9047619047619048,0.6666666666666666,1.0,-0.006162525267597174,-0.0052509010924775,-0.23287182100794845,0.20295363449225154,0.17902061514189438,0.1143285718991538,-0.2555055550065428,0.6290218616643724,0.4942857142857143,0.2542857142857143,5,Joe Amabile,0.6285714285714286,5,Joe Amabile,0.6428571428571429,3.0,DeMarcus Ware,0.3514285714285714,0.3057142857142857
27,8,6,direct,percent,,0.9086843903207424,0.9276336570439175,0.7487275995306044,1.0,0.8111273227671811,0.8823529411764706,0.4058397249567139,0.9705882352941176,0.7914702880992567,0.8406680016960503,0.20291986247835694,0.9856107606091623,0.7988604997150404,0.8857142857142857,0.3142857142857143,0.9428571428571428,0.7521632653061223,0.8285714285714286,-0.10142857142857145,1.0,-0.01226682305214076,-0.012930819547009365,-0.35245097671460146,0.21663888659834046,-0.03930702279313427,-0.07007367668986642,-0.5632592662909408,0.6040300373944385,0.1657142857142857,0.4828571428571429,1,Bobby Bones,0.6542857142857142,1,Bobby Bones,0.5571428571428572,5.0,Joe Amabile,0.2914285714285714,0.44285714285714284
27,9,4,direct,percent,,0.8930336599125269,0.9486832980505138,0.4,1.0,0.7467764024019549,0.7378647873726218,0.21081851067789195,0.9486832980505138,0.5749321955487082,0.6324555320336759,-0.31622776601683794,0.9486832980505138,0.7377730586868795,0.8,0.31622776601683794,1.0,0.8291428571428571,0.8,0.2,1.0,-0.009003343715075275,0.05979440916162493,-0.5726611228720508,0.38918148932210805,0.25421066159414896,0.16754446796632416,-0.7486832980505138,1.316227766016838,0.11142857142857143,0.2,1,Bobby Bones,0.6628571428571428,1,Bobby Bones,0.6914285714285714,,,,
28,1,12,bottom2_judgesave,rank,,0.9607622776297543,0.971935807564168,0.8651501883978576,0.9952243029746369,0.8497199632802628,0.8682018740230751,0.6856556589576982,0.9576398649736653,0.8941123521604903,0.9138967094979739,0.7186391625263875,0.968554762700641,0.8314960913093601,0.8456192405161173,0.6421092158275911,0.9667265263069178,0.7476123876123877,0.7832167832167832,0.42272727272727273,0.965034965034965,-0.018223871970902694,-0.008340260435246993,-0.15891756239981766,0.09736655495826199,-0.14649996454810263,-0.1307538616720686,-0.45419260241353576,0.10930028949131715,0.09428571428571429,0.20857142857142857,6,Lamar Odom,0.78,6,Lamar Odom,0.8314285714285714,,,,
28,3,10,bottom2_judgesave,rank,,0.9541087753257529,0.9726488698881033,0.8573783930272791,0.9977996914355967,0.8355520632288538,0.8527767846890928,0.5951032238477841,0.9783328620767304,0.8732040706677597,0.883829244781995,0.697277051246695,0.9908673886137245,0.8416252316443236,0.8523710838994181,0.6253978941205925,0.9636363636363636,0.7624588744588745,0.7818181818181819,0.3696969696969697,0.9636363636363636,0.0060731684154697796,0.009608647159569772,-0.1423677387604464,0.1440966916702593,-0.11074519620888519,-0.08671989955928039,-0.4847383485031218,0.14436516096064866,0.17714285714285713,0.2257142857142857,6,Lamar Odom,0.76,6,Lamar Odom,0.9257142857142857,,,,
28,4,10,bottom2_judgesave,rank,,0.9538845914047985,0.9636363636363636,0.8389096502784891,1.0,0.858718666440276,0.8809388259564936,0.6526812837309807,0.966091783079296,0.8810075958014217,0.8970852271450606,0.6284301582465485,0.966091783079296,0.8753365523994807,0.9030303030303031,0.6933037246280291,0.9878787878787879,0.8152034632034634,0.8424242424242424,0.44242424242424244,0.9878787878787879,0.016617885959204836,0.02012161328110018,-0.13191087146838687,0.15628115533557096,-0.06580413259795859,-0.03754275256971307,-0.41702104512032606,0.21414747871064085,0.21142857142857144,0.03428571428571429,6,Lamar Odom,0.7028571428571428,6,Lamar Odom,0.7742857142857142,6.0,Lamar Odom,0.7028571428571428,0.7742857142857142
28,5,9,bottom2_judgesave,rank,,0.9550194352847935,0.9666666666666667,0.8355099778440249,1.0,0.8464934380779784,0.8739804390886586,0.45205118417830054,0.9873505612967642,0.81597118796673,0.8655767810204984,0.34454998079456733,0.9916316520429012,0.8493398628722272,0.8833333333333333,0.5882560647712125,0.9666666666666667,0.8467142857142858,0.8666666666666667,0.4666666666666667,0.9833333333333333,0.0028464247942487407,0.0012305351158219402,-0.17871559808953635,0.17017310373319552,0.03074309774755565,0.009212244775021028,-0.2664206778384206,0.4000394874851056,0.20285714285714285,0.2571428571428571,11,Sean Spicer,0.4942857142857143,11,Sean Spicer,0.6885714285714286,,,,
28,6,9,bottom2_judgesave,rank,,0.912544260627353,0.9333333333333333,0.7333333333333333,0.996972846904,0.7643411515211008,0.7932213555757442,0.5259402466317434,0.9615948225126727,0.6172481190592303,0.6668859288553501,0.23084512921915967,0.9319303364773484,0.7910254728295442,0.8,0.6,0.9666666666666667,0.8657142857142858,0.8833333333333333,0.5166666666666667,1.0,0.02668432130844327,0.009160737062748614,-0.11487738187525098,0.25559995370715316,0.24846616665505541,0.18268109860989723,-0.22716763859507005,0.6773150151002726,0.24,0.37714285714285717,11,Sean Spicer,0.6657142857142857,11,Sean Spicer,0.8942857142857142,10.0,Sailor Brinkley-Cook,0.0,0.0
28,7,8,bottom2_judgesave,rank,,0.9409045036296174,0.9700772721497398,0.7319250547113999,0.994029797388005,0.8604706099966691,0.8958572659547143,0.5892424375012708,0.9694893700057866,0.7798835725820136,0.8295150620062532,0.21957751641341997,0.9582118841263405,0.8566166231877086,0.8982196964349443,0.5091750772173156,0.994029797388005,0.8743537414965986,0.9166666666666667,0.5952380952380952,1.0,-0.0038539868089605646,0.0023624304802299934,-0.26566495258345346,0.11063116474866774,0.0944701689145851,0.049673384903559104,-0.2360409008107266,0.5621826171554412,0.45714285714285713,0.07714285714285714,11,Sean Spicer,0.46285714285714286,11,Sean Spicer,0.8942857142857142,3.0,Karamo Brown,0.2342857142857143,0.025714285714285714
28,8,7,bottom2_judgesave,rank,,0.9325953774930521,0.9549937104572925,0.7525786756697112,1.0,0.8259405204359773,0.8650072090434133,0.34551165954032126,0.9819805060619657,0.8271428571428572,0.8571428571428571,0.42857142857142855,1.0,0.824805054364572,0.8728715609439694,0.38188130791298663,0.9819805060619657,0.7581632653061223,0.8571428571428571,0.17857142857142858,1.0,-0.0011354660714054418,0.0,-0.14414999403128936,0.1840388270718021,-0.06897959183673469,-0.0357142857142857,-0.6625,0.33124999999999916,0.38857142857142857,0.14,11,Sean Spicer,0.5285714285714286,11,Sean Spicer,0.9171428571428571,4.0,Kate Flannery,0.12285714285714286,0.011428571428571429
28,9,6,bottom2_judgesave,rank,,0.8927451091730018,0.9276336570439175,0.6767633692869746,1.0,0.8075145449878511,0.8116794499134278,0.3825184261187248,0.9856107606091623,0.6880000000000001,0.7714285714285715,0.08571428571428572,1.0,0.8038160194245941,0.8116794499134278,0.44136741475237473,0.9856107606091623,0.8256326530612244,0.8857142857142857,0.3557142857142857,1.0,-0.0036985255632571374,0.0,-0.17393131069573453,0.17393131069573453,0.1376326530612245,0.05714285714285716,-0.3428571428571429,0.7999999999999999,0.24,0.20857142857142857,11,Sean Spicer,0.76,11,Sean Spicer,1.0,11.0,Sean Spicer,0.76,1.0
28,10,5,bottom2_judgesave,rank,,0.9308018080703745,1.0,0.6668859288553503,1.0,0.8601375613467042,0.872081599272381,0.6155870112510925,0.9746794344808964,0.753068110430503,0.8207826816681233,0.20519567041703082,0.9746794344808964,0.8734530035010248,0.9,0.6,1.0,0.9322857142857145,0.9,0.7,1.0,0.013315442154320614,0.025320565519103555,-0.23720012956364178,0.23311407114464977,0.17921760385521115,0.07921731833187673,-0.20029600395472286,0.7948043295829692,0.15714285714285714,0.17714285714285713,2,James Van Der Beek,0.8457142857142858,2,James Van Der Beek,0.6942857142857143,2.0,James Van Der Beek,0.8457142857142858,0.6942857142857143
28,11,4,bottom2_judgesave,rank,,0.8949943288220789,0.9486832980505138,0.31622776601683794,1.0,0.86265516693115,0.9486832980505138,0.31622776601683794,1.0,0.6268571428571429,0.8,-0.8,1.0,0.8681234222512171,0.9486832980505138,0.31622776601683794,1.0,0.9542857142857143,1.0,0.8,1.0,0.0054682553200670605,0.0,0.0,0.07999999999999548,0.32742857142857146,0.19999999999999996,-0.19999999999999996,1.8,0.11714285714285715,0.1657142857142857,7,Lauren Alaina,0.6257142857142857,7,Lauren Alaina,0.6114285714285714,,,,
29,1,15,bottom2_judgesave,rank,,0.9811246472939096,0.9812336357839894,0.9463342512584899,0.9982126884730385,0.8373617495059765,0.8432060972056548,0.6588688335308255,0.933625960407435,0.8515526817205221,0.8854236499157104,0.6558693703079336,0.9309701339648725,0.8693673783609497,0.8668457438164568,0.7577009036883363,0.9448044116066786,0.8374693877551022,0.8392857142857143,0.7113392857142857,0.9652678571428571,0.03200562885497301,0.03471499465227357,-0.0733984382980647,0.14116914398609903,-0.014083293965420077,-0.012983016352077548,-0.1769870535426167,0.16117491035198256,0.13428571428571429,0.09142857142857143,2,Carole Baskin,0.7828571428571428,2,Carole Baskin,0.7371428571428571,,,,
29,2,15,bottom2_judgesave,rank,,0.9817191992919314,0.983020946595982,0.940475565676502,0.9991067439039163,0.8385401920535308,0.844162220991922,0.6952123782796702,0.9506788977995678,0.8353397225723675,0.847102986755257,0.6854968219785308,0.934032769238875,0.8536657474630945,0.8579091897564934,0.7225424470793291,0.9707624410540812,0.839265306122449,0.8571428571428571,0.6541964285714286,0.9857142857142858,0.015125555409563798,0.014482506925225791,-0.056001698319598,0.08087695837431741,0.003925583550081621,0.00882661485470898,-0.17865137188673022,0.17994619165995643,0.1457142857142857,0.08285714285714285,3,Charles Oakley,0.5485714285714286,3,Charles Oakley,0.6171428571428571,3.0,Charles Oakley,0.5485714285714286,0.6171428571428571
29,3,14,bottom2_judgesave,rank,,0.9626252564787918,0.9702368398645363,0.9084823800274651,0.9911918317671458,0.809274257108259,0.8111191222037311,0.6535679597672304,0.9508525222770945,0.8195848220093357,0.8283748345779278,0.6256001925843201,0.928045603444256,0.7965330177944354,0.8074812366988234,0.6233495297557827,0.949217464107833,0.7592715855572997,0.7714285714285715,0.48010989010989014,0.966043956043956,-0.01274123931382344,-0.014716744889228639,-0.07775401603046264,0.08060336134830148,-0.06031323645203563,-0.041339298663674806,-0.32727421647185573,0.16948359769196067,0.14857142857142858,0.13714285714285715,2,Carole Baskin,0.82,2,Carole Baskin,0.9685714285714285,2.0,Carole Baskin,0.82,0.9685714285714285
29,4,13,bottom2_judgesave,rank,,0.9706701331780615,0.9725274725274725,0.9173588528432078,1.0,0.8381014106064739,0.8594036069712974,0.6586581243252191,0.9363641795679055,0.763977974870242,0.7956223243567786,0.4969049173780603,0.9191304830114411,0.8126321367394888,0.8225592375816906,0.47881750936820483,0.9605035153481848,0.857645211930926,0.8626373626373627,0.5384615384615384,0.989010989010989,-0.02546927386698489,-0.021647229704451987,-0.1830044749428559,0.0870606001293849,0.09366723706068433,0.07300966382372143,-0.0614822241636056,0.3352591974949828,0.16285714285714287,0.09142857142857143,1,Anne Heche,0.44857142857142857,1,Anne Heche,0.3914285714285714,1.0,Anne Heche,0.44857142857142857,0.3914285714285714
29,5,12,bottom2_judgesave,rank,,0.9735437838099799,0.972027972027972,0.9365514090593448,1.0,0.8238767572212075,0.8151978739168072,0.6464160526999776,0.9498510941619941,0.7984364074275994,0.8042800452482786,0.6358725380362239,0.9389332654934655,0.837974756184543,0.8321678321678322,0.7265869624530393,0.9459790209790209,0.8349450549450549,0.8426573426573427,0.6923076923076923,0.986013986013986,0.014097998963335552,0.01792792264083054,-0.05421142897850985,0.1185009366465517,0.03650864751745558,0.04690439706081384,-0.14836511516901507,0.23910279738946388,0.04,0.23142857142857143,4,Chrishell Stause,0.5628571428571428,4,Chrishell Stause,0.6,6.0,Jesse Metcalfe,0.37714285714285717,0.38
29,6,11,bottom2_judgesave,rank,,0.9655340213563175,0.9703897613415771,0.9064679172673197,0.990909090909091,0.7932905778302691,0.7834743779559359,0.6637325921476915,0.9495459181573234,0.787325127874801,0.774147302027889,0.6482317769992565,0.924662989816745,0.8211890765877423,0.8191147519112938,0.6545454545454545,0.9563969376527081,0.794961038961039,0.8090909090909091,0.5181818181818182,0.9818181818181818,0.02789849875747312,0.029490686404487543,-0.11240027308862754,0.13470744022588232,0.0076359110862380675,-0.00956627104297425,-0.25596548384607076,0.2314609032846855,0.19142857142857142,0.06285714285714286,13,Skai Jackson,0.5114285714285715,13,Skai Jackson,0.6628571428571428,14.0,Veron Davis,0.2342857142857143,0.18857142857142858
29,8,8,bottom2_judgesave,rank,,0.8871186174564539,0.9047619047619048,0.5628843430992317,1.0,0.7828814153317322,0.8242575622613653,0.44447831849231534,0.9518763181059627,0.6093729731209276,0.6626987024788349,0.12049067317796996,0.9157291161525718,0.7559034301553782,0.7857142857142857,0.21557272714438663,0.9761904761904762,0.8357142857142857,0.8571428571428571,0.4392857142857143,1.0,-0.026977985176354028,-0.023302288757033607,-0.4753490529864636,0.36063924169022454,0.22634131259335813,0.2308799674434835,-0.12886038713400538,0.7366521839648872,0.3742857142857143,0.31142857142857144,11,Nelly,0.48,11,Nelly,0.62,4.0,Chrishell Stause,0.14,0.19428571428571428
29,9,7,bottom2_judgesave,rank,,0.9329364984855613,0.9549937104572925,0.75,1.0,0.7570790023494414,0.7706746355884524,0.4220361099651049,0.9725179925282852,0.6886333136161531,0.727392967453308,0.29095718698132317,0.9324268601542087,0.7487846400099625,0.75,0.40768712416360564,0.9642857142857143,0.753673469387755,0.8214285714285714,0.07142857142857142,1.0,-0.00829436233947899,-0.017039429117871707,-0.1578483937500203,0.24102049728279895,0.06504015577160202,0.09141415334174485,-0.7287036927700673,0.5387527107714837,0.09714285714285714,0.38285714285714284,0,AJ McLean,0.5742857142857143,0,AJ McLean,0.5428571428571428,0.0,AJ McLean,0.5742857142857143,0.5428571428571428
29,10,6,bottom2_judgesave,rank,,0.8056000411039778,0.8533103351879245,0.4058397249567139,1.0,0.7431219720070865,0.7944613465542745,0.2727272727272727,0.9710083124552245,0.37402735775872675,0.44136741475237473,-0.1765469659009499,0.8827348295047495,0.7285717302843249,0.7714285714285715,0.11595420713048969,0.9428571428571428,0.9413877551020408,0.9428571428571428,0.7714285714285715,1.0,-0.01455024172276164,0.005619513977609403,-0.600543513701349,0.40403609655970185,0.567360397343314,0.5586325852476253,0.05156139125529846,1.0,0.2342857142857143,0.2742857142857143,7,Johnny Weir,0.34285714285714286,7,Johnny Weir,0.35714285714285715,7.0,Johnny Weir,0.34285714285714286,0.35714285714285715
29,11,4,bottom2_judgesave,rank,,0.9237903505294024,0.9486832980505138,0.6324555320336759,1.0,0.6377489001782608,0.7745966692414834,0.0,0.7745966692414834,0.41754449027683777,0.2581988897471611,-0.2581988897471611,0.7745966692414834,0.7836087514207241,0.8,0.6324555320336759,1.0,0.8897142857142857,0.9,0.69,1.0,0.14585985124246326,0.08812447808185853,0.02540333075851664,0.6324555320336759,0.47216979543744797,0.541801110252839,0.02540333075851664,1.258198889747161,0.1457142857142857,0.011428571428571429,11,Nelly,0.5714285714285714,11,Nelly,0.4657142857142857,,,,
30,1,15,bottom2_judgesave,rank,,0.9588921822184632,0.9606799149987393,0.8717910240403165,0.9957786457958071,0.7826209432048739,0.8112573869763774,0.6514556448630299,0.9056499988321846,0.7447513168750941,0.7678939631736312,0.44935347915595786,0.9235054162991105,0.8091718187087216,0.825,0.6873002476258171,0.9237761042927507,0.8079897959183674,0.85,0.5699107142857143,0.975,0.026550875503847604,0.03444026333967376,-0.07918628119063503,0.08875994545384533,0.06323847904327322,0.08475296569584007,-0.26537723671468505,0.4361165720194997,0.09714285714285714,0.3457142857142857,8,Martin Kove,0.9028571428571428,8,Martin Kove,1.0,,,,
30,2,15,bottom2_judgesave,rank,,0.9736817000853937,0.983020946595982,0.9094261842260671,0.9955321222799309,0.8372939404083265,0.8553359373606346,0.6326193196251021,0.9370065019498806,0.8404842379712475,0.8633316946034312,0.6363474032306125,0.9510138198365918,0.8446081744580358,0.8571428571428571,0.6979551589320647,0.9337407869370523,0.815234693877551,0.8535714285714285,0.5408928571428571,0.9652678571428571,0.007314234049709259,-0.0025408031106111117,-0.06020309641596677,0.1492106104789046,-0.025249544093696567,-0.022350519911636058,-0.28719129323810666,0.2498996945923334,0.12,0.13142857142857142,8,Martin Kove,0.88,8,Martin Kove,1.0,8.0,Martin Kove,0.88,1.0
30,3,14,bottom2_judgesave,rank,,0.9716803045799962,0.9779759406769171,0.9014856940229575,0.9989004944448661,0.7886852743264566,0.8031746977399096,0.6102828298068255,0.9265607926994137,0.7645638301967974,0.7876006731299944,0.5070457440856658,0.9455657798877052,0.8170751262454417,0.8079266208589033,0.6997068592535143,0.9419147613917336,0.8150706436420722,0.810989010989011,0.4901098901098901,0.9736263736263736,0.028389851918985045,0.010104400673847214,-0.07923357834214508,0.17095601541998695,0.05050681344527476,0.027513357647049874,-0.34198799619129044,0.3225064626371422,0.1457142857142857,0.06571428571428571,1,Brian Austin Green,0.5142857142857142,1,Brian Austin Green,0.5285714285714286,2.0,Christine Chiu,0.002857142857142857,0.002857142857142857
30,4,13,bottom2_judgesave,rank,,0.9639687437985132,0.9752103120315183,0.8904139022702303,0.9931233604247167,0.8174102915697795,0.8314948852922361,0.6873482964313612,0.928588105542368,0.7762194533086313,0.7834549832342759,0.40448622153776653,0.8940766199515097,0.8221107673811178,0.8500695799757271,0.6721788591403686,0.9340732802875698,0.8259183673469387,0.8406593406593407,0.6123626373626374,0.989010989010989,0.004700475811338099,0.0007157866073123076,-0.08300858520249887,0.09837897395412543,0.04969891403830748,0.021387547671587348,-0.18738087799980097,0.49903650988270853,0.08857142857142856,0.4542857142857143,1,Brian Austin Green,0.78,1,Brian Austin Green,0.7714285714285715,1.0,Brian Austin Green,0.78,0.7714285714285715
30,5,11,bottom2_judgesave,rank,,0.958575507434254,0.968046621751713,0.8870108116063933,0.9983503960422953,0.7862368379004433,0.7933598341261997,0.6083522593776318,0.9367381174020188,0.7374286485740326,0.7216706924882901,0.4583325788717021,0.912841736856049,0.8129894389202329,0.8257228238447705,0.7,0.9388636363636361,0.8272467532467531,0.8590909090909091,0.5454545454545454,0.9661363636363635,0.026752601019789466,0.024569118547626778,-0.052519393978997776,0.1359872533050016,0.08981810467272078,0.07412051936440023,-0.29185405990935775,0.40167906638943474,0.07714285714285714,0.26857142857142857,4,Iman Shumpert,0.7428571428571429,4,Iman Shumpert,0.7571428571428571,10.0,Melanie C,0.0,0.002857142857142857
30,6,10,bottom2_judgesave,rank,,0.9689545060503628,0.9757575757575757,0.9199756746392361,1.0,0.8926511322225255,0.9069897692335279,0.7962711583585494,0.978557999086287,0.8299870594781773,0.8361096827635996,0.6283209430842014,0.9352041636837299,0.8697491862885133,0.857146816588891,0.793939393939394,0.9665698144513026,0.903965367965368,0.9030303030303031,0.793939393939394,1.0,-0.022901945934012274,-0.013880742522106804,-0.11737857873234248,0.07307018865717274,0.07397830848719067,0.06692062026670342,-0.07419970608696314,0.28505434622820275,0.14857142857142858,0.07428571428571429,7,Kenya Moore,0.76,7,Kenya Moore,0.7714285714285715,7.0,Kenya Moore,0.76,0.7714285714285715
30,7,9,bottom2_judgesave,rank,,0.9624074884562072,0.9916316520429012,0.8463775374078238,1.0,0.8324438617620882,0.8377292410617665,0.6484446623054767,0.9659531044895878,0.7777809313466861,0.8427439654511611,0.4852162225324867,0.9789450103725609,0.8099568101660871,0.8166666666666667,0.6134670389756931,0.9562845213556023,0.8308095238095239,0.8333333333333334,0.6166666666666667,1.0,-0.02248705159600126,-0.028288012605106994,-0.18536382918089755,0.1007507744038561,0.05302859246283747,0.015410135907918066,-0.21012756001484445,0.44200823214383445,0.16857142857142857,0.2,12,"Mike ""The Miz"" Mizanin",0.8857142857142857,12,"Mike ""The Miz"" Mizanin",0.7771428571428571,12.0,"Mike ""The Miz"" Mizanin",0.8857142857142857,0.7771428571428571
30,8,8,bottom2_judgesave,rank,,0.9374570882529351,0.9452300860699548,0.8295150620062532,0.994029797388005,0.8373676941321456,0.8713132312710234,0.6384269680365223,0.9449453353220958,0.7927793949745476,0.8051175601825399,0.38365071617789215,0.9271050693011066,0.8303914316252331,0.8503146459584139,0.6099375455928333,0.9518763181059627,0.8108163265306124,0.8571428571428571,0.5476190476190477,0.9761904761904762,-0.006976262506912789,0.005117560182539838,-0.2900624544071667,0.10172158810584442,0.01803693155606449,0.00264231529870107,-0.3306910180346322,0.454098815901622,0.5114285714285715,0.12571428571428572,5,Jimmie Allen,0.44,5,Jimmie Allen,0.8514285714285714,5.0,Jimmie Allen,0.44,0.8514285714285714
30,9,6,bottom2_judgesave,rank,,0.9042751663529599,0.9276336570439175,0.753702346348183,1.0,0.8026934362336003,0.8406680016960503,0.5882352941176471,0.9705882352941176,0.6360916505444006,0.6957252427829381,0.20291986247835694,0.9276336570439175,0.789204490276599,0.8116794499134278,0.4058397249567139,0.9428571428571428,0.8653061224489796,0.9428571428571428,0.4857142857142857,1.0,-0.013488945957001331,-0.010428080279846208,-0.35886615739622724,0.16462062638401598,0.229214471904579,0.22064608755874549,-0.06673669100031576,0.6530550496731573,0.29428571428571426,0.32857142857142857,11,Melora Hardin,0.6314285714285715,11,Melora Hardin,0.5914285714285714,11.0,Melora Hardin,0.6314285714285715,0.5914285714285714
30,10,4,bottom2_judgesave,rank,,0.8396752465420605,0.8,0.31622776601683794,1.0,0.8328561634666497,0.8888888888888888,0.6324555320336759,0.9486832980505138,0.5911953378010028,0.7378647873726218,0.10540925533894598,0.9486832980505138,0.7439747878711317,0.8,0.31622776601683794,1.0,0.8542857142857143,1.0,0.2,1.0,-0.08888137559551774,0.05131670194948623,-0.5726611228720508,0.16754446796632416,0.2630903764847116,0.26213521262737816,-0.7486832980505138,0.894590744661054,0.18857142857142858,0.022857142857142857,0,Amanda Kloots,0.5571428571428572,3,Cody Rigsby,0.49714285714285716,,,,
31,1,16,bottom2_judgesave,rank,,0.9696634851431061,0.9742460327022058,0.9147182928205337,0.9943118930734415,0.8232276744113244,0.8376688017117221,0.636975435097801,0.9125966088744143,0.8763480912466503,0.8808485612064275,0.7734442534492405,0.9311827647039377,0.8099587592111779,0.8257839859544858,0.6524307517456208,0.9208696588204079,0.7222773109243698,0.7352941176470589,0.47352941176470587,0.9390441176470588,-0.013268915200146714,-0.005715151865225199,-0.1377948611965878,0.11524022704096626,-0.15407078032228042,-0.1632604794706941,-0.37623037669325954,0.11124714197539871,0.2914285714285714,0.24,5,Jason Lewis,0.4714285714285714,5,Jason Lewis,0.29428571428571426,5.0,Jason Lewis,0.4714285714285714,0.29428571428571426
31,2,15,bottom2_judgesave,rank,,0.9673868769378399,0.9713557090772331,0.9052324215870645,0.993099048035498,0.8078562769613411,0.8101171066953684,0.6339826233513259,0.9468177793352756,0.7844876154452274,0.8101075894322893,0.5798120041475658,0.9142064146743385,0.8167553498264969,0.8144474662767853,0.6753633140076625,0.9448044116066786,0.8085918367346939,0.8035714285714286,0.5811607142857144,0.9759821428571428,0.008899072865155986,0.00844806076370691,-0.10783592387040869,0.15366260517573993,0.024104221289466307,0.04614925479387333,-0.17349276599939611,0.30133781653671343,0.20857142857142857,0.12285714285714286,1,Cheryl Ladd,0.6057142857142858,1,Cheryl Ladd,0.56,12.0,Teresa Giudice,0.24285714285714285,0.3314285714285714
31,3,14,bottom2_judgesave,rank,,0.9668168680423417,0.9724978382040326,0.9169449756139562,0.9966978445881146,0.8040949459712025,0.8172802578476673,0.6268479427593611,0.9290488469820426,0.8036176319542648,0.8154820592821089,0.5585168114690271,0.9149310909018784,0.7997052039747187,0.8087912087912088,0.6188873262125938,0.9375430870718434,0.7708383045525903,0.8065934065934066,0.4945054945054945,0.9704395604395604,-0.0043897419964837505,-0.008451795188373301,-0.10981517802408813,0.19687770025276663,-0.03277932740167447,-0.004882689337485924,-0.3193037079390006,0.20656521824659616,0.10857142857142857,0.26,1,Cheryl Ladd,0.4714285714285714,1,Cheryl Ladd,0.4657142857142857,1.0,Cheryl Ladd,0.4714285714285714,0.4657142857142857
31,4,13,bottom2_judgesave,rank,,0.9666124489255629,0.9738661207488912,0.8820013996140391,0.995259948382974,0.8109179513385467,0.8275779087181986,0.5432094353424226,0.9333909518371591,0.7859532790367588,0.8083832350732539,0.5096147920075205,0.8980415474855882,0.8154064266942525,0.827490300745712,0.6399613385037871,0.935576923076923,0.8124175824175824,0.8241758241758241,0.5879120879120879,0.967032967032967,0.00448847535570577,0.007756347944827047,-0.1252261495930903,0.12162593240313395,0.026464303380823465,0.004864971141893992,-0.18713575602412458,0.30084858807527365,0.10285714285714286,0.21714285714285714,9,Sam Champion,0.5942857142857143,9,Sam Champion,0.6285714285714286,9.0,Sam Champion,0.5942857142857143,0.6285714285714286
31,6,10,bottom2_judgesave,rank,,0.9358178152128734,0.9542901500102736,0.7477238187264794,0.9977996914355967,0.7377557820665616,0.7928449433608442,0.45032697864428467,0.9249857672543182,0.6571037265207805,0.6963388826091029,0.269752900470193,0.8782652573448145,0.7864926161805036,0.8024353176576852,0.41385460732923557,0.9240164263936981,0.8137835497835497,0.8727272727272728,0.34545454545454546,0.9757575757575757,0.04873683411394201,0.038380943235971354,-0.08526965921226293,0.28731032144900764,0.1566798232627693,0.14310731892914286,-0.3409988102264435,0.6453986146813222,0.2542857142857143,0.27714285714285714,14,Vinny Guadagnino,0.4114285714285714,14,Vinny Guadagnino,0.6142857142857143,6.0,Jessie James Decker,0.32,0.16857142857142857
31,7,9,bottom2_judgesave,rank,,0.9213189464468243,0.9288784237188525,0.8117225864930513,0.9874208829065749,0.8019247890917537,0.8235584906796976,0.5878920576964681,0.9484089726889865,0.630994668660713,0.6975036196572948,0.24979873607606132,0.8991914132931391,0.7782016741924668,0.7679940200384472,0.563045090566732,0.935499335166,0.8755714285714286,0.8833333333333333,0.6333333333333333,0.9833333333333333,-0.02372311489928733,-0.039816034587111526,-0.16850177163972369,0.1288783938903828,0.24457675991071573,0.1905941405887333,-0.04876946488417799,0.638783352538766,0.36,0.36857142857142855,14,Vinny Guadagnino,0.32857142857142857,14,Vinny Guadagnino,0.29428571428571426,7.0,Jordin Sparks,0.32571428571428573,0.20857142857142857
31,8,8,bottom2_judgesave,rank,,0.920920749558215,0.9285714285714286,0.8263621207201487,1.0,0.7851372813128147,0.8000146927830898,0.5185580382410345,0.9326439581705211,0.7796779331813327,0.7952384429746018,0.4906982665172827,0.9518763181059627,0.7938375428616967,0.8358358583363074,0.47619047619047616,0.9523809523809523,0.7436054421768707,0.7857142857142857,0.2619047619047619,0.9523809523809523,0.008700261548882116,0.013935648957910884,-0.233144438981545,0.19588720879437327,-0.036072491004461804,-0.015692996332249687,-0.4504332639756119,0.38636339927056373,0.46285714285714286,0.24,4,Heidi D'Amelio,0.5828571428571429,14,Vinny Guadagnino,0.7685714285714286,4.0,Heidi D'Amelio,0.5828571428571429,0.21142857142857144
31,9,6,bottom2_judgesave,rank,,0.9337148388868445,0.9428571428571428,0.8116794499134278,1.0,0.826933209297923,0.8533103351879245,0.5296408977028497,0.9710083124552245,0.7235062802588451,0.7356123579206245,0.26482044885142486,0.9710083124552245,0.8289162845050136,0.8406680016960503,0.4908553292922499,1.0,0.8726530612244898,0.9428571428571428,0.4857142857142857,1.0,0.001983075207090353,0.028991687544775546,-0.16646705348269383,0.19836331339533453,0.14914678096564465,0.09295907065080411,-0.2498980722063388,0.5326203539123859,0.19714285714285715,0.12857142857142856,13,Trevor Donovan,0.6942857142857143,13,Trevor Donovan,0.6914285714285714,2.0,Daniel Durant,0.22285714285714286,0.10857142857142857
31,10,4,bottom2_judgesave,rank,,0.8843016063382863,1.0,0.6324555320336759,1.0,0.7728919560384472,0.8944271909999159,0.0,0.8944271909999159,0.5392118208599493,0.8944271909999159,-0.4472135954999579,0.8944271909999159,0.8177555535773254,0.8,0.4472135954999579,1.0,0.9348571428571428,1.0,0.6,1.0,0.04486359753887852,0.10557280900008414,-0.09442719099991581,0.4472135954999579,0.39564532199719354,0.10557280900008414,-0.09442719099991581,1.247213595499958,0.19714285714285715,0.11714285714285715,15,Wayne Brady,0.5171428571428571,15,Wayne Brady,0.4,,,,
32,1,14,bottom2_judgesave,rank,,0.940228408673823,0.9526958460234075,0.853685885120282,0.9945000517380604,0.8257717174786019,0.8204172640180144,0.7361581936594075,0.9445885255991192,0.9294757998737029,0.9424424922805035,0.8328046465275425,0.9723437229404019,0.8067622481393589,0.8338838929396569,0.6389000099558769,0.9393506686801235,0.6399372056514914,0.6681318681318681,0.3054945054945055,0.9472527472527472,-0.01900946933924277,-0.0134474008949802,-0.12590246560665774,0.11268206106559997,-0.28953859422221173,-0.2754351809130441,-0.65577468757186,0.06566436737828082,0.08571428571428572,0.19714285714285715,12,Tyson Beckford,0.44,12,Tyson Beckford,0.46,9.0,Matt Walsh,0.40285714285714286,0.45714285714285713
32,2,13,bottom2_judgesave,rank,,0.9501965433077778,0.9656130180306802,0.822076003534557,1.0,0.8310090803073708,0.8456393627755939,0.686134935654449,0.9570492674868322,0.9081624775749582,0.9237605973133771,0.7875544551869903,0.9709195467257717,0.8302418596248026,0.8363144087787089,0.6424712013916957,0.9615384615384616,0.7088540031397174,0.7637362637362637,0.2662087912087912,0.9395604395604396,-0.000767220682568127,-0.0010053114428760779,-0.09217509625810097,0.1272854794065299,-0.19930847443524077,-0.14647569154459594,-0.6716994909283043,0.07578145187298978,0.3142857142857143,0.06285714285714286,10,Mauricio Umansky,0.5571428571428572,10,Mauricio Umansky,0.8714285714285714,6.0,Jamie Lynn Spears,0.02857142857142857,0.0
32,3,12,bottom2_judgesave,rank,,0.9558368900598716,0.972027972027972,0.8075800644048758,0.9982502173821434,0.8075482978191548,0.8324558552989287,0.5861561144495928,0.9480611644793575,0.8593742343785837,0.8822618233999671,0.748692304319494,0.9455315955959807,0.8187164986102423,0.8450913782447983,0.5563518240111589,0.9597212616235343,0.7280119880119881,0.8181818181818182,0.18181818181818182,0.972027972027972,0.011168200791087587,0.0160904723144083,-0.09851645834265921,0.21505965725896226,-0.13136224636659574,-0.06408000521814883,-0.7355935150240149,0.19531003657806356,0.42857142857142855,0.27714285714285714,0,Adrian Peterson,0.5057142857142857,12,Tyson Beckford,0.8228571428571428,12.0,Tyson Beckford,0.4228571428571429,0.8228571428571428
32,4,11,bottom2_judgesave,rank,,0.9556120534619608,0.9727272727272728,0.8648483359908302,1.0,0.8091473942011461,0.8333690580813116,0.5645667930987175,0.9586169590022184,0.8489817282240253,0.8572247806462145,0.6406142177947518,0.9586169590022184,0.7913405289037756,0.8259381166946393,0.49658443186024365,0.9545454545454546,0.7204935064935064,0.8363636363636363,0.2727272727272727,0.9727272727272728,-0.01780686529737044,-0.011651410896848263,-0.16966516525533093,0.11406420717520094,-0.1284882217305187,-0.04043514082040023,-0.6542301135853028,0.20618861647437214,0.15142857142857144,0.12857142857142856,3,Barry Williams,0.6428571428571429,3,Barry Williams,0.5857142857142857,0.0,Adrian Peterson,0.022857142857142857,0.014285714285714285
32,5,10,bottom2_judgesave,rank,,0.9634425076961528,0.9756927345340712,0.8883114264515166,1.0,0.7996141913767796,0.8211608341951602,0.5708724172741294,0.9535451365457986,0.8378471317261909,0.8312153328441995,0.7054352013458886,0.9347251667455526,0.8205693579994774,0.8437064740697661,0.6352246218561348,0.9539834435774727,0.7571948051948052,0.7818181818181819,0.47878787878787876,0.9878787878787879,0.02095516662269806,0.0029165396368977525,-0.11141301725035745,0.22306697666526454,-0.08065232653138571,-0.07932884337552759,-0.3285837828596909,0.20284953689027893,0.26285714285714284,0.037142857142857144,5,Harry Jowsey,0.48857142857142855,5,Harry Jowsey,0.6857142857142857,11.0,Mira Sorvino,0.21142857142857144,0.22857142857142856
32,6,9,bottom2_judgesave,rank,,0.925640834170668,0.9494511333856174,0.772315083521806,1.0,0.7934055137739863,0.8200908605806085,0.40221101465003467,0.9662404926596548,0.861857142857143,0.9,0.6333333333333333,0.9833333333333333,0.7676843014525387,0.8009665689272298,0.38472357923046796,0.9539832459815243,0.6328095238095238,0.7,-0.1,0.9833333333333333,-0.02572121232144754,-0.016736548175114496,-0.15062893357603013,0.08512565307587486,-0.22904761904761903,-0.20000000000000007,-0.8183333333333334,0.21666666666666667,0.28,0.10571428571428572,5,Harry Jowsey,0.38571428571428573,5,Harry Jowsey,0.4114285714285714,10.0,Mauricio Umansky,0.014285714285714285,0.12857142857142856
32,7,8,bottom2_judgesave,rank,,0.9066992882977161,0.9523809523809523,0.6913297596894288,1.0,0.7448756327732037,0.7831893756568048,0.36585365853658536,0.9277781834703688,0.5721929939688684,0.6265515005254438,-0.2509218268931225,0.9277781834703688,0.7590492151601662,0.7619047619047619,0.37352108685170693,0.9761904761904762,0.8537414965986396,0.9047619047619048,0.40476190476190477,1.0,0.014173582386962582,0.02822296822027831,-0.1998313871682353,0.2734158529366732,0.2815485026297712,0.2291483024870623,-0.330231201623712,1.0266956320702256,0.13142857142857142,0.24857142857142858,3,Barry Williams,0.5428571428571428,3,Barry Williams,0.5171428571428571,8.0,Lele Pons,0.0,0.002857142857142857
32,8,7,bottom2_judgesave,rank,,0.9475019154597358,0.9549937104572925,0.8542839772846668,0.9910312089651149,0.8016582808989361,0.8108437164260031,0.4273393891043611,0.9549937104572925,0.8033673469387755,0.8214285714285714,0.32142857142857145,0.9383928571428564,0.8092440677178112,0.8468812149338254,0.504524979109513,0.9549937104572925,0.7439795918367348,0.8214285714285714,0.21428571428571427,0.9642857142857143,0.007585786818875017,0.0,-0.2522624895547565,0.2412349527936518,-0.05938775510204079,0.0,-0.7142857142857143,0.42857142857142855,0.32857142857142857,0.2742857142857143,5,Harry Jowsey,0.3742857142857143,5,Harry Jowsey,0.6942857142857143,3.0,Barry Williams,0.2542857142857143,0.12285714285714286
32,9,6,bottom2_judgesave,rank,,0.8995893917709982,0.9561828874675149,0.6296221804169195,0.9856107606091623,0.7800287878956352,0.7944613465542745,0.5428106321296048,0.975023985697557,0.8584489795918369,0.8857142857142857,0.6571428571428571,1.0,0.78870221295683,0.8116794499134278,0.3622261958596119,0.975023985697557,0.6,0.7142857142857143,-0.08571428571428572,1.0,0.00867342506119452,0.0,-0.35309393180189974,0.17654696590094987,-0.2584489795918367,-0.11428571428571421,-1.0857142857142856,0.1714285714285714,0.38571428571428573,0.4514285714285714,1,Alyson Hannigan,0.3514285714285714,5,Harry Jowsey,0.68,5.0,Harry Jowsey,0.32857142857142857,0.68
32,10,5,bottom2_judgesave,rank,,0.8870406446539512,0.9,0.6668859288553503,1.0,0.8184654048847538,0.8944271909999159,0.4472135954999579,0.9746794344808964,0.702857142857143,0.7,0.1,1.0,0.8393493755163235,0.8944271909999159,0.4472135954999579,0.9746794344808964,0.8277142857142858,1.0,0.1,1.0,0.020883970631569767,0.0,-0.13081223989085725,0.3077935056255463,0.12485714285714286,0.20000000000000007,-0.9,0.9,0.3057142857142857,0.07714285714285714,1,Alyson Hannigan,0.76,1,Alyson Hannigan,0.7342857142857143,,,,
32,11,5,bottom2_judgesave,rank,,0.8796363577649673,0.9,0.6155870112510925,1.0,0.7946284244450174,0.8651809126974003,0.21629522817435007,0.9486832980505138,0.648417504985002,0.7378647873726218,-0.3689323936863109,0.9486832980505138,0.8256763813732131,0.8207826816681233,0.20519567041703082,1.0,0.8697142857142858,0.9,0.4,1.0,0.03104795692819568,0.05131670194948623,-0.2273947859316693,0.2891814893221081,0.22129678072928377,0.26213521262737816,-0.5486832980505137,1.368932393686311,0.2342857142857143,0.18857142857142858,1,Alyson Hannigan,0.6771428571428572,1,Alyson Hannigan,0.72,,,,
33,1,13,bottom2_judgesave,rank,,0.9788304002636778,0.9848702577065058,0.9390713030964732,0.9958705948858224,0.8557678169623308,0.8765814112380168,0.659960486181747,0.9529414930115467,0.8439547458456913,0.8670659514901573,0.6252986003198587,0.9695625655640737,0.851679445515216,0.8762044052500617,0.6860210343493294,0.9626589645738216,0.8436891679748824,0.8571428571428571,0.6318681318681318,0.978021978021978,-0.004088371447114739,-0.007828530794254052,-0.0900652091307902,0.10388349487665172,-0.00026557787080899384,-0.01795851848554275,-0.13574649644488468,0.21396704656113508,0.1657142857142857,0.12,5,Eric Roberts,0.6771428571428572,5,Eric Roberts,0.6742857142857143,,,,
33,2,13,bottom2_judgesave,rank,,0.9608344336696844,0.9697395693897857,0.8910421112136306,0.9931233604247167,0.8555488787862093,0.8815199371390006,0.6225949266235692,0.9529795013958484,0.8497362190427757,0.8691650832198794,0.5948348538286049,0.9861680751917862,0.8579075599108628,0.866575785412149,0.6574685979306976,0.9656130180306802,0.8279277864992151,0.8489010989010989,0.553434065934066,0.978021978021978,0.0023586811246534937,0.006168158204773899,-0.12034387472334351,0.12039449522024614,-0.02180843254356058,-0.028120414801659832,-0.2343336351828331,0.2750290012574373,0.14285714285714285,0.12857142857142856,5,Eric Roberts,0.5571428571428572,5,Eric Roberts,0.6085714285714285,0.0,Anna Delvey,0.12,0.12285714285714286
33,3,11,bottom2_judgesave,rank,,0.9521200182681033,0.9636363636363636,0.855411135000207,0.9977246841962694,0.8358781078192737,0.8630226958069517,0.6296751787771429,0.9678899082568807,0.8537075302014162,0.8767214687562683,0.6367646292607376,0.968046621751713,0.8243521689981146,0.8323870196633307,0.6096088327626457,0.957195981866814,0.7637142857142858,0.7636363636363637,0.4727272727272727,0.9727272727272728,-0.011525938821159154,-0.021675959714028803,-0.10572168568383046,0.12495340466152702,-0.08999324448713059,-0.049573560109447246,-0.34077389447898565,0.23351569138254527,0.16,0.09714285714285714,5,Eric Roberts,0.48,10,Reginald VelJohnson,0.45714285714285713,5.0,Eric Roberts,0.48,0.4257142857142857
33,4,9,bottom2_judgesave,rank,,0.9507710405677293,0.9539832459815243,0.8451956828432803,1.0,0.8127741482562287,0.829184989234173,0.5986274117717145,0.9082951062292475,0.732691385691593,0.7706746355884524,0.27524094128159016,0.9082951062292475,0.8593456485341413,0.8833333333333333,0.655485329316494,0.9833333333333333,0.8883809523809523,0.9,0.7333333333333333,1.0,0.04657150027791241,0.05256232123224491,-0.0960757888597592,0.17317880969091864,0.1556895666893594,0.15180127028338852,-0.12496177289591415,0.607627537128758,0.3914285714285714,0.06,4,Dwight Howard ,0.6485714285714286,4,Dwight Howard ,0.6428571428571429,1.0,Brooks Nader,0.20857142857142857,0.022857142857142857
33,5,8,bottom2_judgesave,rank,,0.9369509531118375,0.9581010095306072,0.7553571428571428,1.0,0.8445152159381316,0.8400825588825814,0.6287236275200259,0.9636241116594316,0.7082813708629362,0.7906659377718414,0.19766648444296034,0.9636241116594316,0.841991927425329,0.8571428571428571,0.5988131309566295,0.9761904761904762,0.9199319727891156,0.9285714285714286,0.7857142857142857,1.0,-0.0025232885128025056,0.017060298260275664,-0.1717448837318285,0.1253918015176413,0.21165060192617952,0.1635125881008035,0.012566364531044538,0.7129015403012399,0.09428571428571429,0.15428571428571428,9,Phaedra Parks,0.5971428571428572,9,Phaedra Parks,0.5571428571428572,9.0,Phaedra Parks,0.5971428571428572,0.5571428571428572
33,6,7,bottom2_judgesave,rank,,0.9474004530891836,0.9642857142857143,0.7748062179181807,1.0,0.829034365885243,0.8705196492275474,0.47724501383932905,0.9728456051340169,0.7717209207302997,0.8260009854911464,0.385467126562535,0.9728456051340169,0.830079538212785,0.8928571428571429,0.504524979109513,0.9642857142857143,0.8336734693877551,0.8928571428571429,0.42857142857142855,1.0,0.0010451723275421974,-0.006686642367037421,-0.18853488423036435,0.21865243257519884,0.061952548657455496,-0.00257867566971115,-0.3974295569197179,0.5788185877231793,0.13428571428571429,0.14,6,Ilona Maher,0.7571428571428571,6,Ilona Maher,0.8428571428571429,7.0,Jenn Tran,0.025714285714285714,0.025714285714285714
33,7,6,bottom2_judgesave,rank,,0.9309794864885842,0.9411239481143202,0.7356123579206245,1.0,0.8536847966182137,0.9258200997725515,0.5768179036829705,0.9895678014416424,0.7848163265306122,0.8285714285714286,0.2571428571428571,1.0,0.8535186759299206,0.9276336570439175,0.5768179036829705,0.9895678014416424,0.8484897959183673,0.8857142857142857,0.47,1.0,-0.00016612068829300776,0.0,-0.18516401995451037,0.17393131069573453,0.06367346938775512,0.0,-0.22857142857142854,0.6857142857142857,0.3742857142857143,0.09714285714285714,3,Danny Amendola,0.5114285714285715,4,Dwight Howard ,0.6714285714285714,4.0,Dwight Howard ,0.46285714285714286,0.6714285714285714
33,8,5,bottom2_judgesave,rank,,0.9164694689437117,0.9746794344808964,0.6527787265141793,1.0,0.8279849043222548,0.872081599272381,0.5263157894736842,0.9746794344808964,0.6794908057523963,0.8207826816681233,-0.15389675281277312,0.9746794344808964,0.8175304894882688,0.9,0.15389675281277312,1.0,0.8925714285714287,0.9,0.5,1.0,-0.010454414833986347,0.027918400727618975,-0.47768219455564787,0.24050265190396003,0.2130806228190322,0.12791840072761895,-0.27208159927238107,1.1167050375496852,0.06857142857142857,0.22,3,Danny Amendola,0.64,3,Danny Amendola,0.6028571428571429,,,,
33,9,5,bottom2_judgesave,rank,,0.9177173826679244,0.9746794344808964,0.5642880936468347,1.0,0.8443997588433293,0.9473684210526315,0.3167708162062913,0.9746794344808964,0.6918025459774181,0.8207826816681233,-0.35909242322980395,0.9746794344808964,0.8504241984086777,0.9,0.41039134083406165,1.0,0.9348571428571429,0.9,0.7,1.0,0.006024439565348142,0.025320565519103555,-0.3207826816681233,0.33642631103550696,0.24305459687972464,0.12791840072761895,-0.07467943448089642,1.2865924232298018,0.21428571428571427,0.13428571428571429,3,Danny Amendola,0.9114285714285715,3,Danny Amendola,0.72,,,,
34,1,14,bottom2_judgesave,rank,,0.9623983080676144,0.9763357865363587,0.8976903121883378,0.9989004944448661,0.802860314686695,0.8265775633066598,0.6119246947118951,0.9363398955614737,0.868888862346693,0.8960190388148073,0.6966548026785127,0.9330918265457698,0.8267225649166003,0.8360832122810389,0.6475635470417695,0.9425861445225053,0.7303233908948195,0.7758241758241758,0.422967032967033,0.9604395604395605,0.023862250229905412,0.036818974503491586,-0.08554507861379029,0.1147462748073555,-0.13856547145187373,-0.07847886663162451,-0.3929504086020925,0.07102653842749979,0.10857142857142857,0.08,3,Corey Feldman,0.6285714285714286,3,Corey Feldman,0.5571428571428572,,,,
34,2,14,bottom2_judgesave,rank,,0.9661081793227949,0.9691653466167647,0.9042909762485462,0.9945000517380604,0.8243203410697542,0.8267863026486756,0.6799389463580436,0.9203918087875911,0.773997110259581,0.796622739146228,0.5108287056107168,0.9328812330877649,0.832168218183466,0.8624867705338932,0.6909559615740898,0.923840179845907,0.8411805337519623,0.8417582417582418,0.6842857142857143,0.966043956043956,0.007847877113711967,0.011739289877543913,-0.10467106605256793,0.09516756665562631,0.0671834234923814,0.04513550261201371,-0.17983138988019812,0.35290755812554697,0.09714285714285714,0.16857142857142857,3,Corey Feldman,0.8228571428571428,3,Corey Feldman,0.8685714285714285,2.0,Baron Davis,0.07142857142857142,0.06571428571428571
34,3,12,bottom2_judgesave,rank,,0.9579965880045591,0.9667265263069178,0.8861888111888112,0.993006993006993,0.808914699086548,0.8192313538116499,0.6153961463466953,0.9348785366388602,0.7675544224023807,0.8050455295032231,0.47167865825519234,0.8972533875079975,0.8086360565598267,0.8171475768979958,0.6421092158275911,0.9300699300699301,0.8151448551448551,0.8111888111888111,0.6414335664335664,0.972027972027972,-0.0002786425267210751,-0.011172677293758981,-0.15736886690027396,0.1481108287817655,0.04759043274247443,0.04110831665062309,-0.19775287788488538,0.38846120188466776,0.16857142857142857,0.1742857142857143,10,Lauren Jauregui,0.5485714285714286,10,Lauren Jauregui,0.4714285714285714,10.0,Lauren Jauregui,0.5485714285714286,0.4714285714285714
34,4,11,bottom2_judgesave,rank,,0.9446171388971132,0.9545454545454546,0.8334294761700237,0.9886130432447053,0.8074637005893915,0.8168834544774745,0.6014786770805466,0.9536534318604889,0.7526997544828156,0.7936765381570917,0.42236587703096695,0.9097111197590056,0.8215585903625593,0.8454545454545455,0.6076096581889864,0.9495177277479333,0.819142857142857,0.8090909090909091,0.6,0.990909090909091,0.014094889773167875,-0.003298976469229775,-0.14451670951076667,0.18346305831194848,0.06644310266004136,0.03378804655287959,-0.11822645653818264,0.4863413171854541,0.5657142857142857,0.1457142857142857,1,Andy Richter,0.27714285714285714,1,Andy Richter,0.7457142857142857,7.0,Hilaria Baldwin,0.002857142857142857,0.04
34,5,10,bottom2_judgesave,rank,,0.9402465633939222,0.9329441729782294,0.8657204481403986,1.0,0.7952231816946748,0.7975610216516695,0.5939121448053455,0.9476967938415949,0.8251985553851864,0.8501886852920228,0.5543046734143134,0.9358192003574065,0.8046846107550277,0.8181818181818182,0.5741667860058209,0.9393939393939394,0.7111688311688312,0.7515151515151515,0.3090909090909091,0.9757575757575757,0.009461429060353079,0.010265738443661243,-0.12925712901954545,0.12628203871586868,-0.1140297242163553,-0.047186311912323364,-0.5655636376483663,0.2193330546744904,0.5228571428571429,0.22857142857142856,8,Jen Affleck,0.4257142857142857,1,Andy Richter,0.6942857142857143,,,,
34,6,10,bottom2_judgesave,rank,,0.9510444342597371,0.9529634275464265,0.8685794057436402,0.9895403731974095,0.7979988860851943,0.8050500218366249,0.5556508399324771,0.9507803261066831,0.8163481022614321,0.8396501581201876,0.5320356792353469,0.969302020771099,0.8240132960754746,0.8545454545454545,0.5931408652017653,0.9515151515151515,0.767099567099567,0.7818181818181819,0.3939393939393939,0.9757575757575757,0.026014409990280315,0.0321062790090853,-0.1024185385967032,0.17037567357072525,-0.0492485351618649,-0.05426379778044971,-0.3571056083432402,0.3469262944543623,0.3657142857142857,0.11428571428571428,12,Scott Hoying,0.38285714285714284,12,Scott Hoying,0.6628571428571428,12.0,Scott Hoying,0.38285714285714284,0.6628571428571428
34,7,9,bottom2_judgesave,rank,,0.9298445674624962,0.9580170197702604,0.8365143616117592,1.0,0.7571561534360548,0.7605042016806722,0.46365546218487397,0.9394217814475986,0.824705366006033,0.8410115457995017,0.5248999921420273,0.9288784237188525,0.7038742493903284,0.7563292261344161,0.4369902195443293,0.945614971893967,0.5838095238095238,0.6666666666666666,0.15,0.9666666666666667,-0.05328190404572647,-0.028420568047337003,-0.2887546374772238,0.1255861505839346,-0.2408958421965091,-0.11193223101839467,-0.7788784237188525,0.20550313224119765,0.19714285714285715,0.36857142857142855,8,Jen Affleck,0.4228571428571429,8,Jen Affleck,0.4,8.0,Jen Affleck,0.4228571428571429,0.4
34,8,8,bottom2_judgesave,rank,,0.8764891735326694,0.8809523809523809,0.715282284927694,0.9761904761904762,0.778395952218363,0.8143858581010162,0.46707424214617105,0.9476874294626262,0.5092306865655178,0.526955555241834,-0.02395252523826518,0.8655843807978078,0.7570666502011681,0.7619047619047619,0.5649801890575799,0.9341484842923421,0.899591836734694,0.9285714285714286,0.7380952380952381,1.0,-0.021329302017194796,-0.041179688949875226,-0.18771462565463232,0.19959242452049558,0.3903611501691761,0.4016158733295946,0.006828211184443211,0.8908184974702904,0.1742857142857143,0.13428571428571429,1,Andy Richter,0.6657142857142857,1,Andy Richter,0.6514285714285715,4.0,Danielle Fishel,0.2857142857142857,0.1742857142857143
34,9,7,bottom2_judgesave,rank,,0.9162784990982222,0.9369749612033813,0.7559289460184545,1.0,0.6946924659577278,0.7479575920067657,0.09805806756909202,0.9340098239214946,0.6696658112235433,0.7412493166611012,0.20199043879015005,0.9265616458263765,0.7175645791294886,0.7207499701564472,0.2834733547569204,0.9575490115101083,0.6668367346938776,0.6428571428571429,-0.32142857142857145,1.0,0.02287211317176061,-0.02516705021154464,-0.17531972581356065,0.3029779699147147,-0.0028290765296658245,0.012795223695206914,-0.9514904905905075,0.6017501366677798,0.22,0.19714285714285715,1,Andy Richter,0.7114285714285714,1,Andy Richter,0.88,1.0,Andy Richter,0.7114285714285714,0.88
34,10,6,bottom2_judgesave,rank,,0.828888926018274,0.8857142857142857,0.5290929081551884,1.0,0.7443816702812436,0.7650368522374495,0.3582488604159193,0.9710083124552245,0.4068146514260459,0.44136741475237473,-0.20597146021777488,0.9710083124552245,0.7733169923906926,0.8406680016960503,0.3768511731740915,0.9585714285714273,0.9484081632653062,1.0,0.7142857142857143,1.0,0.028935322109449046,0.0346080657602319,-0.19383826882593086,0.21065704791810402,0.5415935118392601,0.5586325852476253,0.028991687544775546,1.205971460217775,0.24,0.3342857142857143,5,Dylan Efron,0.9342857142857143,5,Dylan Efron,0.7314285714285714,13.0,Whitney Leavitt,0.0,0.10571428571428572
34,11,5,bottom2_judgesave,rank,,0.7819486143424985,0.8,0.4471432140470252,1.0,0.7618493966241322,0.8207826816681233,0.3684210526315789,0.9746794344808964,0.36099781159796207,0.35909242322980395,-0.35909242322980395,0.9746794344808964,0.7551990484996292,0.8,0.30779350562554625,1.0,0.9557142857142858,1.0,0.7,1.0,-0.006650348124503228,-0.01818484645960794,-0.3830803274057968,0.33830974156168064,0.5947164741163236,0.5896086591659384,0.025320565519103555,1.308507910307888,0.33714285714285713,0.26571428571428574,5,Dylan Efron,0.4685714285714286,5,Dylan Efron,0.4228571428571429,,,,
