season,week,contestant_id,celebrity_name,judge_total,p_mean,p_median,p_q025,p_q975,votes_est_mean,votes_est_q025,votes_est_q975
1,1,0,Evander Holyfield,18.0,0.16973933892347012,0.16902891507728382,0.16488805282079372,0.17725352158882615,1697393.3892347012,1648880.5282079373,1772535.2158882616
1,1,1,Joey McIntyre,20.0,0.17361938751572067,0.17260048356966254,0.16803035942827316,0.182576111949974,1736193.8751572068,1680303.5942827316,1825761.11949974
1,1,2,John O'Hurley,20.0,0.1696496139083056,0.16934382722388835,0.16426240864171676,0.1767361969274111,1696496.139083056,1642624.0864171677,1767361.969274111
1,1,3,Kelly Monaco,13.0,0.16264863747962044,0.16336262114857983,0.15551662679734335,0.16885122182343867,1626486.3747962045,1555166.2679734335,1688512.2182343868
1,1,4,Rachel Hunter,20.0,0.16273343970513562,0.16364278977461733,0.1548251915403124,0.16746583053650976,1627334.3970513563,1548251.9154031242,1674658.3053650977
1,1,5,Trista Sutter,18.0,0.1616095824677475,0.1615175920073438,0.15585701352184492,0.16643440067340912,1616095.824677475,1558570.1352184492,1664344.006734091
1,2,0,Evander Holyfield,14.0,0.16647094711665708,0.16652055146679426,0.16191759569906522,0.1717513354608962,1664709.471166571,1619175.9569906523,1717513.3546089618
1,2,1,Joey McIntyre,21.0,0.17238930364841512,0.1712774508717258,0.16650930082287374,0.18044401896067408,1723893.0364841511,1665093.0082287374,1804440.1896067408
1,2,2,John O'Hurley,26.0,0.17126911394640656,0.17114457142818112,0.16653996999022327,0.18004692258887145,1712691.1394640657,1665399.6999022327,1800469.2258887144
1,2,3,Kelly Monaco,17.0,0.16552543794501845,0.16602011432458894,0.16048638619802405,0.1718176481449222,1655254.3794501845,1604863.8619802406,1718176.481449222
1,2,4,Rachel Hunter,24.0,0.16319508051295825,0.1639879708759753,0.1559744030919576,0.1676625317290615,1631950.8051295825,1559744.0309195758,1676625.317290615
1,2,5,Trista Sutter,19.0,0.1611501168305445,0.1610026612536045,0.15512882120183927,0.165957496989607,1611501.168305445,1551288.2120183927,1659574.96989607
1,3,0,Evander Holyfield,13.0,0.1977574664189766,0.19773638675193778,0.19148528652038274,0.2047640615389414,1977574.664189766,1914852.8652038274,2047640.615389414
1,3,1,Joey McIntyre,22.0,0.20560510705588345,0.20406849026642002,0.1992911450915605,0.21442703047769002,2056051.0705588344,1992911.450915605,2144270.3047769
1,3,2,John O'Hurley,24.0,0.20212706667612065,0.20168307660895507,0.19654430744150664,0.20938593082760373,2021270.6667612065,1965443.0744150663,2093859.3082760372
1,3,3,Kelly Monaco,21.0,0.19944957938311111,0.20008623800337375,0.19392190395027992,0.20796898119559662,1994495.7938311112,1939219.0395027993,2079689.8119559663
1,3,4,Rachel Hunter,26.0,0.19506078046590822,0.19621655075768527,0.18726877790523344,0.19966573883818645,1950607.804659082,1872687.7790523344,1996657.3883818644
1,4,1,Joey McIntyre,20.0,0.25322372971282764,0.2525370113659221,0.24544527880454395,0.261531097795588,2532237.2971282764,2454452.7880454394,2615310.9779558796
1,4,2,John O'Hurley,21.0,0.2487519030543434,0.2489194076312733,0.241816353813487,0.25536730438606176,2487519.030543434,2418163.53813487,2553673.0438606176
1,4,3,Kelly Monaco,26.0,0.25433396141281844,0.2533323178959458,0.24682973482672763,0.27088533681292076,2543339.6141281845,2468297.3482672763,2708853.3681292078
1,4,4,Rachel Hunter,25.0,0.2436904058200105,0.24517467546580854,0.23500009319531692,0.24896135487752308,2436904.058200105,2350000.9319531694,2489613.548775231
1,5,1,Joey McIntyre,22.5,0.3346496172742092,0.3344515177250077,0.32262096764575476,0.3443811855938447,3346496.172742092,3226209.6764575476,3443811.8559384467
1,5,2,John O'Hurley,27.0,0.3374295978060097,0.3361280287365692,0.32809160043696683,0.34973205980792427,3374295.9780600965,3280916.004369668,3497320.5980792427
1,5,3,Kelly Monaco,23.5,0.3279207849197812,0.3290902132818557,0.31427471385797623,0.3436942378999408,3279207.8491978124,3142747.138579762,3436942.378999408
1,6,2,John O'Hurley,27.0,0.4943710715041721,0.49529642491263476,0.47404412653167355,0.5083151989328627,4943710.715041721,4740441.265316735,5083151.989328627
1,6,3,Kelly Monaco,27.5,0.5056289284958277,0.5047035750873653,0.4916848010671373,0.5259558734683265,5056289.284958278,4916848.010671373,5259558.734683265
2,1,0,Drew Lachey,24.0,0.10235113038021391,0.10196332560242521,0.10076094214967454,0.10493084038113594,1023511.3038021391,1007609.4214967454,1049308.4038113593
2,1,1,George Hamilton,18.0,0.09983526693135654,0.10019347185661706,0.09739011920944586,0.10220780233270418,998352.6693135654,973901.1920944586,1022078.0233270419
2,1,2,Giselle Fernandez,23.0,0.09812206281943389,0.09823474718310042,0.09643929285926238,0.09963061410613312,981220.6281943389,964392.9285926238,996306.1410613313
2,1,3,Jerry Rice,21.0,0.10545287655799873,0.10449212969430316,0.10293532426436638,0.11036155968951217,1054528.7655799873,1029353.2426436639,1103615.5968951217
2,1,4,Kenny Mayne,13.0,0.09500174146762287,0.0948305539475711,0.09160753639147262,0.09799418535128841,950017.4146762288,916075.3639147262,979941.8535128841
2,1,5,Lisa Rinna,19.0,0.09831531914090166,0.0982884662038303,0.0935961636726065,0.10021500760907513,983153.1914090166,935961.636726065,1002150.0760907513
2,1,6,Master P,12.0,0.10129518299571853,0.10124436140893002,0.1000695693862373,0.10337700861983977,1012951.8299571853,1000695.693862373,1033770.0861983977
2,1,7,Stacy Keibler,22.0,0.10188084537715666,0.1023361263741218,0.09856175838437099,0.10560561144912387,1018808.4537715666,985617.5838437099,1056056.1144912387
2,1,8,Tatum O'Neal,23.0,0.09802580107330507,0.09809119990350833,0.09663822948246358,0.0992553195527813,980258.0107330506,966382.2948246357,992553.195527813
2,1,9,Tia Carrere,20.0,0.0997197732562921,0.09970047319684959,0.09197819982881854,0.10284104589448843,997197.732562921,919781.9982881853,1028410.4589448844
2,2,0,Drew Lachey,27.0,0.11343171785992394,0.11289985978944043,0.11186359625440034,0.11681978068387001,1134317.1785992393,1118635.9625440035,1168197.8068387
2,2,1,George Hamilton,22.0,0.11105197902975482,0.11145410687643086,0.10899256766541644,0.11420372759342001,1110519.7902975483,1089925.6766541644,1142037.2759342
2,2,2,Giselle Fernandez,24.0,0.10801960081242408,0.1079445721917926,0.10598158292964462,0.10928841606017128,1080196.008124241,1059815.8292964462,1092884.1606017128
2,2,3,Jerry Rice,23.0,0.11649181006945865,0.11539984792426915,0.11367405767273375,0.12184271070578208,1164918.1006945865,1136740.5767273374,1218427.1070578208
2,2,5,Lisa Rinna,20.0,0.10825781203954009,0.10839081189652575,0.10163396331937416,0.11033514016119797,1082578.1203954008,1016339.6331937416,1103351.4016119796
2,2,6,Master P,16.0,0.11271085744119899,0.11241387828053762,0.11163870331892163,0.11557027651675017,1127108.57441199,1116387.0331892164,1155702.7651675018
2,2,7,Stacy Keibler,29.0,0.11446102832560436,0.11414019437011842,0.11051149236633717,0.12029952690690154,1144610.2832560434,1105114.9236633717,1202995.2690690155
2,2,8,Tatum O'Neal,17.0,0.10541114688696528,0.10594353899308753,0.10209060710383235,0.10681842666725964,1054111.4688696528,1020906.0710383235,1068184.2666725963
2,2,9,Tia Carrere,22.0,0.11016404753512982,0.11005506114730981,0.10165288303351092,0.11359729419832236,1101640.4753512982,1016528.8303351091,1135972.9419832237
2,3,0,Drew Lachey,27.0,0.12676482426712501,0.12622917701620742,0.12456934291299689,0.13035522453853524,1267648.2426712501,1245693.4291299689,1303552.2453853523
2,3,1,George Hamilton,22.0,0.12422482791439661,0.1247414953522019,0.12194213167269326,0.12760518390551254,1242248.279143966,1219421.3167269325,1276051.8390551254
2,3,2,Giselle Fernandez,22.0,0.12002515520252316,0.1199202588126884,0.11713760807603812,0.12111551914188998,1200251.5520252315,1171376.0807603812,1211155.1914188997
2,3,3,Jerry Rice,19.0,0.12863911356015306,0.12830688276853633,0.12484784758935039,0.13298830489843746,1286391.1356015306,1248478.4758935038,1329883.0489843746
2,3,5,Lisa Rinna,25.0,0.12307597481846473,0.12246463025224018,0.11838979788463111,0.1256279126025758,1230759.7481846474,1183897.978846311,1256279.126025758
2,3,6,Master P,14.0,0.125427473043653,0.12530031214626797,0.12424894080672434,0.12806086013083984,1254274.7304365302,1242489.4080672434,1280608.6013083984
2,3,7,Stacy Keibler,27.0,0.1270499966542855,0.12715961283794958,0.1228663993174458,0.1327071131704403,1270499.9665428551,1228663.9931744582,1327071.1317044029
2,3,9,Tia Carrere,26.0,0.12479263453939889,0.12494803442058648,0.1159166877836366,0.1288474486112114,1247926.3453939888,1159166.877836366,1288474.4861121138
2,4,0,Drew Lachey,28.0,0.14382441601213836,0.1433596165228735,0.14119625343489023,0.1475316517350082,1438244.1601213836,1411962.5343489023,1475316.517350082
2,4,1,George Hamilton,21.0,0.1410656899617783,0.1416004496749558,0.13826327354145893,0.14435977705572883,1410656.8996177828,1382632.7354145893,1443597.7705572883
2,4,3,Jerry Rice,24.0,0.14843053169758363,0.14711265395636183,0.14466546753173026,0.15530435422145125,1484305.3169758364,1446654.6753173026,1553043.5422145126
2,4,5,Lisa Rinna,26.0,0.1399283419349009,0.13930004534386958,0.1343696328110018,0.1428037390459392,1399283.419349009,1343696.328110018,1428037.390459392
2,4,6,Master P,8.0,0.14208478903026775,0.14215995969256576,0.14024496766565187,0.14431007525338485,1420847.8903026774,1402449.6766565186,1443100.7525338484
2,4,7,Stacy Keibler,26.0,0.14352923853140176,0.1441697169468055,0.13885379427671155,0.14909652857771427,1435292.3853140175,1388537.9427671155,1490965.2857771427
2,4,9,Tia Carrere,25.0,0.14113699283192932,0.14117459441612892,0.1302716448288628,0.14555393858042204,1411369.9283192933,1302716.4482886281,1455539.3858042203
2,5,0,Drew Lachey,27.0,0.1680939763815158,0.16739385069888238,0.16521321980026635,0.1722921033705064,1680939.763815158,1652132.1980026634,1722921.033705064
2,5,1,George Hamilton,24.0,0.16485452633006073,0.16543949803798835,0.161701500049856,0.16933914133494166,1648545.2633006072,1617015.00049856,1693391.4133494166
2,5,3,Jerry Rice,23.0,0.17148218069054458,0.17076829560447723,0.1665070246383394,0.17800158512046838,1714821.8069054459,1665070.246383394,1780015.8512046838
2,5,5,Lisa Rinna,25.0,0.1626006018703787,0.1620417302774012,0.15422987910009855,0.1657423661291112,1626006.018703787,1542298.7910009855,1657423.661291112
2,5,7,Stacy Keibler,30.0,0.17104652183080185,0.17031773210668122,0.16524000775742126,0.1799420538839165,1710465.2183080185,1652400.0775742126,1799420.538839165
2,5,9,Tia Carrere,22.0,0.16192219289669832,0.16203788140501493,0.1483189613313639,0.16720039382787827,1619221.9289669832,1483189.613313639,1672003.9382787826
2,6,0,Drew Lachey,30.0,0.2022966078401076,0.2018302868190868,0.19765044345925825,0.20656003006400533,2022966.0784010761,1976504.4345925825,2065600.3006400533
2,6,1,George Hamilton,23.0,0.1954605260639815,0.19526029692241872,0.1903257724758812,0.19976172620664598,1954605.2606398151,1903257.724758812,1997617.2620664597
2,6,3,Jerry Rice,23.0,0.20435142725492242,0.20474834277033374,0.19629853167754446,0.20957182653627746,2043514.272549224,1962985.3167754447,2095718.2653627745
2,6,5,Lisa Rinna,27.0,0.19513983633751905,0.19508223984344952,0.1888498725830205,0.1989352628181577,1951398.3633751904,1888498.725830205,1989352.6281815772
2,6,7,Stacy Keibler,30.0,0.2027516025034694,0.2033347296360397,0.19602032482139203,0.21024057895954779,2027516.025034694,1960203.2482139203,2102405.7895954777
2,7,0,Drew Lachey,27.5,0.2510862913795185,0.25044192604884624,0.24464965421722437,0.2560269060885268,2510862.913795185,2446496.542172244,2560269.060885268
2,7,3,Jerry Rice,20.5,0.25306302627752303,0.25385922418982376,0.24231672623129974,0.25814714381407,2530630.26277523,2423167.2623129976,2581471.4381407
2,7,5,Lisa Rinna,26.5,0.2442053238936908,0.24328587624089817,0.2380648660964504,0.24932766459796774,2442053.238936908,2380648.660964504,2493276.6459796773
2,7,7,Stacy Keibler,27.5,0.2516453584492677,0.25251116284079717,0.24365637675754567,0.2604774597176842,2516453.5844926774,2436563.7675754568,2604774.597176842
2,8,0,Drew Lachey,28.9998,0.3324913491505892,0.33207194218455255,0.3244327770253249,0.3378248029566133,3324913.491505892,3244327.770253249,3378248.0295661334
2,8,3,Jerry Rice,26.666600000000003,0.3357431070176652,0.33578301548123585,0.3209111442296713,0.3440585393193427,3357431.0701766517,3209111.442296713,3440585.393193427
2,8,7,Stacy Keibler,28.6665,0.3317655438317456,0.3329770771107109,0.32339602392973227,0.3413985011454647,3317655.4383174563,3233960.2392973225,3413985.011454647
3,1,0,Emmitt Smith,24.0,0.09308253959424298,0.09312230937281842,0.08923738117425348,0.0981816030016882,930825.3959424298,892373.8117425347,981816.030016882
3,1,1,Harry Hamlin,17.0,0.08993330977833673,0.09000933154713885,0.08529365895490976,0.09316459189665144,899333.0977833673,852936.5895490976,931645.9189665144
3,1,2,Jerry Springer,16.0,0.08988110631293483,0.0902759773411993,0.08585374134259824,0.09352743263233981,898811.0631293483,858537.4134259823,935274.3263233982
3,1,3,Joey Lawrence,21.0,0.09145630104737328,0.09143850447414194,0.08776284589915798,0.09586928929415761,914563.0104737327,877628.4589915797,958692.8929415761
3,1,4,Mario Lopez,26.0,0.09288747569273006,0.0926097667274618,0.08866571485997826,0.09878962760786023,928874.7569273006,886657.1485997826,987896.2760786023
3,1,5,Monique Coleman,19.0,0.0905652392465549,0.09063659330407972,0.08660101706931649,0.09420496828981467,905652.3924655489,866010.1706931648,942049.6828981467
3,1,6,Sara Evans,15.0,0.0902291601842667,0.09036794830643086,0.08486771999851926,0.09370469261131704,902291.601842667,848677.1999851926,937046.9261131705
3,1,7,Shanna Moakler,18.0,0.0903870855986882,0.09084954286395519,0.08505266605064873,0.0940066489658031,903870.855986882,850526.6605064874,940066.489658031
3,1,8,Tucker Carlson,12.0,0.08832639619853873,0.08840800695447472,0.08259155534438592,0.09194670136388006,883263.9619853873,825915.5534438592,919467.0136388006
3,1,9,Vivica A. Fox,22.0,0.0916532653519374,0.09206357707143226,0.08686633949996808,0.09530089087431616,916532.653519374,868663.3949996808,953008.9087431616
3,1,10,Willa Ford,22.0,0.09159812099439618,0.09144240454060944,0.08784936896000921,0.09657341025839408,915981.2099439618,878493.6896000921,965734.1025839408
3,2,0,Emmitt Smith,24.0,0.10121705202819528,0.10107331323125525,0.09643172191837075,0.10583452975931862,1012170.5202819528,964317.2191837075,1058345.2975931861
3,2,1,Harry Hamlin,21.0,0.0986830129649722,0.09875691024150594,0.09355921748269974,0.10225882979509347,986830.129649722,935592.1748269974,1022588.2979509347
3,2,2,Jerry Springer,19.0,0.09800223696352009,0.09838928652287729,0.09299524012192675,0.1019755467861036,980022.369635201,929952.4012192675,1019755.467861036
3,2,3,Joey Lawrence,29.0,0.10295517067572217,0.1027351373771192,0.09867837219799437,0.10980071811843352,1029551.7067572217,986783.7219799437,1098007.1811843351
3,2,4,Mario Lopez,21.0,0.0988650998449957,0.09848812122217672,0.09305637944054683,0.10381262568942441,988650.998449957,930563.7944054683,1038126.2568942441
3,2,5,Monique Coleman,26.0,0.10114009106296468,0.10118737361625993,0.09717858727844268,0.10607527850221807,1011400.9106296467,971785.8727844268,1060752.7850221808
3,2,6,Sara Evans,21.0,0.09967541348940608,0.09996937956601533,0.0941007876399298,0.10330630836402141,996754.1348940608,941007.876399298,1033063.083640214
3,2,7,Shanna Moakler,22.0,0.09932898391321582,0.09977270799304107,0.09334735268596621,0.10322889586945323,993289.8391321582,933473.5268596621,1032288.9586945323
3,2,9,Vivica A. Fox,24.0,0.10034341745884293,0.10104142356618795,0.09509364971349467,0.10416105677141146,1003434.1745884293,950936.4971349466,1041610.5677141147
3,2,10,Willa Ford,23.0,0.09978952159816507,0.09958270326281136,0.09583379685075111,0.10508169178022769,997895.2159816506,958337.9685075111,1050816.917802277
3,3,0,Emmitt Smith,19.0,0.10959879515868295,0.10935370065947543,0.103115741658789,0.11474827913121267,1095987.9515868295,1031157.41658789,1147482.7913121267
3,3,1,Harry Hamlin,22.0,0.11012708630810694,0.11038234487939451,0.1045815088471777,0.11408990912066898,1101270.8630810694,1045815.088471777,1140899.0912066898
3,3,2,Jerry Springer,21.0,0.10986335486199154,0.11021603117639647,0.10488844386725577,0.11441705575049109,1098633.5486199155,1048884.4386725577,1144170.557504911
3,3,3,Joey Lawrence,22.0,0.11048716373570837,0.11043414582519218,0.10616351342078784,0.11533331936761645,1104871.6373570836,1061635.1342078783,1153333.1936761646
3,3,4,Mario Lopez,22.0,0.11033048205373992,0.10970398117225283,0.10445192338627683,0.11580705699423996,1103304.8205373993,1044519.2338627683,1158070.5699423996
3,3,5,Monique Coleman,27.0,0.11305914768632656,0.11293050390999919,0.10823540899088709,0.11944398646256696,1130591.4768632657,1082354.0899088709,1194439.8646256696
3,3,6,Sara Evans,25.0,0.11298363225195716,0.11357524763710324,0.107653347491541,0.1179584055218553,1129836.3225195718,1076533.47491541,1179584.055218553
3,3,9,Vivica A. Fox,27.0,0.11326770974774435,0.1134615775856913,0.10732350987460815,0.11836426600394799,1132677.0974774435,1073235.0987460816,1183642.6600394798
3,3,10,Willa Ford,22.0,0.11028262819574222,0.10990387976476103,0.10603178521455378,0.11524107538502101,1102826.2819574222,1060317.8521455377,1152410.7538502102
3,4,0,Emmitt Smith,24.0,0.1253839879170805,0.12481560064544173,0.11939867045910929,0.1308867455502698,1253839.879170805,1193986.704591093,1308867.455502698
3,4,2,Jerry Springer,22.0,0.12323071301913478,0.12372173307502181,0.1173100075832975,0.12815873684984685,1232307.1301913478,1173100.075832975,1281587.3684984685
3,4,3,Joey Lawrence,27.0,0.12621705250805718,0.12628090210311108,0.121008156251194,0.13166237373051914,1262170.5250805716,1210081.56251194,1316623.7373051913
3,4,4,Mario Lopez,29.0,0.12723115602318238,0.12676380960215688,0.12121528153496214,0.13463231052724497,1272311.560231824,1212152.8153496215,1346323.1052724498
3,4,5,Monique Coleman,24.0,0.12407652091349579,0.12398132669299394,0.11764281025795154,0.12863972349896313,1240765.209134958,1176428.1025795154,1286397.2349896312
3,4,6,Sara Evans,20.0,0.12297245144488139,0.12313325825858447,0.11539725633756925,0.12774478425094804,1229724.5144488139,1153972.5633756926,1277447.8425094804
3,4,9,Vivica A. Fox,24.0,0.1243064179372704,0.1250631217426418,0.1178204756614034,0.12871143873508833,1243064.1793727041,1178204.756614034,1287114.3873508833
3,4,10,Willa Ford,28.0,0.12658170023689758,0.1264214975660422,0.1212656752304442,0.1336111833871259,1265817.0023689757,1212656.752304442,1336111.8338712591
3,5,0,Emmitt Smith,27.0,0.14539794968336298,0.14516908070669907,0.1395492881446533,0.15213021151045134,1453979.4968336297,1395492.8814465331,1521302.1151045132
3,5,2,Jerry Springer,24.0,0.14002884298481508,0.1406346660434306,0.1329953464673223,0.1455581245034658,1400288.4298481508,1329953.464673223,1455581.2450346581
3,5,3,Joey Lawrence,25.0,0.14148265446310726,0.14096312090057186,0.13567949257111725,0.14734029436987403,1414826.5446310726,1356794.9257111724,1473402.9436987403
3,5,4,Mario Lopez,27.0,0.14411217638056456,0.14382287995247744,0.13732262127267011,0.1516893203124181,1441121.7638056455,1373226.212726701,1516893.2031241811
3,5,5,Monique Coleman,27.0,0.1438791074630782,0.1437195678638236,0.1380562461987949,0.14979038008118042,1438791.074630782,1380562.461987949,1497903.8008118041
3,5,6,Sara Evans,24.0,0.1410470030737778,0.14112457020939,0.13273594750522383,0.14642372572616744,1410470.030737778,1327359.4750522382,1464237.2572616744
3,5,10,Willa Ford,27.0,0.14405226595129414,0.14383426778157662,0.13807642632741476,0.15151033943602354,1440522.6595129415,1380764.2632741476,1515103.3943602354
3,6,0,Emmitt Smith,25.0,0.2025318828220324,0.2019201943504689,0.19438463517693186,0.21175043347763467,2025318.8282203241,1943846.3517693186,2117504.3347763466
3,6,2,Jerry Springer,18.0,0.19523918115248945,0.19592826258024348,0.18428988648761446,0.20243849352521626,1952391.8115248946,1842898.8648761446,2024384.9352521626
3,6,3,Joey Lawrence,24.0,0.20020053524072792,0.19962621305493944,0.19233819168356792,0.20868247134354267,2002005.3524072792,1923381.9168356792,2086824.7134354268
3,6,4,Mario Lopez,28.0,0.20324508975575709,0.20264118298369685,0.19376240846689224,0.21511600394207936,2032450.8975575708,1937624.0846689225,2151160.0394207938
3,6,5,Monique Coleman,23.0,0.19878331102899313,0.19805324010815667,0.18792084424101094,0.20649052495840264,1987833.1102899313,1879208.4424101093,2064905.2495840264
3,7,0,Emmitt Smith,28.5,0.20333348659417766,0.20292261449470886,0.1951729525461649,0.21238018977396667,2033334.8659417767,1951729.525461649,2123801.8977396665
3,7,2,Jerry Springer,23.0,0.19468615819446192,0.19530519162622245,0.18341413978826004,0.20200675415170172,1946861.581944619,1834141.3978826005,2020067.5415170172
3,7,3,Joey Lawrence,28.5,0.2018243638167713,0.20173601931883453,0.19420619753812454,0.2105624111799117,2018243.638167713,1942061.9753812454,2105624.111799117
3,7,4,Mario Lopez,28.0,0.20088396258307833,0.20037337282717727,0.19047892230172192,0.2121088204101067,2008839.6258307833,1904789.2230172192,2121088.204101067
3,7,5,Monique Coleman,27.0,0.19927202881151082,0.19851933926255527,0.18867697003703962,0.2069576362979642,1992720.2881151082,1886769.7003703963,2069576.362979642
3,8,0,Emmitt Smith,27.0,0.25052367291818317,0.2498192500469335,0.2405717632603505,0.2610225387642968,2505236.7291818317,2405717.632603505,2610225.387642968
3,8,3,Joey Lawrence,27.0,0.24866451667735134,0.24811675270865885,0.23881953385361201,0.25919339047065393,2486645.1667735134,2388195.33853612,2591933.904706539
3,8,4,Mario Lopez,28.5,0.255079635827577,0.25415406922428047,0.2437414382312012,0.2701449256217633,2550796.3582757697,2437414.382312012,2701449.256217633
3,8,5,Monique Coleman,26.5,0.2457321745768885,0.24524793175512222,0.23066004679584984,0.25641129077657515,2457321.745768885,2306600.4679584983,2564112.9077657517
3,9,0,Emmitt Smith,29.5,0.33514959136415007,0.3350365677894942,0.32304079265676594,0.3462618737026458,3351495.9136415008,3230407.9265676592,3462618.7370264577
3,9,3,Joey Lawrence,29.5,0.33266666207374473,0.33319061027248953,0.3202793564755029,0.34669051906235615,3326666.6207374474,3202793.5647550286,3466905.1906235614
3,9,4,Mario Lopez,29.5,0.33218374656210514,0.33177282193801627,0.31744495059295685,0.34756830676112,3321837.4656210514,3174449.5059295683,3475683.0676112
3,10,0,Emmitt Smith,29.666600000000003,0.5022361875045342,0.5024472854625005,0.4845615433991058,0.5178767217802017,5022361.875045342,4845615.433991058,5178767.217802017
3,10,4,Mario Lopez,29.666600000000003,0.4977638124954657,0.49755271453749955,0.48212327821979833,0.5154384566008943,4977638.124954657,4821232.782197983,5154384.566008943
4,1,0,Apolo Anton Ohno,21.0,0.09198466802987525,0.09206037543958609,0.08739504111646147,0.09674138766658423,919846.6802987525,873950.4111646147,967413.8766658423
4,1,1,Billy Ray Cyrus,13.0,0.08965817178795467,0.08983337445492776,0.0853019393976141,0.09437189236705516,896581.7178795467,853019.393976141,943718.9236705516
4,1,2,Clyde Drexler,16.0,0.09032013232141615,0.0908386651582417,0.08618031087048528,0.09457917227103371,903201.3232141616,861803.1087048528,945791.7227103371
4,1,3,Heather Mills,18.0,0.09029775114284025,0.09008351488495762,0.08600061138051335,0.09466140841097911,902977.5114284025,860006.1138051335,946614.0841097911
4,1,4,Ian Ziering,21.0,0.09150395202998879,0.0915869872951353,0.08686140306700384,0.09555029859974774,915039.5202998879,868614.0306700384,955502.9859974774
4,1,5,Joey Fatone,24.0,0.09314311251436024,0.09297432997408223,0.0887391838212426,0.09916488655294692,931431.1251436024,887391.838212426,991648.8655294692
4,1,6,John Ratzenberger,17.0,0.09014111004980188,0.08963165169877624,0.08604115322129097,0.09608181751197782,901411.1004980188,860411.5322129097,960818.1751197783
4,1,7,Laila Ali,23.0,0.0926173112924212,0.09246238825867285,0.08801515550325359,0.09724719623802085,926173.112924212,880151.5550325359,972471.9623802084
4,1,8,Leeza Gibbons,15.0,0.08913741230706372,0.08948497070159436,0.08356396571304538,0.09345163610503256,891374.1230706372,835639.6571304537,934516.3610503256
4,1,9,Paulina Porizkova,19.0,0.09094617833490741,0.09098018746932256,0.0863980097029602,0.09495766454965436,909461.7833490741,863980.097029602,949576.6454965436
4,1,10,Shandi Finnessey,19.0,0.09025020018937044,0.08992712246131725,0.0861689390349602,0.09478448478966885,902502.0018937044,861689.390349602,947844.8478966885
4,2,0,Apolo Anton Ohno,26.0,0.09291901380437029,0.09285338897622009,0.08824976286630087,0.09858129501148236,929190.1380437029,882497.6286630087,985812.9501148235
4,2,1,Billy Ray Cyrus,21.0,0.09120547017357915,0.09133498396143025,0.08753153667168702,0.0956567574010139,912054.7017357915,875315.3667168702,956567.574010139
4,2,2,Clyde Drexler,18.0,0.08933181986150514,0.08970788230196639,0.08447716780195932,0.09339228857286475,893318.1986150513,844771.6780195932,933922.8857286475
4,2,3,Heather Mills,24.0,0.09139593494341837,0.09119182278837261,0.08703657691542378,0.09616119153608357,913959.3494341837,870365.7691542378,961611.9153608357
4,2,4,Ian Ziering,22.0,0.09051107976099211,0.09057340053046205,0.08557999725777891,0.09397006962050251,905110.7976099211,855799.9725777891,939700.6962050252
4,2,5,Joey Fatone,24.0,0.09193888833246824,0.09181942186892217,0.08788367106531529,0.09703307441910154,919388.8833246825,878836.7106531529,970330.7441910154
4,2,6,John Ratzenberger,21.0,0.09018621135707182,0.08967065473881093,0.08608164639863373,0.09615936843464655,901862.1135707182,860816.4639863373,961593.6843464655
4,2,7,Laila Ali,27.0,0.09326684404780372,0.09299918648327815,0.08848944602536256,0.09849641112797072,932668.4404780372,884894.4602536256,984964.1112797073
4,2,8,Leeza Gibbons,21.0,0.08992404609894164,0.09007113959930935,0.08511999717043213,0.09416943522550349,899240.4609894163,851199.9717043213,941694.3522550348
4,2,9,Paulina Porizkova,21.0,0.09023966353782564,0.09032941097972835,0.08534585639725381,0.09433896782197596,902396.6353782564,853458.5639725381,943389.6782197596
4,2,10,Shandi Finnessey,20.0,0.0890810280820239,0.08915597823983515,0.08500052148107066,0.09350603961647307,890810.280820239,850005.2148107067,935060.3961647307
4,3,0,Apolo Anton Ohno,23.0,0.10088605558087897,0.10082031137615413,0.09608405166727776,0.10589483634196974,1008860.5558087897,960840.5166727776,1058948.3634196974
4,3,1,Billy Ray Cyrus,21.0,0.1005520365330067,0.10063933414906079,0.09655294064636906,0.10546958035995549,1005520.3653300671,965529.4064636906,1054695.8035995548
4,3,2,Clyde Drexler,16.0,0.097340897482397,0.09776748332316093,0.09125279241469017,0.10207465771439402,973408.9748239701,912527.9241469017,1020746.5771439401
4,3,3,Heather Mills,24.0,0.1008403264479352,0.10075071557542463,0.09620048194142529,0.10597311766542426,1008403.2644793519,962004.8194142529,1059731.1766542427
4,3,4,Ian Ziering,24.0,0.10091411336946454,0.10106401296716823,0.09605423828467655,0.10535128060053106,1009141.1336946454,960542.3828467655,1053512.8060053105
4,3,5,Joey Fatone,24.0,0.10144076302194482,0.10136405522043314,0.09697814224588905,0.10739113166139735,1014407.6302194482,969781.4224588905,1073911.3166139736
4,3,6,John Ratzenberger,20.0,0.09888474417447234,0.09835041467248716,0.09454327579347843,0.1055746901432612,988847.4417447234,945432.7579347843,1055746.901432612
4,3,7,Laila Ali,21.0,0.09963160154972986,0.09945081899569033,0.09478068265318525,0.10411992139140108,996316.0154972986,947806.8265318525,1041199.2139140108
4,3,8,Leeza Gibbons,24.0,0.1007854545287253,0.10105537285557281,0.09631503995470712,0.10558236639218592,1007854.545287253,963150.3995470712,1055823.663921859
4,3,10,Shandi Finnessey,21.0,0.09872400731144525,0.09839918002811399,0.09419917390033697,0.1033629267031338,987240.0731144524,941991.7390033697,1033629.267031338
4,4,0,Apolo Anton Ohno,26.0,0.11293317022362957,0.11277000239509741,0.1073752791218506,0.11907051001437471,1129331.7022362957,1073752.791218506,1190705.1001437472
4,4,1,Billy Ray Cyrus,21.0,0.11207221339456747,0.11232964161217217,0.10792799505478519,0.11732118087300837,1120722.1339456746,1079279.9505478519,1173211.8087300838
4,4,2,Clyde Drexler,15.0,0.1094754246890544,0.10986273519281442,0.10381599786111913,0.11477745028157203,1094754.246890544,1038159.9786111913,1147774.5028157204
4,4,3,Heather Mills,23.0,0.11122802426595968,0.11101293952213516,0.10635855731652229,0.11665212846690394,1112280.2426595967,1063585.5731652228,1166521.2846690393
4,4,4,Ian Ziering,24.0,0.11165649779875494,0.11169342897602189,0.10622868110125415,0.11598294875579568,1116564.9779875495,1062286.8110125414,1159829.4875579567
4,4,5,Joey Fatone,28.0,0.11362654719976478,0.11326592320867827,0.10821711171658556,0.1211438042034886,1136265.4719976478,1082171.1171658556,1211438.0420348858
4,4,6,John Ratzenberger,16.0,0.10913769615356958,0.10865172256382301,0.1037191671215609,0.11613962778112652,1091376.9615356957,1037191.6712156091,1161396.277811265
4,4,7,Laila Ali,21.0,0.11104632630239183,0.1110359171892105,0.10596761869766759,0.11631957689422939,1110463.2630239183,1059676.1869766759,1163195.768942294
4,4,8,Leeza Gibbons,16.0,0.10882409997230777,0.10910176850862453,0.1023587371047414,0.11373092899427314,1088240.9997230778,1023587.371047414,1137309.2899427314
4,5,0,Apolo Anton Ohno,30.0,0.12758606651795348,0.1275589783156884,0.12094651707559444,0.1346895669785862,1275860.6651795348,1209465.1707559444,1346895.6697858619
4,5,1,Billy Ray Cyrus,17.0,0.1245021977964336,0.12449301962724627,0.11904617918215468,0.13029569096667873,1245021.977964336,1190461.7918215469,1302956.9096667874
4,5,2,Clyde Drexler,13.0,0.12265459159023857,0.12320843475872509,0.11578793741070907,0.1282716433438906,1226545.9159023857,1157879.3741070908,1282716.433438906
4,5,3,Heather Mills,21.0,0.12402429384590535,0.12394039067963948,0.11821156186741534,0.1298543060303304,1240242.9384590536,1182115.6186741535,1298543.060303304
4,5,4,Ian Ziering,24.0,0.12504845427017003,0.12497444940942193,0.11840778953144628,0.1297155179823463,1250484.5427017002,1184077.8953144627,1297155.1798234629
4,5,5,Joey Fatone,25.0,0.12600802492024962,0.12565033069796694,0.12022490511238873,0.13290057548703688,1260080.2492024961,1202249.0511238873,1329005.7548703689
4,5,6,John Ratzenberger,18.0,0.12341238883121944,0.12283952983226305,0.11769853957374243,0.13120579740195615,1234123.8883121945,1176985.3957374243,1312057.9740195614
4,5,7,Laila Ali,28.0,0.1267639822278299,0.12668696494661078,0.12060418986421842,0.13342820776282807,1267639.822278299,1206041.8986421842,1334282.0776282807
4,6,0,Apolo Anton Ohno,28.0,0.14520652046751953,0.14479184131696166,0.13786220461738966,0.1527087372330118,1452065.2046751953,1378622.0461738966,1527087.372330118
4,6,1,Billy Ray Cyrus,21.0,0.14220044611633087,0.14211557431684746,0.1358949681221232,0.14892579299308617,1422004.4611633087,1358949.681221232,1489257.9299308618
4,6,3,Heather Mills,23.0,0.14141264704861312,0.14121446751845737,0.13438669017413563,0.14799938248844707,1414126.4704861313,1343866.9017413564,1479993.8248844708
4,6,4,Ian Ziering,24.0,0.14211003996321736,0.14197129577486045,0.13412738602691748,0.1481858922375658,1421100.3996321736,1341273.860269175,1481858.922375658
4,6,5,Joey Fatone,27.0,0.1446094851709498,0.14435961306293651,0.13785281992482928,0.1531589255156276,1446094.8517094979,1378528.199248293,1531589.255156276
4,6,6,John Ratzenberger,19.0,0.13946995377739904,0.13878271425760125,0.13156684949314396,0.14839573253356417,1394699.5377739903,1315668.4949314396,1483957.3253356416
4,6,7,Laila Ali,28.0,0.1449909074559703,0.14493762146084646,0.13836928051600617,0.15257352935930438,1449909.074559703,1383692.8051600617,1525735.2935930437
4,7,0,Apolo Anton Ohno,27.0,0.16745638142103153,0.1671695757515256,0.15943873769320666,0.17556373474816328,1674563.8142103152,1594387.3769320666,1755637.3474816328
4,7,1,Billy Ray Cyrus,19.0,0.16407982668155452,0.16406113252414894,0.15647521621132748,0.1721099895850208,1640798.2668155453,1564752.162113275,1721099.895850208
4,7,4,Ian Ziering,27.0,0.16659107814433846,0.16705358685915353,0.15742832920543717,0.1727836378459236,1665910.7814433847,1574283.2920543717,1727836.378459236
4,7,5,Joey Fatone,29.5,0.16893688879514723,0.16890897765234744,0.16184476084909163,0.1789992949204328,1689368.8879514723,1618447.6084909164,1789992.9492043278
4,7,6,John Ratzenberger,22.5,0.1642467904282411,0.16379603171929152,0.15651040870064492,0.17492908928364662,1642467.904282411,1565104.0870064492,1749290.8928364662
4,7,7,Laila Ali,29.5,0.16868903452968714,0.16848338234018084,0.1607033052381771,0.1774672101207506,1686890.3452968714,1607033.0523817712,1774672.101207506
4,8,0,Apolo Anton Ohno,29.0,0.20292654976288915,0.2027174079932305,0.19438118720174555,0.21351698987541426,2029265.4976288916,1943811.8720174555,2135169.8987541427
4,8,1,Billy Ray Cyrus,19.0,0.19689248807484072,0.1970703732058193,0.18757312384384814,0.20630033604021714,1968924.8807484072,1875731.2384384815,2063003.3604021713
4,8,4,Ian Ziering,23.5,0.19770930998677522,0.19819802400404246,0.18685645838036674,0.20570789542261272,1977093.099867752,1868564.5838036675,2057078.9542261271
4,8,5,Joey Fatone,27.5,0.20176539109439262,0.2018121146485931,0.1938276579818499,0.21316340967053057,2017653.9109439263,1938276.579818499,2131634.096705306
4,8,7,Laila Ali,26.5,0.2007062610811023,0.200244616990558,0.1920347150374813,0.2102306892060213,2007062.6108110228,1920347.150374813,2102306.8920602133
4,9,0,Apolo Anton Ohno,29.5,0.2493629963694761,0.2492692600111468,0.2389496031096085,0.2615121323750586,2493629.963694761,2389496.031096085,2615121.3237505862
4,9,4,Ian Ziering,29.0,0.24412438664131983,0.24449795713453154,0.2290049152406911,0.2555539429168869,2441243.8664131984,2290049.152406911,2555539.429168869
4,9,5,Joey Fatone,30.0,0.2534443804094382,0.25288696108053,0.24397550435140294,0.2678586117543282,2534443.8040943816,2439755.0435140296,2678586.117543282
4,9,7,Laila Ali,30.0,0.2530682365797659,0.25297598673199,0.24329643005586646,0.26447691887603114,2530682.365797659,2432964.3005586644,2644769.1887603113
4,10,0,Apolo Anton Ohno,29.3332,0.33950172294090275,0.33937583728867987,0.32469469695036346,0.35471731668686113,3395017.2294090274,3246946.9695036346,3547173.1668686112
4,10,5,Joey Fatone,28.6665,0.33225711459066265,0.3318429246857075,0.31728437212996474,0.34726069121033837,3322571.1459066267,3172843.7212996474,3472606.912103384
4,10,7,Laila Ali,28.333200000000005,0.3282411624684346,0.3272880693599651,0.3107285264588303,0.33981757404425533,3282411.624684346,3107285.264588303,3398175.7404425535
5,1,0,Albert Reed,21.0,0.08297176929468628,0.08317991070687653,0.07850628525293714,0.08826666499465806,829717.6929468628,785062.8525293714,882666.6499465806
5,1,1,Cameron Mathison,21.0,0.08325718668092358,0.08352138208057994,0.07851829416038225,0.08707620763491232,832571.8668092358,785182.9416038225,870762.0763491231
5,1,2,Floyd Mayweather Jr. ,18.0,0.08206737164433972,0.08185663861183477,0.07757006668231983,0.08708645083450693,820673.7164433972,775700.6668231983,870864.5083450694
5,1,3,Helio Castroneves,25.0,0.08484880936983732,0.08500836620980165,0.08020987419568837,0.089183204994143,848488.0936983733,802098.7419568837,891832.0499414301
5,1,4,Jane Seymour,24.0,0.08398003340789821,0.0841767140629129,0.07979043344848503,0.08910488072128812,839800.3340789821,797904.3344848503,891048.8072128813
5,1,5,Jennie Garth,21.0,0.08335985924969706,0.08369634839198938,0.07918045279012657,0.08676593585565634,833598.5924969707,791804.5279012658,867659.3585565634
5,1,6,Josie Maran,16.0,0.08105636479783102,0.08113356545252236,0.0756418015922638,0.08522312872455007,810563.6479783101,756418.015922638,852231.2872455007
5,1,7,Marie Osmond,21.0,0.08405643663781587,0.0840504927320998,0.08075831859998224,0.08816650402412533,840564.3663781587,807583.1859998225,881665.0402412533
5,1,8,Mark Cuban,21.0,0.08308251096017204,0.08292059445452835,0.07912981575458175,0.08702243233428583,830825.1096017204,791298.1575458176,870224.3233428583
5,1,9,Mel B,24.0,0.08461125859742927,0.08478457491818385,0.07908252932643568,0.0892457776194923,846112.5859742927,790825.2932643568,892457.776194923
5,1,10,Sabrina Bryan,26.0,0.0847385010992591,0.08484098836483982,0.0804338795297455,0.08982559833272019,847385.0109925909,804338.7952974549,898255.9833272019
5,1,11,Wayne Newton,19.0,0.0819698982601105,0.08193542014529218,0.07804245200013031,0.0857460038079622,819698.982601105,780424.520001303,857460.038079622
5,2,0,Albert Reed,21.0,0.0904374420696106,0.09071156671963672,0.08569506871573664,0.096198352346488,904374.420696106,856950.6871573663,961983.5234648801
5,2,1,Cameron Mathison,21.0,0.09074935598078335,0.09117776933196364,0.0854370896062366,0.09485196342557219,907493.5598078335,854370.896062366,948519.6342557218
5,2,2,Floyd Mayweather Jr. ,21.0,0.09073988195516108,0.09016981939552408,0.0862258475207236,0.09659098317343094,907398.8195516109,862258.475207236,965909.8317343094
5,2,3,Helio Castroneves,27.0,0.09303102940812369,0.09304973429867573,0.08775939356102454,0.09802553620837837,930310.2940812369,877593.9356102453,980255.3620837837
5,2,4,Jane Seymour,21.0,0.09023255316097847,0.09040634100632651,0.08549421023054746,0.09505889892542409,902325.5316097847,854942.1023054746,950588.9892542409
5,2,5,Jennie Garth,21.0,0.09086087391870586,0.09121047063147218,0.08624327585100706,0.09490913307496113,908608.7391870585,862432.7585100706,949091.3307496113
5,2,7,Marie Osmond,24.0,0.09277452030367489,0.09271479690387179,0.08886943621706586,0.09789465824941761,927745.2030367489,888694.3621706587,978946.5824941761
5,2,8,Mark Cuban,18.0,0.08943903621871925,0.0895548299220088,0.0850666902690259,0.09385581179424077,894390.3621871925,850666.902690259,938558.1179424077
5,2,9,Mel B,23.0,0.091670589192313,0.09177531812945262,0.08600864910696517,0.09643519810698088,916705.8919231299,860086.4910696517,964351.9810698088
5,2,10,Sabrina Bryan,26.0,0.09207987255908104,0.09223160634706762,0.08763028299953637,0.09747337211535406,920798.7255908104,876302.8299953637,974733.7211535407
5,2,11,Wayne Newton,15.0,0.08798484523284882,0.08814569345244191,0.08257425604792022,0.09200799825299542,879848.4523284881,825742.5604792022,920079.9825299543
5,3,1,Cameron Mathison,23.0,0.0996777240314333,0.10018819914058313,0.09407349858685529,0.1040998277584721,996777.240314333,940734.9858685529,1040998.277584721
5,3,2,Floyd Mayweather Jr. ,21.0,0.09881343768636487,0.0985783385948268,0.09346954950669742,0.10460411571799431,988134.3768636488,934695.4950669742,1046041.1571799432
5,3,3,Helio Castroneves,24.0,0.10008604325816976,0.10033024082869658,0.09434586422303744,0.10472255861768608,1000860.4325816976,943458.6422303744,1047225.5861768607
5,3,4,Jane Seymour,27.0,0.10083755224080639,0.10117141922983439,0.09594312731809372,0.10707126232565342,1008375.5224080639,959431.2731809372,1070712.623256534
5,3,5,Jennie Garth,26.0,0.10109885372966441,0.10144371003520483,0.09589666332939159,0.10569240095188515,1010988.5372966442,958966.6332939159,1056924.0095188515
5,3,7,Marie Osmond,26.0,0.10194868514683139,0.10191107856247315,0.09761102670577666,0.10755363348652862,1019486.851468314,976110.2670577667,1075536.3348652862
5,3,8,Mark Cuban,20.0,0.09819558645490714,0.0982230432326697,0.09329021835746906,0.10319288790139132,981955.8645490714,932902.1835746906,1031928.8790139132
5,3,9,Mel B,27.0,0.10159347532427557,0.10166852950130054,0.09496401912592477,0.10742427866010085,1015934.7532427557,949640.1912592477,1074242.7866010084
5,3,10,Sabrina Bryan,27.0,0.10077997852000206,0.10093517108413953,0.09583760311179465,0.10612859204323886,1007799.7852000206,958376.0311179465,1061285.9204323885
5,3,11,Wayne Newton,18.0,0.09696866360754512,0.09717494329477916,0.09125961250895637,0.10150992666662981,969686.6360754513,912596.1250895637,1015099.266666298
5,4,1,Cameron Mathison,27.0,0.11179437601867906,0.11226957217257603,0.10601252700911672,0.1165987257758106,1117943.7601867905,1060125.2700911672,1165987.2577581059
5,4,2,Floyd Mayweather Jr. ,23.0,0.10910924968400042,0.1089584932778262,0.10275189923738788,0.11541354156529578,1091092.496840004,1027518.9923738788,1154135.4156529577
5,4,3,Helio Castroneves,27.0,0.11177642026867081,0.11206893702230665,0.10582550435055892,0.11718179144896697,1117764.2026867082,1058255.0435055892,1171817.9144896697
5,4,4,Jane Seymour,26.0,0.11048958705407752,0.11069760046276117,0.10457154869957241,0.11631119702903203,1104895.8705407751,1045715.4869957241,1163111.9702903202
5,4,5,Jennie Garth,27.0,0.11193502653180389,0.11229406002534759,0.10604517967906356,0.11713580816278986,1119350.2653180389,1060451.7967906357,1171358.0816278986
5,4,7,Marie Osmond,26.0,0.11219101649087879,0.11229160521881137,0.10744345350655121,0.11778047644125703,1121910.164908788,1074434.5350655122,1177804.7644125703
5,4,8,Mark Cuban,22.0,0.1082391874027007,0.10833156404659103,0.10276844860155569,0.1139518318981911,1082391.874027007,1027684.486015557,1139518.318981911
5,4,9,Mel B,26.0,0.11131791903623144,0.11131773746165606,0.10455365773080091,0.11700209144365628,1113179.1903623145,1045536.5773080091,1170020.914436563
5,4,10,Sabrina Bryan,30.0,0.1131472175129574,0.11315203987318383,0.10757316687342099,0.11996731795710257,1131472.175129574,1075731.6687342098,1199673.1795710258
5,5,1,Cameron Mathison,26.0,0.12568837592951826,0.1261897135293088,0.11922921160853683,0.13166261034922053,1256883.7592951825,1192292.1160853684,1316626.1034922053
5,5,3,Helio Castroneves,23.0,0.12387227503879143,0.12368528259398855,0.116924215307607,0.1296374194768294,1238722.7503879142,1169242.15307607,1296374.1947682942
5,5,4,Jane Seymour,26.0,0.12497636286160588,0.12519553989296836,0.11867380446720102,0.13185479956211496,1249763.6286160587,1186738.0446720102,1318547.9956211497
5,5,5,Jennie Garth,25.0,0.1252437342563022,0.1256995928969354,0.11881699353004309,0.13044160984569028,1252437.342563022,1188169.935300431,1304416.098456903
5,5,7,Marie Osmond,21.0,0.12389788927727119,0.12387864088810906,0.11914666031148666,0.12942654704459008,1238978.8927727118,1191466.6031148667,1294265.470445901
5,5,8,Mark Cuban,21.0,0.12246713890452565,0.12240658991297443,0.11660563493506541,0.12878695736622325,1224671.3890452564,1166056.349350654,1287869.5736622326
5,5,9,Mel B,29.0,0.1277435006029914,0.12788757245811488,0.12017478030874905,0.13583372908444225,1277435.006029914,1201747.8030874904,1358337.2908444225
5,5,10,Sabrina Bryan,28.0,0.12611072312899402,0.12615638329146198,0.12017085199838058,0.1328469730990423,1261107.2312899402,1201708.5199838057,1328469.7309904231
5,6,1,Cameron Mathison,25.0,0.142305997031635,0.14295598705023366,0.1347745572585338,0.1498280058411935,1423059.97031635,1347745.572585338,1498280.0584119349
5,6,3,Helio Castroneves,28.0,0.14449899383412537,0.14478319634726536,0.13660091695856608,0.15203711264169778,1444989.9383412537,1366009.1695856608,1520371.1264169777
5,6,4,Jane Seymour,22.0,0.13932657424296604,0.139662787986712,0.1309330217725407,0.14673372118231834,1393265.7424296604,1309330.217725407,1467337.2118231833
5,6,5,Jennie Garth,27.0,0.14395768833494285,0.14445237731211796,0.1365498690960719,0.1498990973285132,1439576.8833494284,1365498.690960719,1498990.973285132
5,6,7,Marie Osmond,23.0,0.1421979779593077,0.1422977144547876,0.13682224927350733,0.14887373095469802,1421979.779593077,1368222.4927350734,1488737.3095469803
5,6,9,Mel B,30.0,0.14629124661780776,0.14677657200233257,0.13821638379007933,0.1558419018653541,1462912.4661780777,1382163.8379007934,1558419.0186535409
5,6,10,Sabrina Bryan,25.0,0.14142152197921531,0.14170225938644612,0.13391832358318767,0.14864085891131557,1414215.2197921532,1339183.2358318768,1486408.5891131556
5,7,1,Cameron Mathison,25.5,0.16474580555553808,0.1649845544699068,0.15561511959491847,0.17293455373740604,1647458.0555553809,1556151.1959491847,1729345.5373740604
5,7,3,Helio Castroneves,26.0,0.16641819652223627,0.16675536802273133,0.15706687339742456,0.17377386911847523,1664181.9652223627,1570668.7339742456,1737738.6911847522
5,7,4,Jane Seymour,25.0,0.16210999047286415,0.1623283487124766,0.1529782398803746,0.170686372878239,1621099.9047286415,1529782.3988037459,1706863.72878239
5,7,5,Jennie Garth,26.5,0.1684049379890632,0.16880019540804223,0.1599651843123643,0.17535102008340853,1684049.379890632,1599651.8431236432,1753510.2008340852
5,7,7,Marie Osmond,26.0,0.16805670671741088,0.1680473119862286,0.16155576627072601,0.17645222526774992,1680567.0671741087,1615557.66270726,1764522.2526774993
5,7,9,Mel B,27.0,0.17026436274288745,0.17052109943445634,0.16087675624713582,0.1799771533005792,1702643.6274288744,1608767.562471358,1799771.533005792
5,8,1,Cameron Mathison,25.5,0.1981865996472429,0.19822294695924775,0.18774059206815835,0.2068792808198259,1981865.9964724288,1877405.9206815835,2068792.808198259
5,8,3,Helio Castroneves,28.5,0.20309529635249512,0.20312480207944053,0.19241725937107057,0.21433322870348856,2030952.9635249511,1924172.5937107056,2143332.2870348855
5,8,5,Jennie Garth,25.0,0.19761347715535452,0.19863870627859093,0.18780832950106324,0.20600830004862963,1976134.7715535453,1878083.2950106324,2060083.0004862964
5,8,7,Marie Osmond,24.5,0.19844302543169953,0.19853225265228722,0.19108714707807323,0.20772612635036591,1984430.2543169954,1910871.4707807323,2077261.263503659
5,8,9,Mel B,28.0,0.202661601413208,0.2024783791102014,0.1898853073454329,0.21385739050733116,2026616.01413208,1898853.073454329,2138573.9050733116
5,9,3,Helio Castroneves,30.0,0.25219335352054967,0.2517227924769306,0.2406375143502487,0.264726594209087,2521933.5352054965,2406375.143502487,2647265.94209087
5,9,5,Jennie Garth,29.0,0.24852199894030622,0.2495133484944388,0.23646969267996026,0.2595841001228794,2485219.989403062,2364696.926799603,2595841.001228794
5,9,7,Marie Osmond,28.0,0.2465793954974683,0.24556170618100112,0.23696880045798363,0.25745651956762844,2465793.954974683,2369688.0045798365,2574565.1956762844
5,9,9,Mel B,30.0,0.2527052520416758,0.25262900227422935,0.23837545229040147,0.2656780440453251,2527052.520416758,2383754.5229040147,2656780.440453251
5,10,3,Helio Castroneves,27.999900000000004,0.334854572813758,0.33496964223187364,0.3202586194481641,0.3490603780373454,3348545.72813758,3202586.194481641,3490603.780373454
5,10,7,Marie Osmond,23.0,0.3290118782318638,0.32838838526081526,0.3149127896074793,0.34411538827640503,3290118.7823186377,3149127.8960747933,3441153.8827640503
5,10,9,Mel B,28.3332,0.33613354895437814,0.33631351483884764,0.3217445549884438,0.351293802002537,3361335.489543781,3217445.549884438,3512938.02002537
6,1,0,Adam Carolla,15.0,0.08153065394157864,0.08132380428312629,0.07677636001522452,0.0859125666594032,815306.5394157864,767763.6001522451,859125.666594032
6,1,1,Cristian de la Fuente,21.0,0.08469739489275066,0.08446906524530118,0.08079424044893983,0.08883997830340096,846973.9489275066,807942.4044893984,888399.7830340096
6,1,2,Jason Taylor,22.0,0.08395343253120496,0.0839671373513218,0.08108030746737611,0.08764121722410885,839534.3253120496,810803.0746737611,876412.1722410885
6,1,3,Kristi Yamaguchi,27.0,0.0855832061424436,0.08515759017730531,0.08191328367045705,0.0915750423154519,855832.0614244359,819132.8367045706,915750.4231545189
6,1,4,Mario,24.0,0.08415133960393888,0.08411727307494898,0.08077816369819574,0.08856419867862489,841513.3960393887,807781.6369819574,885641.9867862489
6,1,5,Marissa Jaret Winokur,18.0,0.0830357207526882,0.08327239870487384,0.07876453170990243,0.0861019267624378,830357.207526882,787645.3170990243,861019.267624378
6,1,6,Marlee Matlin,22.0,0.08406332959997424,0.08388765957089583,0.08010472821168903,0.08817115655772274,840633.2959997425,801047.2821168903,881711.5655772274
6,1,7,Monica Seles,15.0,0.0813531196537533,0.08120584435164872,0.07749083858477052,0.08537681836354981,813531.1965375331,774908.3858477052,853768.183635498
6,1,8,Penn Jillette,16.0,0.0816455876448465,0.08179927111786874,0.07668940219253848,0.0860171003978472,816455.876448465,766894.0219253848,860171.003978472
6,1,9,Priscilla Presley,24.0,0.08404847333441083,0.08400520214349098,0.08053121991618842,0.08833349666297277,840484.7333441083,805312.1991618841,883334.9666297277
6,1,10,Shannon Elizabeth,21.0,0.08345776826604484,0.08311715976192775,0.07951295319017054,0.08813228220266188,834577.6826604484,795129.5319017054,881322.8220266188
6,1,11,Steve Guttenberg,18.0,0.0824799736363654,0.08267207926114077,0.07804031567148383,0.0859482752879576,824799.736363654,780403.1567148382,859482.7528795761
6,2,0,Adam Carolla,19.0,0.08242809127133241,0.08218116807546079,0.07810952128024361,0.08652156320466088,824280.9127133241,781095.2128024361,865215.6320466088
6,2,1,Cristian de la Fuente,20.0,0.08406989265570582,0.08384303881836312,0.08014901362455805,0.08840106141878168,840698.9265570581,801490.1362455805,884010.6141878167
6,2,2,Jason Taylor,27.0,0.08499126954478192,0.08490751225552388,0.08164094851399181,0.08936109241332284,849912.6954478192,816409.4851399182,893610.9241332284
6,2,3,Kristi Yamaguchi,27.0,0.0850770340628252,0.08453276657321168,0.08147645054342482,0.09065203494950805,850770.340628252,814764.5054342482,906520.3494950805
6,2,4,Mario,26.0,0.08429157743971127,0.08424993967792457,0.08090892647574237,0.08894529747075705,842915.7743971128,809089.2647574237,889452.9747075705
6,2,5,Marissa Jaret Winokur,21.0,0.08359980324161075,0.08394709093996952,0.07938997369776378,0.08675470886154749,835998.0324161075,793899.7369776377,867547.0886154749
6,2,6,Marlee Matlin,24.0,0.08425391169273287,0.08403434826115289,0.08022976999268498,0.08852350857196421,842539.1169273288,802297.6999268498,885235.0857196421
6,2,7,Monica Seles,15.0,0.08116512935322807,0.08098548274501512,0.0772357202912949,0.08528919270407881,811651.2935322807,772357.202912949,852891.9270407881
6,2,8,Penn Jillette,17.0,0.08170332840557767,0.08183772034012264,0.07676644584213888,0.08604897349960765,817033.2840557768,767664.4584213888,860489.7349960764
6,2,9,Priscilla Presley,21.0,0.08279679762055041,0.08263817151389573,0.0796749636643127,0.08739683191196743,827967.976205504,796749.6366431271,873968.3191196743
6,2,10,Shannon Elizabeth,24.0,0.08395059331661087,0.08368731888995726,0.08009818771495633,0.08847394967565864,839505.9331661087,800981.8771495633,884739.4967565864
6,2,11,Steve Guttenberg,16.0,0.08167257139533274,0.0819571997103523,0.07632497956565391,0.08516521072911093,816725.7139533274,763249.7956565392,851652.1072911093
6,3,0,Adam Carolla,21.0,0.09865066551290076,0.09835079951710815,0.09328088454167224,0.10367563958925718,986506.6551290076,932808.8454167225,1036756.3958925719
6,3,1,Cristian de la Fuente,25.0,0.10247691708931368,0.10221816424395806,0.09805937984581738,0.1077316111746402,1024769.1708931369,980593.7984581738,1077316.111746402
6,3,2,Jason Taylor,23.0,0.1001184591497932,0.10046688071790678,0.09653154500119204,0.10458671115963827,1001184.591497932,965315.4500119204,1045867.1115963827
6,3,3,Kristi Yamaguchi,27.0,0.10241729235134932,0.10198972713581016,0.09793431943803987,0.11006888155246165,1024172.9235134932,979343.1943803987,1100688.8155246165
6,3,4,Mario,21.0,0.09855655931501033,0.09861587981153977,0.09379035670703667,0.10361314085517102,985565.5931501032,937903.5670703667,1036131.4085517102
6,3,5,Marissa Jaret Winokur,19.0,0.09832302564428083,0.09844677946969749,0.09310921019369148,0.10203022165050811,983230.2564428083,931092.1019369147,1020302.216505081
6,3,6,Marlee Matlin,21.0,0.09916700973608085,0.0992571913251306,0.09476085487042904,0.10395794903807463,991670.0973608085,947608.5487042904,1039579.4903807463
6,3,9,Priscilla Presley,26.0,0.10113538203949805,0.10103871647163531,0.09663545927543153,0.10578429711694631,1011353.8203949805,966354.5927543154,1057842.9711694631
6,3,10,Shannon Elizabeth,24.0,0.1004305936255168,0.10032227639454636,0.09602765984682475,0.10614756425340481,1004305.936255168,960276.5984682475,1061475.642534048
6,3,11,Steve Guttenberg,21.0,0.09872409553625622,0.0987443895638709,0.09308293436968948,0.10303534067750784,987240.9553625622,930829.3436968948,1030353.4067750785
6,4,0,Adam Carolla,19.0,0.10787243562050555,0.10763116086611453,0.10093500898871903,0.11378818007768202,1078724.3562050555,1009350.0898871903,1137881.8007768202
6,4,1,Cristian de la Fuente,26.0,0.11295365293022236,0.1125563356702616,0.10756957081324825,0.1188547032267256,1129536.5293022236,1075695.7081324826,1188547.032267256
6,4,2,Jason Taylor,29.0,0.11298861068115576,0.11305066741967587,0.10901697341863506,0.11855897394573958,1129886.1068115577,1090169.7341863506,1185589.7394573959
6,4,3,Kristi Yamaguchi,29.0,0.11310304045130762,0.11276984007275373,0.10820974619971076,0.1197362085913639,1131030.4045130762,1082097.4619971076,1197362.085913639
6,4,4,Mario,24.0,0.11007117562484377,0.1102714295175675,0.10506183419325041,0.11547962428294811,1100711.7562484376,1050618.341932504,1154796.2428294811
6,4,5,Marissa Jaret Winokur,24.0,0.11099952726330253,0.11118549527716479,0.10584395914693684,0.11518819292544916,1109995.2726330254,1058439.5914693684,1151881.9292544916
6,4,6,Marlee Matlin,24.0,0.11075296372742466,0.11081664598971068,0.10614029942696224,0.11624019267113368,1107529.6372742467,1061402.9942696223,1162401.9267113367
6,4,9,Priscilla Presley,22.0,0.10900831732731378,0.10882971941561441,0.10366691671662948,0.1154865433584055,1090083.1732731378,1036669.1671662948,1154865.433584055
6,4,10,Shannon Elizabeth,28.0,0.11225027637392397,0.11219984882716873,0.10738801147697431,0.11811002142639877,1122502.7637392397,1073880.114769743,1181100.2142639877
6,5,1,Cristian de la Fuente,23.0,0.12551591905473444,0.12526789028027632,0.11961052117900149,0.13198084530728474,1255159.1905473445,1196105.211790015,1319808.4530728473
6,5,2,Jason Taylor,27.0,0.12650461801043725,0.12649158425893037,0.12199237852446304,0.13236463931346998,1265046.1801043726,1219923.7852446304,1323646.3931346997
6,5,3,Kristi Yamaguchi,29.0,0.12793249704924523,0.1275594836181232,0.12250177561279171,0.13665560276550426,1279324.9704924522,1225017.7561279172,1366556.0276550425
6,5,4,Mario,27.0,0.1258855713983024,0.1259464596944543,0.12121351958796923,0.13202581537044933,1258855.713983024,1212135.1958796924,1320258.1537044933
6,5,5,Marissa Jaret Winokur,24.0,0.12502889080043852,0.1251592854354197,0.11934915429905199,0.12956236669239227,1250288.9080043852,1193491.54299052,1295623.6669239227
6,5,6,Marlee Matlin,22.0,0.1234892871620812,0.12358855628363237,0.11728246167972071,0.1294211532030301,1234892.871620812,1172824.6167972072,1294211.532030301
6,5,9,Priscilla Presley,21.0,0.12196333646946889,0.12173712468004666,0.11587767606672149,0.12935251566671757,1219633.364694689,1158776.7606672149,1293525.1566671757
6,5,10,Shannon Elizabeth,23.0,0.12367988005529199,0.12359289772042847,0.11696657930449865,0.1306744974026944,1236798.8005529197,1169665.7930449864,1306744.974026944
6,6,1,Cristian de la Fuente,27.0,0.14530636469996655,0.1449061607535788,0.13901976118927528,0.1523313105974264,1453063.6469996655,1390197.6118927528,1523313.1059742642
6,6,2,Jason Taylor,24.0,0.14143204883273827,0.1415873107802284,0.13558146090020884,0.14713684297419755,1414320.4883273828,1355814.6090020884,1471368.4297419754
6,6,3,Kristi Yamaguchi,30.0,0.1457692686054354,0.1452883263347014,0.13957394809144372,0.15522390647930556,1457692.686054354,1395739.4809144372,1552239.0647930556
6,6,4,Mario,28.0,0.14350095971376417,0.14330293133312336,0.13818407713879632,0.1508996309297208,1435009.5971376416,1381840.7713879633,1508996.309297208
6,6,5,Marissa Jaret Winokur,26.0,0.14331507125820717,0.1435549314263009,0.13659239427880673,0.14875831658202776,1433150.7125820718,1365923.9427880673,1487583.1658202775
6,6,6,Marlee Matlin,21.0,0.139565446371876,0.14009894421005314,0.1316761644808312,0.14597558789747997,1395654.46371876,1316761.644808312,1459755.8789747998
6,6,10,Shannon Elizabeth,24.0,0.14111084051801243,0.14076130522447608,0.13343514173909315,0.14930638031178575,1411108.4051801243,1334351.4173909316,1493063.8031178575
6,7,1,Cristian de la Fuente,23.0,0.16420545291097136,0.16418755312526143,0.1562631034229505,0.17229699264283185,1642054.5291097136,1562631.0342295049,1722969.9264283185
6,7,2,Jason Taylor,27.5,0.16913098321920225,0.16912988513630942,0.1632788410132575,0.1769922224353476,1691309.8321920226,1632788.4101325748,1769922.224353476
6,7,3,Kristi Yamaguchi,27.0,0.16850669133586316,0.16798283965784233,0.16204908801652335,0.17700209778610354,1685066.9133586315,1620490.8801652335,1770020.9778610354
6,7,4,Mario,25.5,0.1651818475719289,0.1645931600137169,0.15725745118402965,0.17205069778568793,1651818.4757192892,1572574.5118402964,1720506.9778568794
6,7,5,Marissa Jaret Winokur,26.0,0.16736071886599,0.16784537489425858,0.15992222025073946,0.17415034240268845,1673607.1886598999,1599222.2025073946,1741503.4240268846
6,7,10,Shannon Elizabeth,25.5,0.1656143060960443,0.16527806833651723,0.1566660495909975,0.17384753257011942,1656143.060960443,1566660.495909975,1738475.3257011941
6,8,1,Cristian de la Fuente,28.5,0.20607160320400397,0.2058672837434024,0.1976407929952219,0.21774373003154762,2060716.0320400398,1976407.929952219,2177437.300315476
6,8,2,Jason Taylor,26.0,0.19794051210581937,0.19801620043384366,0.19038981433053753,0.20535843910520715,1979405.1210581937,1903898.1433053752,2053584.3910520715
6,8,3,Kristi Yamaguchi,27.5,0.20146746423243592,0.20072781316339436,0.19306040101023358,0.21126658078800287,2014674.6423243592,1930604.0101023358,2112665.8078800286
6,8,4,Mario,26.5,0.19806631792954715,0.19780975804623951,0.18875818294448293,0.2053891637309603,1980663.1792954716,1887581.8294448294,2053891.6373096032
6,8,5,Marissa Jaret Winokur,25.0,0.19645410252819362,0.19658266897736915,0.1860934387408112,0.20392224524896466,1964541.0252819362,1860934.387408112,2039222.4524896466
6,9,1,Cristian de la Fuente,28.0,0.25383939675427447,0.2540543181289303,0.2437972680221829,0.265492536336579,2538393.9675427447,2437972.680221829,2654925.36336579
6,9,2,Jason Taylor,27.5,0.24891336431761313,0.24949906222239862,0.2400368851322224,0.25822931969644447,2489133.6431761314,2400368.851322224,2582293.1969644446
6,9,3,Kristi Yamaguchi,28.5,0.252763302268349,0.2522410030706673,0.24260750853401336,0.26515791463400346,2527633.0226834896,2426075.0853401334,2651579.1463400344
6,9,5,Marissa Jaret Winokur,26.0,0.24448393665976337,0.24521053421284783,0.23020081946961835,0.25308971736828,2444839.366597634,2302008.1946961833,2530897.1736828
6,10,1,Cristian de la Fuente,26.0,0.3301243732736726,0.3310629932500579,0.3158072968875378,0.3434721820949623,3301243.7327367263,3158072.968875378,3434721.820949623
6,10,2,Jason Taylor,28.5,0.33272789565692773,0.3330052174103352,0.32031291153515334,0.3423680813108499,3327278.956569277,3203129.1153515335,3423680.8131084987
6,10,3,Kristi Yamaguchi,30.0,0.3371477310693996,0.33733949401859775,0.3235498118620343,0.35209087846639764,3371477.310693996,3235498.118620343,3520908.784663976
7,1,0,Brooke Burke,24.5,0.07921558334288478,0.0790447584733126,0.0748439915391255,0.08260632686830502,792155.8334288478,748439.915391255,826063.2686830502
7,1,1,Cloris Leachman,16.0,0.07612050969852087,0.07607931564207215,0.07134654764036687,0.0801749055116681,761205.0969852087,713465.4764036686,801749.055116681
7,1,2,Cody Linley,20.5,0.07731409578715223,0.07757504267056269,0.07428321797486968,0.08064895158961871,773140.9578715223,742832.1797486969,806489.5158961872
7,1,3,Jeffrey Ross,12.0,0.07480466222478444,0.07534011196372756,0.07013396888135548,0.07712922922345995,748046.6222478444,701339.6888135548,771292.2922345995
7,1,4,Kim Kardashian,18.5,0.07628825530173956,0.07576456086493197,0.07364798141587357,0.07968254928624942,762882.5530173957,736479.8141587357,796825.4928624942
7,1,5,Lance Bass,21.5,0.07789596529367582,0.07729610407762673,0.07350875147614853,0.08241420996081143,778959.6529367581,735087.5147614854,824142.0996081143
7,1,6,Maurice Greene,19.5,0.07642340335692666,0.07632862055730671,0.07337182453755707,0.08001874003649087,764234.0335692666,733718.2453755707,800187.4003649087
7,1,7,Misty May-Treanor,21.0,0.07744333048220524,0.07702686239587526,0.07327087144687124,0.08126509534468014,774433.3048220524,732708.7144687123,812650.9534468014
7,1,8,Rocco DiSpirito,17.5,0.07571651867835222,0.07597761240451767,0.07269469639220168,0.07845349603687438,757165.1867835221,726946.9639220168,784534.9603687437
7,1,9,Susan Lucci,18.5,0.07603567587765511,0.07544666059879396,0.0716057699859286,0.07933190233620077,760356.7587765511,716057.6998592861,793319.0233620077
7,1,10,Ted McGinley,18.5,0.07657395295425881,0.07655887469664441,0.07267081298358667,0.07992878559375242,765739.5295425882,726708.1298358667,799287.8559375242
7,1,11,Toni Braxton,22.5,0.07757762343857821,0.07746127468830621,0.07394971505350852,0.0808541931845861,775776.2343857822,739497.1505350851,808541.931845861
7,1,12,Warren Sapp,21.5,0.07859042356326607,0.07807012580527017,0.07538906997436033,0.08282220368878547,785904.2356326607,753890.6997436034,828222.0368878547
7,2,0,Brooke Burke,24.0,0.09321221121262935,0.09305138629748394,0.08820738877885836,0.09697725825166056,932122.1121262935,882073.8877885836,969772.5825166056
7,2,1,Cloris Leachman,15.0,0.08924753389368922,0.08914375046413181,0.08295713544308697,0.09407596932787742,892475.3389368922,829571.3544308697,940759.6932787742
7,2,2,Cody Linley,21.0,0.09133306476648437,0.09169484033123317,0.08795804910600016,0.09495154102709066,913330.6476648437,879580.4910600017,949515.4102709066
7,2,4,Kim Kardashian,17.0,0.08927394014021225,0.08860636345729175,0.08561168365665019,0.09288631367930655,892739.4014021226,856116.8365665019,928863.1367930656
7,2,5,Lance Bass,20.0,0.09119451727071966,0.09050461157504948,0.08663179781711021,0.09562481426125577,911945.1727071966,866317.9781711021,956248.1426125577
7,2,6,Maurice Greene,19.0,0.0898548405331497,0.08982893973758196,0.08616114825306964,0.09413322837612956,898548.405331497,861611.4825306964,941332.2837612956
7,2,7,Misty May-Treanor,21.0,0.09128594310010357,0.09092887617647455,0.08621096984802573,0.09592983824774846,912859.4310010357,862109.6984802573,959298.3824774846
7,2,8,Rocco DiSpirito,16.0,0.08859174024861553,0.08894573904014565,0.08463257865977032,0.09198109830244475,885917.4024861553,846325.7865977032,919810.9830244475
7,2,9,Susan Lucci,21.0,0.09061784566217913,0.08996097655652403,0.08516326941273232,0.09460847745449392,906178.4566217914,851632.6941273232,946084.7745449393
7,2,11,Toni Braxton,23.0,0.09167674020940027,0.09166241492018913,0.08727191806004986,0.09558876284181832,916767.4020940027,872719.1806004986,955887.6284181832
7,2,12,Warren Sapp,24.0,0.09371162296281692,0.09313107048841429,0.08997685836038997,0.09967040588332382,937116.2296281692,899768.5836038997,996704.0588332382
7,3,0,Brooke Burke,28.0,0.1146807863430418,0.11438506464556802,0.10866447003505177,0.11938088835787586,1146807.863430418,1086644.7003505176,1193808.8835787587
7,3,1,Cloris Leachman,16.0,0.10876187902607959,0.10871199735962897,0.1006984252007251,0.11499926422358443,1087618.790260796,1006984.252007251,1149992.6422358444
7,3,2,Cody Linley,21.0,0.11060155330070917,0.11060251867527916,0.10591246471028043,0.11417279544170983,1106015.5330070916,1059124.6471028044,1141727.9544170983
7,3,5,Lance Bass,22.0,0.1114058719080843,0.11030625596538571,0.10607711133295498,0.11626550199821888,1114058.719080843,1060771.1133295498,1162655.0199821887
7,3,6,Maurice Greene,24.0,0.11121042987359654,0.11095523217468901,0.10652844995053001,0.11669629193978014,1112104.2987359655,1065284.4995053,1166962.9193978014
7,3,8,Rocco DiSpirito,20.0,0.10929649950055291,0.10961102127518446,0.10553144240590998,0.11321542823078057,1092964.9950055291,1055314.4240590998,1132154.2823078057
7,3,9,Susan Lucci,21.0,0.10973493235149263,0.1090324136367264,0.10368295966333421,0.1145730063618275,1097349.3235149262,1036829.5966333421,1145730.063618275
7,3,11,Toni Braxton,22.0,0.11046742174521976,0.11044148551912511,0.10507641841400321,0.11405377804771881,1104674.2174521976,1050764.1841400322,1140537.780477188
7,3,12,Warren Sapp,25.0,0.1138406259512233,0.11305930432635011,0.10929696077143308,0.12000714509944628,1138406.2595122328,1092969.6077143308,1200071.4509944627
7,4,0,Brooke Burke,26.0,0.11398681691137401,0.11375416222021813,0.10831022976613774,0.11853147560403289,1139868.16911374,1083102.2976613773,1185314.7560403289
7,4,1,Cloris Leachman,22.0,0.111255373732748,0.11121544713517117,0.10438512753574042,0.11675455638106344,1112553.73732748,1043851.2753574041,1167545.5638106344
7,4,2,Cody Linley,23.0,0.11139007555311498,0.11151851045589177,0.10703432294944445,0.11580040917598655,1113900.7555311497,1070343.2294944446,1158004.0917598654
7,4,5,Lance Bass,26.0,0.11358666605893487,0.11279248825251068,0.10772370979418047,0.11994914792327575,1135866.6605893488,1077237.0979418047,1199491.4792327576
7,4,6,Maurice Greene,20.0,0.10879341258514814,0.10857168034331822,0.10467267156966688,0.11425696753153448,1087934.1258514815,1046726.7156966688,1142569.675315345
7,4,8,Rocco DiSpirito,18.0,0.10756693170399839,0.10766556566969634,0.10263369574165881,0.1121838556866634,1075669.3170399838,1026336.9574165881,1121838.5568666342
7,4,9,Susan Lucci,24.0,0.11112381173757503,0.11024313610964877,0.10474975588108927,0.11604697803080476,1111238.1173757503,1047497.5588108927,1160469.7803080475
7,4,11,Toni Braxton,22.0,0.11018297668438885,0.11016280394588972,0.10441703563636288,0.11390359649643236,1101829.7668438884,1044170.3563636289,1139035.9649643237
7,4,12,Warren Sapp,22.0,0.11211393503271769,0.11194032484826595,0.1074061608902986,0.1177489199414681,1121139.350327177,1074061.608902986,1177489.199414681
7,5,0,Brooke Burke,29.0,0.12829056744411674,0.12808082550725133,0.1218978692178505,0.1333376120307127,1282905.6744411674,1218978.692178505,1333376.120307127
7,5,1,Cloris Leachman,21.0,0.12360236132503233,0.12347900410912017,0.11558488766305947,0.12982848279067816,1236023.6132503233,1155848.8766305947,1298284.8279067816
7,5,2,Cody Linley,28.0,0.1268906667212595,0.12693292396012004,0.12209836271807091,0.13262573645624212,1268906.667212595,1220983.627180709,1326257.364562421
7,5,5,Lance Bass,21.0,0.12344612472692722,0.12264577463445073,0.11740801304139499,0.1284501999813008,1234461.247269272,1174080.13041395,1284501.9998130081
7,5,6,Maurice Greene,27.0,0.12543525194999888,0.1251563054103666,0.12030421271092857,0.13306493533112623,1254352.5194999888,1203042.1271092857,1330649.3533112623
7,5,9,Susan Lucci,22.0,0.12264398070518741,0.12215146571917096,0.11574541425088725,0.12845389204593258,1226439.807051874,1157454.1425088726,1284538.9204593257
7,5,11,Toni Braxton,22.0,0.12294622142934471,0.12296432969352014,0.11645712480780879,0.127647928785624,1229462.214293447,1164571.2480780878,1276479.28785624
7,5,12,Warren Sapp,25.0,0.12674482569813314,0.12648799692160748,0.12146315696947244,0.1336961986165779,1267448.2569813314,1214631.5696947244,1336961.986165779
7,6,0,Brooke Burke,26.0,0.14520128593651588,0.1452535747221649,0.13795662490348218,0.1513110941895995,1452012.8593651587,1379566.2490348218,1513110.941895995
7,6,1,Cloris Leachman,15.0,0.13923085016991824,0.13964345939578487,0.12953964816130817,0.14582317237260492,1392308.5016991824,1295396.4816130816,1458231.7237260493
7,6,2,Cody Linley,23.0,0.14269040151172835,0.1428452897759016,0.13708614987674297,0.14729422207976087,1426904.0151172834,1370861.4987674297,1472942.2207976086
7,6,5,Lance Bass,27.0,0.14521048667200703,0.14475812505201902,0.1385008109174856,0.15204877400679814,1452104.8667200704,1385008.109174856,1520487.7400679814
7,6,6,Maurice Greene,21.0,0.1406506442057853,0.14101214536950518,0.1355927355628355,0.1471462466532761,1406506.4420578529,1355927.355628355,1471462.466532761
7,6,9,Susan Lucci,23.0,0.14156631767884023,0.1408443889538497,0.1335434701399883,0.14737273263483858,1415663.1767884023,1335434.701399883,1473727.3263483858
7,6,12,Warren Sapp,25.0,0.14545001382520498,0.14483253110723784,0.1395065683859223,0.15370823435734243,1454500.1382520497,1395065.6838592228,1537082.3435734243
7,7,0,Brooke Burke,30.0,0.17194170650177695,0.172038712589061,0.1623291930734972,0.1793508216403459,1719417.0650177696,1623291.930734972,1793508.2164034592
7,7,2,Cody Linley,22.0,0.1645323411443851,0.16460271720439915,0.15795150389796447,0.17052466602167016,1645323.4114438512,1579515.0389796447,1705246.6602167017
7,7,5,Lance Bass,25.0,0.16735961801880453,0.1663491113604045,0.16049218291170175,0.17426768386259028,1673596.1801880454,1604921.8291170176,1742676.8386259028
7,7,6,Maurice Greene,25.0,0.16566291219529253,0.16570258878057392,0.15943224601326098,0.17343926941844434,1656629.1219529253,1594322.4601326098,1734392.6941844434
7,7,9,Susan Lucci,24.0,0.16476945807738835,0.16411986915074636,0.15588831530845715,0.1716966021169989,1647694.5807738835,1558883.1530845715,1716966.021169989
7,7,12,Warren Sapp,21.0,0.1657339640623526,0.1650659073035977,0.15868797326256925,0.17244792434392536,1657339.6406235262,1586879.7326256926,1724479.2434392537
7,8,0,Brooke Burke,27.5,0.20437946841372423,0.20420256482475757,0.1946857610213991,0.21222865960516285,2043794.6841372424,1946857.6102139908,2122286.5960516287
7,8,2,Cody Linley,24.0,0.19669934834307237,0.19728128144491408,0.1891292084421182,0.20327546938570462,1966993.4834307237,1891292.084421182,2032754.6938570463
7,8,5,Lance Bass,25.0,0.19908366402799768,0.19766726722417574,0.1904924808828839,0.20706126606374592,1990836.640279977,1904924.8088288389,2070612.6606374593
7,8,6,Maurice Greene,24.0,0.19529557654431245,0.19517583312047515,0.1873482726606284,0.20317331151380544,1952955.7654431246,1873482.726606284,2031733.1151380544
7,8,12,Warren Sapp,27.0,0.2045419426708933,0.20352341057676634,0.19750149471304745,0.21594370187511833,2045419.426708933,1975014.9471304745,2159437.018751183
7,9,0,Brooke Burke,24.5,0.2492616682003649,0.24880498770231002,0.23749363479684896,0.26001412223790543,2492616.682003649,2374936.3479684894,2600141.2223790544
7,9,2,Cody Linley,23.0,0.24517547077870125,0.2454697161334086,0.23514764094900562,0.2538026494847133,2451754.7077870127,2351476.4094900563,2538026.4948471333
7,9,5,Lance Bass,28.5,0.254994063311416,0.25382682773846676,0.24209232737147915,0.26862995451092636,2549940.63311416,2420923.2737147915,2686299.5451092636
7,9,12,Warren Sapp,24.5,0.25056879770951784,0.24935630676538753,0.24281332178726353,0.2608361506217362,2505687.9770951783,2428133.2178726355,2608361.506217362
7,10,0,Brooke Burke,30.0,0.33951124550986667,0.3403257172668593,0.3227700501303912,0.35186111496869554,3395112.4550986667,3227700.5013039117,3518611.1496869554
7,10,5,Lance Bass,27.5,0.32876657791688263,0.3282425662070041,0.31625393714664046,0.3409242071351454,3287665.7791688265,3162539.3714664048,3409242.0713514537
7,10,12,Warren Sapp,27.5,0.3317221765732507,0.3314749127142897,0.321062895393608,0.3437476874500729,3317221.765732507,3210628.95393608,3437476.874500729
8,1,0,Belinda Carlisle,17.0,0.07584287025997659,0.07595428684729617,0.07208848035767994,0.07988095979910634,758428.7025997658,720884.8035767993,798809.5979910634
8,1,1,Chuck Wicks,20.0,0.0772437485033145,0.07734385644516463,0.0734388096630066,0.081148076878446,772437.485033145,734388.096630066,811480.7687844599
8,1,2,David Alan Grier,19.0,0.07629019443826128,0.07628612838062883,0.07119563315584859,0.08016534239775708,762901.9443826128,711956.3315584859,801653.4239775707
8,1,3,Denise Richards,18.0,0.0761863031300072,0.07627169572946388,0.07284849367084793,0.07997514457457731,761863.031300072,728484.9367084793,799751.4457457731
8,1,4,Gilles Marini,24.0,0.07873881031804195,0.07853681621752719,0.07454849456565371,0.0849489454922317,787388.1031804194,745484.9456565371,849489.454922317
8,1,5,Holly Madison,18.0,0.07700411561150862,0.07730310469383546,0.07312675594139016,0.08120381593366408,770041.1561150862,731267.5594139016,812038.1593366407
8,1,6,Lawrence Taylor,16.0,0.07592870785269056,0.07606888264683272,0.07227307958146835,0.07933653859526335,759287.0785269055,722730.7958146835,793365.3859526335
8,1,7,Lil' Kim,21.0,0.07736822243827932,0.07770304150221015,0.07311023361378878,0.08043727959689938,773682.2243827932,731102.3361378878,804372.7959689938
8,1,8,Melissa Rycroft,23.0,0.07881462208812097,0.0786587218722301,0.07524496408254734,0.08328901293288112,788146.2208812097,752449.6408254735,832890.1293288112
8,1,9,Shawn Johnson,23.0,0.07859040159926602,0.07820327840029927,0.07429431783658516,0.08447927945272973,785904.0159926602,742943.1783658516,844792.7945272974
8,1,10,Steve Wozniak,13.0,0.07542912839589888,0.07561746785895813,0.07049207834422244,0.07896425138704613,754291.2839589888,704920.7834422244,789642.5138704613
8,1,11,Steve-O,17.0,0.07646709924493916,0.07626437802838254,0.07299557934442454,0.08034970713594983,764670.9924493916,729955.7934442454,803497.0713594983
8,1,12,Ty Murray,14.0,0.07609577611969498,0.07618805967279813,0.07170788346284834,0.08145492477063027,760957.7611969498,717078.8346284834,814549.2477063027
8,2,0,Belinda Carlisle,18.0,0.07569644797567965,0.0758752943070858,0.07189613635482009,0.07961718897130356,756964.4797567965,718961.3635482009,796171.8897130355
8,2,1,Chuck Wicks,20.0,0.07672310381657409,0.07682014580009532,0.07269488787406297,0.08058934995912821,767231.0381657409,726948.8787406298,805893.4995912821
8,2,2,David Alan Grier,17.0,0.07524739453851553,0.07525540635743715,0.06947615485000024,0.07900482281562,752473.9453851554,694761.5485000024,790048.2281562
8,2,3,Denise Richards,21.0,0.07657467127902988,0.07653115260397719,0.07318787978995762,0.08022124172920407,765746.7127902987,731878.7978995763,802212.4172920407
8,2,4,Gilles Marini,27.0,0.07896182887714885,0.07874519759097752,0.07469698173273712,0.08508591626302875,789618.2887714885,746969.8173273712,850859.1626302875
8,2,5,Holly Madison,18.0,0.07654331286079212,0.07698130837977475,0.07282280478761706,0.08064158864963661,765433.1286079212,728228.0478761706,806415.8864963661
8,2,6,Lawrence Taylor,20.0,0.07665612238555258,0.0767708381238578,0.07302272576501498,0.08002210551330532,766561.2238555258,730227.2576501498,800221.0551330532
8,2,7,Lil' Kim,23.0,0.07738724262962812,0.07771823939266753,0.07311902460359862,0.08045600929637531,773872.4262962813,731190.2460359862,804560.092963753
8,2,8,Melissa Rycroft,26.0,0.07906745933760374,0.07890334018862219,0.07534930304253583,0.0839929139118075,790674.5933760374,753493.0304253583,839929.139118075
8,2,9,Shawn Johnson,24.0,0.07825834048476879,0.07788915842251493,0.07399977048732442,0.08391463724944692,782583.4048476879,739997.7048732443,839146.3724944692
8,2,10,Steve Wozniak,17.0,0.07623663370903293,0.07615128334357658,0.07164230743579555,0.0797825217683435,762366.3370903293,716423.0743579556,797825.217683435
8,2,11,Steve-O,14.0,0.07519652109443814,0.07521182463031735,0.07156628550988844,0.0792813846093241,751965.2109443814,715662.8550988844,792813.846093241
8,2,12,Ty Murray,20.0,0.07745092101123557,0.07751614546209643,0.07331555016446191,0.08235832966358173,774509.2101123558,733155.501644619,823583.2966358173
8,3,1,Chuck Wicks,23.0,0.08357261751958096,0.08358112374447002,0.07932397448612818,0.08789343740414673,835726.1751958097,793239.7448612818,878934.3740414673
8,3,2,David Alan Grier,24.0,0.08308731961471758,0.08326129415341911,0.07770162356959451,0.08767768090800447,830873.1961471757,777016.2356959451,876776.8090800447
8,3,3,Denise Richards,16.0,0.08164998906223539,0.08181987978053437,0.07761995257843735,0.08577305385568952,816499.8906223539,776199.5257843734,857730.5385568952
8,3,4,Gilles Marini,27.0,0.08465816514755556,0.08434144541130358,0.08050583884908752,0.09152374712767597,846581.6514755556,805058.3884908751,915237.4712767598
8,3,5,Holly Madison,17.0,0.0827348930167167,0.083339246288379,0.0786995388154563,0.08735532455918678,827348.930167167,786995.388154563,873553.2455918678
8,3,6,Lawrence Taylor,20.0,0.08286996397247737,0.08306083246812564,0.07907763113943418,0.08657806944308324,828699.6397247737,790776.3113943419,865780.6944308324
8,3,7,Lil' Kim,25.0,0.08378715461006442,0.08415561566916238,0.07913728860658026,0.08693854855869394,837871.5461006442,791372.8860658025,869385.4855869394
8,3,8,Melissa Rycroft,27.0,0.08508704494552222,0.08496783764016187,0.08137877183685535,0.08960347929192869,850870.4494552221,813787.7183685536,896034.7929192869
8,3,9,Shawn Johnson,27.0,0.08484567727626785,0.08446890095768697,0.0803602741632837,0.0910576708203623,848456.7727626784,803602.741632837,910576.708203623
8,3,10,Steve Wozniak,10.0,0.0812654720318613,0.08154688078888626,0.07581209752100644,0.08524315426424922,812654.720318613,758120.9752100644,852431.5426424922
8,3,11,Steve-O,15.0,0.08207575986356903,0.08196801218266729,0.07818016981764954,0.08652911612820247,820757.5986356903,781801.6981764954,865291.1612820247
8,3,12,Ty Murray,23.0,0.08436594293943163,0.08426378751819712,0.07993099053989634,0.09002524926324247,843659.4293943163,799309.9053989635,900252.4926324247
8,4,1,Chuck Wicks,22.0,0.09069090876260781,0.09065933920442446,0.08607366518242338,0.09547754002412225,906909.0876260782,860736.6518242337,954775.4002412225
8,4,2,David Alan Grier,22.0,0.08993595262170859,0.09016473986266656,0.08397667516257937,0.0945901181562588,899359.5262170859,839766.7516257936,945901.181562588
8,4,4,Gilles Marini,30.0,0.09269468104733662,0.0923176001539611,0.08816213684915038,0.10003030784352189,926946.8104733662,881621.3684915038,1000303.0784352189
8,4,5,Holly Madison,16.0,0.08985923110035146,0.09031586901594368,0.08529809594238368,0.09475140611814388,898592.3110035146,852980.9594238368,947514.0611814389
8,4,6,Lawrence Taylor,19.0,0.08996547567170375,0.09004112668829543,0.08590938301717825,0.0939102867022467,899654.7567170375,859093.8301717825,939102.867022467
8,4,7,Lil' Kim,27.0,0.09154729551969304,0.09187912705669972,0.08668910438315461,0.0951148744028756,915472.9551969304,866891.0438315461,951148.7440287559
8,4,8,Melissa Rycroft,29.0,0.0929410570377059,0.09280468488276826,0.08886005275452116,0.09804199129038313,929410.570377059,888600.5275452116,980419.9129038313
8,4,9,Shawn Johnson,25.0,0.09179703282295144,0.09150054327073645,0.08692296841864063,0.09735737383755169,917970.3282295144,869229.6841864062,973573.738375517
8,4,10,Steve Wozniak,12.0,0.08898134189185301,0.08917521060555479,0.08294091325988473,0.09304846792747683,889813.4189185301,829409.1325988473,930484.6792747682
8,4,11,Steve-O,15.0,0.08938046547942229,0.08928392920553532,0.08490303060770728,0.0943919168135634,893804.6547942229,849030.3060770727,943919.168135634
8,4,12,Ty Murray,25.0,0.09220655804466608,0.0920181831549328,0.08746280888970945,0.09834017800579933,922065.5804466609,874628.0888970945,983401.7800579934
8,5,1,Chuck Wicks,23.0,0.11075600010700978,0.11103911874121793,0.10456554253140038,0.11609756855629738,1107560.0010700978,1045655.4253140038,1160975.6855629738
8,5,2,David Alan Grier,22.0,0.10938584049932452,0.10971336854425848,0.10195316951626698,0.11515771959163494,1093858.4049932451,1019531.6951626699,1151577.1959163493
8,5,4,Gilles Marini,29.0,0.11383823128116417,0.1134480997450642,0.10826947888474296,0.12233292719925999,1138382.3128116417,1082694.7888474297,1223329.2719925998
8,5,6,Lawrence Taylor,20.0,0.1093036882472251,0.10949887928950225,0.1042121333626813,0.11425084984202022,1093036.882472251,1042121.333626813,1142508.4984202022
8,5,7,Lil' Kim,26.0,0.11185160951302166,0.11200613406037445,0.10563594614478583,0.1161639836624881,1118516.0951302166,1056359.4614478583,1161639.836624881
8,5,8,Melissa Rycroft,25.0,0.11254835328419874,0.11241728715269898,0.10786830953463318,0.118302784881627,1125483.5328419874,1078683.0953463318,1183027.84881627
8,5,9,Shawn Johnson,26.0,0.11269101828822785,0.11243734444235075,0.10626597661539723,0.12024131403018501,1126910.1828822785,1062659.7661539724,1202413.1403018502
8,5,11,Steve-O,18.0,0.10873320052430947,0.10866077170378688,0.10316509252995412,0.11397028692002696,1087332.0052430946,1031650.9252995412,1139702.8692002697
8,5,12,Ty Murray,21.0,0.11089205825551875,0.11089217357947381,0.10543581054053268,0.1183317148543593,1108920.5825551874,1054358.1054053267,1183317.148543593
8,6,1,Chuck Wicks,23.0,0.1245168280088403,0.12476159349040686,0.11778153499961629,0.1308735744647279,1245168.280088403,1177815.3499961628,1308735.744647279
8,6,4,Gilles Marini,26.0,0.12608896515984414,0.12586494656765923,0.12087281696449073,0.13510696344384543,1260889.6515984414,1208728.1696449073,1351069.6344384544
8,6,6,Lawrence Taylor,22.0,0.12399831688834718,0.12371433513247226,0.1186562151789049,0.1300637047050421,1239983.1688834717,1186562.151789049,1300637.0470504211
8,6,7,Lil' Kim,28.0,0.12626527581273964,0.12665023113113158,0.11967824542787991,0.1308783264719159,1262652.7581273965,1196782.4542787992,1308783.264719159
8,6,8,Melissa Rycroft,27.0,0.12715831492064728,0.12671894519540292,0.12206734385574827,0.13410038269824193,1271583.1492064728,1220673.4385574828,1341003.8269824192
8,6,9,Shawn Johnson,26.0,0.1263752563533926,0.1261765770766378,0.11940290316756715,0.13394327829242522,1263752.5635339261,1194029.0316756715,1339432.7829242523
8,6,11,Steve-O,16.0,0.12194355075370862,0.12181660806298682,0.11553136437990937,0.12811804340870825,1219435.5075370863,1155313.6437990936,1281180.4340870825
8,6,12,Ty Murray,18.0,0.12365349210248024,0.1236821509863236,0.11733092362319114,0.13214053969146092,1236534.9210248024,1173309.2362319115,1321405.3969146092
8,7,1,Chuck Wicks,27.0,0.14316203588989035,0.14386437566607088,0.13576904881872223,0.15137508902295738,1431620.3588989035,1357690.4881872223,1513750.8902295737
8,7,4,Gilles Marini,27.0,0.1435470591129135,0.14261293498737304,0.1376467780797603,0.1536619140089807,1435470.5911291349,1376467.780797603,1536619.1400898069
8,7,6,Lawrence Taylor,21.0,0.13852180817179158,0.13901404602015105,0.13103646511665218,0.1447760918073499,1385218.0817179158,1310364.6511665217,1447760.918073499
8,7,7,Lil' Kim,26.0,0.14205169610721602,0.142573928784172,0.13379357233492967,0.14777077414351866,1420516.9610721602,1337935.7233492967,1477707.7414351867
8,7,8,Melissa Rycroft,29.0,0.14584908432090057,0.14514977912572755,0.13979424093318316,0.15431055701014573,1458490.8432090057,1397942.4093318316,1543105.5701014574
8,7,9,Shawn Johnson,28.0,0.1446495229873592,0.14412702434753544,0.13667865762691483,0.1538360031529875,1446495.229873592,1366786.5762691484,1538360.031529875
8,7,12,Ty Murray,24.0,0.14221879340992877,0.14196390490332772,0.13580351434924817,0.1513789646203648,1422187.9340992877,1358035.1434924817,1513789.6462036478
8,8,1,Chuck Wicks,25.5,0.16533921363966247,0.16587717291087148,0.15654925501004152,0.1731586970952862,1653392.1363966248,1565492.5501004152,1731586.970952862
8,8,4,Gilles Marini,27.5,0.16857698092507573,0.16788483669104928,0.1613434712378541,0.1799453273742142,1685769.8092507573,1613434.7123785412,1799453.2737421421
8,8,7,Lil' Kim,28.0,0.16841192181840264,0.16897025483528805,0.15976911766062749,0.17495314577630972,1684119.2181840264,1597691.176606275,1749531.4577630972
8,8,8,Melissa Rycroft,23.0,0.1632129728371721,0.1639556693607963,0.15251956239627762,0.17211395601184684,1632129.728371721,1525195.6239627763,1721139.5601184685
8,8,9,Shawn Johnson,26.0,0.16685439840751312,0.16619482831453206,0.15712074779317445,0.17592502639788804,1668543.9840751311,1571207.4779317444,1759250.2639788804
8,8,12,Ty Murray,26.0,0.16760451237217394,0.16727828255939192,0.16036332617302423,0.17857250840698724,1676045.1237217395,1603633.2617302423,1785725.0840698725
8,9,4,Gilles Marini,28.0,0.20132880660548344,0.20104228279505026,0.19246294613739245,0.2145100179114392,2013288.0660548343,1924629.4613739245,2145100.179114392
8,9,7,Lil' Kim,26.0,0.1976879048851841,0.19797558256291276,0.18558559532428198,0.20576498872541937,1976879.048851841,1855855.9532428198,2057649.8872541937
8,9,8,Melissa Rycroft,28.5,0.20304475308028536,0.202442298576604,0.1940362311132648,0.21419083167117509,2030447.5308028536,1940362.3111326478,2141908.316711751
8,9,9,Shawn Johnson,28.0,0.20179262064032683,0.20085243771319294,0.19083729956002674,0.21298085388144836,2017926.2064032683,1908372.9956002673,2129808.5388144837
8,9,12,Ty Murray,23.0,0.19614591478872023,0.19637099427527901,0.1862733126647575,0.208359775785077,1961459.1478872022,1862733.126647575,2083597.75785077
8,10,4,Gilles Marini,30.0,0.25318182557381413,0.25265466522319047,0.24201199010903782,0.267555333845798,2531818.2557381415,2420119.901090378,2675553.3384579797
8,10,8,Melissa Rycroft,27.5,0.2505897315580104,0.25056102047620515,0.2388599942148115,0.26240329930813366,2505897.315580104,2388599.942148115,2624032.993081337
8,10,9,Shawn Johnson,28.0,0.25063166075589915,0.25071213544581683,0.2379540889059441,0.26304119223167377,2506316.6075589918,2379540.889059441,2630411.9223167375
8,10,12,Ty Murray,24.0,0.24559678211227634,0.24573008478685845,0.23374523741765935,0.26091759656110197,2455967.821122763,2337452.3741765935,2609175.9656110196
8,11,4,Gilles Marini,29.0,0.3312560481261641,0.33067369940146096,0.3176285693522273,0.34790754449193373,3312560.4812616413,3176285.6935222726,3479075.4449193375
8,11,8,Melissa Rycroft,28.5,0.3294722104278047,0.33007750049984447,0.30834353643632484,0.344299389302017,3294722.104278047,3083435.3643632485,3442993.89302017
8,11,9,Shawn Johnson,30.0,0.3392717414460312,0.3391837968878856,0.32239893919839246,0.3594258370537234,3392717.414460312,3223989.3919839244,3594258.370537234
9,1,0,Aaron Carter,31.999899999999997,0.06378856490039335,0.06382727877227577,0.06031676180560829,0.06731267737515935,637885.6490039335,603167.6180560829,673126.7737515935
9,1,1,Ashley Hamiliton,18.9999,0.06107195456210949,0.06093461100682083,0.05737702248603693,0.06425738699822763,610719.5456210949,573770.2248603693,642573.8699822762
9,1,2,Chuck Liddell,22.0,0.06207551733442597,0.062375825129230886,0.05837086247017335,0.0649089881418468,620755.1733442597,583708.6247017335,649089.881418468
9,1,3,Debi Mazar,22.0,0.062114998785536626,0.061799417886285894,0.058494221062707435,0.06570681008852793,621149.9878553663,584942.2106270744,657068.1008852792
9,1,4,Donny Osmond,29.999899999999997,0.06462248998152932,0.0648520734544466,0.06116932305502599,0.06851037724092762,646224.8998152933,611693.2305502599,685103.7724092762
9,1,5,Joanna Krupa,33.9999,0.06341018792248686,0.06299861399653194,0.06044724992091855,0.06759838116935976,634101.8792248686,604472.4992091855,675983.8116935976
9,1,6,Kathy Ireland,19.9999,0.06114568609806708,0.06148402892346331,0.058040784082956265,0.06342399036489735,611456.8609806708,580407.8408295626,634239.9036489734
9,1,7,Kelly Osbourne,30.9998,0.06332625641180385,0.06268786429453026,0.060456892692754054,0.06848239440307244,633262.5641180385,604568.9269275406,684823.9440307243
9,1,8,Louie Vito,26.9998,0.06299681921864134,0.06298628779739648,0.06009884209308351,0.06600941288985349,629968.1921864133,600988.4209308351,660094.1288985348
9,1,9,Macy Gray,18.9999,0.061554263957685484,0.06166734445224737,0.05799241305836284,0.06427445932381155,615542.6395768549,579924.1305836284,642744.5932381155
9,1,10,Mark Dacascos,28.9998,0.06344553777485594,0.06351732393661112,0.060717763382909816,0.06563847884623798,634455.3777485593,607177.6338290982,656384.7884623798
9,1,11,Melissa Joan Hart,24.0,0.06199039860408867,0.062025567898029745,0.05848876582682176,0.06510339736452093,619903.9860408867,584887.6582682176,651033.9736452093
9,1,12,Michael Irvin,19.0,0.061727267623206454,0.061945958012922325,0.05748624202427216,0.06454402392153892,617272.6762320645,574862.4202427216,645440.2392153892
9,1,13,Mya,30.999899999999997,0.06347639428843409,0.06326085368021349,0.06102141102069771,0.06785120872263604,634763.9428843409,610214.1102069771,678512.0872263605
9,1,14,Natalie Coughlin,26.9998,0.06227582758110534,0.062379922705804634,0.05815116019304953,0.06490662946488475,622758.2758110535,581511.6019304952,649066.2946488475
9,1,15,Tom DeLay,19.9999,0.06097783495563011,0.060737064931699086,0.058138578229935046,0.06410804148603351,609778.3495563011,581385.7822993505,641080.4148603351
9,2,0,Aaron Carter,27.0,0.07359730757789493,0.07345707881621344,0.0696064672741523,0.07825046462060124,735973.0757789493,696064.672741523,782504.6462060125
9,2,2,Chuck Liddell,19.0,0.07089951579522308,0.07124405797322987,0.06682977022988162,0.07421983127806372,708995.1579522308,668297.7022988163,742198.3127806373
9,2,3,Debi Mazar,21.0,0.07158491147826232,0.07131166388619647,0.06787208919111375,0.07539460070309474,715849.1147826232,678720.8919111375,753946.0070309474
9,2,4,Donny Osmond,25.0,0.07427381613243302,0.0745211663234857,0.07023846906136,0.07897249844292051,742738.1613243301,702384.6906136,789724.9844292051
9,2,5,Joanna Krupa,20.0,0.07051605441557533,0.0707860768024512,0.06717556852112423,0.075056712789393,705160.5441557533,671755.6852112423,750567.12789393
9,2,6,Kathy Ireland,18.0,0.06988526684659029,0.07024225970972969,0.06635111598325755,0.07282256743081376,698852.6684659029,663511.1598325755,728225.6743081376
9,2,7,Kelly Osbourne,19.0,0.07064376515234234,0.07012135792552238,0.0678349448927857,0.07660865327036916,706437.6515234235,678349.448927857,766086.5327036915
9,2,8,Louie Vito,19.0,0.07102152359855422,0.07133075741566797,0.0672230265531596,0.07426719347538731,710215.2359855422,672230.265531596,742671.934753873
9,2,10,Mark Dacascos,21.0,0.07180067223605587,0.07227360227711542,0.06819438485797001,0.07406951233999616,718006.7223605587,681943.8485797001,740695.1233999616
9,2,11,Melissa Joan Hart,19.0,0.07043555057982816,0.0706630125400571,0.06591402595372649,0.07383333242965628,704355.5057982815,659140.2595372648,738333.3242965628
9,2,12,Michael Irvin,20.0,0.07137413198091824,0.07143240472138482,0.06719793711483284,0.07478670937068527,713741.3198091824,671979.3711483284,747867.0937068526
9,2,13,Mya,27.0,0.07342872915284654,0.07314237386340147,0.07105979547625237,0.0796103418006992,734287.2915284653,710597.9547625236,796103.418006992
9,2,14,Natalie Coughlin,21.0,0.07084450157716264,0.07088614437344132,0.06605082504238227,0.07380319458893478,708445.0157716264,660508.2504238227,738031.9458893478
9,2,15,Tom DeLay,18.0,0.06969425347631303,0.06945695344076329,0.0667034294771296,0.07335226469771554,696942.5347631302,667034.294771296,733522.6469771554
9,3,0,Aaron Carter,21.0,0.07741462093737982,0.0775722763575814,0.07325840365408676,0.08092060836075637,774146.2093737981,732584.0365408675,809206.0836075637
9,3,2,Chuck Liddell,17.0,0.07621532384523769,0.07649599637858652,0.0716745866449896,0.07987522194511537,762153.2384523769,716745.866449896,798752.2194511538
9,3,3,Debi Mazar,17.0,0.07626365318742337,0.07581443471634182,0.07176944508823421,0.0805962640215659,762636.5318742337,717694.4508823422,805962.640215659
9,3,4,Donny Osmond,21.0,0.07883296224632448,0.079205177741735,0.07508563433704755,0.08323705742927513,788329.6224632448,750856.3433704756,832370.5742927514
9,3,5,Joanna Krupa,23.0,0.07711197298422358,0.07687352701982465,0.07350399892146343,0.0821711468756912,771119.7298422358,735039.9892146343,821711.468756912
9,3,7,Kelly Osbourne,20.0,0.07677092468217181,0.07631049030402837,0.07337289737055108,0.08287539538414507,767709.246821718,733728.9737055108,828753.9538414506
9,3,8,Louie Vito,20.0,0.07717819132813032,0.07744050375504415,0.07330375896012084,0.08093905832716457,771781.9132813032,733037.5896012085,809390.5832716457
9,3,10,Mark Dacascos,18.0,0.07676871194851886,0.07726786520537435,0.07285012559017456,0.07928886698026051,767687.1194851886,728501.2559017456,792888.669802605
9,3,11,Melissa Joan Hart,19.0,0.07626400998205776,0.07616144242856471,0.07189043513876746,0.08004764400214692,762640.0998205777,718904.3513876746,800476.4400214693
9,3,12,Michael Irvin,14.0,0.0755603029616931,0.07594927666674398,0.07027616501754377,0.0790079836006344,755603.029616931,702761.6501754377,790079.836006344
9,3,13,Mya,27.0,0.07893447354870053,0.07861743679708381,0.07636895985902874,0.08523450441297205,789344.7354870053,763689.5985902874,852345.0441297204
9,3,14,Natalie Coughlin,26.0,0.07796735765962437,0.07789027055877308,0.07344428888884237,0.08233559622298872,779673.5765962437,734442.8888884237,823355.9622298873
9,3,15,Tom DeLay,15.0,0.07471749468851432,0.07436077060478942,0.07115741215019797,0.07847461270259695,747174.9468851433,711574.1215019797,784746.1270259696
9,4,0,Aaron Carter,18.0,0.08992038443940231,0.09023279516201095,0.08506697770254044,0.09320230009761403,899203.8443940231,850669.7770254044,932023.0009761403
9,4,2,Chuck Liddell,17.0,0.0895420528138114,0.08960146837509723,0.08371749792789998,0.0934765723421431,895420.528138114,837174.9792789998,934765.723421431
9,4,4,Donny Osmond,24.0,0.09326892084180921,0.09330449916191148,0.08866124902965959,0.09840876214762243,932689.2084180921,886612.490296596,984087.6214762243
9,4,5,Joanna Krupa,26.0,0.09113871693347159,0.09145711506876653,0.08674618686145064,0.09732184745436281,911387.1693347158,867461.8686145063,973218.4745436282
9,4,7,Kelly Osbourne,23.0,0.09088016849113531,0.08991737547123392,0.08682281846423975,0.09785485608819519,908801.684911353,868228.1846423976,978548.5608819519
9,4,8,Louie Vito,16.0,0.08941942646288666,0.08991955670692474,0.08438396251060999,0.0934137708329245,894194.2646288666,843839.6251060999,934137.708329245
9,4,10,Mark Dacascos,22.0,0.09125221430419442,0.09194980203710001,0.08752912059801579,0.09373664389572603,912522.1430419441,875291.205980158,937366.4389572603
9,4,11,Melissa Joan Hart,28.0,0.0920090291954786,0.09186493412977795,0.08730856397120153,0.0972442899916346,920090.2919547859,873085.6397120153,972442.8999163461
9,4,12,Michael Irvin,16.0,0.08946090412244853,0.09000096478918987,0.08385386535788247,0.09362120702802307,894609.0412244853,838538.6535788247,936212.0702802307
9,4,13,Mya,28.0,0.09251466929592614,0.09210058269404915,0.08933513514792676,0.0991655934838385,925146.6929592614,893351.3514792676,991655.934838385
9,4,14,Natalie Coughlin,24.0,0.09059351309943585,0.09077161748454173,0.08430816113592755,0.09554931431453147,905935.1309943584,843081.6113592755,955493.1431453147
9,5,0,Aaron Carter,24.0,0.10000949277816797,0.10006599510194668,0.09497602181077222,0.10408868826651532,1000094.9277816797,949760.2181077222,1040886.8826651532
9,5,4,Donny Osmond,29.0,0.10480015975130913,0.10480836569941844,0.09884293101782475,0.11198943629347258,1048001.5975130913,988429.3101782475,1119894.3629347258
9,5,5,Joanna Krupa,24.0,0.0989098648857574,0.09937740050311149,0.09433065916700417,0.10575463278516613,989098.648857574,943306.5916700417,1057546.3278516612
9,5,7,Kelly Osbourne,24.0,0.09953703394752966,0.09827479342628483,0.09556103998367872,0.1073979911024433,995370.3394752967,955610.3998367873,1073979.911024433
9,5,8,Louie Vito,22.0,0.0989337023596931,0.09945004102980694,0.0936853382034224,0.10307728976686459,989337.0235969309,936853.382034224,1030772.8976686458
9,5,10,Mark Dacascos,26.0,0.10140321573636556,0.10187798736441205,0.0969189211324423,0.10471390053307744,1014032.1573636555,969189.211324423,1047139.0053307745
9,5,11,Melissa Joan Hart,23.0,0.09867501760810453,0.09925229626089939,0.09268354748288465,0.1028112513175159,986750.1760810453,926835.4748288465,1028112.513175159
9,5,12,Michael Irvin,21.0,0.09842035220033109,0.09904097348784571,0.09205641651078342,0.10276458799873084,984203.5220033108,920564.1651078342,1027645.8799873084
9,5,13,Mya,27.0,0.10150293817302043,0.10112560641281601,0.09803495367957263,0.1089454843858624,1015029.3817302043,980349.5367957263,1089454.843858624
9,5,14,Natalie Coughlin,22.0,0.09780822255972113,0.09847119306894317,0.0900228515040234,0.10154813534526527,978082.2255972113,900228.515040234,1015481.3534526527
9,6,0,Aaron Carter,32.9998,0.11242289397241823,0.11244419397340036,0.10649576839176467,0.11802898238805543,1124228.9397241822,1064957.6839176468,1180289.8238805542
9,6,4,Donny Osmond,30.999899999999997,0.11384572035118974,0.11371634968248757,0.10810499630952734,0.12018287035097792,1138457.2035118975,1081049.9630952734,1201828.7035097792
9,6,5,Joanna Krupa,35.9999,0.1121155200072194,0.1122818448361058,0.10715266851591343,0.11966499123952908,1121155.200072194,1071526.6851591342,1196649.9123952908
9,6,7,Kelly Osbourne,24.9998,0.10942213375874645,0.1085216006015984,0.10502343737644323,0.11872523564199787,1094221.3375874644,1050234.3737644323,1187252.3564199787
9,6,8,Louie Vito,24.0,0.10969934277538057,0.11026085481583635,0.10400856170078387,0.1141194373041003,1096993.4277538056,1040085.6170078388,1141194.373041003
9,6,10,Mark Dacascos,32.0,0.11238543760448422,0.11293942747449234,0.10763981162398006,0.1160050066313827,1123854.3760448422,1076398.1162398006,1160050.066313827
9,6,11,Melissa Joan Hart,23.9999,0.10879573162594018,0.10935699058737872,0.10133407506846558,0.11338977253638746,1087957.3162594019,1013340.7506846557,1133897.7253638746
9,6,12,Michael Irvin,21.9998,0.10914600578671436,0.10987249524054338,0.10208362672136374,0.11421468550668541,1091460.0578671435,1020836.2672136375,1142146.855066854
9,6,13,Mya,33.0,0.11216721411790688,0.11182076714789059,0.10830975632185888,0.11988527375012227,1121672.1411790687,1083097.5632185887,1198852.7375012226
9,7,0,Aaron Carter,26.5,0.14422116485431855,0.14385911842655572,0.13675717738768856,0.15087176652832118,1442211.6485431856,1367571.7738768857,1508717.6652832117
9,7,4,Donny Osmond,26.0,0.14634097650481112,0.14687422672437228,0.13876484170073802,0.15453700942725232,1463409.7650481113,1387648.4170073802,1545370.0942725232
9,7,5,Joanna Krupa,27.5,0.14363474471251425,0.14372447955907985,0.13780327297018166,0.1534177324015734,1436347.4471251424,1378032.7297018166,1534177.3240157338
9,7,7,Kelly Osbourne,26.0,0.1430273681001241,0.14194636816916478,0.13766739213631035,0.1533278769712783,1430273.6810012409,1376673.9213631034,1533278.7697127832
9,7,10,Mark Dacascos,21.5,0.1395744059126128,0.1403133483066641,0.12977584875169623,0.14396962450488168,1395744.059126128,1297758.4875169622,1439696.2450488168
9,7,12,Michael Irvin,23.5,0.14133530929610058,0.14180478895873708,0.13216978420956293,0.14847049611638677,1413353.0929610059,1321697.8420956293,1484704.9611638677
9,7,13,Mya,24.5,0.14186603061951863,0.14153032484425748,0.13618257341435755,0.14910996566605567,1418660.3061951865,1361825.7341435754,1491099.6566605566
9,8,0,Aaron Carter,25.0,0.1980988641822097,0.1990698242476507,0.18560577002479373,0.20519310024203938,1980988.6418220971,1856057.7002479373,2051931.0024203938
9,8,4,Donny Osmond,25.0,0.20170184605408648,0.20241154946469742,0.19278334341322187,0.212969212073614,2017018.4605408648,1927833.4341322186,2129692.12073614
9,8,5,Joanna Krupa,26.0,0.1974586073872117,0.19739011282687918,0.1897252471692916,0.2112002226166799,1974586.0738721169,1897252.471692916,2112002.2261667987
9,8,7,Kelly Osbourne,25.5,0.1979095698031959,0.19622412105108053,0.19082601189171025,0.2125629357781912,1979095.6980319591,1908260.1189171025,2125629.3577819117
9,8,13,Mya,29.5,0.20483111257329623,0.20399288303795446,0.1976216458567832,0.21841278588120627,2048311.1257329623,1976216.4585678321,2184127.8588120625
9,9,4,Donny Osmond,24.666600000000003,0.2502794907731891,0.2517649664519148,0.240304195013943,0.2629353154926087,2502794.907731891,2403041.95013943,2629353.154926087
9,9,5,Joanna Krupa,27.0,0.24793037749460797,0.24801655042876586,0.2378432022838496,0.2619569871665139,2479303.7749460796,2378432.0228384957,2619569.8716651388
9,9,7,Kelly Osbourne,25.9998,0.2473767886442586,0.24676391331032704,0.23665480003334072,0.2635056093662376,2473767.886442586,2366548.000333407,2635056.093662376
9,9,13,Mya,28.9999,0.2544133430879443,0.2529227097413941,0.24596018267865055,0.2678082104130734,2544133.430879443,2459601.8267865055,2678082.104130734
9,10,4,Donny Osmond,28.9998,0.3422347429770122,0.3430151916622727,0.3251510521318005,0.36047609383877766,3422347.429770122,3251510.521318005,3604760.9383877767
9,10,7,Kelly Osbourne,25.2222,0.3242932823765735,0.3232770718666084,0.30967657390666875,0.3448658628192711,3242932.823765735,3096765.7390666874,3448658.628192711
9,10,13,Mya,28.3332,0.3334719746464143,0.33388687616363155,0.32033487452787357,0.3455275537656367,3334719.746464143,3203348.7452787356,3455275.5376563673
10,1,0,Aiden Turner,15.0,0.0892172827200374,0.08929903895611607,0.08389563318124307,0.09330453649324363,892172.827200374,838956.3318124308,933045.3649324364
10,1,1,Buzz Aldrin,14.0,0.0889300062388605,0.0889941207047305,0.08403045192886291,0.09389117982435931,889300.0623886051,840304.5192886291,938911.7982435931
10,1,2,Chad Ochocinco,18.0,0.09047693359254867,0.09069242774431463,0.08634913881117462,0.09455457975954437,904769.3359254868,863491.3881117462,945545.7975954437
10,1,3,Erin Andrews,21.0,0.0924895136534357,0.09235780413676506,0.08824077317313267,0.09632280170116736,924895.1365343571,882407.7317313267,963228.0170116737
10,1,4,Evan Lysacek,23.0,0.09250309923820439,0.09229868901872093,0.08885953919734586,0.09719762738214216,925030.992382044,888595.3919734586,971976.2738214215
10,1,5,Jake Pavelka,20.0,0.09077671459407037,0.09063272697521677,0.08676427396896207,0.09564748292005631,907767.1459407037,867642.7396896207,956474.8292005631
10,1,6,Kate Gosselin,16.0,0.08982354816621368,0.08973286575346882,0.08514277761348558,0.09446393387088338,898235.4816621369,851427.7761348558,944639.3387088338
10,1,7,Nicole Scherzinger,25.0,0.09294377261745587,0.09281757901167498,0.08854810549935128,0.09930050185958732,929437.7261745587,885481.0549935128,993005.0185958731
10,1,8,Niecy Nash,18.0,0.09123332726734487,0.09146704236919037,0.08641716045574746,0.09618698877935712,912333.2726734487,864171.6045574746,961869.8877935712
10,1,9,Pamela Anderson,21.0,0.09129730256823085,0.09127218187958955,0.08657348135511572,0.09583217405848668,912973.0256823085,865734.8135511572,958321.7405848668
10,1,10,Shannen Doherty,18.0,0.09030849934359768,0.09041424027471123,0.08577757477844276,0.09493939066659621,903084.9934359768,857775.7477844276,949393.9066659621
10,2,0,Aiden Turner,19.0,0.0904269048425303,0.0903082009028069,0.08555673493665775,0.09430479500200853,904269.048425303,855567.3493665775,943047.9500200853
10,2,1,Buzz Aldrin,12.0,0.08854746842434004,0.08862946231157022,0.08317181606637904,0.09367390932869629,885474.6842434003,831718.1606637904,936739.093286963
10,2,2,Chad Ochocinco,16.0,0.08971929532977033,0.08977590810864411,0.08543593486032779,0.0937386509214064,897192.9532977033,854359.3486032778,937386.509214064
10,2,3,Erin Andrews,23.0,0.09259184392817038,0.09247110360562885,0.08836277288879506,0.0964478760905465,925918.4392817038,883627.7288879505,964478.760905465
10,2,4,Evan Lysacek,24.0,0.09212394381847512,0.09182333014620435,0.08852321601151669,0.09651106150253051,921239.4381847512,885232.1601151669,965110.6150253051
10,2,5,Jake Pavelka,20.0,0.09039865262481742,0.09031569902004588,0.08639997623823456,0.09517576699860752,903986.5262481741,863999.7623823456,951757.6699860753
10,2,6,Kate Gosselin,15.0,0.0895343369364208,0.08946246630419763,0.08469096659353081,0.09398348605992742,895343.369364208,846909.6659353081,939834.8605992742
10,2,7,Nicole Scherzinger,28.0,0.09295921431774862,0.09282226077815121,0.08858155584980958,0.09933492098655217,929592.1431774861,885815.5584980957,993349.2098655216
10,2,8,Niecy Nash,21.0,0.09190294116542332,0.09216524425522282,0.08737163524550007,0.09689945720479555,919029.4116542331,873716.3524550006,968994.5720479555
10,2,9,Pamela Anderson,22.0,0.09111056677125512,0.09107416510764131,0.08641958974851927,0.09556033799731353,911105.6677125512,864195.8974851926,955603.3799731353
10,2,10,Shannen Doherty,20.0,0.09068483184104864,0.09067845506567508,0.0862954609057027,0.09528534604484934,906848.3184104864,862954.609057027,952853.4604484934
10,3,0,Aiden Turner,20.0,0.09964840227259505,0.09978224170938843,0.09431178113231184,0.10395382776387012,996484.0227259506,943117.8113231184,1039538.2776387011
10,3,1,Buzz Aldrin,13.0,0.09718845755052799,0.09734027420540231,0.09116327058817246,0.10283869653368834,971884.5755052799,911632.7058817246,1028386.9653368833
10,3,2,Chad Ochocinco,20.0,0.09980502540611479,0.10007645668240224,0.09527166842985217,0.1043478671669984,998050.2540611479,952716.6842985217,1043478.671669984
10,3,3,Erin Andrews,23.0,0.10188793411713676,0.10185842989633469,0.09727668210108026,0.10622701607361397,1018879.3411713676,972766.8210108026,1062270.1607361396
10,3,4,Evan Lysacek,26.0,0.10219395557367009,0.10190296747979737,0.09813256686537028,0.10790342181160198,1021939.5557367009,981325.6686537028,1079034.2181160199
10,3,5,Jake Pavelka,21.0,0.09967381885760804,0.09944898635144223,0.09532475953573646,0.10497064286270048,996738.1885760804,953247.5953573646,1049706.4286270048
10,3,6,Kate Gosselin,15.0,0.09807457328441783,0.09792635904230422,0.09263986575133619,0.10317403501063231,980745.7328441783,926398.6575133619,1031740.3501063231
10,3,7,Nicole Scherzinger,23.0,0.10068575767859884,0.10072417336838876,0.09628314975637936,0.10669698793139362,1006857.5767859884,962831.4975637936,1066969.8793139362
10,3,8,Niecy Nash,21.0,0.10101349586416583,0.10141164718606371,0.09594567142077975,0.10636418269013463,1010134.9586416583,959456.7142077975,1063641.8269013462
10,3,9,Pamela Anderson,21.0,0.09982857939516476,0.0998367006579598,0.0946770299415086,0.104695348134755,998285.7939516476,946770.299415086,1046953.48134755
10,4,0,Aiden Turner,16.5,0.1090814841485084,0.10913613144001383,0.10251675429658491,0.11418945816490564,1090814.841485084,1025167.5429658492,1141894.5816490564
10,4,2,Chad Ochocinco,22.0,0.11160507993507754,0.11186876038889709,0.10665476665991251,0.11656911857208214,1116050.7993507753,1066547.6665991251,1165691.1857208214
10,4,3,Erin Andrews,19.5,0.1115783186061902,0.11153561182622526,0.10624686630659452,0.11546041898094626,1115783.186061902,1062468.6630659453,1154604.1898094628
10,4,4,Evan Lysacek,26.0,0.11350366753594583,0.11299486270167795,0.10901445549073634,0.11982463995779201,1135036.6753594584,1090144.5549073634,1198246.39957792
10,4,5,Jake Pavelka,19.0,0.10975761864372774,0.10940276592826398,0.10463616466129136,0.11525785134030322,1097576.1864372774,1046361.6466129136,1152578.5134030322
10,4,6,Kate Gosselin,16.0,0.10915394560568838,0.10910776784413426,0.10323649845985056,0.11483153774749352,1091539.4560568838,1032364.9845985055,1148315.3774749353
10,4,7,Nicole Scherzinger,25.0,0.11265030253501934,0.11263148044441723,0.1077162312374957,0.11940698734527423,1126503.0253501935,1077162.312374957,1194069.8734527424
10,4,8,Niecy Nash,18.0,0.11080191323339143,0.11110835652517287,0.10460351032417038,0.11607490960230643,1108019.1323339143,1046035.1032417038,1160749.0960230643
10,4,9,Pamela Anderson,23.5,0.11186766975645118,0.11170545960812046,0.106255106494205,0.11776486614718805,1118676.6975645118,1062551.06494205,1177648.6614718805
10,5,2,Chad Ochocinco,18.0,0.12347532896895927,0.12358038635250516,0.11768841720244853,0.12874191004492347,1234753.2896895928,1176884.1720244854,1287419.1004492347
10,5,3,Erin Andrews,22.0,0.12617475268726194,0.12615523220534738,0.1202447115722611,0.13078007766952335,1261747.5268726195,1202447.115722611,1307800.7766952335
10,5,4,Evan Lysacek,27.0,0.12706450303603464,0.12652996705869307,0.12187932027643379,0.13354935784455615,1270645.0303603464,1218793.2027643379,1335493.5784455615
10,5,5,Jake Pavelka,23.0,0.12473586101283765,0.12439477852311795,0.11944263573679971,0.13117606544206462,1247358.6101283764,1194426.357367997,1311760.6544206461
10,5,6,Kate Gosselin,15.0,0.12249089687822713,0.12256518500431886,0.11542395764638953,0.12888547299993988,1224908.9687822713,1154239.5764638954,1288854.7299993988
10,5,7,Nicole Scherzinger,29.0,0.12738044493027625,0.1273279527655188,0.12155871483672227,0.13539456815677667,1273804.4493027625,1215587.1483672226,1353945.6815677667
10,5,8,Niecy Nash,18.0,0.12450625078268902,0.1247935581489682,0.11799338372241913,0.13030222257882237,1245062.5078268903,1179933.8372241913,1303022.2257882238
10,5,9,Pamela Anderson,21.0,0.12417196170371411,0.124115362363095,0.11768205985069216,0.1297456069421798,1241719.6170371412,1176820.5985069217,1297456.069421798
10,6,2,Chad Ochocinco,30.999899999999997,0.1432424829606157,0.14347566329907244,0.13728929071351545,0.1495593037866737,1432424.829606157,1372892.9071351546,1495593.037866737
10,6,3,Erin Andrews,34.0,0.1461390043410181,0.14627755837196532,0.13901943182168683,0.15285048866171747,1461390.0434101808,1390194.3182168682,1528504.8866171746
10,6,4,Evan Lysacek,27.0,0.14143027111039314,0.1412494335990857,0.1352967570019734,0.14753888206923,1414302.7111039313,1352967.570019734,1475388.8206922999
10,6,5,Jake Pavelka,24.999899999999997,0.13956756213391952,0.1392411258224412,0.13253852570622482,0.14654534297233576,1395675.6213391952,1325385.2570622482,1465453.4297233575
10,6,7,Nicole Scherzinger,35.9999,0.14543722746555077,0.14541427213207547,0.13881030872964403,0.15494312481333097,1454372.2746555076,1388103.0872964403,1549431.2481333097
10,6,8,Niecy Nash,25.9998,0.1419364127890377,0.1426403271787697,0.13444390450434995,0.14821236446614652,1419364.127890377,1344439.0450434994,1482123.6446614652
10,6,9,Pamela Anderson,29.9998,0.14224703919946508,0.1423499527472284,0.134902963605543,0.14883078926374235,1422470.3919946507,1349029.63605543,1488307.8926374235
10,7,2,Chad Ochocinco,26.0,0.16649645738832075,0.16662360813196708,0.1595529330504975,0.1736609912309087,1664964.5738832075,1595529.330504975,1736609.9123090869
10,7,3,Erin Andrews,25.5,0.1668140739929507,0.16700846824180024,0.1586951835707413,0.17313897123755814,1668140.739929507,1586951.835707413,1731389.7123755815
10,7,4,Evan Lysacek,27.0,0.16925732277908423,0.16879612497171784,0.16309378450889978,0.17758480944367758,1692573.2277908423,1630937.8450889979,1775848.0944367757
10,7,7,Nicole Scherzinger,27.0,0.1686407929028822,0.1687275972261474,0.16133680506074105,0.1778580520592671,1686407.9290288219,1613368.0506074105,1778580.5205926711
10,7,8,Niecy Nash,24.5,0.16412526161124455,0.16476621190997234,0.15466168127208269,0.17109776311542949,1641252.6161124455,1546616.8127208268,1710977.6311542948
10,7,9,Pamela Anderson,25.5,0.16466609132551757,0.1650180144485664,0.15605247493247784,0.17193367354528608,1646660.9132551758,1560524.7493247783,1719336.7354528608
10,8,2,Chad Ochocinco,22.5,0.19677596473878428,0.19664759907767607,0.18723837550056963,0.2052233457744381,1967759.6473878429,1872383.7550056963,2052233.457744381
10,8,3,Erin Andrews,26.5,0.20232406970084926,0.20241625523108303,0.1931375693408655,0.21014153726956264,2023240.6970084927,1931375.693408655,2101415.372695626
10,8,4,Evan Lysacek,26.5,0.20066516055763764,0.20035805210159252,0.19346281869390103,0.20961825047403695,2006651.6055763764,1934628.1869390104,2096182.5047403695
10,8,7,Nicole Scherzinger,29.5,0.20272049231317807,0.20246974418496036,0.1936522573775602,0.2149687985079632,2027204.9231317807,1936522.573775602,2149687.9850796317
10,8,8,Niecy Nash,21.5,0.19751431268955072,0.19826242289952983,0.18625021383219073,0.20515687994410947,1975143.126895507,1862502.1383219073,2051568.7994410947
10,9,2,Chad Ochocinco,26.0,0.2442733495436911,0.2441732341502257,0.23293857836489848,0.25615742845657086,2442733.495436911,2329385.783648985,2561574.2845657086
10,9,3,Erin Andrews,28.0,0.25124158240045513,0.2514257965276363,0.23932219115963962,0.25982952122933367,2512415.8240045514,2393221.9115963965,2598295.2122933366
10,9,4,Evan Lysacek,29.5,0.2527028969520966,0.2528441028752196,0.24233165302456364,0.2649872313227251,2527028.9695209656,2423316.5302456366,2649872.313227251
10,9,7,Nicole Scherzinger,29.5,0.25178217110375717,0.2517733475002186,0.24057391380108303,0.26405522023628797,2517821.7110375715,2405739.13801083,2640552.2023628796
10,10,3,Erin Andrews,26.9998,0.3326790163748028,0.33309556012744346,0.3165545626773308,0.3447674594464785,3326790.1637480278,3165545.626773308,3447674.5944647854
10,10,4,Evan Lysacek,26.888699999999996,0.32937935871213764,0.3295477568853664,0.3158632569585896,0.3421696123125506,3293793.5871213763,3158632.5695858956,3421696.123125506
10,10,7,Nicole Scherzinger,28.7777,0.3379416249130595,0.33792417653030066,0.32365672345308044,0.35603526202689284,3379416.249130595,3236567.234530804,3560352.6202689284
11,1,0,Audrina Patridge,19.0,0.0827601506437769,0.08299829587396329,0.07714508587736732,0.08766993410064265,827601.5064377689,771450.8587736732,876699.3410064265
11,1,1,Brandy,23.0,0.08368324281586705,0.08349760651742118,0.08015157609886113,0.08842375458969232,836832.4281586704,801515.7609886113,884237.5458969232
11,1,2,Bristol Palin,18.0,0.08432626975590636,0.08406844441446025,0.08091826706099643,0.08938627245926961,843262.6975590636,809182.6706099643,893862.7245926961
11,1,3,David Hasselhoff,15.0,0.08140878552330863,0.08128467112482209,0.07819886532827408,0.08514781114099211,814087.8552330863,781988.6532827409,851478.1114099211
11,1,4,Florence Henderson,18.0,0.08244496236008271,0.0825087535130877,0.07808316057154847,0.08666277462510764,824449.6236008271,780831.6057154847,866627.7462510765
11,1,5,Jennifer Grey,24.0,0.08514284924399101,0.08477430829854664,0.08157969804023041,0.08939120242285259,851428.4924399102,815796.9804023041,893912.0242285259
11,1,6,Kurt Warner,19.0,0.0834446660272768,0.08354589974279703,0.07954765130068525,0.08759566390692373,834446.6602727681,795476.5130068525,875956.6390692374
11,1,7,Kyle Massey,23.0,0.08594540150001304,0.08632188937760805,0.08120791895245673,0.09016474679899067,859454.0150001304,812079.1895245673,901647.4679899067
11,1,8,Margaret Cho,15.0,0.08155358182527256,0.08151525508350072,0.07735345189479445,0.08575560081390293,815535.8182527256,773534.5189479445,857556.0081390294
11,1,9,Michael Bolton,16.0,0.08272777640981022,0.0823889821376472,0.07775824600600736,0.08673829231080127,827277.7640981021,777582.4600600736,867382.9231080126
11,1,10,Rick Fox,22.0,0.0847036055886299,0.08489805755933867,0.07992864894489557,0.08874303286608004,847036.055886299,799286.4894489557,887430.3286608004
11,1,11,The Situation,15.0,0.08185870830606477,0.08162420397598569,0.07705237429822458,0.08617471150956081,818587.0830606477,770523.7429822457,861747.1150956082
11,2,0,Audrina Patridge,23.0,0.09132369725135757,0.09154732553729444,0.08551994734086434,0.09681248251352959,913236.9725135757,855199.4734086434,968124.8251352959
11,2,1,Brandy,21.0,0.09004333546991287,0.08975308325269572,0.08604966244208993,0.0950882768285957,900433.3546991288,860496.6244208993,950882.768285957
11,2,2,Bristol Palin,22.0,0.09304454700327935,0.09265496117258466,0.08926365632892941,0.09920826799203154,930445.4700327936,892636.5632892941,992082.6799203154
11,2,4,Florence Henderson,19.0,0.08980820641775801,0.08991707695625098,0.08507648107192554,0.09459263550016327,898082.0641775801,850764.8107192555,945926.3550016327
11,2,5,Jennifer Grey,24.0,0.09240924864001421,0.09202220071749842,0.0886047692669855,0.0970801605355008,924092.4864001421,886047.6926698551,970801.6053550079
11,2,6,Kurt Warner,21.0,0.09129498128382754,0.09105925577494642,0.08679459065315816,0.09591103771452479,912949.8128382755,867945.9065315815,959110.3771452479
11,2,7,Kyle Massey,22.0,0.09287221185027715,0.09314222386610413,0.08799934392693502,0.09715145754591649,928722.1185027715,879993.4392693503,971514.5754591649
11,2,8,Margaret Cho,18.0,0.08956774487270495,0.08928576424100648,0.08522785212338334,0.09448493636945209,895677.4487270495,852278.5212338334,944849.3636945209
11,2,9,Michael Bolton,12.0,0.08821053510197832,0.08819613176983741,0.0817485970838038,0.09299506583193343,882105.3510197832,817485.970838038,929950.6583193343
11,2,10,Rick Fox,21.0,0.09152366078877111,0.091797000718033,0.08625788482474425,0.09569529233771981,915236.6078877111,862578.8482474425,956952.9233771982
11,2,11,The Situation,18.0,0.08990183132011886,0.08958735792837591,0.0852480758960403,0.09444213086435069,899018.3132011887,852480.758960403,944421.3086435068
11,3,0,Audrina Patridge,26.0,0.10136077041368176,0.10156388575112672,0.09484493845284718,0.108346727523219,1013607.7041368176,948449.3845284719,1083467.27523219
11,3,1,Brandy,24.0,0.09972043305026744,0.09933306905593556,0.09579309951267885,0.10554490150171732,997204.3305026744,957930.9951267885,1055449.0150171733
11,3,2,Bristol Palin,19.0,0.09989120925302773,0.09968172954018777,0.09563335401370299,0.10564030799209734,998912.0925302773,956333.5401370298,1056403.0799209734
11,3,4,Florence Henderson,20.0,0.0981865207499645,0.09852341153615506,0.09350604419579801,0.10334333743061203,981865.2074996451,935060.4419579802,1033433.3743061202
11,3,5,Jennifer Grey,24.0,0.10103810062579227,0.10069853965410529,0.09686640598004387,0.10583934129165237,1010381.0062579227,968664.0598004387,1058393.4129165236
11,3,6,Kurt Warner,23.0,0.10056657302254131,0.10031831796829563,0.09564630430138911,0.10548122653630634,1005665.7302254131,956463.0430138911,1054812.2653630634
11,3,7,Kyle Massey,23.0,0.1018670943080155,0.10215970139542292,0.09690014958381225,0.10644425168192699,1018670.943080155,969001.4958381226,1064442.5168192699
11,3,8,Margaret Cho,18.0,0.09729935182311106,0.09732353727846549,0.09206713845550228,0.10273871890346128,972993.5182311105,920671.3845550228,1027387.1890346128
11,3,10,Rick Fox,24.0,0.10135930125018854,0.1017482819789727,0.09580882577065009,0.10595701664810156,1013593.0125018853,958088.2577065008,1059570.1664810155
11,3,11,The Situation,20.0,0.09871064550340988,0.09829237906590119,0.0941029670079658,0.10385840529282762,987106.4550340988,941029.670079658,1038584.0529282762
11,4,0,Audrina Patridge,23.0,0.11133863295807725,0.11159244173509991,0.10378371378037486,0.11876378628402895,1113386.3295807724,1037837.1378037486,1187637.8628402895
11,4,1,Brandy,24.0,0.1110763973103799,0.11070219215668768,0.1067796000028425,0.117480368880072,1110763.973103799,1067796.0000284251,1174803.68880072
11,4,2,Bristol Palin,16.0,0.11137774668292988,0.11111333188134545,0.10686285182912783,0.11759437084026143,1113777.4668292988,1068628.5182912783,1175943.7084026143
11,4,4,Florence Henderson,17.5,0.1094182489285344,0.10947979648176534,0.10430026174551829,0.11551673539265263,1094182.489285344,1043002.617455183,1155167.3539265264
11,4,5,Jennifer Grey,28.0,0.11400884405917709,0.11363704562176107,0.1093587539371868,0.12010782624621039,1140088.440591771,1093587.5393718681,1201078.262462104
11,4,6,Kurt Warner,17.0,0.11010837278126921,0.11008635977103254,0.10491030237764944,0.11563495407448153,1101083.727812692,1049103.0237764944,1156349.5407448153
11,4,7,Kyle Massey,20.0,0.11261596422309518,0.11284053234423856,0.10724311228635794,0.11717221704891108,1126159.6422309517,1072431.1228635793,1171722.1704891108
11,4,10,Rick Fox,19.5,0.11128109833900375,0.11161778425222925,0.10522833562884118,0.11638181051798016,1112810.9833900374,1052283.356288412,1163818.1051798016
11,4,11,The Situation,14.0,0.10877469471753336,0.10850416621804101,0.10270686472851466,0.11442119224452145,1087746.9471753335,1027068.6472851466,1144211.9224452146
11,5,0,Audrina Patridge,23.0,0.12413179365684245,0.12442763929462546,0.11552070406247053,0.13126681395734133,1241317.9365684246,1155207.0406247054,1312668.1395734132
11,5,1,Brandy,27.0,0.12589951416074105,0.1256990348559635,0.12049262566806683,0.13331728388110506,1258995.1416074105,1204926.2566806683,1333172.8388110506
11,5,2,Bristol Palin,18.0,0.12392020693282141,0.12355461341812181,0.11834000806157431,0.1310359366277947,1239202.069328214,1183400.080615743,1310359.3662779469
11,5,4,Florence Henderson,21.0,0.12295371509879825,0.12292368971630811,0.11745021927530123,0.12972894054853776,1229537.1509879825,1174502.1927530123,1297289.4054853776
11,5,5,Jennifer Grey,25.0,0.12630820626387412,0.12547934347502235,0.12122825821700728,0.13267910558710846,1263082.0626387412,1212282.5821700727,1326791.0558710846
11,5,6,Kurt Warner,24.0,0.12577301549022693,0.1257532830192102,0.11964119583270871,0.13128913075538898,1257730.1549022694,1196411.958327087,1312891.3075538897
11,5,7,Kyle Massey,20.0,0.12492158636384647,0.12505437848089526,0.11865143749033019,0.13028102799296162,1249215.8636384646,1186514.374903302,1302810.2799296163
11,5,10,Rick Fox,24.0,0.1260919620328493,0.12648573266424648,0.11950937967912756,0.13228039662823962,1260919.6203284932,1195093.7967912755,1322803.966282396
11,6,0,Audrina Patridge,31.9998,0.14270823504776775,0.14305215742702734,0.13327298718134337,0.15178660218304788,1427082.3504776775,1332729.8718134337,1517866.0218304787
11,6,1,Brandy,35.9999,0.14387698871489235,0.1437264486922086,0.13743208827978845,0.15242766319806453,1438769.8871489235,1374320.8827978845,1524276.6319806452
11,6,2,Bristol Palin,27.9998,0.14402583305506186,0.14362786402647748,0.13824151531473355,0.1519782801632442,1440258.3305506187,1382415.1531473356,1519782.8016324418
11,6,5,Jennifer Grey,29.0,0.14232026906470938,0.14168856688866102,0.13544771285975948,0.15011608147121472,1423202.6906470938,1354477.1285975948,1501160.8147121472
11,6,6,Kurt Warner,21.9999,0.13904945399873644,0.13928296539186602,0.1313338419300626,0.14604941187002254,1390494.5399873646,1313338.4193006258,1460494.1187002254
11,6,7,Kyle Massey,29.999899999999997,0.14475290211195851,0.14516475652431138,0.13814386626587855,0.15057175702562503,1447529.0211195853,1381438.6626587855,1505717.5702562502
11,6,10,Rick Fox,30.0,0.14326631800687367,0.14396784009041846,0.13590681987595182,0.15016342340132305,1432663.1800687367,1359068.1987595183,1501634.2340132305
11,7,1,Brandy,36.5,0.16660487472578198,0.16635541157404982,0.1587176493033813,0.17581009449425875,1666048.7472578199,1587176.493033813,1758100.9449425875
11,7,2,Bristol Palin,32.5,0.1652438573598085,0.16493986849638398,0.15826403330990624,0.17443915792836515,1652438.5735980852,1582640.3330990623,1744391.5792836514
11,7,5,Jennifer Grey,36.5,0.16880734364534175,0.16807295237251543,0.16207477578998386,0.1772132566304706,1688073.4364534174,1620747.7578998385,1772132.566304706
11,7,6,Kurt Warner,35.0,0.16660653223668956,0.16688213404352908,0.15935373312903656,0.17353270589385972,1666065.3223668956,1593537.3312903657,1735327.058938597
11,7,7,Kyle Massey,33.5,0.1664655245599054,0.16672679541306368,0.15818694811772394,0.17303701705120977,1664655.245599054,1581869.4811772394,1730370.1705120977
11,7,10,Rick Fox,34.5,0.16627186747247277,0.16721419153441439,0.1569556409097614,0.1740384649294761,1662718.6747247276,1569556.4090976142,1740384.649294761
11,8,1,Brandy,28.5,0.19908179240293253,0.19911498184645532,0.1895949998246551,0.209281552477684,1990817.9240293254,1895949.998246551,2092815.5247768401
11,8,2,Bristol Palin,23.5,0.19883638884430227,0.19796843075971746,0.1902901630938796,0.20896958908680083,1988363.8884430227,1902901.630938796,2089695.8908680084
11,8,5,Jennifer Grey,28.5,0.20171439594501606,0.20123460874604876,0.1924267140337614,0.21133130602452904,2017143.9594501606,1924267.140337614,2113313.0602452904
11,8,6,Kurt Warner,24.0,0.19652016942937087,0.19630279664411618,0.18773438505419254,0.20504055906596713,1965201.6942937088,1877343.8505419255,2050405.5906596712
11,8,7,Kyle Massey,28.0,0.20384725337837828,0.20465799751810745,0.19502514116336578,0.21196556594497803,2038472.5337837827,1950251.4116336578,2119655.6594497804
11,9,1,Brandy,28.5,0.2457453787002964,0.24648378937931295,0.2336287810234766,0.25675628548200413,2457453.787002964,2336287.810234766,2567562.8548200415
11,9,2,Bristol Palin,26.5,0.2475829173228418,0.24715305303334908,0.23685000236351447,0.2594711204656381,2475829.173228418,2368500.023635145,2594711.2046563807
11,9,5,Jennifer Grey,30.0,0.25296082298932454,0.2521167018382952,0.24211712567901383,0.26458064273603094,2529608.2298932453,2421171.2567901383,2645806.4273603093
11,9,7,Kyle Massey,29.0,0.25371088098753725,0.25447380891523497,0.24218114708217303,0.26352057363786435,2537108.8098753723,2421811.4708217303,2635205.7363786437
11,10,2,Bristol Palin,25.666600000000003,0.3302327743517277,0.3302786046651372,0.31666290023623983,0.3443079933659488,3302327.7435172773,3166629.0023623984,3443079.933659488
11,10,5,Jennifer Grey,30.0,0.33598594177562496,0.3355607361943677,0.32149602105582553,0.3508916887661122,3359859.4177562497,3214960.210558255,3508916.8876611223
11,10,7,Kyle Massey,27.3332,0.33378128387264727,0.33485224229618976,0.3190309840550185,0.3462677941823898,3337812.8387264726,3190309.840550185,3462677.941823898
12,1,0,Chelsea Kane,21.0,0.09220235006342756,0.09203940147839981,0.08769334481534043,0.09821411424093368,922023.5006342756,876933.4481534043,982141.1424093368
12,1,1,Chris Jericho,19.0,0.09076557517032664,0.09085101947969357,0.08626816692660787,0.0944000375173711,907655.7517032664,862681.6692660786,944000.375173711
12,1,2,Hines Ward,21.0,0.09162679756904542,0.09165251889244658,0.08750386609412364,0.09655991683505936,916267.9756904541,875038.6609412364,965599.1683505937
12,1,3,Kendra Wilkinson,18.0,0.09042680856377745,0.09021171473235498,0.08573699759639034,0.09515859427941359,904268.0856377746,857369.9759639034,951585.9427941359
12,1,4,Kirstie Alley,23.0,0.09305154257698361,0.092977983062056,0.08907025622048483,0.09877858840256547,930515.4257698362,890702.5622048483,987785.8840256546
12,1,5,Mike Catherwood,13.0,0.08844747631031961,0.08819481920277,0.08323581100009395,0.0933877545080611,884474.7631031962,832358.1100009395,933877.545080611
12,1,6,Petra Nemcova,18.0,0.08987384951597291,0.08999773039379746,0.08552284189679028,0.09366726546456519,898738.495159729,855228.4189679028,936672.6546456519
12,1,7,Ralph Macchio,24.0,0.09390782598099837,0.09385454454745833,0.08846373604039429,0.0993958800509634,939078.2598099837,884637.3604039429,993958.8005096341
12,1,8,Romeo,19.0,0.09099757524461048,0.09134486053274903,0.08604178555923825,0.09526876075929422,909975.7524461048,860417.8555923825,952687.6075929422
12,1,9,Sugar Ray Leonard,17.0,0.08974029962092225,0.08949293265569817,0.08470012170262305,0.09470265723925789,897402.9962092226,847001.2170262304,947026.5723925788
12,1,10,Wendy Williams,14.0,0.08895989938361572,0.0891863515956878,0.08431811562668053,0.0938393851599146,889598.9938361571,843181.1562668053,938393.851599146
12,2,0,Chelsea Kane,18.0,0.09053318149445297,0.09017618976325782,0.08632160110575753,0.09641159020698978,905331.8149445297,863216.0110575752,964115.9020698977
12,2,1,Chris Jericho,23.0,0.09244125671226289,0.09259732735472903,0.08818155499566777,0.09727688397282029,924412.5671226289,881815.5499566777,972768.8397282029
12,2,2,Hines Ward,23.0,0.09254489083575003,0.09238896096109214,0.08831264848691543,0.09853365254415347,925448.9083575003,883126.4848691543,985336.5254415347
12,2,3,Kendra Wilkinson,19.0,0.09041245814694376,0.09019605708455061,0.08571177054080165,0.09515868363433465,904124.5814694377,857117.7054080165,951586.8363433465
12,2,4,Kirstie Alley,20.0,0.09164013293108632,0.09147014007902118,0.0879425807127833,0.09696699253026526,916401.3293108632,879425.807127833,969669.9253026526
12,2,5,Mike Catherwood,17.0,0.08926744966221571,0.0890528838664705,0.0842480473715354,0.09398449229166052,892674.4966221572,842480.4737153541,939844.9229166051
12,2,6,Petra Nemcova,18.0,0.0893571908350671,0.08962165846816657,0.08468982257773632,0.09309423393758211,893571.9083506711,846898.2257773632,930942.3393758211
12,2,7,Ralph Macchio,21.0,0.0926225562503847,0.09286276110067257,0.08782175233467973,0.09764282789824243,926225.562503847,878217.5233467973,976428.2789824243
12,2,8,Romeo,23.0,0.09267112309309222,0.09283282409101848,0.08835419563338705,0.09751019827388245,926711.2309309222,883541.9563338705,975101.9827388246
12,2,9,Sugar Ray Leonard,17.0,0.08909274522659219,0.0889853351881787,0.08394729738001082,0.09410611793619815,890927.4522659219,839472.9738001082,941061.1793619815
12,2,10,Wendy Williams,17.0,0.08941701481215215,0.08963251908610863,0.08492715397981022,0.0941687933934014,894170.1481215216,849271.5397981022,941687.9339340139
12,3,0,Chelsea Kane,23.0,0.10126749587390509,0.10090465077460566,0.09640978770633228,0.10795526014779597,1012674.9587390509,964097.8770633228,1079552.6014779597
12,3,1,Chris Jericho,21.0,0.09954610469259931,0.09970378310853614,0.09441894558872405,0.10374424126157747,995461.046925993,944189.4558872405,1037442.4126157747
12,3,2,Hines Ward,25.0,0.10161959274980915,0.10144384005068859,0.09699863288974855,0.10813568201018843,1016195.9274980916,969986.3288974855,1081356.8201018842
12,3,3,Kendra Wilkinson,23.0,0.10056111610943691,0.10025601902322037,0.09569819936013728,0.10627333785513612,1005611.1610943691,956981.9936013728,1062733.3785513612
12,3,4,Kirstie Alley,21.0,0.10037270590385439,0.1002786301550309,0.09608453094727028,0.10572967348291909,1003727.0590385438,960845.3094727028,1057296.734829191
12,3,6,Petra Nemcova,25.0,0.10091833680676016,0.10085635289016752,0.09634507678937199,0.1063794572544551,1009183.3680676016,963450.7678937198,1063794.572544551
12,3,7,Ralph Macchio,21.0,0.10087924016301031,0.10089627876115817,0.09588727354734067,0.10645635991282683,1008792.4016301031,958872.7354734067,1064563.5991282682
12,3,8,Romeo,20.0,0.09932205888181526,0.09966831765287187,0.09357476429023187,0.10387509230847895,993220.5888181527,935747.6429023187,1038750.9230847895
12,3,9,Sugar Ray Leonard,20.0,0.09876048786596534,0.09855923967698176,0.0934404828360859,0.10416350504270641,987604.8786596534,934404.828360859,1041635.0504270641
12,3,10,Wendy Williams,15.0,0.0967528609528441,0.09697940414618318,0.09052497050222227,0.10227019115277661,967528.6095284411,905249.7050222227,1022701.911527766
12,4,0,Chelsea Kane,26.0,0.11368835959713429,0.11314710370281642,0.10820525989678972,0.12121680270377064,1136883.5959713429,1082052.5989678972,1212168.0270377065
12,4,1,Chris Jericho,23.0,0.11086640467301848,0.11069254204225898,0.10536994774486032,0.11563958357468807,1108664.0467301847,1053699.4774486031,1156395.8357468806
12,4,2,Hines Ward,25.0,0.11231032816567184,0.11211911998566058,0.10743734199641385,0.11876811939171875,1123103.2816567183,1074373.4199641384,1187681.1939171874
12,4,3,Kendra Wilkinson,18.0,0.10770666395689614,0.10742163207072486,0.10082369627517464,0.11388760801446779,1077066.6395689615,1008236.9627517464,1138876.080144678
12,4,4,Kirstie Alley,22.0,0.111130275198624,0.11070440091448887,0.10617977440961142,0.11708518458086323,1111302.75198624,1061797.7440961143,1170851.8458086322
12,4,6,Petra Nemcova,23.0,0.11023114705303075,0.1103671474842837,0.10527533658125085,0.11525224208357274,1102311.4705303074,1052753.3658125084,1152522.4208357274
12,4,7,Ralph Macchio,25.0,0.1136806288162145,0.11372738051326824,0.10789853219463771,0.12034608994140436,1136806.288162145,1078985.3219463772,1203460.8994140436
12,4,8,Romeo,23.0,0.11115123801278623,0.11167321251960437,0.10511178381096029,0.11615215364952826,1111512.3801278623,1051117.838109603,1161521.5364952825
12,4,9,Sugar Ray Leonard,21.0,0.1092349545266238,0.1091894866795484,0.10289821769112,0.11524847451530629,1092349.545266238,1028982.1769111999,1152484.745153063
12,5,0,Chelsea Kane,26.0,0.1269362011572798,0.12630376153753545,0.12095307122419649,0.1345260892249735,1269362.011572798,1209530.7122419649,1345260.892249735
12,5,1,Chris Jericho,26.0,0.12600018266938903,0.12594594662792796,0.12033431683714194,0.13167215414882147,1260001.8266938904,1203343.1683714194,1316721.5414882146
12,5,2,Hines Ward,27.0,0.12697650242805286,0.12679841767021519,0.12146001024726884,0.13474783247109995,1269765.0242805285,1214600.1024726883,1347478.3247109994
12,5,3,Kendra Wilkinson,22.0,0.12278514086220654,0.12240631397940462,0.11646353533969608,0.1288721154766216,1227851.4086220653,1164635.3533969608,1288721.1547662162
12,5,4,Kirstie Alley,23.0,0.1245662558085398,0.12437676451429291,0.11907010699235702,0.13120846682273538,1245662.558085398,1190701.0699235701,1312084.6682273538
12,5,6,Petra Nemcova,22.0,0.1220366041777067,0.12264270328768281,0.11484660385532985,0.1269774685249821,1220366.0417770671,1148466.0385532985,1269774.685249821
12,5,7,Ralph Macchio,22.0,0.12438134748644676,0.12438413798758656,0.11769720230634316,0.13155485378844617,1243813.4748644675,1176972.0230634315,1315548.5378844617
12,5,8,Romeo,26.0,0.1263177654103785,0.12674104595378946,0.12014145695331394,0.13258138165856465,1263177.654103785,1201414.5695331395,1325813.8165856465
12,6,0,Chelsea Kane,28.0,0.14538849226654896,0.14478325130141537,0.13863082776561036,0.15405695029097027,1453884.9226654896,1386308.2776561037,1540569.5029097027
12,6,1,Chris Jericho,22.0,0.13875889257654736,0.13924234752121387,0.13049476858941275,0.14499648597383974,1387588.9257654736,1304947.6858941275,1449964.8597383974
12,6,2,Hines Ward,27.0,0.1435343067586896,0.14349239771577962,0.1372785842725056,0.15092057652730267,1435343.067586896,1372785.842725056,1509205.7652730267
12,6,3,Kendra Wilkinson,25.0,0.14155956897256258,0.14129339586317835,0.1349129045093542,0.14913627003288965,1415595.6897256258,1349129.045093542,1491362.7003288965
12,6,4,Kirstie Alley,26.0,0.1436135020511294,0.14334138380700429,0.1375778326249903,0.1512347673576894,1436135.020511294,1375778.3262499028,1512347.673576894
12,6,7,Ralph Macchio,24.0,0.14246708252146487,0.14251095830242633,0.13489466063132718,0.15012718736059624,1424670.8252146486,1348946.606313272,1501271.8736059624
12,6,8,Romeo,28.0,0.14467815485305724,0.14492739789101194,0.13800126318077505,0.1517487804211409,1446781.5485305723,1380012.6318077506,1517487.804211409
12,7,0,Chelsea Kane,32.0,0.16796374978752077,0.16750045146105497,0.1602612695237935,0.17756814739336982,1679637.4978752076,1602612.6952379348,1775681.4739336981
12,7,2,Hines Ward,33.0,0.16864849910619184,0.16859267095166322,0.16138961084538583,0.1775287844541365,1686484.9910619184,1613896.1084538584,1775287.844541365
12,7,3,Kendra Wilkinson,30.5,0.16423732325085486,0.16408715225817722,0.1564670534710064,0.1728140682274373,1642373.2325085485,1564670.534710064,1728140.682274373
12,7,4,Kirstie Alley,30.0,0.16468458950574152,0.16424082237799012,0.15695748096604395,0.1733466245812555,1646845.8950574154,1569574.8096604396,1733466.2458125548
12,7,7,Ralph Macchio,33.0,0.17070819486549565,0.17088264618551208,0.16171993499739512,0.18001995285558695,1707081.9486549566,1617199.3499739512,1800199.5285558694
12,7,8,Romeo,30.0,0.1637576434841954,0.1640761273906601,0.1536614762273038,0.17129394101207873,1637576.434841954,1536614.762273038,1712939.4101207873
12,8,0,Chelsea Kane,27.5,0.2027265672885312,0.20172645240233075,0.19314406692083289,0.21400907428461372,2027265.672885312,1931440.669208329,2140090.7428461374
12,8,2,Hines Ward,27.0,0.20060729118452603,0.20060104599630074,0.19076532758574832,0.21027320056733476,2006072.9118452603,1907653.2758574833,2102732.0056733475
12,8,4,Kirstie Alley,26.5,0.20117903633875162,0.20076502907958954,0.19285436715537865,0.2111504377772228,2011790.3633875162,1928543.6715537866,2111504.3777722283
12,8,7,Ralph Macchio,23.0,0.19629880131941255,0.1962299777870547,0.18564561673065508,0.20790315174357024,1962988.0131941254,1856456.1673065508,2079031.5174357025
12,8,8,Romeo,26.0,0.1991883038687786,0.19961441137336677,0.18890107404261117,0.20772067803019476,1991883.0386877859,1889010.7404261117,2077206.7803019476
12,9,0,Chelsea Kane,36.5,0.25518562776461595,0.2542361896279078,0.2434641585616588,0.26951778536188326,2551856.2776461598,2434641.5856165877,2695177.853618833
12,9,2,Hines Ward,30.0,0.2488327835857988,0.24860756821491528,0.2361293316713358,0.2604348595951543,2488327.835857988,2361293.316713358,2604348.5959515427
12,9,4,Kirstie Alley,27.0,0.2484348503289326,0.24850828420119908,0.23731963854766844,0.25995988507082046,2484348.503289326,2373196.385476684,2599598.850708205
12,9,7,Ralph Macchio,24.0,0.24754673832065258,0.24773848014368954,0.23406223663632378,0.26130823621427235,2475467.383206526,2340622.3663632376,2613082.3621427235
12,10,0,Chelsea Kane,29.666600000000003,0.33709039469159263,0.33693646214926387,0.3234056078283211,0.3532997703029163,3370903.9469159264,3234056.078283211,3532997.703029163
12,10,2,Hines Ward,29.666600000000003,0.3349907670980287,0.3353038431004419,0.32002493997466824,0.34985323679442676,3349907.6709802873,3200249.3997466825,3498532.3679442676
12,10,4,Kirstie Alley,27.999899999999997,0.32791883821037865,0.3283585144469656,0.31175911874464596,0.3410219157446279,3279188.3821037863,3117591.1874464597,3410219.157446279
13,1,0,Carson Kressley,17.0,0.08229988681247269,0.08199414504364617,0.07842547494156761,0.08634521025253843,822998.8681247269,784254.7494156761,863452.1025253843
13,1,1,Chaz Bono,17.0,0.08304675461080342,0.0832252029988305,0.0794488019605617,0.08732384026412175,830467.5461080342,794488.019605617,873238.4026412176
13,1,2,Chynna Phillips,22.0,0.08499451247250148,0.08458060960726475,0.08195082057254446,0.0900171457366719,849945.1247250148,819508.2057254446,900171.457366719
13,1,3,David Arquette,18.0,0.08294858964616378,0.08280547760076268,0.07896880114253411,0.08754397821132943,829485.8964616378,789688.0114253411,875439.7821132943
13,1,4,Elisabetta Canalis,15.0,0.08193752763647151,0.08225408583092184,0.07711270015610835,0.08503916439632085,819375.2763647151,771127.0015610836,850391.6439632085
13,1,5,Hope Solo,21.0,0.08492192608559045,0.08481433732978062,0.08130036088904073,0.09062988343437392,849219.2608559044,813003.6088904074,906298.8343437392
13,1,6,J.R. Martinez,22.0,0.08554230824335432,0.08573261278666776,0.08065653838263316,0.09068458885192449,855423.0824335432,806565.3838263316,906845.8885192449
13,1,7,Kristin Cavallari,19.0,0.08344922387697762,0.08328211691635083,0.07926196097465497,0.08775815127762349,834492.2387697762,792619.6097465497,877581.5127762349
13,1,8,Metta World Peace (Ron),14.0,0.08156352645435012,0.0816105773671595,0.0767638050996383,0.08556967687732772,815635.2645435012,767638.0509963831,855696.7687732772
13,1,9,Nancy Grace,16.0,0.08271308013551674,0.08287783426309452,0.07858707128538273,0.08595133192736908,827130.8013551674,785870.7128538273,859513.3192736908
13,1,10,Ricki Lake,20.0,0.08449226989244459,0.08441332792364585,0.07973031867625376,0.08801178602323877,844922.6989244459,797303.1867625376,880117.8602323877
13,1,11,Rob Kardashian,16.0,0.08209039413335331,0.08192438132783159,0.07820153797755182,0.08725996744207337,820903.9413335331,782015.3797755182,872599.6744207337
13,2,0,Carson Kressley,18.0,0.0888198155911886,0.08867186465887475,0.08388530458439042,0.09322095793682834,888198.1559118859,838853.0458439041,932209.5793682834
13,2,1,Chaz Bono,17.0,0.088984610842916,0.08897703809226211,0.08395099613273978,0.09336229867515504,889846.1084291601,839509.9613273977,933622.9867515503
13,2,2,Chynna Phillips,21.0,0.09133670198377493,0.09153255933750515,0.08800259554392988,0.09577057191250153,913367.0198377493,880025.9554392988,957705.7191250153
13,2,3,David Arquette,18.0,0.08906334940046734,0.08906650709270435,0.08368847490839278,0.09366416906216919,890633.4940046734,836884.7490839277,936641.6906216919
13,2,4,Elisabetta Canalis,21.0,0.09129207115941665,0.09149402749186722,0.08678442912474726,0.09448661328488872,912920.7115941665,867844.2912474726,944866.1328488872
13,2,5,Hope Solo,19.0,0.09041725655725011,0.09048994684898726,0.08634609500688027,0.09462082025324244,904172.565572501,863460.9500688027,946208.2025324244
13,2,6,J.R. Martinez,22.0,0.09258707579871381,0.09266965352054976,0.08774811276534542,0.09759389838245618,925870.7579871381,877481.1276534542,975938.9838245618
13,2,7,Kristin Cavallari,22.0,0.09173884496639403,0.09146103359931462,0.08698894839481602,0.0965205473999598,917388.4496639404,869889.4839481602,965205.473999598
13,2,9,Nancy Grace,21.0,0.09168523604668535,0.09174726484274072,0.08806762317547254,0.09573415842904277,916852.3604668535,880676.2317547253,957341.5842904277
13,2,10,Ricki Lake,23.0,0.0930765352777291,0.09286213025009855,0.08781073969327859,0.09756207635932418,930765.3527772911,878107.3969327859,975620.7635932418
13,2,11,Rob Kardashian,21.0,0.09099850237546404,0.0908004799765385,0.0869841564089509,0.09667809358509602,909985.0237546405,869841.564089509,966780.9358509602
13,3,0,Carson Kressley,23.0,0.0989315142295791,0.09873862752609344,0.09371190276933034,0.10412435324375999,989315.1422957911,937119.0276933033,1041243.5324375998
13,3,1,Chaz Bono,18.0,0.09718463152259207,0.09741628877916063,0.09167354905910305,0.1019361250644963,971846.3152259208,916735.4905910305,1019361.250644963
13,3,2,Chynna Phillips,26.0,0.1011832185623842,0.1012704217508191,0.09775447433296414,0.10602605323580255,1011832.1856238421,977544.7433296414,1060260.5323580254
13,3,3,David Arquette,24.0,0.09973449085870814,0.09944320769178963,0.09492253869615334,0.1051285153033359,997344.9085870814,949225.3869615335,1051285.153033359
13,3,5,Hope Solo,24.0,0.10052960208835228,0.1005903378631802,0.09636959691287897,0.10575322830083782,1005296.0208835228,963695.9691287897,1057532.2830083782
13,3,6,J.R. Martinez,26.0,0.10183311963929814,0.10176210967053777,0.09609960702018393,0.10719425297375089,1018331.1963929815,960996.0702018393,1071942.5297375089
13,3,7,Kristin Cavallari,24.0,0.09981771075619582,0.09971478257451742,0.09503589862531227,0.10437558821498093,998177.1075619581,950358.9862531227,1043755.8821498093
13,3,9,Nancy Grace,21.0,0.09887396343432833,0.09915381706879857,0.09375927799854966,0.10265721240729524,988739.6343432834,937592.7799854967,1026572.1240729523
13,3,10,Ricki Lake,27.0,0.1021845752641308,0.10209098780750485,0.09652106611823216,0.10660573159050414,1021845.752641308,965210.6611823216,1066057.3159050413
13,3,11,Rob Kardashian,24.0,0.09972717364443114,0.09969649972009335,0.09524832653003397,0.10603813961618153,997271.7364443113,952483.2653003397,1060381.3961618152
13,4,0,Carson Kressley,20.0,0.1085704182834788,0.10843670590083464,0.10248731319721426,0.11390265925680827,1085704.182834788,1024873.1319721426,1139026.5925680827
13,4,1,Chaz Bono,21.0,0.11009085946841204,0.1102946828734465,0.10489084373236746,0.1152203402455384,1100908.5946841205,1048908.4373236746,1152203.402455384
13,4,2,Chynna Phillips,21.0,0.10980157714468956,0.110274753796606,0.10430805036626381,0.11474240856671986,1098015.7714468956,1043080.5036626381,1147424.0856671985
13,4,3,David Arquette,23.0,0.11047406539306742,0.10995998056034727,0.10482633737128916,0.11705569123791214,1104740.6539306743,1048263.3737128916,1170556.9123791214
13,4,5,Hope Solo,24.0,0.1119001569771013,0.11204040509933519,0.10722610182503396,0.11779396272506984,1119001.569771013,1072261.0182503397,1177939.6272506984
13,4,6,J.R. Martinez,26.0,0.11324082847697382,0.1132557181153266,0.10738798265499007,0.11876298042527735,1132408.2847697383,1073879.8265499007,1187629.8042527735
13,4,9,Nancy Grace,21.0,0.11021625365246432,0.11046864519036804,0.10483070647775275,0.11442750005271082,1102162.5365246432,1048307.0647775275,1144275.0005271083
13,4,10,Ricki Lake,29.0,0.11469886899642864,0.1146061468327878,0.10793575509829247,0.12033885263585503,1146988.6899642865,1079357.5509829246,1203388.5263585504
13,4,11,Rob Kardashian,24.0,0.11100697160738404,0.11092960915895715,0.10647172337062066,0.11765629803229047,1110069.7160738404,1064717.2337062065,1176562.9803229047
13,5,0,Carson Kressley,19.0,0.12122518901123017,0.12119352575196027,0.11413431018597478,0.1268646662650481,1212251.8901123016,1141343.101859748,1268646.662650481
13,5,1,Chaz Bono,21.0,0.12359011957844096,0.12358266149816,0.117601799869293,0.12927369366760122,1235901.1957844095,1176017.99869293,1292736.9366760121
13,5,3,David Arquette,25.0,0.1253731458969132,0.12487137025790201,0.11914310770524206,0.13256210699443655,1253731.458969132,1191431.0770524205,1325621.0699443654
13,5,5,Hope Solo,24.0,0.12571858796637447,0.12556904552169051,0.12087950866675877,0.1321279343443147,1257185.8796637447,1208795.0866675877,1321279.343443147
13,5,6,J.R. Martinez,28.0,0.12862382868379255,0.12903787498227992,0.12140524844320374,0.1358845118109184,1286238.2868379254,1214052.4844320375,1358845.118109184
13,5,9,Nancy Grace,22.0,0.12436977663702095,0.12451039560035754,0.11839849412518835,0.12908632738458875,1243697.7663702094,1183984.9412518835,1290863.2738458875
13,5,10,Ricki Lake,24.0,0.12573450108431514,0.12598494478273656,0.1189031434333537,0.13065285451662775,1257345.0108431515,1189031.434333537,1306528.5451662776
13,5,11,Rob Kardashian,25.0,0.12536485114191256,0.12499209662274272,0.12079595089701854,0.13322194693776018,1253648.5114191256,1207959.5089701854,1332219.4693776018
13,6,1,Chaz Bono,19.0,0.14050723271382898,0.14044492104192335,0.13342895986604203,0.14694168611139458,1405072.3271382898,1334289.5986604204,1469416.8611139457
13,6,3,David Arquette,23.0,0.14166601026283154,0.14179469387807817,0.1342303090620443,0.15002268379625747,1416660.1026283153,1342303.090620443,1500226.8379625746
13,6,5,Hope Solo,20.0,0.1412420342756677,0.14128675830323253,0.13474844212941808,0.1475904764551832,1412420.342756677,1347484.421294181,1475904.7645518319
13,6,6,J.R. Martinez,29.0,0.14625198137754003,0.14654914407088238,0.13876407022277698,0.1538119965674444,1462519.8137754004,1387640.70222777,1538119.965674444
13,6,9,Nancy Grace,24.0,0.14324002456617024,0.14320575801408753,0.13718633842507902,0.14871849032438708,1432400.2456617025,1371863.38425079,1487184.9032438707
13,6,10,Ricki Lake,29.0,0.14595791085046725,0.1460843871686891,0.13768462127910158,0.15248632317246472,1459579.1085046725,1376846.2127910159,1524863.231724647
13,6,11,Rob Kardashian,22.0,0.14113480595349429,0.1404532984587515,0.13524074019858698,0.1500129873528974,1411348.059534943,1352407.4019858697,1500129.873528974
13,7,3,David Arquette,23.5,0.16433528282911639,0.16466694391445863,0.15561022443029965,0.173384787026049,1643352.8282911638,1556102.2443029964,1733847.87026049
13,7,5,Hope Solo,25.0,0.1679424148703558,0.1677927664776627,0.1614672806933018,0.17614304053725555,1679424.148703558,1614672.806933018,1761430.4053725554
13,7,6,J.R. Martinez,24.0,0.16674653916326707,0.16658445747450668,0.15868407633477988,0.17367162947699286,1667465.3916326708,1586840.7633477987,1736716.2947699286
13,7,9,Nancy Grace,22.0,0.163294269369341,0.1634327155802764,0.15501451327520657,0.17005577947660966,1632942.69369341,1550145.1327520658,1700557.7947660966
13,7,10,Ricki Lake,26.5,0.17030469832036857,0.17027126856420627,0.16095237952684824,0.17757053494017624,1703046.9832036856,1609523.7952684823,1775705.3494017625
13,7,11,Rob Kardashian,25.5,0.16737679544755119,0.16667380359406817,0.16149248590728355,0.17813530166176925,1673767.9544755118,1614924.8590728354,1781353.0166176925
13,8,5,Hope Solo,26.0,0.20032577534143511,0.2007009393441512,0.19290290281332834,0.20880581046750635,2003257.753414351,1929029.0281332834,2088058.1046750634
13,8,6,J.R. Martinez,30.0,0.20506085380219283,0.2054533719189374,0.19431688255629942,0.2161257337748293,2050608.5380219282,1943168.8255629942,2161257.337748293
13,8,9,Nancy Grace,22.0,0.1960589366928811,0.19618885437639758,0.1861133722158733,0.2037448015251522,1960589.366928811,1861133.7221587328,2037448.015251522
13,8,10,Ricki Lake,26.0,0.20034569567055371,0.2011247669948086,0.19016756793093803,0.20689848344667253,2003456.9567055372,1901675.6793093802,2068984.8344667254
13,8,11,Rob Kardashian,25.5,0.1982087384929372,0.1966532937525625,0.19073591469771156,0.21047828039910554,1982087.3849293718,1907359.1469771157,2104782.8039910556
13,9,5,Hope Solo,24.4998,0.24562672270290406,0.24573629305356484,0.23374982318299162,0.2569710589883708,2456267.2270290405,2337498.231829916,2569710.589883708
13,9,6,J.R. Martinez,28.0,0.24935643731854362,0.24945382335312205,0.2374598104251687,0.26109323038982274,2493564.3731854362,2374598.104251687,2610932.3038982274
13,9,10,Ricki Lake,33.4999,0.2539888384867264,0.254645802020686,0.24218651097826097,0.2624365808129818,2539888.384867264,2421865.1097826096,2624365.808129818
13,9,11,Rob Kardashian,32.4998,0.25102800149182597,0.24898633254906352,0.24131548092116192,0.26578684421945675,2510280.01491826,2413154.809211619,2657868.4421945675
13,10,6,J.R. Martinez,28.1665,0.3346417543450168,0.3343494131054788,0.32020173068480506,0.350003616577747,3346417.543450168,3202017.3068480506,3500036.16577747
13,10,10,Ricki Lake,27.999899999999997,0.32856110246961723,0.33129806698761743,0.3100298522941801,0.3403947504925418,3285611.024696172,3100298.522941801,3403947.504925418
13,10,11,Rob Kardashian,28.3332,0.336797143185366,0.3338585871554545,0.3251093719588139,0.3562007896022736,3367971.4318536604,3251093.719588139,3562007.8960227356
14,1,0,Donald Driver,21.0,0.08310431276705142,0.08306514893365743,0.07921335884672993,0.08724533909430467,831043.1276705142,792133.5884672994,872453.3909430467
14,1,1,Gavin DeGraw,20.0,0.0821702294168892,0.08223628727676559,0.07767148461222188,0.08579831083632906,821702.294168892,776714.8461222189,857983.1083632907
14,1,2,Gladys Knight,23.0,0.08349762884546756,0.08340004860227312,0.07957517777471022,0.0878680770304572,834976.2884546756,795751.7777471022,878680.770304572
14,1,3,Jack Wagner,23.0,0.08328506170874463,0.08330294035107547,0.07883137936369843,0.08756163489987487,832850.6170874463,788313.7936369843,875616.3489987487
14,1,4,Jaleel White,26.0,0.08448752362354758,0.08437186608420895,0.07968466818491694,0.08926821983880709,844875.2362354759,796846.6818491694,892682.1983880709
14,1,5,Katherine Jenkins,26.0,0.085663976534625,0.08513808621031672,0.08199045958404426,0.09178453975982838,856639.76534625,819904.5958404426,917845.3975982838
14,1,6,Maria Menounos,21.0,0.0821476539430897,0.08182884931245732,0.07819390683916787,0.08647679656782656,821476.5394308971,781939.0683916786,864767.9656782656
14,1,7,Martina Navratilova,20.0,0.08198114141995125,0.0816784648714192,0.07761500216990533,0.08660848116998088,819811.4141995125,776150.0216990532,866084.8116998088
14,1,8,Melissa Gilbert,20.0,0.08240905076678534,0.08224079663159421,0.07862443099136222,0.08575749481878402,824090.5076678534,786244.3099136222,857574.9481878402
14,1,9,Roshon Fegan,23.0,0.08319734660652406,0.08328916661616095,0.07837399774580478,0.08813017598119383,831973.4660652406,783739.9774580478,881301.7598119383
14,1,10,Sherri Sheperd,23.0,0.0834310756499001,0.08344307220484488,0.07931034892025095,0.0879216987965445,834310.7564990009,793103.4892025095,879216.987965445
14,1,11,William Levy,24.0,0.08462499871742418,0.08424034426936346,0.07981786232776093,0.08954542179615958,846249.9871742418,798178.6232776094,895454.2179615959
14,2,0,Donald Driver,24.0,0.08456146174604977,0.08480862818770807,0.08079360853958882,0.08974957368984587,845614.6174604977,807936.0853958882,897495.7368984588
14,2,1,Gavin DeGraw,21.0,0.08294451699977475,0.08295775778155007,0.07873755502643591,0.08636745252903165,829445.1699977474,787375.5502643591,863674.5252903164
14,2,2,Gladys Knight,19.0,0.08186790499187865,0.0819126615910249,0.07709792739834086,0.08634650492435092,818679.0499187865,770979.2739834086,863465.0492435092
14,2,3,Jack Wagner,21.0,0.0824487696420752,0.08234773324064144,0.07786961043539142,0.08680385789818057,824487.6964207521,778696.1043539143,868038.5789818057
14,2,4,Jaleel White,22.0,0.08241254753338247,0.08210319402196038,0.07805894000399306,0.08672809995025635,824125.4753338246,780589.4000399306,867280.9995025635
14,2,5,Katherine Jenkins,26.0,0.08518768356847291,0.0846918966168842,0.0816254844994876,0.09074097067371746,851876.835684729,816254.8449948761,907409.7067371747
14,2,6,Maria Menounos,25.0,0.08399122921868273,0.08386440190236669,0.08010773880585363,0.08815709570161095,839912.2921868273,801077.3880585363,881570.9570161095
14,2,7,Martina Navratilova,17.0,0.08118117903158585,0.08083799690574059,0.07670512427920757,0.08610387284393546,811811.7903158586,767051.2427920757,861038.7284393546
14,2,8,Melissa Gilbert,20.0,0.08278815912236605,0.08250942926269801,0.07914050806982909,0.08614368178327524,827881.5912236605,791405.0806982908,861436.8178327524
14,2,9,Roshon Fegan,26.0,0.08437144120676221,0.08442960732012736,0.07951705277175714,0.0894343967277711,843714.4120676221,795170.5277175714,894343.967277711
14,2,10,Sherri Sheperd,23.0,0.08339234003611043,0.08341000082055088,0.07928875326668741,0.08789170454857782,833923.4003611043,792887.5326668741,878917.0454857782
14,2,11,William Levy,25.0,0.08485276690285899,0.0844260858713782,0.07992434503427134,0.09020873833112372,848527.66902859,799243.4503427134,902087.3833112372
14,3,0,Donald Driver,26.0,0.09193365410259621,0.09205246409178548,0.08782898783489869,0.09711119228518897,919336.5410259621,878289.8783489869,971111.9228518897
14,3,1,Gavin DeGraw,24.0,0.09007861594595082,0.09017980283787753,0.08543457554693717,0.09423460459995302,900786.1594595081,854345.7554693718,942346.0459995301
14,3,2,Gladys Knight,24.0,0.089767802312435,0.08977187887594743,0.08454553292275514,0.094474135621769,897678.02312435,845455.3292275515,944741.3562176899
14,3,3,Jack Wagner,24.0,0.08954070350507833,0.08933731805290297,0.08421156919415947,0.09424171748100965,895407.0350507833,842115.6919415947,942417.1748100965
14,3,4,Jaleel White,25.0,0.0897647100094521,0.08953767630433453,0.08527045505642238,0.0940264349399559,897647.1000945211,852704.5505642238,940264.349399559
14,3,5,Katherine Jenkins,29.0,0.09390135702688254,0.0932497181128656,0.08975209449004563,0.10105108327414908,939013.5702688254,897520.9449004564,1010510.8327414908
14,3,6,Maria Menounos,27.0,0.09158330414476773,0.09147214101556608,0.0874069311339206,0.09606876712145355,915833.0414476773,874069.3113392061,960687.6712145356
14,3,8,Melissa Gilbert,24.0,0.09034187396983757,0.09004168110002439,0.08629119987717174,0.09383284912356786,903418.7396983757,862911.9987717174,938328.4912356785
14,3,9,Roshon Fegan,25.0,0.09014298522411958,0.09017271677048116,0.08478255025799623,0.09539637080759734,901429.8522411957,847825.5025799624,953963.7080759734
14,3,10,Sherri Sheperd,24.0,0.08969510613170512,0.08978305965496168,0.08524747827517856,0.09424019824500153,896951.0613170512,852474.7827517856,942401.9824500153
14,3,11,William Levy,28.0,0.09324988762717497,0.09293248243538856,0.08779707480240583,0.09989642899356439,932498.8762717497,877970.7480240583,998964.2899356439
14,4,0,Donald Driver,27.0,0.10293045309074943,0.10313250518024777,0.09835232323392087,0.10964287043512445,1029304.5309074942,983523.2323392087,1096428.7043512445
14,4,1,Gavin DeGraw,23.0,0.09999847892100133,0.09989967523593661,0.09477059060468887,0.1042660642440677,999984.7892100133,947705.9060468887,1042660.642440677
14,4,2,Gladys Knight,20.0,0.09788262538898769,0.09797914627277483,0.09160440128912946,0.10327060409305687,978826.2538898769,916044.0128912946,1032706.0409305687
14,4,4,Jaleel White,22.0,0.0982903384629906,0.09798634087352714,0.0933974941129677,0.10321458268371884,982903.3846299059,933974.941129677,1032145.8268371884
14,4,5,Katherine Jenkins,24.0,0.10085250220901606,0.09997547112939913,0.09659960193649815,0.10677226469201372,1008525.0220901606,965996.0193649814,1067722.646920137
14,4,6,Maria Menounos,26.0,0.10112933449589842,0.10114391434087326,0.09649694443074686,0.10636611834526402,1011293.3449589842,964969.4443074686,1063661.1834526402
14,4,8,Melissa Gilbert,22.0,0.0996937017730607,0.09944702551658922,0.09510291647518877,0.10362898234884715,996937.017730607,951029.1647518878,1036289.8234884716
14,4,9,Roshon Fegan,26.0,0.10109625025437352,0.10114080572333045,0.09528493528540082,0.10669532177454764,1010962.5025437352,952849.3528540082,1066953.2177454764
14,4,10,Sherri Sheperd,21.0,0.09838923739289802,0.09842557718992657,0.09331863120548188,0.10312431307736313,983892.3739289802,933186.3120548188,1031243.1307736313
14,4,11,William Levy,22.0,0.0997370780110242,0.09965113591440304,0.09541828234467285,0.10387768902991337,997370.7801102421,954182.8234467285,1038776.8902991337
14,5,0,Donald Driver,27.0,0.11276106522562833,0.11296124586832441,0.10812551576798234,0.11910000005767875,1127610.6522562832,1081255.1576798235,1191000.0005767874
14,5,1,Gavin DeGraw,19.0,0.10871866105380451,0.10883674136425149,0.10217134904248731,0.11376570992669076,1087186.6105380452,1021713.4904248732,1137657.0992669077
14,5,2,Gladys Knight,22.0,0.1096314382719159,0.1096910428967129,0.10327567916461124,0.1154988745045638,1096314.3827191591,1032756.7916461123,1154988.745045638
14,5,4,Jaleel White,24.0,0.10964668218661708,0.10925678529035285,0.10407012568829707,0.11471160350703487,1096466.8218661707,1040701.2568829707,1147116.0350703488
14,5,5,Katherine Jenkins,29.0,0.11340186793155449,0.11266146140303926,0.10892333017061262,0.12105856670495536,1134018.679315545,1089233.3017061262,1210585.6670495537
14,5,6,Maria Menounos,27.0,0.1114581647006235,0.11144141161494432,0.10647245332720597,0.11689108138842172,1114581.647006235,1064724.5332720596,1168910.8138842173
14,5,8,Melissa Gilbert,21.0,0.10989835791054785,0.10960685385261833,0.10452129983256271,0.11451418892525085,1098983.5791054785,1045212.9983256271,1145141.8892525085
14,5,9,Roshon Fegan,26.0,0.1109830810806509,0.11111325675681413,0.10474878590330093,0.11712202750917486,1109830.810806509,1047487.8590330093,1171220.2750917487
14,5,11,William Levy,29.0,0.11350068163865747,0.11326267674866014,0.10745987686338833,0.120607089500345,1135006.8163865746,1074598.7686338832,1206070.89500345
14,6,0,Donald Driver,33.9999,0.12644120152307328,0.1265064483726445,0.12134763386875294,0.13315611533531174,1264412.0152307327,1213476.3386875293,1331561.1533531174
14,6,2,Gladys Knight,24.0,0.1219222105972031,0.12216544202950776,0.11330833294683765,0.12833547595676678,1219222.105972031,1133083.3294683765,1283354.7595676677
14,6,4,Jaleel White,36.9998,0.1254818183662372,0.12498118240683172,0.11861016960832847,0.13223864020956663,1254818.183662372,1186101.6960832847,1322386.4020956664
14,6,5,Katherine Jenkins,38.9999,0.12794928416527526,0.12715365636224332,0.12264995870457253,0.1369366092703057,1279492.8416527526,1226499.5870457252,1369366.092703057
14,6,6,Maria Menounos,29.999899999999997,0.12358319898886573,0.12340376305849457,0.117881636500008,0.129524538944118,1235831.9898886574,1178816.36500008,1295245.38944118
14,6,8,Melissa Gilbert,30.0,0.12478894526893211,0.1243341540688301,0.11911557981434823,0.12981599488731538,1247889.452689321,1191155.7981434823,1298159.948873154
14,6,9,Roshon Fegan,27.9998,0.12285736029645199,0.12293576601672569,0.11570856271956861,0.12980507791803955,1228573.6029645198,1157085.627195686,1298050.7791803954
14,6,11,William Levy,36.0,0.1269759807939614,0.12673519298018285,0.12096975777668137,0.1337372403973626,1269759.8079396142,1209697.5777668138,1337372.403973626
14,7,0,Donald Driver,26.5,0.14415746796216794,0.14443489180937616,0.13808544051262822,0.1514703612247462,1441574.6796216795,1380854.4051262822,1514703.612247462
14,7,4,Jaleel White,25.5,0.14051780974600614,0.1402120526694978,0.1331978287404181,0.14673267491518344,1405178.0974600613,1331978.287404181,1467326.7491518343
14,7,5,Katherine Jenkins,27.0,0.14451052122223992,0.14384761472310797,0.13844278492130305,0.1531397579235408,1445105.2122223992,1384427.8492130304,1531397.5792354078
14,7,6,Maria Menounos,28.5,0.14523644730990856,0.14538999214401255,0.1387623980201761,0.15283887701834842,1452364.4730990855,1387623.980201761,1528388.770183484
14,7,8,Melissa Gilbert,23.5,0.1398478018278778,0.1397411204253402,0.13231706914442595,0.1462526971576842,1398478.0182787778,1323170.6914442596,1462526.9715768422
14,7,9,Roshon Fegan,26.0,0.1417799564221255,0.14186110840663183,0.13390167207262735,0.14945666422965945,1417799.5642212552,1339016.7207262735,1494566.6422965946
14,7,11,William Levy,26.5,0.14394999550967405,0.14365298430372458,0.13741232397274056,0.15004630505500025,1439499.9550967405,1374123.2397274056,1500463.0505500024
14,8,0,Donald Driver,27.5,0.16802597062163754,0.1682897521676086,0.16120861285036242,0.17677444600487222,1680259.7062163753,1612086.1285036241,1767744.460048722
14,8,5,Katherine Jenkins,27.5,0.16763365842913105,0.16701998594042575,0.16055583485016683,0.17734355631828266,1676336.5842913105,1605558.3485016683,1773435.5631828266
14,8,6,Maria Menounos,26.5,0.1638538432547509,0.1636488485803975,0.15624903027789264,0.1712950480717155,1638538.4325475092,1562490.3027789264,1712950.480717155
14,8,8,Melissa Gilbert,25.5,0.16323316444923472,0.16283937468228848,0.15481611073289142,0.17136182844924958,1632331.6444923473,1548161.107328914,1713618.2844924957
14,8,9,Roshon Fegan,28.0,0.16716633364801206,0.16708063709052373,0.15899462832647748,0.17664813909732774,1671663.3364801207,1589946.2832647748,1766481.3909732774
14,8,11,William Levy,28.5,0.1700870295972337,0.16965218927998654,0.1619982500179527,0.1789293730236206,1700870.295972337,1619982.500179527,1789293.730236206
14,9,0,Donald Driver,28.5,0.24945159000003478,0.24938131463489047,0.23983675345597338,0.260432763220775,2494515.9000003478,2398367.5345597337,2604327.6322077503
14,9,5,Katherine Jenkins,28.0,0.24588930241945087,0.24561898624140532,0.234747486748112,0.2579355929517851,2458893.024194509,2347474.86748112,2579355.9295178507
14,9,6,Maria Menounos,29.5,0.2525601116058572,0.2520389591265798,0.24129068295445236,0.2648045376199836,2525601.1160585717,2412906.8295445237,2648045.3761998364
14,9,11,William Levy,29.0,0.2520989959746572,0.25104153635688303,0.24262158408500922,0.2639141727265504,2520989.9597465717,2426215.840850092,2639141.7272655037
14,10,0,Donald Driver,29.666600000000003,0.3305844580946941,0.3313171479197717,0.3169486340922351,0.3441952730917411,3305844.580946941,3169486.340922351,3441952.730917411
14,10,5,Katherine Jenkins,30.0,0.3393269502812869,0.3379443488933948,0.3264962399257294,0.35715179572320005,3393269.502812869,3264962.399257294,3571517.9572320003
14,10,11,William Levy,29.666600000000003,0.330088591624019,0.32986377217627605,0.31583329879905303,0.3443096164738362,3300885.9162401897,3158332.98799053,3443096.1647383617
15,1,0,Apolo Anton Ohno,22.0,0.07694262730656697,0.07691827301042466,0.0737000068253941,0.08116087296325195,769426.2730656697,737000.068253941,811608.7296325194
15,1,1,Bristol Palin,19.5,0.07612755874693448,0.0760245497826354,0.07189453989517554,0.07934895720812986,761275.5874693448,718945.3989517554,793489.5720812986
15,1,2,Drew Lachey,21.5,0.0760928858239774,0.07579562096499307,0.07335527184104147,0.07970070737362003,760928.858239774,733552.7184104148,797007.0737362003
15,1,3,Emmitt Smith,24.5,0.07822576327852962,0.07810905206973669,0.07438144068062169,0.08262351617366637,782257.6327852962,743814.4068062169,826235.1617366637
15,1,4,Gilles Marini,24.0,0.07818242259417248,0.07799728312240467,0.07502961738871479,0.08236694754434878,781824.2259417247,750296.1738871479,823669.4754434879
15,1,5,Helio Castroneves,21.5,0.07719153950917752,0.07720077560092514,0.07352841762984097,0.08072201519741072,771915.3950917752,735284.1762984097,807220.1519741073
15,1,6,Joey Fatone,20.5,0.07633500895188323,0.07669921459291838,0.07255403346954564,0.08077097469393299,763350.0895188324,725540.3346954564,807709.7469393299
15,1,7,Kelly Monaco,21.5,0.07800043436297864,0.07791762952543865,0.07417492127507522,0.08231601548160569,780004.3436297864,741749.2127507522,823160.154816057
15,1,8,Kirstie Alley,19.0,0.07572911587986329,0.07556331167259854,0.07229407419804897,0.07945236245261002,757291.1587986329,722940.7419804897,794523.6245261002
15,1,9,Melissa Rycroft,21.0,0.07731138461142073,0.07704664043278892,0.07326501735280942,0.08099529015024562,773113.8461142073,732650.1735280942,809952.9015024562
15,1,10,Pamela Anderson,17.0,0.07475364274292207,0.07509322930447478,0.07042750745625362,0.07820842432501825,747536.4274292206,704275.0745625362,782084.2432501825
15,1,11,Sabrina Bryan,22.5,0.0775180172060014,0.07747801630952894,0.07303694182416996,0.08188230204886798,775180.1720600141,730369.4182416996,818823.0204886799
15,1,12,Shawn Johnson,22.0,0.07758959898557216,0.07774465953668673,0.07444308111470019,0.08115435114700936,775895.9898557216,744430.8111470019,811543.5114700936
15,2,0,Apolo Anton Ohno,24.5,0.08374030339309088,0.08358018054069101,0.0803996127089982,0.08825330535253084,837403.0339309088,803996.127089982,882533.0535253084
15,2,1,Bristol Palin,18.0,0.08087995610637601,0.08091540570425593,0.07548151919431273,0.08488242099729956,808799.5610637601,754815.1919431273,848824.2099729957
15,2,2,Drew Lachey,22.5,0.08204508088004601,0.0817307309967265,0.07861003481187853,0.08604801232450766,820450.8088004602,786100.3481187853,860480.1232450766
15,2,3,Emmitt Smith,22.5,0.08258880340614765,0.08270612056649385,0.07819153128299677,0.08609341359869935,825888.0340614765,781915.3128299677,860934.1359869934
15,2,4,Gilles Marini,25.5,0.08444452523787213,0.08414219077703068,0.08106451919656532,0.08886976868666357,844445.2523787213,810645.1919656532,888697.6868666358
15,2,5,Helio Castroneves,23.0,0.0834972990864443,0.0834973582868122,0.07950891632541987,0.08745464617139596,834972.9908644429,795089.1632541987,874546.4617139597
15,2,6,Joey Fatone,22.5,0.08288363854341799,0.08325435440008287,0.0789037681475682,0.08770703250672512,828836.3854341799,789037.6814756821,877070.3250672512
15,2,7,Kelly Monaco,22.0,0.08383159492118546,0.08381470209955114,0.07963570268167658,0.08818787801282875,838315.9492118546,796357.0268167658,881878.7801282875
15,2,8,Kirstie Alley,21.0,0.08229633276149181,0.08210045180223462,0.07877196132734149,0.08602887581602299,822963.3276149181,787719.6132734149,860288.7581602299
15,2,9,Melissa Rycroft,23.5,0.08418942684180696,0.08381049051245536,0.07969864679119719,0.0883924563891169,841894.2684180696,796986.4679119718,883924.563891169
15,2,11,Sabrina Bryan,26.0,0.08488708238524355,0.08505106579494591,0.08002667668063713,0.09030918545689214,848870.8238524355,800266.7668063714,903091.8545689214
15,2,12,Shawn Johnson,25.0,0.08471595643687724,0.08488371336921754,0.08118670469798812,0.08913665090401211,847159.5643687723,811867.0469798812,891366.5090401211
15,3,0,Apolo Anton Ohno,25.5,0.09066574179476093,0.09056922518156472,0.08686937394572325,0.09547696134533178,906657.4179476093,868693.7394572325,954769.6134533178
15,3,1,Bristol Palin,22.5,0.08852055826185228,0.08845646917876758,0.08280803664585286,0.09298758030993723,885205.5826185228,828080.3664585286,929875.8030993723
15,3,2,Drew Lachey,24.0,0.08860110003147646,0.08846026354866036,0.08436725128049352,0.09286844452776417,886011.0003147647,843672.5128049352,928684.4452776418
15,3,3,Emmitt Smith,25.0,0.09010977294431397,0.09004912587174947,0.0855843474201283,0.09402620518259854,901097.7294431396,855843.474201283,940262.0518259853
15,3,4,Gilles Marini,25.5,0.0908429005537431,0.09058311988718659,0.08703897848886212,0.09523559355384019,908429.005537431,870389.7848886212,952355.935538402
15,3,5,Helio Castroneves,25.5,0.09127850110211651,0.0912508847628502,0.08717701439813026,0.09538471082637916,912785.0110211651,871770.1439813026,953847.1082637915
15,3,7,Kelly Monaco,27.0,0.09367815963810786,0.09342532751453088,0.08860293029007672,0.0999157295749147,936781.5963810786,886029.3029007672,999157.295749147
15,3,8,Kirstie Alley,24.0,0.08973110384435078,0.08956440828121333,0.08611302416576956,0.09387971518267064,897311.0384435077,861130.2416576956,938797.1518267065
15,3,9,Melissa Rycroft,27.0,0.09317044884579208,0.09277112140932163,0.08793238281709478,0.09797785678297337,931704.4884579207,879323.8281709478,979778.5678297337
15,3,11,Sabrina Bryan,25.5,0.09102449900362966,0.09097051155427031,0.08585192004480015,0.09588943624980721,910244.9900362967,858519.2004480015,958894.3624980721
15,3,12,Shawn Johnson,26.5,0.09237721397985638,0.09258766926820527,0.08829166558051242,0.09731101789922081,923772.1397985638,882916.6558051242,973110.1789922081
15,4,0,Apolo Anton Ohno,34.5,0.10982904458959948,0.1095199217119128,0.10509182814832156,0.1147417241295088,1098290.4458959948,1050918.2814832155,1147417.2412950878
15,4,1,Bristol Palin,32.0,0.10936010374349864,0.10941257835493556,0.10348926376228496,0.11420229927180318,1093601.0374349863,1034892.6376228496,1142022.9927180319
15,4,3,Emmitt Smith,36.0,0.11045560964647506,0.11042358244513227,0.10453175103782944,0.11549648136882974,1104556.0964647506,1045317.5103782944,1154964.8136882975
15,4,4,Gilles Marini,39.5,0.11253017283182226,0.1123852036794702,0.10817988070642436,0.11889725982409476,1125301.7283182226,1081798.8070642436,1188972.5982409476
15,4,7,Kelly Monaco,37.5,0.11323798010003551,0.11313751402844653,0.10744999090632364,0.11944043162149436,1132379.801000355,1074499.9090632363,1194404.3162149435
15,4,8,Kirstie Alley,30.0,0.10820422954473348,0.10821319276721736,0.10282733527190457,0.11331090164470026,1082042.2954473349,1028273.3527190457,1133109.0164470025
15,4,9,Melissa Rycroft,37.0,0.11237391813365895,0.11192480600239317,0.10647334044695793,0.11780155784194016,1123739.1813365894,1064733.4044695792,1178015.5784194015
15,4,11,Sabrina Bryan,35.5,0.11075590815436435,0.11085453345743837,0.10452291229050789,0.11675934654415891,1107559.0815436435,1045229.1229050789,1167593.465441589
15,4,12,Shawn Johnson,39.5,0.11325303325581228,0.11346626220746171,0.10850598201730523,0.11908898411643891,1132530.3325581227,1085059.8201730524,1190889.8411643892
15,5,0,Apolo Anton Ohno,28.25,0.12497088545651548,0.1246328065022025,0.11943109064247076,0.13118669675392475,1249708.8545651548,1194310.9064247075,1311866.9675392476
15,5,3,Emmitt Smith,28.0,0.12446135680911284,0.12456465479352168,0.11815120011517105,0.13044187524150355,1244613.5680911285,1181512.0011517105,1304418.7524150356
15,5,4,Gilles Marini,28.25,0.12521676441227814,0.1250885771072545,0.12029610481446751,0.13183684290690953,1252167.6441227815,1202961.048144675,1318368.4290690953
15,5,7,Kelly Monaco,25.75,0.1232945366292637,0.12333646303615894,0.11633172104577738,0.12900191182163506,1232945.366292637,1163317.2104577739,1290019.1182163507
15,5,8,Kirstie Alley,26.25,0.1225645711506496,0.12254417281842689,0.11695843921318387,0.12823743484483865,1225645.711506496,1169584.3921318387,1282374.3484483866
15,5,9,Melissa Rycroft,28.25,0.1264484953896684,0.12623888245110457,0.11954474524114624,0.13244577543968955,1264484.953896684,1195447.4524114623,1324457.7543968954
15,5,11,Sabrina Bryan,29.25,0.1270214768517586,0.12704078156455617,0.11993401659347165,0.13500913402606768,1270214.768517586,1199340.1659347166,1350091.3402606768
15,5,12,Shawn Johnson,28.25,0.12602191330075324,0.1263016745239991,0.12088212245720756,0.13246962237877905,1260219.1330075325,1208821.2245720755,1324696.2237877904
15,6,0,Apolo Anton Ohno,30.0,0.1265211182041588,0.12610768641571568,0.12111816276893902,0.13344064270793463,1265211.1820415878,1211181.6276893902,1334406.4270793463
15,6,3,Emmitt Smith,26.5,0.12190584333597639,0.121843390841536,0.11516016041348084,0.1274951054407587,1219058.4333597638,1151601.6041348085,1274951.054407587
15,6,4,Gilles Marini,27.5,0.12353183119670687,0.12321927428888156,0.11859705106274111,0.1293835843283669,1235318.3119670686,1185970.510627411,1293835.843283669
15,6,7,Kelly Monaco,27.0,0.12477794294343234,0.12459669775510969,0.11848698787062936,0.1306677259065574,1247779.4294343235,1184869.8787062936,1306677.259065574
15,6,8,Kirstie Alley,27.5,0.12391703456458782,0.12380704190913054,0.11900593085014001,0.12919636737202067,1239170.3456458782,1190059.3085014,1291963.6737202066
15,6,9,Melissa Rycroft,29.5,0.12735344628128528,0.12701305704450291,0.12014308683934499,0.13360589674170328,1273534.4628128528,1201430.8683934498,1336058.967417033
15,6,11,Sabrina Bryan,30.0,0.12702205656121462,0.1270285175490194,0.11992942285291486,0.13504553233500535,1270220.5656121462,1199294.2285291485,1350455.3233500535
15,6,12,Shawn Johnson,28.0,0.1249707269126379,0.12529664755717396,0.1188730002843999,0.13088728699813243,1249707.269126379,1188730.002843999,1308872.8699813243
15,7,0,Apolo Anton Ohno,33.0,0.14107209616648328,0.14087443628039373,0.13471296133435184,0.14812472248605374,1410720.961664833,1347129.6133435185,1481247.2248605373
15,7,3,Emmitt Smith,34.4999,0.14176584195619393,0.14134283717161492,0.13520890134837793,0.14844908250429914,1417658.4195619393,1352089.0134837793,1484490.8250429914
15,7,4,Gilles Marini,33.4998,0.1416290074586348,0.1412443390962682,0.13548590061086244,0.14872086589791358,1416290.074586348,1354859.0061086244,1487208.6589791358
15,7,7,Kelly Monaco,36.0,0.14523251399336637,0.1452464867522603,0.13836927671335916,0.1535719796355574,1452325.1399336637,1383692.7671335917,1535719.7963555742
15,7,8,Kirstie Alley,27.999899999999997,0.13901812551597864,0.1390974512901369,0.13221167481616738,0.14615304773720172,1390181.2551597864,1322116.7481616738,1461530.4773720172
15,7,9,Melissa Rycroft,38.9999,0.14617673053734495,0.14581459376262434,0.13824746702579607,0.15375365363574012,1461767.3053734496,1382474.6702579607,1537536.5363574012
15,7,12,Shawn Johnson,37.9998,0.14510568437199803,0.14550410332450797,0.1387897269121079,0.15223042570293946,1451056.8437199802,1387897.269121079,1522304.2570293946
15,8,0,Apolo Anton Ohno,29.2777,0.14308755242321183,0.14276141962371233,0.13679443376011174,0.15097551110416108,1430875.5242321184,1367944.3376011176,1509755.1110416108
15,8,3,Emmitt Smith,29.0554,0.1426273942483171,0.14223459872588254,0.13573703939970322,0.14968096157319105,1426273.9424831711,1357370.3939970322,1496809.6157319106
15,8,4,Gilles Marini,29.2777,0.14336856440973686,0.14311251596956626,0.13744066731463386,0.15104092313948023,1433685.6440973687,1374406.6731463387,1510409.2313948022
15,8,7,Kelly Monaco,28.3333,0.14422582397957076,0.1437870488179311,0.13755745633309344,0.1509463563188382,1442258.2397957076,1375574.5633309344,1509463.5631883822
15,8,8,Kirstie Alley,25.5,0.1386220356534734,0.13872369800683737,0.13160440829753875,0.14573141907212872,1386220.356534734,1316044.0829753876,1457314.1907212872
15,8,9,Melissa Rycroft,30.0,0.14580152469478733,0.14550475263156123,0.13796076589588943,0.15312166821434636,1458015.2469478732,1379607.6589588942,1531216.6821434635
15,8,12,Shawn Johnson,27.8333,0.14226710459090272,0.1421318325395552,0.1357743033965327,0.14769702530471795,1422671.045909027,1357743.033965327,1476970.2530471797
15,9,0,Apolo Anton Ohno,28.611,0.19965346426678213,0.1989166220486496,0.190249251885542,0.20993709459286994,1996534.6426678214,1902492.5188554202,2099370.9459286993
15,9,3,Emmitt Smith,27.0,0.19510901338570558,0.19456488761934218,0.1855346825635689,0.20400296968908221,1951090.1338570558,1855346.8256356888,2040029.6968908221
15,9,7,Kelly Monaco,27.110999999999997,0.19898222479206873,0.1985729466359536,0.1883079883439577,0.20740348982963924,1989822.2479206873,1883079.883439577,2074034.8982963925
15,9,9,Melissa Rycroft,28.7777,0.202462899555738,0.20219886629505165,0.19377970316851703,0.21120813547538012,2024628.9955573801,1937797.0316851703,2112081.354753801
15,9,12,Shawn Johnson,29.5,0.20379239799970564,0.20412068217427698,0.1950367551533365,0.21422881607994318,2037923.9799970563,1950367.551533365,2142288.1607994316
15,10,7,Kelly Monaco,29.1109,0.33435219016585016,0.33461213383458316,0.32079909848258803,0.3489422462134805,3343521.9016585015,3207990.9848258803,3489422.462134805
15,10,9,Melissa Rycroft,29.3331,0.3388298838612775,0.3386613632943361,0.3245805817444555,0.3534823487982042,3388298.838612775,3245805.817444555,3534823.487982042
15,10,12,Shawn Johnson,28.9443,0.3268179259728723,0.3276114205344332,0.31264928131007663,0.34095771209379677,3268179.2597287227,3126492.8131007664,3409577.1209379677
16,1,0,Alexandra Raisman,21.0,0.08314355059628531,0.08273718871954508,0.07917819988838518,0.08788577372488024,831435.5059628531,791781.9988838518,878857.7372488024
16,1,1,Andy Dick,17.0,0.08286291278901135,0.08299285442096137,0.07791881043930929,0.08786102042846339,828629.1278901135,779188.1043930929,878610.2042846339
16,1,2,D. L. Hughley,12.0,0.08019142188074566,0.0805174747236622,0.07479581738168148,0.08499000567407836,801914.2188074565,747958.1738168148,849900.0567407835
16,1,3,Dorothy Hamill,21.0,0.08421686513428443,0.08415115115310953,0.08055339879309215,0.08834001618824945,842168.6513428444,805533.9879309215,883400.1618824945
16,1,4,Ingo Rademacher,20.0,0.0840473960069269,0.08415736105426393,0.08015300894571535,0.08861269976319612,840473.960069269,801530.0894571535,886126.9976319612
16,1,5,Jacoby Jones,20.0,0.08419861075322539,0.0840248291939976,0.08014082581224335,0.08862679487728027,841986.107532254,801408.2581224336,886267.9487728027
16,1,6,Kellie Pickler,21.0,0.08451640534795632,0.0844183392806051,0.07968944217887212,0.08911430610703085,845164.0534795632,796894.4217887212,891143.0610703084
16,1,7,Lisa Vanderpump,18.0,0.0824619091462211,0.08220376706597518,0.07834173768779482,0.08643055792722436,824619.0914622111,783417.3768779482,864305.5792722435
16,1,8,Sean Lowe,19.0,0.08295526242388146,0.0832103128546779,0.07853208310135813,0.08739417171848723,829552.6242388146,785320.8310135814,873941.7171848724
16,1,9,Victor Ortiz,18.0,0.08223896844354395,0.08256671006731665,0.07801481086506172,0.08623906654297277,822389.6844354395,780148.1086506172,862390.6654297276
16,1,10,Wynonna Judd,18.0,0.08320799265985306,0.08302662494151372,0.0780976173190048,0.08785221892878325,832079.9265985306,780976.1731900481,878522.1892878326
16,1,11,Zendaya,24.0,0.08595870481806508,0.08597133029662109,0.08188116702734463,0.09102305821189649,859587.0481806508,818811.6702734464,910230.5821189649
16,2,0,Alexandra Raisman,24.0,0.08354813361963763,0.08325997543018648,0.07953502029129123,0.08871500976252426,835481.3361963762,795350.2029129122,887150.0976252427
16,2,1,Andy Dick,20.0,0.08358282729158792,0.08381414668921107,0.07909351160973085,0.08859803677436578,835828.2729158791,790935.1160973086,885980.3677436579
16,2,2,D. L. Hughley,16.0,0.08157801022525393,0.08197778032302815,0.07740244165677519,0.08580665952528617,815780.1022525394,774024.4165677519,858066.5952528617
16,2,3,Dorothy Hamill,15.0,0.08177305338356969,0.0816988615701142,0.07750970492905424,0.08632384391590268,817730.5338356969,775097.0492905424,863238.4391590268
16,2,4,Ingo Rademacher,20.0,0.08357401482829975,0.08369551670230074,0.07958402421556997,0.08788188611722614,835740.1482829975,795840.2421556996,878818.8611722614
16,2,5,Jacoby Jones,23.0,0.08469004829521173,0.08455861724816503,0.08043384537427455,0.08950084960016741,846900.4829521173,804338.4537427454,895008.4960016741
16,2,6,Kellie Pickler,26.0,0.08558273908049896,0.08532910462077394,0.08048747637717715,0.09101617582728529,855827.3908049896,804874.7637717716,910161.7582728529
16,2,7,Lisa Vanderpump,18.0,0.08215600977235615,0.08197164648151253,0.07797293554677988,0.08614336352522911,821560.0977235616,779729.3554677988,861433.6352522911
16,2,8,Sean Lowe,20.0,0.08288259267367826,0.08313699893316741,0.07846943122574479,0.08723137044104086,828825.9267367825,784694.3122574479,872313.7044104086
16,2,9,Victor Ortiz,18.0,0.08193427588828764,0.08228718502208465,0.0775369606341448,0.08596724964502547,819342.7588828764,775369.6063414479,859672.4964502547
16,2,10,Wynonna Judd,18.0,0.08289954618769446,0.08277632666964652,0.07766854861172305,0.08740426396574255,828995.4618769446,776685.4861172305,874042.6396574255
16,2,11,Zendaya,26.0,0.08579874875392388,0.08586836311761237,0.08157362315143053,0.09070342235669313,857987.4875392388,815736.2315143053,907034.2235669312
16,3,0,Alexandra Raisman,23.0,0.09044003125515983,0.08988340124516953,0.08612260748231325,0.0957483437970096,904400.3125515983,861226.0748231325,957483.437970096
16,3,1,Andy Dick,18.0,0.0901760457380243,0.09021004593018718,0.08469143890789205,0.09555416356299122,901760.457380243,846914.3890789205,955541.6356299123
16,3,2,D. L. Hughley,16.0,0.0887008064327416,0.08908301300085021,0.08401260217589686,0.09354305199476215,887008.064327416,840126.0217589686,935430.5199476215
16,3,4,Ingo Rademacher,21.0,0.09117733351080409,0.09128837121592578,0.08682486171129554,0.09581906440205451,911773.335108041,868248.6171129554,958190.6440205451
16,3,5,Jacoby Jones,25.9998,0.09306638814978337,0.09298847283786905,0.0881828454215161,0.09893683926032115,930663.8814978336,881828.4542151609,989368.3926032116
16,3,6,Kellie Pickler,25.0,0.09262273472825686,0.09245533954302868,0.08741797747518626,0.09789347222772442,926227.3472825686,874179.7747518626,978934.7222772442
16,3,7,Lisa Vanderpump,21.0,0.09031588400951834,0.0900997676320745,0.0857928218939599,0.09465742689691378,903158.8400951835,857928.218939599,946574.2689691378
16,3,8,Sean Lowe,21.0,0.09042238715601138,0.09077203921471079,0.08569580051553183,0.09515643062037339,904223.8715601137,856958.0051553183,951564.3062037339
16,3,9,Victor Ortiz,23.0,0.09074407701788045,0.0908806456864276,0.08652230573079775,0.09510183290384645,907440.7701788045,865223.0573079775,951018.3290384646
16,3,10,Wynonna Judd,15.0,0.08912640553528621,0.0891542439164757,0.08256753524501108,0.09374179899679116,891264.0553528621,825675.3524501108,937417.9899679116
16,3,11,Zendaya,25.9998,0.09320790646653358,0.09338693673511789,0.08835485496421157,0.09869608797936778,932079.0646653358,883548.5496421157,986960.8797936778
16,4,0,Alexandra Raisman,27.0,0.1008874966719323,0.10037636146818701,0.09589599163638472,0.10763267187128053,1008874.966719323,958959.9163638472,1076326.7187128053
16,4,1,Andy Dick,21.0,0.09988121131015938,0.09999236063681535,0.09418662901353253,0.1055844211309786,998812.1131015938,941866.2901353253,1055844.211309786
16,4,2,D. L. Hughley,21.0,0.09897927256549158,0.09923275841988269,0.09420334926438906,0.10382071694170136,989792.7256549158,942033.4926438906,1038207.1694170136
16,4,4,Ingo Rademacher,23.0,0.10072744200587247,0.10082203159010068,0.09602675373945954,0.10607835067886812,1007274.4200587247,960267.5373945954,1060783.5067886813
16,4,5,Jacoby Jones,24.0,0.10134206610115518,0.10121369031088794,0.09622535324827222,0.10672757581306183,1013420.6610115517,962253.5324827222,1067275.7581306184
16,4,6,Kellie Pickler,26.0,0.10211265012129922,0.10188327659718398,0.09608534783207234,0.10810436964070874,1021126.5012129922,960853.4783207234,1081043.6964070874
16,4,7,Lisa Vanderpump,18.0,0.09767068735142202,0.0975597689367929,0.09183188490698284,0.10292192522019558,976706.8735142202,918318.8490698284,1029219.2522019558
16,4,8,Sean Lowe,20.0,0.09861679547146776,0.0987029084548347,0.09382358155919257,0.10332113629271562,986167.9547146776,938235.8155919258,1033211.3629271563
16,4,9,Victor Ortiz,18.0,0.09740831221878153,0.09785380791667175,0.09128835550701807,0.10230657673709283,974083.1221878153,912883.5550701807,1023065.7673709283
16,4,11,Zendaya,26.0,0.1023740661824186,0.10252902813243042,0.09705171351764852,0.10803179570666259,1023740.661824186,970517.1351764852,1080317.9570666258
16,5,0,Alexandra Raisman,25.0,0.11055958095875752,0.10967489097372268,0.10514876661924027,0.1166057753754934,1105595.8095875753,1051487.6661924028,1166057.753754934
16,5,1,Andy Dick,18.0,0.10950309500670631,0.10950496125393429,0.10245029303401322,0.11575803414182309,1095030.950067063,1024502.9303401322,1157580.341418231
16,5,2,D. L. Hughley,18.0,0.10851646772611147,0.10880903829537862,0.10268096818638855,0.11497763512127404,1085164.6772611146,1026809.6818638856,1149776.3512127404
16,5,4,Ingo Rademacher,21.0,0.11068008400700258,0.11086873718653968,0.10514425785330687,0.11639691207872528,1106800.8400700258,1051442.5785330688,1163969.120787253
16,5,5,Jacoby Jones,26.0,0.11290863312883906,0.11276650161378983,0.10694241897861298,0.11896321293522424,1129086.3312883906,1069424.1897861299,1189632.1293522425
16,5,6,Kellie Pickler,27.0,0.11320503802072143,0.11304792647353176,0.10662457622216763,0.11984803666367269,1132050.3802072143,1066245.7622216763,1198480.366636727
16,5,8,Sean Lowe,24.0,0.11096304995713545,0.11131519791657342,0.10556700901667247,0.11616679478509537,1109630.4995713546,1055670.0901667248,1161667.9478509538
16,5,9,Victor Ortiz,21.0,0.10934118362505973,0.10980640554711792,0.10327381170529192,0.11486925694644506,1093411.8362505974,1032738.1170529191,1148692.5694644507
16,5,11,Zendaya,29.0,0.11432286756966642,0.1143323985431407,0.10820424472158281,0.12082438561717368,1143228.6756966643,1082042.447215828,1208243.8561717367
16,6,0,Alexandra Raisman,26.0,0.12532998655813915,0.12461538251718351,0.11903407525363704,0.13285587941768373,1253299.8655813916,1190340.7525363704,1328558.7941768372
16,6,1,Andy Dick,21.5,0.12392984540184843,0.12404567248873463,0.1164040859887321,0.1307224760550789,1239298.4540184843,1164040.859887321,1307224.7605507888
16,6,4,Ingo Rademacher,23.0,0.12502768951142706,0.12513011643942445,0.11915337176032482,0.13126006239827265,1250276.8951142707,1191533.7176032483,1312600.6239827264
16,6,5,Jacoby Jones,22.5,0.12487692585191536,0.12461191448420406,0.11885424703015893,0.13077409624874833,1248769.2585191536,1188542.4703015892,1307740.9624874834
16,6,6,Kellie Pickler,27.0,0.12816903842772784,0.12786367466517212,0.12055586602838352,0.13636113257071464,1281690.3842772783,1205558.6602838351,1363611.3257071464
16,6,8,Sean Lowe,23.0,0.1239912011766085,0.12410119071705089,0.11786550074348315,0.129763965097887,1239912.011766085,1178655.0074348315,1297639.6509788702
16,6,9,Victor Ortiz,20.0,0.12133076178281933,0.12206679580525277,0.11327151921063554,0.12739467183290434,1213307.6178281934,1132715.1921063554,1273946.7183290434
16,6,11,Zendaya,25.5,0.12734455128951433,0.1276041169675176,0.1210505499597992,0.13356994824722224,1273445.5128951434,1210505.499597992,1335699.4824722223
16,7,0,Alexandra Raisman,32.0,0.1433719378630545,0.14268816734464954,0.13653328779806362,0.15191115985646533,1433719.378630545,1365332.8779806362,1519111.5985646534
16,7,1,Andy Dick,17.0,0.13940635500276904,0.13939984755201867,0.1285679784442948,0.14773037911406753,1394063.5500276904,1285679.784442948,1477303.7911406753
16,7,4,Ingo Rademacher,25.0,0.14266714866635966,0.14290217027450358,0.13556380928292838,0.14929216589492258,1426671.4866635965,1355638.0928292838,1492921.658949226
16,7,5,Jacoby Jones,27.0,0.14376195206432768,0.1434630335521123,0.13645920480697812,0.15065836751962977,1437619.5206432769,1364592.0480697812,1506583.6751962977
16,7,6,Kellie Pickler,29.0,0.14446147118613006,0.14446206963039834,0.13630873441612984,0.15190600404721571,1444614.7118613007,1363087.3441612984,1519060.040472157
16,7,8,Sean Lowe,24.0,0.14106980083013093,0.14099248133264922,0.1341935476640442,0.1474525117299999,1410698.0083013093,1341935.4766404422,1474525.117299999
16,7,11,Zendaya,30.0,0.1452613343872281,0.14562512829768332,0.1376892012316059,0.1520588929631248,1452613.343872281,1376892.012316059,1520588.9296312481
16,8,0,Alexandra Raisman,28.0,0.16626727605353925,0.16511543283905109,0.15803878949523845,0.1747106843208708,1662672.7605353924,1580387.8949523845,1747106.843208708
16,8,4,Ingo Rademacher,24.0,0.1655676403914924,0.16632169999685475,0.15716252265163294,0.17354923183335086,1655676.403914924,1571625.2265163295,1735492.3183335087
16,8,5,Jacoby Jones,26.0,0.16750865330193593,0.16678526001573368,0.15957102586070457,0.17539951871440165,1675086.5330193592,1595710.2586070457,1753995.1871440166
16,8,6,Kellie Pickler,27.5,0.16859019294844532,0.16884853033207758,0.1594326667201033,0.17689037080205225,1685901.9294844533,1594326.667201033,1768903.7080205225
16,8,8,Sean Lowe,21.0,0.1617770479356371,0.1620514585809994,0.15297893905001533,0.16988382856815298,1617770.479356371,1529789.3905001534,1698838.28568153
16,8,11,Zendaya,29.0,0.17028918936895004,0.17048766639946383,0.16223643152162803,0.17838865794500616,1702891.8936895004,1622364.3152162803,1783886.5794500615
16,9,0,Alexandra Raisman,29.5,0.1995196669086109,0.19838297191369142,0.1904725984702413,0.20931282562880357,1995196.669086109,1904725.9847024132,2093128.2562880358
16,9,4,Ingo Rademacher,25.5,0.1957107788267867,0.19666769339343282,0.18386965825017054,0.20510737546702715,1957107.788267867,1838696.5825017055,2051073.7546702714
16,9,5,Jacoby Jones,29.5,0.2030178882798031,0.20231860240477198,0.19425214087509743,0.21376983543748931,2030178.882798031,1942521.4087509743,2137698.354374893
16,9,6,Kellie Pickler,29.0,0.20192812751153932,0.20183700798702792,0.1914065436742691,0.21173656710757396,2019281.2751153933,1914065.4367426909,2117365.6710757394
16,9,11,Zendaya,27.5,0.19982353847326,0.20045818114007694,0.18853506837318543,0.20916690680482808,1998235.3847326,1885350.6837318542,2091669.068048281
16,10,0,Alexandra Raisman,29.0,0.2456857145958429,0.2446786788043241,0.2350040256937623,0.25560875776721087,2456857.145958429,2350040.256937623,2556087.5776721085
16,10,5,Jacoby Jones,27.999899999999997,0.2459912391068769,0.24534873198874216,0.233709195389725,0.25750913946082155,2459912.391068769,2337091.95389725,2575091.3946082154
16,10,6,Kellie Pickler,30.0,0.2538296389358623,0.2530682977161822,0.24135302622421104,0.2671905272201312,2538296.389358623,2413530.2622421104,2671905.2722013122
16,10,11,Zendaya,30.0,0.2544934073614179,0.25419097045942507,0.24262718848300582,0.26702221400310927,2544934.073614179,2426271.884830058,2670222.140031093
17,1,0,Amber Riley,27.0,0.08572790851001108,0.0853021733988656,0.08119173956761373,0.09159452268901905,857279.0851001109,811917.3956761373,915945.2268901905
17,1,1,Bill Engvall,18.0,0.0828546032981198,0.08269773669391485,0.07885759678414238,0.08757008592585064,828546.032981198,788575.9678414238,875700.8592585063
17,1,2,Bill Nye,14.0,0.08067668698390439,0.0805071915714315,0.07596757067035027,0.08592530310016094,806766.8698390438,759675.7067035027,859253.0310016094
17,1,3,Brant Daugherty,22.0,0.08300949028558884,0.08293981629590037,0.07937173972317244,0.08809124349113721,830094.9028558884,793717.3972317243,880912.4349113721
17,1,4,Christina Milian,22.0,0.08387996320123288,0.08370807926538479,0.07906180728041398,0.08776238685740774,838799.6320123288,790618.0728041398,877623.8685740774
17,1,5,Corbin Bleu,24.0,0.08456794164066887,0.08465329912772263,0.08094241065567827,0.08840113974214557,845679.4164066887,809424.1065567827,884011.3974214557
17,1,6,Elizabeth Berkley Lauren,24.0,0.08394398125420285,0.08373567942199382,0.07955288930548453,0.08871345498701975,839439.8125420285,795528.8930548453,887134.5498701975
17,1,7,Jack Osbourne,23.0,0.08415488165575925,0.08385716223601991,0.08055931955960591,0.0885714461726446,841548.8165575925,805593.1955960591,885714.461726446
17,1,8,Keyshawn Johnson,17.0,0.08188800119437024,0.08203247879334026,0.07692101832251946,0.08638097150831027,818880.0119437025,769210.1832251946,863809.7150831027
17,1,9,Leah Remini,21.0,0.0835021721014705,0.08389138917983606,0.07991450882899703,0.08664739303401886,835021.721014705,799145.0882899703,866473.9303401886
17,1,10,"Nicole ""Snooki"" Polizzi",23.0,0.08312814642126194,0.08309463286046241,0.07926542010852199,0.08693283377741919,831281.4642126195,792654.2010852199,869328.3377741919
17,1,11,Valerie Harper,21.0,0.08266622345340935,0.08260472999461728,0.07775351714615679,0.086359265466048,826662.2345340935,777535.1714615679,863592.65466048
17,2,0,Amber Riley,24.0,0.08452026026614377,0.0842704382226545,0.0805489292519468,0.08958134373271458,845202.6026614377,805489.292519468,895813.4373271457
17,2,1,Bill Engvall,21.0,0.08350767860747209,0.08321376578601246,0.0796191584800107,0.08822787482524684,835076.7860747209,796191.5848001069,882278.7482524684
17,2,2,Bill Nye,17.0,0.08110444634137103,0.08089535931600084,0.07660616421927913,0.08650947126923718,811044.4634137102,766061.6421927912,865094.7126923718
17,2,3,Brant Daugherty,23.0,0.08310615210825818,0.08300252790741741,0.07945831554020917,0.08815285907261089,831061.5210825818,794583.1554020917,881528.5907261089
17,2,4,Christina Milian,25.0,0.08475722844832163,0.0845473063506354,0.07994609900647688,0.08858349454874562,847572.2844832164,799460.9900647688,885834.9454874562
17,2,5,Corbin Bleu,26.0,0.08516774281473084,0.08516490492551944,0.08158888080545171,0.08933552149214401,851677.4281473084,815888.808054517,893355.2149214401
17,2,6,Elizabeth Berkley Lauren,25.0,0.0841491326172624,0.08391429960107025,0.0797944436576543,0.08908459440976159,841491.3261726239,797944.436576543,890845.9440976159
17,2,7,Jack Osbourne,24.0,0.08430676142199157,0.08401986901536518,0.08080042682771678,0.08875422786260076,843067.6142199157,808004.2682771678,887542.2786260076
17,2,8,Keyshawn Johnson,18.0,0.0817249061983925,0.08187886363905435,0.07668210939390621,0.08630025656505104,817249.0619839249,766821.0939390621,863002.5656505104
17,2,9,Leah Remini,24.0,0.08432051171218595,0.08452897181682083,0.08092073840131908,0.08777235526064378,843205.1171218595,809207.3840131909,877723.5526064378
17,2,10,"Nicole ""Snooki"" Polizzi",20.0,0.08175834884860399,0.08192902763977097,0.07743885554719797,0.08544765336705346,817583.4884860399,774388.5554719797,854476.5336705346
17,2,11,Valerie Harper,19.0,0.08157683061526604,0.08173555287276131,0.07656457036822661,0.08535133906710711,815768.3061526604,765645.7036822662,853513.3906710711
17,3,0,Amber Riley,24.0,0.09170443591868443,0.09154131782868534,0.08755560246257367,0.0967008814191742,917044.3591868443,875556.0246257368,967008.814191742
17,3,1,Bill Engvall,24.0,0.09187068973748504,0.0913142872972351,0.0876051903885679,0.09751481790015179,918706.8973748503,876051.903885679,975148.179001518
17,3,2,Bill Nye,16.0,0.0882259628697841,0.08808992354245954,0.0831970553424249,0.09374222536560688,882259.628697841,831970.553424249,937422.2536560688
17,3,3,Brant Daugherty,27.0,0.09160478221180138,0.09129073785072547,0.08745057115252883,0.09682907010048772,916047.8221180137,874505.7115252883,968290.7010048772
17,3,4,Christina Milian,26.0,0.09222317480653931,0.09199896404695114,0.08709150617603943,0.09634340004044575,922231.7480653931,870915.0617603944,963434.0004044576
17,3,5,Corbin Bleu,26.0,0.09224084515393391,0.0923619440792813,0.0881881903791289,0.0963536774182999,922408.4515393391,881881.903791289,963536.7741829989
17,3,6,Elizabeth Berkley Lauren,25.0,0.09121981400991729,0.09093386658569498,0.08626379374771306,0.09627505256560823,912198.1400991728,862637.9374771307,962750.5256560823
17,3,7,Jack Osbourne,22.0,0.09079526176834712,0.09049481029673881,0.08686902501205447,0.09542506550608498,907952.6176834713,868690.2501205447,954250.6550608499
17,3,9,Leah Remini,24.0,0.09148863347879863,0.09190589069989784,0.08780868439151338,0.09504390470683684,914886.3347879862,878086.8439151337,950439.0470683684
17,3,10,"Nicole ""Snooki"" Polizzi",25.0,0.09069470686540593,0.09066921802239347,0.0864949927985126,0.09480817922118537,906947.0686540593,864949.9279851259,948081.7922118537
17,3,11,Valerie Harper,16.0,0.08793169317930286,0.08809844818394538,0.08213140514343399,0.09243135823400349,879316.9317930286,821314.05143434,924313.5823400349
17,4,0,Amber Riley,27.0,0.10212538332470078,0.10176704266281364,0.0970357536600693,0.10886801246161953,1021253.8332470078,970357.5366006929,1088680.1246161954
17,4,1,Bill Engvall,21.0,0.09943475141169228,0.09924626833394887,0.09463282134608338,0.10515722830922374,994347.5141169227,946328.2134608338,1051572.2830922373
17,4,3,Brant Daugherty,21.0,0.09805205624398843,0.09808825595380566,0.09360424411018112,0.10395115443451927,980520.5624398843,936042.4411018111,1039511.5443451927
17,4,4,Christina Milian,24.0,0.10049704568851725,0.10033706623147431,0.09460327323285186,0.1050532867789635,1004970.4568851725,946032.7323285186,1050532.867789635
17,4,5,Corbin Bleu,27.0,0.1019598834126873,0.10195937528404332,0.09760518669708301,0.10672050635316671,1019598.8341268731,976051.8669708301,1067205.063531667
17,4,6,Elizabeth Berkley Lauren,27.0,0.10120671486496044,0.10075829538701069,0.09611753052457653,0.10699088512329084,1012067.1486496044,961175.3052457653,1069908.8512329084
17,4,7,Jack Osbourne,24.0,0.10042353291681859,0.09998147825967793,0.09636733426794282,0.10545688591950729,1004235.3291681859,963673.3426794282,1054568.859195073
17,4,9,Leah Remini,24.0,0.10044126811698592,0.10083539848010685,0.09625869870956066,0.10427425269280745,1004412.6811698593,962586.9870956066,1042742.5269280744
17,4,10,"Nicole ""Snooki"" Polizzi",24.0,0.09920087761215565,0.09923600317345817,0.09449352388596545,0.1039335589673841,992008.7761215565,944935.2388596545,1039335.589673841
17,4,11,Valerie Harper,18.0,0.0966584864074934,0.09686214641273852,0.09025629884343338,0.10159319954077499,966584.864074934,902562.9884343338,1015931.9954077499
17,5,0,Amber Riley,26.0,0.11153494835275336,0.11127187824780062,0.10647618620793087,0.11732103268652222,1115349.4835275337,1064761.8620793086,1173210.3268652223
17,5,1,Bill Engvall,24.0,0.11012971399739598,0.10985352003183843,0.1047281593452508,0.11627799009195836,1101297.1399739597,1047281.593452508,1162779.9009195836
17,5,3,Brant Daugherty,27.0,0.11097967673412133,0.11055792073373262,0.1061351837955419,0.11689250569061796,1109796.7673412133,1061351.837955419,1168925.0569061795
17,5,4,Christina Milian,28.0,0.11296215728459333,0.11259528880256679,0.10592774448144851,0.11811674757670258,1129621.5728459333,1059277.444814485,1181167.4757670257
17,5,5,Corbin Bleu,28.0,0.11298473639185437,0.1130617116807216,0.10807902155372506,0.11814466186773037,1129847.3639185438,1080790.2155372507,1181446.6186773037
17,5,6,Elizabeth Berkley Lauren,26.0,0.11053361373070646,0.1099883336407298,0.10424136962846291,0.11698429953910788,1105336.1373070646,1042413.696284629,1169842.9953910788
17,5,7,Jack Osbourne,27.0,0.1120647495432244,0.11170614045091568,0.1076907225316608,0.11772151705375786,1120647.495432244,1076907.225316608,1177215.1705375786
17,5,9,Leah Remini,22.0,0.10811197516968102,0.10858931250395996,0.10120464019851672,0.11279074133245671,1081119.7516968101,1012046.4019851672,1127907.4133245673
17,5,10,"Nicole ""Snooki"" Polizzi",27.0,0.11069842879566973,0.11054038565969627,0.10548395370146499,0.11596109385537731,1106984.2879566972,1054839.53701465,1159610.938553773
17,6,0,Amber Riley,31.999899999999997,0.12762536346224054,0.12742356708688823,0.12111920541592443,0.1351599509407308,1276253.6346224055,1211192.0541592443,1351599.509407308
17,6,1,Bill Engvall,23.9999,0.12280398820816714,0.12217689768502431,0.11677044281635736,0.12967716237169843,1228039.8820816714,1167704.4281635736,1296771.6237169844
17,6,3,Brant Daugherty,31.0,0.1254345088154082,0.12525895251795274,0.11971039806633316,0.13209542276706918,1254345.0881540822,1197103.9806633315,1320954.2276706917
17,6,5,Corbin Bleu,26.999899999999997,0.12425242994213881,0.12443609464850859,0.11808092452428416,0.12954439913186985,1242524.2994213882,1180809.2452428415,1295443.9913186985
17,6,6,Elizabeth Berkley Lauren,31.9998,0.12647708165699748,0.12575849466644504,0.12043947320138841,0.13351515583043855,1264770.8165699746,1204394.732013884,1335151.5583043855
17,6,7,Jack Osbourne,26.9998,0.12413308782325329,0.12381748778860159,0.11801584738368001,0.13013063720295254,1241330.8782325329,1180158.4738368,1301306.3720295255
17,6,9,Leah Remini,27.999899999999997,0.12478495083351455,0.1252807077818062,0.11914607592419113,0.12921301382952052,1247849.5083351457,1191460.7592419113,1292130.1382952053
17,6,10,"Nicole ""Snooki"" Polizzi",30.0,0.12448858925828002,0.12440734015790073,0.11845857691949496,0.13002868946508217,1244885.8925828002,1184585.7691949497,1300286.8946508218
17,7,0,Amber Riley,29.5,0.12771338364566298,0.12748740730482994,0.12117118453012544,0.13536827818245395,1277133.83645663,1211711.8453012544,1353682.7818245394
17,7,1,Bill Engvall,25.0,0.12281412785472501,0.12219133969916639,0.11679702089306039,0.12967906511772254,1228141.27854725,1167970.208930604,1296790.6511772254
17,7,3,Brant Daugherty,28.5,0.12501273557661408,0.12495778988849834,0.1192061201646662,0.13150533757005067,1250127.3557661409,1192061.2016466619,1315053.3757005068
17,7,5,Corbin Bleu,29.5,0.12750853820375863,0.12784323441732087,0.12164883720705444,0.13336833747083635,1275085.3820375863,1216488.3720705444,1333683.3747083636
17,7,6,Elizabeth Berkley Lauren,27.0,0.1237182682427708,0.12384786702646518,0.11680299715871555,0.1305222766284054,1237182.682427708,1168029.9715871555,1305222.7662840541
17,7,7,Jack Osbourne,28.5,0.1262335802014971,0.1258921179033185,0.12139597524894226,0.13231797925142177,1262335.8020149712,1213959.7524894227,1323179.7925142178
17,7,9,Leah Remini,26.5,0.12398773820004146,0.12426147133750215,0.11846849266626593,0.12815737984057898,1239877.3820004147,1184684.9266626593,1281573.7984057898
17,7,10,"Nicole ""Snooki"" Polizzi",27.0,0.12301162807492994,0.12285344819959379,0.11622944979019333,0.12834687074274173,1230116.2807492993,1162294.4979019333,1283468.7074274174
17,8,0,Amber Riley,28.0,0.14388605204943747,0.14419974274857966,0.137076079000083,0.15125159718889591,1438860.5204943747,1370760.79000083,1512515.9718889592
17,8,1,Bill Engvall,24.0,0.14055608198065492,0.14022955868794174,0.1334631771010987,0.1480791468289318,1405560.8198065492,1334631.771010987,1480791.468289318
17,8,3,Brant Daugherty,27.0,0.1412456955439783,0.14135991538255865,0.13512160888973662,0.1491659952249045,1412456.9554397832,1351216.0888973663,1491659.952249045
17,8,5,Corbin Bleu,30.0,0.14548630077737842,0.14589690595861915,0.1387232126587447,0.1518910495125313,1454863.0077737842,1387232.126587447,1518910.495125313
17,8,6,Elizabeth Berkley Lauren,25.0,0.1399261758183921,0.1401639804664043,0.1317271116199011,0.14742592219799766,1399261.758183921,1317271.1161990112,1474259.2219799766
17,8,7,Jack Osbourne,30.0,0.14534862753117203,0.14482736940924731,0.1398707157799164,0.1526418789946442,1453486.2753117203,1398707.1577991638,1526418.789946442
17,8,9,Leah Remini,28.0,0.14355106629898673,0.14370913494401977,0.1381533786365324,0.14820227190002352,1435510.6629898674,1381533.786365324,1482022.7190002352
17,9,0,Amber Riley,25.5,0.16638114544380933,0.167248938275785,0.15870755426697783,0.1738995016501426,1663811.4544380934,1587075.5426697782,1738995.016501426
17,9,1,Bill Engvall,21.0,0.16282897719741296,0.16211887997090207,0.15449111791121853,0.17150243871444804,1628289.7719741296,1544911.1791121853,1715024.3871444804
17,9,5,Corbin Bleu,29.0,0.16918138065012006,0.1694014031784872,0.16175449202214082,0.17664946702552542,1691813.8065012007,1617544.9202214081,1766494.6702552543
17,9,6,Elizabeth Berkley Lauren,28.0,0.16704810540253412,0.16660433979681258,0.15950525878506192,0.1755394652564423,1670481.0540253413,1595052.587850619,1755394.652564423
17,9,7,Jack Osbourne,27.0,0.1672642413982367,0.16678252079368805,0.16029707947636532,0.17484547680128432,1672642.413982367,1602970.794763653,1748454.768012843
17,9,9,Leah Remini,27.0,0.16729614990788685,0.16745943874800878,0.1611456935113525,0.17301355940289373,1672961.4990788687,1611456.935113525,1730135.5940289374
17,10,0,Amber Riley,39.5,0.2037545461607182,0.20342721315655854,0.19477317348546594,0.21533579025137844,2037545.461607182,1947731.7348546593,2153357.9025137844
17,10,1,Bill Engvall,30.0,0.19661162620488523,0.19581320851554038,0.18657711627841653,0.20625689952367793,1966116.2620488524,1865771.1627841652,2062568.9952367793
17,10,5,Corbin Bleu,37.5,0.2018323581943897,0.20208102901101233,0.19320616913108424,0.20905979217233392,2018323.5819438968,1932061.6913108423,2090597.9217233392
17,10,7,Jack Osbourne,35.5,0.20005350631266006,0.199724209148231,0.19180976838661987,0.20888469458206047,2000535.0631266006,1918097.6838661986,2088846.9458206047
17,10,9,Leah Remini,32.5,0.1977479631273468,0.19807917564936253,0.1885219952057479,0.2052413269039157,1977479.631273468,1885219.952057479,2052413.2690391568
17,11,0,Amber Riley,31.3332,0.25438205556094945,0.2545629418046994,0.24370480050410795,0.2689561255291113,2543820.5556094944,2437048.0050410796,2689561.255291113
17,11,1,Bill Engvall,25.499899999999997,0.24573846468348104,0.24460086587911914,0.232326939795882,0.2576493249167204,2457384.6468348103,2323269.39795882,2576493.249167204
17,11,5,Corbin Bleu,29.6664,0.2513561687373166,0.25237268633680393,0.2399152657497994,0.25999984433896284,2513561.687373166,2399152.657497994,2599998.4433896285
17,11,7,Jack Osbourne,27.999899999999997,0.24852331101825287,0.2477529585387836,0.2369964296759456,0.26066368809426377,2485233.110182529,2369964.296759456,2606636.8809426376
18,1,0,Amy Purdy,24.0,0.08385705813116677,0.08366062568207557,0.07997771194425707,0.08785771119593071,838570.5813116677,799777.1194425707,878577.1119593071
18,1,1,Billy Dee Williams,15.0,0.08081506781822498,0.0813129750954596,0.07570569836631232,0.08486517112891552,808150.6781822498,757056.9836631231,848651.7112891552
18,1,2,Candace Cameron Bure,25.0,0.08485439486677877,0.08467194059423018,0.08169794559974274,0.08949893007066453,848543.9486677877,816979.4559974273,894989.3007066454
18,1,3,Charlie White,27.0,0.08533638720108953,0.08498712966730755,0.08165106062360844,0.09059849445284571,853363.8720108953,816510.6062360844,905984.9445284571
18,1,4,Cody Simpson,22.0,0.08299551727068759,0.08291139134992419,0.07971493122339116,0.08735912697891927,829955.1727068758,797149.3122339116,873591.2697891927
18,1,5,Danica McKellar,24.0,0.08359132860399811,0.08331489199043399,0.07977720198739874,0.08823775894866734,835913.2860399811,797772.0198739874,882377.5894866734
18,1,6,Diana Nyad,18.0,0.08259635702999034,0.08310130761221679,0.0782029123382918,0.08586588105203778,825963.5702999034,782029.123382918,858658.8105203778
18,1,7,Drew Carey,21.0,0.08381921225565571,0.08422933622126119,0.07926780346815392,0.08791776150873491,838192.1225565571,792678.0346815392,879177.6150873491
18,1,8,James Maslow,21.0,0.08255485702860399,0.0826524649762737,0.07835191090201508,0.08649934457639802,825548.5702860398,783519.1090201508,864993.4457639802
18,1,9,Meryl Davis,24.0,0.08439482508526062,0.08426918553522506,0.0800744541800243,0.0891756625118774,843948.2508526063,800744.5418002431,891756.625118774
18,1,10,NeNe Leakes,21.0,0.08248535171654547,0.08251102572249189,0.0788488069956442,0.0861925350794212,824853.5171654547,788488.069956442,861925.3507942121
18,1,11,Sean Avery,20.0,0.08269964299199808,0.08290593925476995,0.07717317191218476,0.08703678102228943,826996.4299199808,771731.7191218475,870367.8102228943
18,2,0,Amy Purdy,24.0,0.09148675674924965,0.09111526269271401,0.0874906288667661,0.09564506628503416,914867.5674924965,874906.288667661,956450.6628503416
18,2,1,Billy Dee Williams,15.0,0.08779946690296969,0.08840994887593272,0.08201858882832584,0.09211427424898325,877994.669029697,820185.8882832584,921142.7424898325
18,2,2,Candace Cameron Bure,21.0,0.09086906994207178,0.09082700344519946,0.0881339499264699,0.0955347736080484,908690.6994207178,881339.499264699,955347.7360804841
18,2,3,Charlie White,25.0,0.09234678145208912,0.09195426096945733,0.08812676874526813,0.09740465455469746,923467.8145208912,881267.6874526814,974046.5455469746
18,2,4,Cody Simpson,22.0,0.0904600912804106,0.09041794682413384,0.08712287267310394,0.09513107344661374,904600.912804106,871228.7267310394,951310.7344661375
18,2,5,Danica McKellar,24.0,0.09119745230292028,0.09082828492731747,0.08671998685915963,0.09621235614912531,911974.5230292028,867199.8685915963,962123.5614912531
18,2,7,Drew Carey,21.0,0.09131785779121918,0.09166435697004262,0.08622050663770207,0.09590762856288876,913178.5779121917,862205.0663770208,959076.2856288876
18,2,8,James Maslow,25.0,0.09166390322496763,0.09169140724465868,0.08717686367819262,0.09565151759529361,916639.0322496763,871768.6367819262,956515.175952936
18,2,9,Meryl Davis,25.0,0.09251228272851224,0.09221835469429537,0.08773296507880748,0.09753338980712281,925122.8272851224,877329.6507880748,975333.8980712281
18,2,10,NeNe Leakes,21.0,0.08986339975873885,0.09002448948074837,0.08599865398508603,0.09397294996999697,898633.9975873885,859986.5398508604,939729.4996999697
18,2,11,Sean Avery,21.0,0.09048293786685095,0.09086659572209604,0.08458510116154792,0.09512542564353439,904829.3786685095,845851.0116154792,951254.2564353439
18,3,0,Amy Purdy,36.0,0.11164396755537778,0.11153705051790153,0.1064568351517407,0.1169820635610601,1116439.6755537777,1064568.351517407,1169820.635610601
18,3,2,Candace Cameron Bure,32.0,0.11031246499494526,0.11033829638119516,0.10638336901561189,0.11590875119198714,1103124.6499494526,1063833.690156119,1159087.5119198714
18,3,3,Charlie White,36.0,0.11215576119017535,0.11160620170572615,0.10689829059721065,0.11826569376050633,1121557.6119017536,1068982.9059721064,1182656.9376050632
18,3,4,Cody Simpson,35.0,0.11090441503163403,0.11076463485576515,0.10697400207654022,0.11663410995413395,1109044.1503163404,1069740.0207654021,1166341.0995413396
18,3,5,Danica McKellar,36.0,0.11129283932737832,0.11102433405537505,0.10573058165378312,0.11745740734562043,1112928.3932737831,1057305.8165378312,1174574.0734562043
18,3,7,Drew Carey,30.0,0.10978422497001919,0.11013280421376324,0.10306062186326011,0.11545116005279218,1097842.249700192,1030606.2186326011,1154511.600527922
18,3,8,James Maslow,36.0,0.11133145937740233,0.11161947336929397,0.10604742382025494,0.1165112983217264,1113314.5937740232,1060474.2382025493,1165112.983217264
18,3,9,Meryl Davis,39.0,0.11401578434439953,0.11361082467473808,0.1074016259935427,0.11947618355668803,1140157.8434439953,1074016.259935427,1194761.8355668802
18,3,10,NeNe Leakes,31.0,0.10855908320866817,0.10866210041453618,0.10361209803880153,0.1138042084286949,1085590.8320866816,1036120.9803880153,1138042.0842869491
18,4,0,Amy Purdy,34.0,0.1113844726342245,0.11140469803998508,0.10632101081721673,0.11679523146526537,1113844.726342245,1063210.1081721673,1167952.3146526536
18,4,2,Candace Cameron Bure,28.0,0.10907797373487343,0.10909103466031705,0.10398869437189928,0.11449923579074693,1090779.7373487344,1039886.9437189929,1144992.3579074694
18,4,3,Charlie White,33.0,0.11136582102187884,0.11085359004263245,0.10598332158055569,0.11731030884065516,1113658.2102187884,1059833.2158055569,1173103.0884065516
18,4,4,Cody Simpson,31.0,0.10961485417140941,0.1094765570929205,0.10524564365962571,0.11475821711300986,1096148.541714094,1052456.4365962571,1147582.1711300986
18,4,5,Danica McKellar,32.0,0.10998827601786287,0.1100673932020197,0.10377446916049336,0.11548992571162299,1099882.7601786288,1037744.6916049336,1154899.25711623
18,4,7,Drew Carey,33.0,0.11224045219345476,0.11264637932313622,0.10614405326596967,0.1170142191031817,1122404.5219345475,1061440.5326596966,1170142.191031817
18,4,8,James Maslow,35.0,0.1116017139008478,0.11189134336679152,0.10631344272638422,0.1168229061593085,1116017.139008478,1063134.4272638422,1168229.061593085
18,4,9,Meryl Davis,39.0,0.11479478345807234,0.1143696955060303,0.10836605932931347,0.12058326205345692,1147947.8345807234,1083660.5932931346,1205832.6205345693
18,4,10,NeNe Leakes,32.0,0.10993165286737602,0.11023770191169485,0.10536052267936001,0.11524799883521844,1099316.5286737601,1053605.2267936,1152479.9883521844
18,5,0,Amy Purdy,37.0,0.11142240106308099,0.11142252035438902,0.10633218533716544,0.1168282089795197,1114224.01063081,1063321.8533716544,1168282.0897951971
18,5,2,Candace Cameron Bure,35.0,0.11134036802863762,0.11119302233696976,0.107781551549536,0.11695138705889777,1113403.680286376,1077815.5154953601,1169513.8705889776
18,5,3,Charlie White,37.0,0.11193377260470445,0.11143240761568111,0.10674015145106278,0.11797555406087891,1119337.7260470446,1067401.5145106278,1179755.540608789
18,5,4,Cody Simpson,34.0,0.10985836995877152,0.1097356366725526,0.10565349654893759,0.11503024148657652,1098583.699587715,1056534.9654893759,1150302.4148657653
18,5,5,Danica McKellar,39.0,0.11199221039121098,0.11147969099893021,0.10640420698915085,0.1181462850951611,1119922.1039121097,1064042.0698915084,1181462.850951611
18,5,7,Drew Carey,28.0,0.10872062328636307,0.10908050861565574,0.10152466907698966,0.11465689586643779,1087206.2328636306,1015246.6907698966,1146568.958664378
18,5,8,James Maslow,40.0,0.1124927726025816,0.11254445508837944,0.10696795014621484,0.11764476733760663,1124927.726025816,1069679.5014621483,1176447.6733760664
18,5,9,Meryl Davis,36.0,0.11167695127869262,0.11193436945278372,0.10567371122765153,0.11729220227751277,1116769.5127869262,1056737.1122765152,1172922.0227751278
18,5,10,NeNe Leakes,36.0,0.11056253078595718,0.11098649008725608,0.10649612524851736,0.11628145709414527,1105625.3078595719,1064961.2524851735,1162814.5709414526
18,6,0,Amy Purdy,38.0,0.12638990638662279,0.12619639511409778,0.12064932734292279,0.13352078900139752,1263899.0638662279,1206493.273429228,1335207.8900139753
18,6,2,Candace Cameron Bure,32.0,0.12356603442268943,0.12351706350121484,0.11911560247269691,0.129605227667014,1235660.3442268942,1191156.0247269692,1296052.27667014
18,6,3,Charlie White,36.0,0.12569661797393816,0.12524210116777,0.11983876123562665,0.13234316985963357,1256966.1797393817,1198387.6123562665,1323431.6985963357
18,6,5,Danica McKellar,36.0,0.12473056744709204,0.12449185920282019,0.11868304571851603,0.1315834482693822,1247305.6744709203,1186830.4571851604,1315834.4826938221
18,6,7,Drew Carey,32.0,0.12417581132024412,0.12474577173054462,0.11695856643431976,0.13008347930427192,1241758.1132024413,1169585.6643431976,1300834.7930427191
18,6,8,James Maslow,35.0,0.12415337835719,0.1244447166976881,0.11781919875584919,0.12963525022319636,1241533.7835718999,1178191.987558492,1296352.5022319637
18,6,9,Meryl Davis,40.0,0.12847758048019528,0.12811039208128702,0.12079110290046789,0.13480223185046905,1284775.8048019528,1207911.0290046788,1348022.3185046904
18,6,10,NeNe Leakes,33.0,0.1228101036120282,0.12302696608697622,0.11749933737289765,0.12879537695000687,1228101.036120282,1174993.3737289766,1287953.7695000686
18,7,0,Amy Purdy,37.5,0.14411996484892112,0.14394251176323816,0.13720480472164218,0.15129939325489913,1441199.6484892112,1372048.0472164217,1512993.9325489914
18,7,2,Candace Cameron Bure,37.0,0.14465601348959575,0.14429918233006078,0.14039422894903442,0.15234773063259144,1446560.1348959575,1403942.2894903442,1523477.3063259143
18,7,3,Charlie White,35.5,0.14261922717674086,0.14239998848763047,0.13538683963128975,0.1498336234897248,1426192.2717674086,1353868.3963128976,1498336.234897248
18,7,5,Danica McKellar,36.0,0.14205246879792754,0.1419669058509704,0.1350163234241656,0.14942438239377961,1420524.6879792754,1350163.234241656,1494243.823937796
18,7,8,James Maslow,35.0,0.14104516405910272,0.14137719153156325,0.13343211719794174,0.14725800781334025,1410451.6405910272,1334321.1719794173,1472580.0781334026
18,7,9,Meryl Davis,39.0,0.14668666709597594,0.14629851265159663,0.13869399420895895,0.15463236627386492,1466866.6709597595,1386939.9420895895,1546323.6627386492
18,7,10,NeNe Leakes,33.0,0.1388204945317361,0.13937753588960863,0.13224989763710127,0.14457462525342074,1388204.9453173608,1322498.9763710126,1445746.2525342074
18,8,0,Amy Purdy,40.0,0.16924221277919319,0.16868340281712815,0.16067138653220261,0.1799608825487093,1692422.1277919319,1606713.8653220262,1799608.8254870928
18,8,2,Candace Cameron Bure,36.0,0.16547488004985164,0.16517732303014807,0.1596211068669753,0.1732726449184842,1654748.8004985163,1596211.0686697531,1732726.4491848422
18,8,3,Charlie White,40.0,0.17000932103563499,0.16931872698928588,0.16292059734052733,0.1798744189292594,1700093.2103563498,1629205.9734052734,1798744.189292594
18,8,5,Danica McKellar,38.0,0.16618480075748965,0.16607661161060422,0.1585528272134897,0.17448125702199865,1661848.0075748966,1585528.272134897,1744812.5702199866
18,8,8,James Maslow,36.0,0.16378776526801572,0.16416958213934602,0.1546005956720596,0.17078380700205614,1637877.6526801572,1546005.9567205962,1707838.0700205613
18,8,9,Meryl Davis,36.0,0.16530102010981482,0.1657964964420022,0.15673068288227415,0.17452122345531415,1653010.2010981482,1567306.8288227415,1745212.2345531415
18,9,0,Amy Purdy,39.0,0.20097900330533403,0.2009905215705788,0.19174301554697773,0.21022201211175817,2009790.0330533402,1917430.1554697773,2102220.1211175816
18,9,2,Candace Cameron Bure,36.0,0.196437736323513,0.19639319678291894,0.18710663122105217,0.205678031423585,1964377.36323513,1871066.3122105217,2056780.31423585
18,9,3,Charlie White,38.0,0.19986338013426191,0.19967745965800598,0.19112965788213376,0.20909627106075573,1998633.8013426191,1911296.5788213375,2090962.7106075573
18,9,8,James Maslow,38.0,0.19839694429913196,0.19847505817181446,0.18827909267673895,0.20667050690209704,1983969.4429913196,1882790.9267673895,2066705.0690209705
18,9,9,Meryl Davis,40.0,0.20432293593775908,0.20382680554211544,0.19371150901238243,0.213918330820304,2043229.3593775907,1937115.0901238243,2139183.30820304
18,10,0,Amy Purdy,29.666600000000003,0.2514138884575219,0.2510656305471097,0.23930774792665496,0.26348518238873003,2514138.884575219,2393077.4792665495,2634851.8238873
18,10,2,Candace Cameron Bure,25.9998,0.24555096102143378,0.24502733290476952,0.23393128736591245,0.2567800737445455,2455509.6102143377,2339312.8736591246,2567800.7374454546
18,10,8,James Maslow,29.0,0.2492864238015045,0.24942371778783695,0.23926478435178047,0.2583854509038425,2492864.238015045,2392647.8435178045,2583854.509038425
18,10,9,Meryl Davis,30.0,0.2537487267195399,0.2539879261440627,0.24115704162064272,0.2644422331915525,2537487.267195399,2411570.4162064274,2644422.3319155253
19,1,0,Alfonso Ribeiro,36.0,0.07884972733887069,0.07871440482584562,0.07531113205459974,0.08403682511059854,788497.2733887068,753111.3205459975,840368.2511059854
19,1,1,Antonio Sabato Jr.,25.0,0.07632152869457544,0.0765158710448682,0.07213713820917815,0.0804499334404488,763215.2869457544,721371.3820917815,804499.3344044881
19,1,2,Bethany Mota,32.0,0.07768629990367408,0.07786092339226143,0.0740035367322058,0.08134908054715709,776862.9990367409,740035.3673220581,813490.8054715709
19,1,3,Betsey Johnson,20.0,0.07428906243723354,0.07409222811608085,0.0699404931086468,0.07815061127462061,742890.6243723354,699404.931086468,781506.1127462061
19,1,4,Janel Parrish,29.0,0.07689167032712017,0.07714650649935603,0.07364780418633254,0.08056821022114621,768916.7032712017,736478.0418633254,805682.1022114621
19,1,5,Jonathan Bennett,30.0,0.07750971240949162,0.07782464465790953,0.07319220457702894,0.08123433033622451,775097.1240949162,731922.0457702894,812343.3033622451
19,1,6,Lea Thompson,32.0,0.07738466749711283,0.07740707394560545,0.07330664694237878,0.08087480207795733,773846.6749711282,733066.4694237878,808748.0207795734
19,1,7,Lolo Jones,22.0,0.07544097170671717,0.07538784171759037,0.07183163303801274,0.07900967651339039,754409.7170671717,718316.3303801274,790096.7651339038
19,1,8,Michael Waltrip,25.0,0.07654079749775418,0.07674371585175227,0.07156713793132521,0.08009424240517804,765407.9749775418,715671.3793132522,800942.4240517804
19,1,9,Randy Couture,31.0,0.07706012764986388,0.07689703777589205,0.07435863342416414,0.08203099805223589,770601.2764986388,743586.3342416415,820309.9805223589
19,1,10,Sadie Robertson,34.0,0.07829429542938861,0.07837223724147366,0.07452571349692813,0.08288345806138198,782942.9542938861,745257.1349692813,828834.5806138198
19,1,11,Tavis Smiley,29.0,0.07694974005631595,0.07710538821904331,0.07330595150704852,0.08074640532231649,769497.4005631595,733059.5150704852,807464.0532231649
19,1,12,Tommy Chong,27.0,0.07678139905188187,0.07697374619748681,0.07338821632737284,0.08197117388587716,767813.9905188187,733882.1632737285,819711.7388587716
19,2,0,Alfonso Ribeiro,32.0,0.08424307293942242,0.08448976889965029,0.08005864574019579,0.0900243465035953,842430.7293942241,800586.457401958,900243.465035953
19,2,1,Antonio Sabato Jr.,31.0,0.08389666088312031,0.08414124637854044,0.07960761879594042,0.08877943985201692,838966.6088312031,796076.1879594042,887794.3985201692
19,2,2,Bethany Mota,33.0,0.08438040257489231,0.08460498218985192,0.08026031555823242,0.08826350439792101,843804.0257489231,802603.1555823241,882635.0439792101
19,2,3,Betsey Johnson,28.0,0.08178646326173114,0.08183457515893242,0.07756104587286455,0.08591194500286602,817864.6326173114,775610.4587286456,859119.4500286601
19,2,4,Janel Parrish,34.0,0.08465434122309944,0.08468453980364544,0.08087103413959765,0.0888329418433552,846543.4122309943,808710.3413959765,888329.418433552
19,2,5,Jonathan Bennett,30.0,0.08356361031442289,0.08401813799296443,0.07887696379053918,0.08778150644763827,835636.1031442289,788769.6379053919,877815.0644763827
19,2,6,Lea Thompson,35.0,0.0848126397190134,0.08487605568256033,0.07981726993743017,0.08896177703796451,848126.397190134,798172.6993743017,889617.7703796452
19,2,8,Michael Waltrip,24.0,0.08154674419782972,0.08185327737207036,0.07604602984905964,0.08570282131978221,815467.4419782972,760460.2984905965,857028.2131978221
19,2,9,Randy Couture,28.0,0.08209096124050502,0.08196566751702739,0.07885701412506865,0.08670453243448285,820909.6124050502,788570.1412506865,867045.3243448285
19,2,10,Sadie Robertson,31.0,0.08377764444563073,0.08355937658196455,0.08006416216353497,0.08906731589069866,837776.4444563072,800641.6216353497,890673.1589069866
19,2,11,Tavis Smiley,28.0,0.08246718122747342,0.08274264507250491,0.07866117473249211,0.0866345844809707,824671.8122747341,786611.7473249211,866345.8448097069
19,2,12,Tommy Chong,28.0,0.08278027797285922,0.08302022557861813,0.0790605645215055,0.08839434749759334,827802.7797285923,790605.6452150551,883943.4749759334
19,3,0,Alfonso Ribeiro,32.0,0.09111624158476843,0.09165090349233906,0.0869296183056952,0.09713126712919185,911162.4158476843,869296.1830569521,971312.6712919185
19,3,1,Antonio Sabato Jr.,29.0,0.09030066793912254,0.09070431793518739,0.08540202609499403,0.0950806666953098,903006.6793912255,854020.2609499403,950806.666953098
19,3,2,Bethany Mota,40.0,0.0931624757711046,0.0931876992247665,0.08861713620616939,0.09783825062256529,931624.757711046,886171.3620616939,978382.5062256529
19,3,3,Betsey Johnson,29.0,0.08921805210371232,0.08916743988663016,0.08469221159339864,0.09355445869167042,892180.5210371233,846922.1159339864,935544.5869167042
19,3,4,Janel Parrish,40.0,0.09304578284605666,0.09316759900412491,0.08883956937235135,0.09846970381243049,930457.8284605666,888395.6937235135,984697.0381243048
19,3,5,Jonathan Bennett,32.0,0.09119461727768044,0.09170260753360435,0.08577437205585456,0.09580884438534858,911946.1727768044,857743.7205585456,958088.4438534857
19,3,6,Lea Thompson,31.0,0.09022199219113831,0.09039840937332246,0.08523116007035139,0.09433796641167459,902219.9219113832,852311.600703514,943379.6641167459
19,3,8,Michael Waltrip,28.0,0.0902776115265983,0.09059773092454607,0.08409030976661595,0.09443356040786395,902776.115265983,840903.0976661595,944335.6040786395
19,3,9,Randy Couture,26.0,0.0887173159088702,0.08822491736475238,0.08489582161911846,0.09311239640817359,887173.159088702,848958.2161911846,931123.9640817359
19,3,10,Sadie Robertson,32.0,0.09102001235902299,0.09072939291469691,0.08699553081672505,0.09649693101712864,910200.1235902299,869955.3081672505,964969.3101712863
19,3,12,Tommy Chong,34.0,0.09172523049192519,0.0921055576974354,0.08773511921543907,0.09753806806793026,917252.3049192518,877351.1921543907,975380.6806793027
19,4,0,Alfonso Ribeiro,40.0,0.10218599152195708,0.10225591673435067,0.09727289276476349,0.10911074732631394,1021859.9152195707,972728.9276476349,1091107.4732631394
19,4,1,Antonio Sabato Jr.,29.0,0.09951268229115956,0.09982545597246972,0.09426706597583476,0.10473788730739289,995126.8229115956,942670.6597583476,1047378.8730739289
19,4,2,Bethany Mota,33.0,0.10016281119320752,0.10017278587023208,0.09527736985407682,0.10471185296561389,1001628.1119320752,952773.6985407682,1047118.5296561389
19,4,3,Betsey Johnson,29.0,0.09832090924005137,0.09826128144739692,0.09329986433392233,0.10330878539006597,983209.0924005137,932998.6433392233,1033087.8539006597
19,4,4,Janel Parrish,36.0,0.10077347562068961,0.10080199442779632,0.096093249745465,0.10581531787858048,1007734.7562068962,960932.49745465,1058153.178785805
19,4,5,Jonathan Bennett,24.0,0.09835796494134459,0.09859269098637188,0.09275361992642114,0.10352820476894527,983579.649413446,927536.1992642115,1035282.0476894527
19,4,6,Lea Thompson,39.0,0.10125309126233789,0.10127633416629808,0.09526519746620338,0.10601394650030972,1012530.9126233789,952651.9746620337,1060139.4650030972
19,4,8,Michael Waltrip,25.0,0.09882880240752684,0.09914127927045896,0.09227652395516794,0.10349747860393801,988288.0240752684,922765.2395516795,1034974.7860393801
19,4,10,Sadie Robertson,37.0,0.10133063346629721,0.10146891966835718,0.09665274325250081,0.10673847018629941,1013306.3346629721,966527.4325250081,1067384.701862994
19,4,12,Tommy Chong,28.0,0.09927363805542834,0.09944205071411871,0.09469745504538012,0.10601179493669097,992736.3805542834,946974.5504538012,1060117.9493669097
19,5,0,Alfonso Ribeiro,34.0,0.11251426575112085,0.11285889368741292,0.10712220051218818,0.12013148227732721,1125142.6575112084,1071222.0051218818,1201314.8227732722
19,5,1,Antonio Sabato Jr.,28.0,0.11089848336927785,0.11102644089241348,0.1056276929025547,0.11652172319633348,1108984.8336927786,1056276.929025547,1165217.2319633348
19,5,2,Bethany Mota,32.0,0.11163775949920945,0.11174037748384681,0.10576671747470939,0.11707850090419329,1116377.5949920944,1057667.174747094,1170785.0090419329
19,5,4,Janel Parrish,33.0,0.1117757408170556,0.1119357284015288,0.10683721388575498,0.11730637397464841,1117757.408170556,1068372.1388575498,1173063.7397464842
19,5,5,Jonathan Bennett,24.0,0.10986707362744369,0.11008972651786188,0.10409024112888413,0.11557981948218561,1098670.7362744368,1040902.4112888413,1155798.1948218562
19,5,6,Lea Thompson,34.0,0.1117597450511711,0.11189491974214454,0.10565263859761079,0.1170257428514811,1117597.450511711,1056526.3859761078,1170257.428514811
19,5,8,Michael Waltrip,20.0,0.1090465591137511,0.10922885906330133,0.10199783915747215,0.11435599502683988,1090465.591137511,1019978.3915747216,1143559.9502683987
19,5,10,Sadie Robertson,36.0,0.11295261342459458,0.11330218915657854,0.10757263790028825,0.11892943158687218,1129526.1342459458,1075726.3790028824,1189294.3158687218
19,5,12,Tommy Chong,23.0,0.10954775934637581,0.10948042541298825,0.10421942555143594,0.11702067436544897,1095477.593463758,1042194.2555143595,1170206.7436544898
19,6,0,Alfonso Ribeiro,39.0,0.11403759424510031,0.11397858041192464,0.10837535180956026,0.12150718506702635,1140375.942451003,1083753.5180956025,1215071.8506702634
19,6,1,Antonio Sabato Jr.,28.0,0.10932300668117545,0.10932662010912278,0.10336556645673349,0.11464415647381129,1093230.0668117546,1033655.6645673349,1146441.564738113
19,6,2,Bethany Mota,36.0,0.11239386549149057,0.11253257226018158,0.10680587974918249,0.11793523042178969,1123938.6549149055,1068058.797491825,1179352.304217897
19,6,4,Janel Parrish,33.0,0.11095432446387796,0.11137568343449213,0.10610776937355927,0.11619549454593024,1109543.2446387797,1061077.6937355928,1161954.9454593025
19,6,5,Jonathan Bennett,32.0,0.11107925145247435,0.11133052576369681,0.10521164123369779,0.11722804432574731,1110792.5145247434,1052116.412336978,1172280.4432574732
19,6,6,Lea Thompson,32.0,0.11023888460911052,0.11044829489241421,0.1042340450896825,0.11490550360849737,1102388.8460911051,1042340.450896825,1149055.0360849737
19,6,8,Michael Waltrip,30.0,0.11048387141414028,0.11062334454170278,0.10326083646918197,0.11530906883851855,1104838.7141414029,1032608.3646918196,1153090.6883851856
19,6,10,Sadie Robertson,35.0,0.11216132961326211,0.11238226900821507,0.10691481884204145,0.11792733820731705,1121613.2961326211,1069148.1884204145,1179273.3820731705
19,6,12,Tommy Chong,28.0,0.10932787202936843,0.10923781641431572,0.10397427874675558,0.11688935885456131,1093278.7202936844,1039742.7874675557,1168893.588545613
19,7,0,Alfonso Ribeiro,34.0,0.12610680098484392,0.12667785991308872,0.12025073551927609,0.1339628981467689,1261068.0098484391,1202507.355192761,1339628.981467689
19,7,1,Antonio Sabato Jr.,29.5,0.12364302105416912,0.12364501902055146,0.11719443177342267,0.12954481917530689,1236430.2105416912,1171944.3177342268,1295448.191753069
19,7,2,Bethany Mota,37.5,0.127737446029747,0.12790638609399949,0.12172910015420038,0.1341919062914719,1277374.46029747,1217291.0015420038,1341919.062914719
19,7,4,Janel Parrish,33.5,0.1253082315712738,0.12582737326082452,0.1198317538310792,0.13119862379282873,1253082.315712738,1198317.538310792,1311986.2379282874
19,7,6,Lea Thompson,35.0,0.1258247085801697,0.12588439593225997,0.11871914342964002,0.13143153319222564,1258247.0858016969,1187191.4342964003,1314315.3319222564
19,7,8,Michael Waltrip,28.0,0.12316493337662703,0.12334339886040807,0.11506087154627882,0.12889956614610568,1231649.3337662702,1150608.7154627882,1288995.6614610567
19,7,10,Sadie Robertson,31.0,0.12429452092647132,0.12406100133204258,0.118116370228693,0.13095390575137,1242945.209264713,1181163.7022869298,1309539.0575137
19,7,12,Tommy Chong,30.0,0.12392033747669808,0.1241232394365785,0.11812079914844736,0.13163805216012442,1239203.3747669808,1181207.9914844737,1316380.521601244
19,8,0,Alfonso Ribeiro,41.0,0.14478184637494715,0.14526743912443027,0.13808396710628995,0.15405460726295775,1447818.4637494716,1380839.6710628995,1540546.0726295775
19,8,2,Bethany Mota,40.0,0.14405751060557243,0.14419024681994683,0.13701159264583657,0.15048034183995476,1440575.1060557242,1370115.9264583657,1504803.4183995477
19,8,4,Janel Parrish,43.0,0.1448100353353051,0.14503308704547996,0.13728867506110626,0.15225550127760745,1448100.353353051,1372886.7506110626,1522555.0127760745
19,8,6,Lea Thompson,32.0,0.1410818562260246,0.14215261658170125,0.13302317770791916,0.1474730061994112,1410818.562260246,1330231.7770791915,1474730.061994112
19,8,8,Michael Waltrip,25.0,0.1403835918871699,0.14040380598203805,0.13133999450977266,0.1466801630744086,1403835.918871699,1313399.9450977265,1466801.6307440859
19,8,10,Sadie Robertson,38.0,0.1437060740046668,0.14326536872820617,0.13684388231445171,0.15073753848084231,1437060.740046668,1368438.8231445171,1507375.3848084232
19,8,12,Tommy Chong,29.0,0.14117908556631403,0.14160771287408538,0.13479927333830055,0.14936243973028768,1411790.8556631403,1347992.7333830055,1493624.3973028767
19,9,0,Alfonso Ribeiro,38.5,0.1689208304602301,0.1697551839296703,0.16071965718770667,0.1800438751125537,1689208.304602301,1607196.5718770667,1800438.751125537
19,9,2,Bethany Mota,37.0,0.16744196123787244,0.16762996638378547,0.15949204198831252,0.1733478728642372,1674419.6123787244,1594920.4198831252,1733478.728642372
19,9,4,Janel Parrish,38.5,0.1682259997929785,0.16866155576246505,0.16049956649233574,0.17618973454084247,1682259.997929785,1604995.6649233573,1761897.3454084247
19,9,6,Lea Thompson,35.0,0.1654980737383495,0.16623116309384578,0.15633097616354813,0.17242506903427735,1654980.7373834949,1563309.7616354814,1724250.6903427735
19,9,10,Sadie Robertson,36.5,0.1674193376133511,0.16704427314721768,0.15948983155114657,0.17610207340552947,1674193.3761335108,1594898.3155114658,1761020.7340552947
19,9,12,Tommy Chong,28.5,0.16249379715721834,0.16284594455036383,0.1551601811120506,0.17326142214927368,1624937.9715721835,1551601.811120506,1732614.2214927368
19,10,0,Alfonso Ribeiro,37.5,0.20124784978155524,0.20217338052542413,0.1925638317741009,0.2115565134796893,2012478.4978155524,1925638.3177410092,2115565.1347968928
19,10,2,Bethany Mota,38.0,0.20114344262306766,0.20081088936174657,0.1910570521748478,0.2080515822191858,2011434.4262306765,1910570.521748478,2080515.822191858
19,10,4,Janel Parrish,39.0,0.20185255347010791,0.20234929127832013,0.192659525198139,0.2114151978850472,2018525.5347010791,1926595.25198139,2114151.978850472
19,10,10,Sadie Robertson,37.0,0.2005482491849813,0.19991068572725876,0.19130159505031658,0.21045813787178203,2005482.491849813,1913015.9505031658,2104581.37871782
19,10,12,Tommy Chong,31.0,0.19520790494028784,0.1953662726541268,0.186859545260095,0.2059913364419173,1952079.0494028784,1868595.45260095,2059913.364419173
19,11,0,Alfonso Ribeiro,40.0,0.25479064594056045,0.25555111867192304,0.24254341779050737,0.26943135285177877,2547906.4594056043,2425434.177905074,2694313.528517788
19,11,2,Bethany Mota,38.0,0.24478055475468824,0.24447146081596946,0.23236381123293792,0.2536739656071484,2447805.547546882,2323638.112329379,2536739.656071484
19,11,4,Janel Parrish,38.99980000000001,0.24905628885482722,0.25029924950317084,0.23836508719069674,0.2611209570551692,2490562.888548272,2383650.8719069674,2611209.570551692
19,11,10,Sadie Robertson,39.333200000000005,0.2513725104499241,0.25168063124744033,0.23999027796665626,0.2642131731309169,2513725.104499241,2399902.7796665626,2642131.731309169
20,1,0,Charlotte McKinney,22.0,0.0814608117440367,0.0814534991135313,0.07648172784302577,0.08640268184519735,814608.117440367,764817.2784302577,864026.8184519735
20,1,1,Chris Soules,26.0,0.08303800201257168,0.08306604152084335,0.07911038710136553,0.0866099077040253,830380.0201257168,791103.8710136553,866099.077040253
20,1,2,Michael Sam,26.0,0.08276868032886055,0.08252261054700535,0.07822865367363772,0.08696615327515511,827686.8032886054,782286.5367363773,869661.5327515511
20,1,3,Nastia Liukin,30.0,0.08397082164670329,0.0837931835237263,0.07991209968897073,0.08883210473250873,839708.2164670329,799120.9968897073,888321.0473250872
20,1,4,Noah Galloway,26.0,0.08434983252603839,0.08438693762970154,0.07987184685398979,0.08895254909291592,843498.3252603839,798718.4685398979,889525.4909291592
20,1,5,Patti LaBelle,25.0,0.08241273282217276,0.08225523784718908,0.07816728119074424,0.08647231348133709,824127.3282217276,781672.8119074424,864723.1348133709
20,1,6,Redfoo,22.0,0.08155263386957962,0.0813998467051397,0.07766256182973139,0.08569826676363952,815526.3386957962,776625.6182973138,856982.6676363952
20,1,7,Riker Lynch,31.0,0.08495322008504322,0.08480957610019586,0.08048178203335728,0.08971386207363909,849532.2008504322,804817.8203335728,897138.6207363908
20,1,8,Robert Herjavec,28.0,0.0846466629329267,0.08496739315543449,0.08020318213411273,0.08843166254128101,846466.6293292671,802031.8213411273,884316.6254128101
20,1,9,Rumer Willis,32.0,0.08518229429490448,0.08483920451095521,0.08118837282898457,0.09045010031627729,851822.9429490449,811883.7282898457,904501.0031627729
20,1,10,Suzanne Somers,25.0,0.0831260578423387,0.08339362329508972,0.07871865374288874,0.08683118396565873,831260.578423387,787186.5374288873,868311.8396565872
20,1,11,Willow Shields,25.0,0.08253824989482395,0.08236366359820843,0.07799190538232395,0.08685655097277216,825382.4989482395,779919.0538232395,868565.5097277216
20,2,0,Charlotte McKinney,26.0,0.08212244719535182,0.08200054715952906,0.07752897414258703,0.08695656663331038,821224.4719535182,775289.7414258702,869565.6663331038
20,2,1,Chris Soules,21.0,0.08065618418710237,0.08089730361051746,0.07556506040065793,0.0846075828583401,806561.8418710236,755650.6040065793,846075.8285834009
20,2,2,Michael Sam,28.0,0.08265021405224572,0.08240127669640174,0.07813251974338076,0.0868099853860672,826502.1405224572,781325.1974338075,868099.853860672
20,2,3,Nastia Liukin,34.0,0.08438649442487706,0.08423183914228577,0.08017507575021432,0.08954488864863151,843864.9442487706,801750.7575021432,895448.8864863152
20,2,4,Noah Galloway,27.0,0.08389475659770754,0.08388175854291621,0.07910415299392043,0.0885073736300296,838947.5659770754,791041.5299392043,885073.736300296
20,2,5,Patti LaBelle,28.0,0.08265480475360319,0.08244765061154327,0.07841978795722515,0.0868444386155833,826548.0475360319,784197.8795722515,868444.386155833
20,2,6,Redfoo,31.0,0.08386842489484855,0.08359359956163907,0.08026276671828361,0.08871031441413979,838684.2489484856,802627.6671828361,887103.1441413979
20,2,7,Riker Lynch,32.0,0.08432408519543341,0.08402075356615589,0.07983650493825067,0.08832508015388092,843240.8519543342,798365.0493825068,883250.8015388092
20,2,8,Robert Herjavec,28.0,0.08378990651302348,0.08384766451402648,0.07900547034337124,0.08775082101741118,837899.0651302348,790054.7034337125,877508.2101741118
20,2,9,Rumer Willis,32.0,0.0841790272417953,0.08377826918996012,0.08071038327257911,0.08884258392037536,841790.272417953,807103.8327257911,888425.8392037536
20,2,10,Suzanne Somers,28.0,0.08337084949727012,0.08356664239305235,0.07901472789493355,0.08698366872134418,833708.4949727013,790147.2789493355,869836.6872134418
20,2,11,Willow Shields,32.0,0.08410280544674141,0.08389883076030705,0.08015472174099751,0.08802267073701284,841028.0544674142,801547.2174099751,880226.7073701284
20,3,0,Charlotte McKinney,22.0,0.08884953746669882,0.08888283743682447,0.0834918905702568,0.09418139181967951,888495.3746669883,834918.905702568,941813.918196795
20,3,1,Chris Soules,28.0,0.09064440618436327,0.09055394973551986,0.08647950153496203,0.09503952522871222,906444.0618436327,864795.0153496204,950395.2522871222
20,3,2,Michael Sam,24.0,0.0892546273661143,0.08908444015054914,0.08413121510570908,0.09361193609406707,892546.2736611429,841312.1510570907,936119.3609406707
20,3,3,Nastia Liukin,34.0,0.0917386291626953,0.09145754066315272,0.08722496706408808,0.09727909151643396,917386.291626953,872249.6706408808,972790.9151643396
20,3,4,Noah Galloway,30.0,0.09264067564817503,0.09271391963031211,0.08814145771455707,0.09805113430193604,926406.7564817503,881414.5771455708,980511.3430193604
20,3,5,Patti LaBelle,22.0,0.08872178392245368,0.08885326006800776,0.08388693861195468,0.09318313253986887,887217.8392245368,838869.3861195467,931831.3253986888
20,3,7,Riker Lynch,34.0,0.0924040343871652,0.09218059397669043,0.08773269441178773,0.09725150621937384,924040.343871652,877326.9441178773,972515.0621937384
20,3,8,Robert Herjavec,29.0,0.09187443765973922,0.0920588722285218,0.08725175630599646,0.09620004603036048,918744.3765973923,872517.5630599647,962000.4603036047
20,3,9,Rumer Willis,33.0,0.09196400284006183,0.09142197576077613,0.08818974447577493,0.09717713754114339,919640.0284006182,881897.4447577493,971771.3754114339
20,3,10,Suzanne Somers,25.0,0.09030814681141837,0.09072960549001141,0.08558721105177719,0.0945994670791421,903081.4681141836,855872.1105177719,945994.670791421
20,3,11,Willow Shields,32.0,0.09159971855111496,0.0913024331687344,0.0871831018792708,0.09595768516122972,915997.1855111496,871831.0187927079,959576.8516122972
20,4,1,Chris Soules,27.0,0.09778949605626966,0.09790689023728949,0.09242446266630075,0.1022898748740501,977894.9605626966,924244.6266630075,1022898.748740501
20,4,2,Michael Sam,30.0,0.09856628631360292,0.09837885939672365,0.09309319936529487,0.10338640791601739,985662.8631360292,930931.9936529486,1033864.0791601739
20,4,3,Nastia Liukin,36.0,0.10049756321859386,0.10030868926101312,0.09574241909464355,0.10666070099580396,1004975.6321859387,957424.1909464356,1066607.0099580397
20,4,4,Noah Galloway,32.0,0.10120523544167981,0.10130006204233495,0.09600263259994041,0.10666195477575054,1012052.3544167981,960026.3259994041,1066619.5477575054
20,4,5,Patti LaBelle,30.0,0.09857473192008966,0.09841408161724689,0.09343658713329221,0.10321390604226836,985747.3192008965,934365.8713329221,1032139.0604226836
20,4,7,Riker Lynch,34.0,0.10047034316888602,0.10007286881620904,0.09554914218242791,0.10507904468217119,1004703.4316888602,955491.4218242791,1050790.446821712
20,4,8,Robert Herjavec,34.0,0.10143267636783013,0.10170518815083565,0.09631038443601303,0.10618340362412047,1014326.7636783012,963103.8443601303,1061834.0362412047
20,4,9,Rumer Willis,35.0,0.10067308250061302,0.10006974046650317,0.09675271323051042,0.10623004131720568,1006730.8250061302,967527.1323051042,1062300.4131720567
20,4,10,Suzanne Somers,28.0,0.09868813586079828,0.09922200976363171,0.09326272289123068,0.10375526185748749,986881.3586079828,932627.2289123068,1037552.6185748748
20,4,11,Willow Shields,39.0,0.10210244915163666,0.10196972097847146,0.09757609415811606,0.10744587824144308,1021024.4915163666,975760.9415811606,1074458.7824144308
20,5,1,Chris Soules,27.0,0.10964757662644592,0.10972797737544547,0.10444543185390885,0.11415310972989182,1096475.7662644591,1044454.3185390885,1141531.097298918
20,5,3,Nastia Liukin,38.0,0.11194424009828019,0.111609120811487,0.10634879946492531,0.11852709513093393,1119442.4009828018,1063487.994649253,1185270.9513093394
20,5,4,Noah Galloway,28.0,0.11165005116582273,0.11167120746541942,0.10592972164854031,0.1173094917020789,1116500.5116582273,1059297.216485403,1173094.9170207889
20,5,5,Patti LaBelle,27.0,0.10929802075339848,0.10911677267623208,0.10339343443735466,0.11466574690641597,1092980.2075339847,1033934.3443735465,1146657.4690641598
20,5,7,Riker Lynch,38.0,0.11275721077815133,0.11258820807647324,0.10731838876019958,0.11868982990832225,1127572.1077815134,1073183.8876019958,1186898.2990832224
20,5,8,Robert Herjavec,24.0,0.1099872766568445,0.11017520181066148,0.10204367796880374,0.11514163016434464,1099872.7665684451,1020436.7796880375,1151416.3016434466
20,5,9,Rumer Willis,39.0,0.11284141378489507,0.11224399008266056,0.10752459858864466,0.11964163762073526,1128414.1378489507,1075245.9858864467,1196416.3762073526
20,5,10,Suzanne Somers,28.0,0.1105177246072172,0.11106453620871992,0.10448289772882627,0.11582614192072858,1105177.246072172,1044828.9772882627,1158261.4192072859
20,5,11,Willow Shields,34.0,0.11135648552894457,0.11107365399050004,0.10600230582604862,0.11611603157163365,1113564.8552894457,1060023.0582604862,1161160.3157163365
20,6,1,Chris Soules,35.0,0.12432545273681116,0.12452038873276974,0.1188711190978689,0.12933983357265164,1243254.5273681115,1188711.1909786891,1293398.3357265163
20,6,3,Nastia Liukin,36.5,0.1252670806010675,0.12494906874545153,0.11933439841774272,0.13214549028673042,1252670.8060106752,1193343.9841774271,1321454.9028673042
20,6,4,Noah Galloway,34.0,0.12512406443649743,0.12528755605729242,0.11898674136794639,0.13150101261188601,1251240.6443649742,1189867.4136794638,1315010.1261188602
20,6,5,Patti LaBelle,34.0,0.12279126394270277,0.12267943451324488,0.11662787732978726,0.12885867851768032,1227912.6394270277,1166278.7732978726,1288586.7851768031
20,6,7,Riker Lynch,38.0,0.12794563811658616,0.127606209256841,0.12199221031190034,0.1357149500817052,1279456.3811658616,1219922.1031190034,1357149.500817052
20,6,8,Robert Herjavec,33.5,0.12390666235246284,0.12412756149061296,0.11457782634798168,0.1295817724861532,1239066.6235246283,1145778.2634798167,1295817.7248615322
20,6,9,Rumer Willis,35.5,0.12479698204360809,0.12412327768129282,0.11962169833459639,0.13152282985233132,1247969.820436081,1196216.983345964,1315228.2985233131
20,6,11,Willow Shields,36.5,0.12584285577026408,0.1256637207525222,0.12013316740913892,0.13117090985803898,1258428.5577026408,1201331.6740913892,1311709.0985803897
20,7,1,Chris Soules,31.0,0.1396808203195275,0.13970102893730765,0.13231093278896164,0.14609053651769333,1396808.203195275,1323109.3278896164,1460905.3651769334
20,7,3,Nastia Liukin,41.0,0.1441099701010491,0.14362068734158417,0.13693459586638407,0.1527152236020196,1441099.701010491,1369345.9586638408,1527152.2360201962
20,7,4,Noah Galloway,38.0,0.1456579859617189,0.14556728333972802,0.1390928316333398,0.15409975189020925,1456579.8596171888,1390928.316333398,1540997.5189020925
20,7,7,Riker Lynch,37.0,0.14298319754394243,0.14271802013942542,0.13595576124936554,0.1501797687805116,1429831.9754394242,1359557.6124936554,1501797.687805116
20,7,8,Robert Herjavec,31.0,0.14114804866314093,0.14147922226019882,0.13052838279570536,0.14756026807895556,1411480.4866314093,1305283.8279570537,1475602.6807895557
20,7,9,Rumer Willis,37.0,0.14273544992593593,0.1421833137207658,0.1370360385156835,0.15057062093103118,1427354.4992593592,1370360.385156835,1505706.2093103118
20,7,11,Willow Shields,39.0,0.14368452748468527,0.1436498695829447,0.13676695646846448,0.15029765999905154,1436845.2748468528,1367669.5646846448,1502976.5999905153
20,8,1,Chris Soules,32.0,0.16421741730755768,0.16431371738554978,0.15639117003601982,0.17074720069806765,1642174.1730755768,1563911.7003601983,1707472.0069806764
20,8,3,Nastia Liukin,38.0,0.1666685874500884,0.16621422571459593,0.15856559156689137,0.17556054015528436,1666685.874500884,1585655.9156689136,1755605.4015528436
20,8,4,Noah Galloway,31.5,0.1665071819263958,0.1666570552744862,0.1589481967289148,0.17451008469260518,1665071.819263958,1589481.9672891481,1745100.846926052
20,8,7,Riker Lynch,39.0,0.16846707233425906,0.16813171681869754,0.16077040672859347,0.17649012437204953,1684670.7233425905,1607704.0672859347,1764901.2437204954
20,8,8,Robert Herjavec,31.0,0.16536316901026943,0.16607306455641754,0.15390483332595145,0.17254728734403502,1653631.6901026943,1539048.3332595145,1725472.8734403502
20,8,9,Rumer Willis,40.0,0.16877657197142965,0.1681874704503001,0.1610988062994693,0.1782847272131714,1687765.7197142965,1610988.062994693,1782847.272131714
20,9,3,Nastia Liukin,40.0,0.25086222019187615,0.2502820940863933,0.2389284875671068,0.2646939320163505,2508622.2019187617,2389284.875671068,2646939.320163505
20,9,4,Noah Galloway,38.0,0.24826496855643926,0.24818285997363224,0.2361807796110639,0.2601238657415217,2482649.6855643927,2361807.796110639,2601238.657415217
20,9,7,Riker Lynch,40.0,0.2526778671299606,0.25224933212235756,0.2415579056588342,0.2634524790496725,2526778.671299606,2415579.056588342,2634524.790496725
20,9,9,Rumer Willis,39.0,0.248194944121724,0.247453554775527,0.23740291490138649,0.2599023450919652,2481949.44121724,2374029.149013865,2599023.450919652
20,10,4,Noah Galloway,36.0,0.3304831125337412,0.3295287450110169,0.3158980797787259,0.3454340131342918,3304831.1253374116,3158980.7977872593,3454340.1313429177
20,10,7,Riker Lynch,40.0,0.3350404378021461,0.3353320321798726,0.32136273561959516,0.34791135115801325,3350404.378021461,3213627.356195952,3479113.5115801324
20,10,9,Rumer Willis,40.0,0.3344764496641127,0.3330254472008188,0.32229331310706966,0.35064134950290204,3344764.4966411274,3222933.1310706967,3506413.4950290206
21,1,0,Alek Skarlatos,22.0,0.07832432249754474,0.07842397289436634,0.07362457847149106,0.0831517509963963,783243.2249754474,736245.7847149107,831517.509963963
21,1,1,Alexa PenaVega,22.0,0.07753966913001982,0.07725597484836225,0.07368950126244789,0.08136258378932548,775396.6913001982,736895.0126244789,813625.8378932548
21,1,2,Andy Grammer,21.0,0.07716145229346057,0.07735178700379498,0.07374555223077005,0.0807061186337707,771614.5229346057,737455.5223077005,807061.186337707
21,1,3,Bindi Irwin,24.0,0.07800364576215621,0.07762445920187906,0.0732733020263403,0.08313334722723335,780036.4576215621,732733.0202634031,831333.4722723336
21,1,4,Carlos PenaVega,23.0,0.0775735774906053,0.07730042829733046,0.07288486857679896,0.08162427406967313,775735.774906053,728848.6857679896,816242.7406967313
21,1,5,Chaka Khan,13.0,0.07506716486338608,0.07507242899567168,0.07048255659293683,0.07932507650061657,750671.6486338608,704825.5659293683,793250.7650061657
21,1,6,Gary Busey,15.0,0.07595119065597886,0.07592090699316939,0.07195129209547779,0.0797192608382384,759511.9065597885,719512.920954778,797192.608382384
21,1,7,Hayes Grier,21.0,0.07665022129917673,0.07661017465633205,0.07289443369316376,0.08054258666114494,766502.2129917673,728944.3369316376,805425.8666114494
21,1,8,Kim Zolciak-Biermann,12.0,0.07444671407588738,0.07445990089643378,0.06987019424287494,0.07814920609008023,744467.1407588738,698701.9424287494,781492.0609008024
21,1,9,Nick Carter,24.0,0.07846180271139085,0.07812803897721544,0.07490410260747726,0.08218138530344783,784618.0271139084,749041.0260747726,821813.8530344783
21,1,10,Paula Deen,15.0,0.07579516488191579,0.07558077636318224,0.07259229324213894,0.07908686477561877,757951.6488191579,725922.9324213894,790868.6477561877
21,1,11,Tamar Braxton,23.0,0.07872410364182243,0.078587820628293,0.07535199159869002,0.08322251097733122,787241.0364182243,753519.9159869002,832225.1097733121
21,1,12,Victor Espinoza,15.0,0.07630097069665523,0.07619219115233657,0.07269060619288473,0.07933276681240917,763009.7069665523,726906.0619288472,793327.6681240917
21,2,0,Alek Skarlatos,22.5,0.07825951464946032,0.07832080722925441,0.07351794305069906,0.08311392015808637,782595.1464946033,735179.4305069906,831139.2015808637
21,2,1,Alexa PenaVega,23.0,0.07765521195879295,0.07738585365419148,0.07376008957362103,0.08152635281482287,776552.1195879295,737600.8957362103,815263.5281482288
21,2,2,Andy Grammer,22.0,0.07716031758465863,0.07734615032646808,0.07374546780375618,0.08070096762428439,771603.1758465864,737454.6780375618,807009.6762428439
21,2,3,Bindi Irwin,24.0,0.07799247659460411,0.07761795235123103,0.0732685914941407,0.08312065591944831,779924.7659460411,732685.9149414069,831206.5591944831
21,2,4,Carlos PenaVega,22.5,0.07726745794692907,0.07708704688118698,0.07240808705736183,0.08107551225490803,772674.5794692908,724080.8705736183,810755.1225490803
21,2,5,Chaka Khan,15.0,0.07451933540222136,0.07466017419525685,0.06950549893791304,0.07860381680318101,745193.3540222136,695054.9893791304,786038.1680318102
21,2,6,Gary Busey,16.5,0.07544795917582438,0.07556070301919142,0.07119225511053594,0.07942006480143284,754479.5917582437,711922.5511053593,794200.6480143283
21,2,7,Hayes Grier,22.5,0.07682650452792127,0.07675629130235295,0.07318459933573748,0.08083044587486737,768265.0452792126,731845.9933573748,808304.4587486738
21,2,8,Kim Zolciak-Biermann,18.5,0.07533544802035391,0.07520194159592382,0.07138540005038892,0.07882606917835953,753354.4802035391,713854.0005038892,788260.6917835954
21,2,9,Nick Carter,22.5,0.07790840888754699,0.07771607017592688,0.07430421322559416,0.08158403156949062,779084.08887547,743042.1322559416,815840.3156949063
21,2,10,Paula Deen,18.5,0.0759887397873391,0.07579634150441575,0.07267411185074402,0.07918535691845469,759887.3978733909,726741.1185074402,791853.5691845468
21,2,11,Tamar Braxton,24.5,0.07914347613226384,0.07892846711540344,0.07563115229757673,0.08433149538603793,791434.7613226385,756311.5229757674,843314.9538603793
21,2,12,Victor Espinoza,18.5,0.07649514933208407,0.07641151713791802,0.07302386316603633,0.07965143729095452,764951.4933208406,730238.6316603633,796514.3729095452
21,3,0,Alek Skarlatos,33.0,0.10157572263674383,0.10159603722721847,0.0953403335535154,0.10786628514827545,1015757.2263674383,953403.335535154,1078662.8514827546
21,3,1,Alexa PenaVega,36.0,0.10143167823459397,0.10149461224654314,0.09624589364755771,0.10663451505507479,1014316.7823459397,962458.9364755772,1066345.150550748
21,3,2,Andy Grammer,29.0,0.09923497201863163,0.09973255758073812,0.09393128934931928,0.10329976576697524,992349.7201863163,939312.8934931929,1032997.6576697524
21,3,3,Bindi Irwin,32.0,0.100234926645912,0.10009422980106719,0.09465929528734525,0.1057099200155907,1002349.2664591201,946592.9528734525,1057099.2001559068
21,3,4,Carlos PenaVega,31.0,0.09971350926902535,0.0996433910303193,0.09398282746613511,0.10406768511317543,997135.0926902535,939828.2746613511,1040676.8511317543
21,3,6,Gary Busey,25.0,0.098389807918345,0.09824771472072495,0.0933024005186784,0.10361041940271287,983898.07918345,933024.005186784,1036104.1940271287
21,3,7,Hayes Grier,30.0,0.09886055999556602,0.09909675680273164,0.09355145000285676,0.10389744982543227,988605.5999556602,935514.5000285676,1038974.4982543227
21,3,9,Nick Carter,36.0,0.10199609237941407,0.10170094636435878,0.09732038335103528,0.10750973865737613,1019960.9237941407,973203.8335103528,1075097.3865737612
21,3,10,Paula Deen,20.0,0.09678770447884151,0.09666954978839629,0.09197784171823795,0.10158659873052439,967877.0447884151,919778.4171823794,1015865.987305244
21,3,11,Tamar Braxton,33.0,0.10177502642292666,0.10186984561729925,0.09739652079712108,0.10703281919657792,1017750.2642292666,973965.2079712108,1070328.1919657793
21,4,0,Alek Skarlatos,24.0,0.10098932456549778,0.10093939857356257,0.09480892607226596,0.10755000558899479,1009893.2456549777,948089.2607226596,1075500.0558899478
21,4,1,Alexa PenaVega,21.0,0.09894856122851228,0.09884369258618733,0.0941623219511173,0.10337655034537947,989485.6122851229,941623.2195111731,1033765.5034537948
21,4,2,Andy Grammer,23.0,0.09945871303330572,0.09996518044676486,0.09417389442745845,0.10346616681667954,994587.1303330573,941738.9442745845,1034661.6681667954
21,4,3,Bindi Irwin,28.0,0.10133276137241297,0.10093958992642435,0.09513514891722856,0.10757084936302157,1013327.6137241297,951351.4891722855,1075708.4936302158
21,4,4,Carlos PenaVega,25.0,0.10005200492037253,0.09998984486569222,0.09415253958418116,0.1044151158206241,1000520.0492037253,941525.3958418116,1044151.158206241
21,4,6,Gary Busey,16.0,0.0973865298106874,0.09747714346026666,0.09176840843793031,0.10294980560617674,973865.2981068741,917684.0843793032,1029498.0560617674
21,4,7,Hayes Grier,27.0,0.10016868798258681,0.10038445136682185,0.09538874047094249,0.10612798736139664,1001686.8798258681,953887.4047094249,1061279.8736139664
21,4,9,Nick Carter,27.0,0.10157919167866043,0.1013201752788707,0.0966457770934022,0.1067322481957341,1015791.9167866043,966457.770934022,1067322.481957341
21,4,10,Paula Deen,18.0,0.0978462245713209,0.09750968094726914,0.09376667471212344,0.10226564522213963,978462.245713209,937666.7471212344,1022656.4522213963
21,4,11,Tamar Braxton,27.0,0.10223800083664314,0.10220045001390068,0.09769834362654782,0.10780925380301623,1022380.0083664313,976983.4362654783,1078092.5380301622
21,5,0,Alek Skarlatos,29.0,0.11065914112364403,0.11035026184851211,0.10431746439991364,0.11817179657685674,1106591.4112364403,1043174.6439991364,1181717.9657685673
21,5,1,Alexa PenaVega,40.0,0.11301568724377802,0.1130754537052379,0.10743449544186232,0.11882376245340213,1130156.8724377803,1074344.9544186231,1188237.6245340214
21,5,2,Andy Grammer,36.0,0.11154075879550654,0.11190523348804517,0.10619366496142901,0.1161015199465282,1115407.5879550653,1061936.64961429,1161015.199465282
21,5,3,Bindi Irwin,37.0,0.11201882681390195,0.11146784734119537,0.10537373180512703,0.11850763640833628,1120188.2681390194,1053737.3180512704,1185076.3640833627
21,5,4,Carlos PenaVega,39.0,0.11238926796389476,0.11229519945038945,0.10639068675342632,0.11785143716350696,1123892.6796389476,1063906.8675342633,1178514.3716350696
21,5,7,Hayes Grier,30.0,0.10893811192324895,0.10923906075018044,0.10213673345996163,0.11438126474804733,1089381.1192324895,1021367.3345996164,1143812.6474804734
21,5,9,Nick Carter,35.0,0.11204548751818572,0.11166794443698727,0.1068017524128371,0.1171323714094736,1120454.8751818573,1068017.524128371,1171323.7140947361
21,5,10,Paula Deen,26.0,0.10851944229537247,0.10825913120323849,0.10368422911503337,0.11387988016824685,1085194.4229537246,1036842.2911503337,1138798.8016824685
21,5,11,Tamar Braxton,29.0,0.11087327632246757,0.11087651396514929,0.10583541959422689,0.11616499598092918,1108732.7632246758,1058354.195942269,1161649.9598092919
21,6,0,Alek Skarlatos,30.0,0.11077456026720145,0.11044549318318755,0.10437942492263852,0.11826538812993509,1107745.6026720144,1043794.2492263851,1182653.8812993509
21,6,1,Alexa PenaVega,30.0,0.10965639395356994,0.10967600249414473,0.1044611530054752,0.11433387152377338,1096563.9395356993,1044611.530054752,1143338.7152377337
21,6,2,Andy Grammer,40.0,0.11213510917993545,0.11228959965971182,0.10700372582136214,0.11739572646198607,1121351.0917993544,1070037.2582136213,1173957.2646198606
21,6,3,Bindi Irwin,40.0,0.1122983780759243,0.11170082657872481,0.105495234105997,0.1189980756591112,1122983.780759243,1054952.34105997,1189980.7565911121
21,6,4,Carlos PenaVega,38.0,0.11149226343285629,0.11139652688730974,0.10506695676675361,0.11639631064546221,1114922.6343285628,1050669.567667536,1163963.1064546222
21,6,7,Hayes Grier,32.0,0.10926796681528544,0.10955944615585106,0.10300293856555653,0.11457708607567213,1092679.6681528545,1030029.3856555653,1145770.8607567213
21,6,9,Nick Carter,39.0,0.11268955589388654,0.11232648298478023,0.10727402534171154,0.11805150093435855,1126895.5589388655,1072740.2534171154,1180515.0093435855
21,6,10,Paula Deen,24.0,0.10798967639934169,0.10776749937011142,0.10277084850022845,0.11343563503483986,1079896.763993417,1027708.4850022845,1134356.3503483986
21,6,11,Tamar Braxton,40.0,0.11369609598199897,0.1135007913886236,0.10860670539615887,0.11994441176365922,1136960.9598199897,1086067.0539615888,1199444.1176365921
21,7,0,Alek Skarlatos,26.5,0.12349029052562539,0.12313211208526827,0.11688674099095134,0.13193512764169818,1234902.905256254,1168867.4099095133,1319351.2764169818
21,7,1,Alexa PenaVega,27.5,0.12447701623428095,0.12422236896951924,0.11861274516555359,0.12992741100941999,1244770.1623428096,1186127.451655536,1299274.1100942
21,7,2,Andy Grammer,28.0,0.12539558728444375,0.12562546364778684,0.119779484569235,0.13092702350113367,1253955.8728444376,1197794.84569235,1309270.2350113366
21,7,3,Bindi Irwin,29.0,0.12789154761388413,0.12712781504204537,0.1198542491924011,0.13714403358027352,1278915.4761388414,1198542.4919240111,1371440.3358027353
21,7,4,Carlos PenaVega,28.0,0.12527699814600496,0.12490938769851434,0.11853054310585452,0.13087696492785067,1252769.9814600495,1185305.4310585451,1308769.6492785066
21,7,7,Hayes Grier,28.0,0.12456358797174347,0.12484282371893989,0.11895026971861897,0.13125576213633627,1245635.8797174348,1189502.6971861897,1312557.6213633628
21,7,9,Nick Carter,27.0,0.12405217795117328,0.12410991927060121,0.11717596900053,0.12999844957662848,1240521.7795117327,1171759.6900052999,1299984.4957662849
21,7,11,Tamar Braxton,27.0,0.1248527942728441,0.12499023049701626,0.11930417125535372,0.13065996214092945,1248527.942728441,1193041.7125535372,1306599.6214092944
21,8,0,Alek Skarlatos,25.0,0.14189939394086107,0.14169251806398747,0.13430832860405517,0.15101401640453524,1418993.9394086106,1343083.2860405517,1510140.1640453525
21,8,1,Alexa PenaVega,26.9998,0.14186327874021346,0.14196152678101845,0.1356932522371165,0.14815565125594682,1418632.7874021346,1356932.522371165,1481556.5125594682
21,8,2,Andy Grammer,23.9998,0.13954288912586146,0.14035322923508808,0.13065382489086266,0.14551742385580024,1395428.8912586146,1306538.2489086266,1455174.2385580025
21,8,3,Bindi Irwin,28.0,0.14252406032485468,0.14249019584840325,0.13484504057509192,0.1503944273514084,1425240.6032485468,1348450.4057509191,1503944.273514084
21,8,4,Carlos PenaVega,28.9998,0.14289692382876718,0.14274282025305185,0.13489992560317163,0.14949256421737442,1428969.2382876717,1348999.2560317162,1494925.6421737443
21,8,9,Nick Carter,33.0,0.14697127055458295,0.1463345713276731,0.14001450737873794,0.15564176880126587,1469712.7055458296,1400145.0737873793,1556417.6880126586
21,8,11,Tamar Braxton,28.0,0.14430218348485924,0.14427027733057682,0.13805229925881327,0.1513819693951596,1443021.8348485923,1380522.9925881326,1513819.693951596
21,9,0,Alek Skarlatos,25.5,0.1655856332680396,0.16550088824523748,0.15709937483836992,0.17517619480821384,1655856.332680396,1570993.7483836992,1751761.9480821383
21,9,1,Alexa PenaVega,30.0,0.16877742365415982,0.16924426301054962,0.16041396497026297,0.17715583983344635,1687774.236541598,1604139.6497026298,1771558.3983344636
21,9,3,Bindi Irwin,30.0,0.16872892490413813,0.167950088977474,0.1587161785800413,0.18021529062213945,1687289.2490413813,1587161.785800413,1802152.9062213944
21,9,4,Carlos PenaVega,27.0,0.16507990077110613,0.16516070743328887,0.15597099273605022,0.17243538060225294,1650799.0077110613,1559709.9273605023,1724353.8060225295
21,9,9,Nick Carter,27.5,0.16698625790270605,0.16623108089025404,0.1599679152378687,0.17497156657201876,1669862.5790270604,1599679.1523786872,1749715.6657201876
21,9,11,Tamar Braxton,24.5,0.16484185949985022,0.16498757184589016,0.15712572109173084,0.17249270815347548,1648418.5949985022,1571257.2109173085,1724927.0815347547
21,10,0,Alek Skarlatos,28.5,0.24977930069582463,0.2493365662759521,0.23622080849287205,0.26283382477374617,2497793.006958246,2362208.0849287207,2628338.2477374617
21,10,3,Bindi Irwin,31.5,0.2523508293377454,0.2514829294452257,0.23900647393982516,0.26759871398213503,2523508.293377454,2390064.7393982518,2675987.13982135
21,10,4,Carlos PenaVega,31.5,0.25175864256824354,0.25224074004937297,0.2390981641208324,0.26327407778408785,2517586.4256824353,2390981.641208324,2632740.7778408783
21,10,9,Nick Carter,27.0,0.2461112273981865,0.24668834672456674,0.23416643757344457,0.2588058879109984,2461112.273981865,2341664.3757344456,2588058.879109984
21,11,0,Alek Skarlatos,27.999899999999997,0.24595835297167565,0.24618954117076466,0.23258256587763915,0.26019349925035756,2459583.5297167567,2325825.6587763913,2601934.9925035755
21,11,3,Bindi Irwin,30.0,0.251045576291609,0.25057153326512105,0.2384405643069779,0.2651472920951401,2510455.76291609,2384405.643069779,2651472.920951401
21,11,4,Carlos PenaVega,30.0,0.25046185043044655,0.2504946835779618,0.23828496171536623,0.26115637600966113,2504618.5043044654,2382849.6171536623,2611563.7600966115
21,11,9,Nick Carter,30.0,0.2525342203062689,0.25226920684343446,0.24145040210254753,0.26463497200024394,2525342.203062689,2414504.021025475,2646349.7200024393
22,1,0,Antonio Brown,21.0,0.08316358065167082,0.08288864841218883,0.07889951046152802,0.08783184076954441,831635.8065167081,788995.1046152802,878318.4076954441
22,1,1,Doug Flutie,15.0,0.08145617992537808,0.08116856284089914,0.07738763358046648,0.08627643965240767,814561.7992537809,773876.3358046648,862764.3965240767
22,1,2,Geraldo Rivera,13.0,0.08033685983621872,0.08042811109395669,0.07567582084122447,0.08493999641746464,803368.5983621872,756758.2084122447,849399.9641746463
22,1,3,Ginger Zee,23.0,0.08512937990771274,0.08503109303248191,0.08111165415979511,0.08963794665574575,851293.7990771275,811116.5415979511,896379.4665574575
22,1,4,Jodie Sweetin,20.0,0.08309117295819904,0.08325905284605002,0.07848212677703724,0.08792761062726194,830911.7295819904,784821.2677703724,879276.1062726195
22,1,5,Kim Fields,20.0,0.08349727043359619,0.0834801481111316,0.07852703671917842,0.08781093040849035,834972.7043359618,785270.3671917842,878109.3040849034
22,1,6,Marla Maples,21.0,0.08332203680699253,0.08319311366447817,0.07890168047993473,0.08811357364832154,833220.3680699253,789016.8047993473,881135.7364832154
22,1,7,Mischa Barton,16.0,0.08179259954461293,0.0817984339480186,0.07690231414851248,0.08668174453661931,817925.9954461294,769023.1414851248,866817.4453661931
22,1,8,Nyle DiMarco,23.0,0.08584492381450776,0.08612080514013308,0.0809395670241796,0.09037285531999961,858449.2381450776,809395.6702417961,903728.5531999961
22,1,9,Paige VanZant,21.0,0.08452069328045402,0.08426722653989838,0.08066006268089315,0.090194029192082,845206.9328045401,806600.6268089315,901940.29192082
22,1,10,Von Miller,21.0,0.08370692056090755,0.08398324207447719,0.07962246679730402,0.08774879389496121,837069.2056090755,796224.6679730401,877487.9389496121
22,1,11,Wanya Morris,23.0,0.08413838227974965,0.08394343011819465,0.08031856929441092,0.08889577355955035,841383.8227974966,803185.6929441092,888957.7355955035
22,2,0,Antonio Brown,19.0,0.08247848179208928,0.08227382970776555,0.07811840474352624,0.08723866419816191,824784.8179208927,781184.0474352625,872386.6419816191
22,2,1,Doug Flutie,20.0,0.08323556721490076,0.08296461678303886,0.07905090831271921,0.08858809873425622,832355.6721490076,790509.0831271921,885880.9873425622
22,2,2,Geraldo Rivera,13.0,0.08024824660205672,0.08033950529650924,0.07553889138540812,0.0848748858150221,802482.4660205672,755388.9138540812,848748.858150221
22,2,3,Ginger Zee,21.0,0.08446402452641544,0.08438728225523648,0.08055276818908325,0.08905141952756913,844640.2452641544,805527.6818908325,890514.1952756913
22,2,4,Jodie Sweetin,21.0,0.08349936240303595,0.08351392311531941,0.07903723467432874,0.08859246154381872,834993.6240303594,790372.3467432874,885924.6154381873
22,2,5,Kim Fields,19.0,0.08316287076203617,0.08319159586227687,0.07798477251191292,0.0872071653322555,831628.7076203617,779847.7251191292,872071.653322555
22,2,6,Marla Maples,20.0,0.0830052412063842,0.08294182547838894,0.0783026928361554,0.0876190015805497,830052.4120638419,783026.928361554,876190.015805497
22,2,7,Mischa Barton,15.0,0.08139460556881045,0.0814689152934904,0.07654231499574336,0.08646025777997053,813946.0556881045,765423.1499574336,864602.5777997053
22,2,8,Nyle DiMarco,20.0,0.08479327334781334,0.08491193601335784,0.08041222819217546,0.08877758767687301,847932.7334781333,804122.2819217546,887775.8767687301
22,2,9,Paige VanZant,24.0,0.085720895035016,0.08548699441296231,0.08142473842664123,0.09236467594727014,857208.95035016,814247.3842664124,923646.7594727015
22,2,10,Von Miller,20.0,0.08338869671059841,0.08368597156206196,0.0792583872959418,0.08732381383361801,833886.9671059841,792583.872959418,873238.1383361801
22,2,11,Wanya Morris,24.0,0.08460873483084329,0.08442279728456284,0.08064907403448922,0.0898645092476952,846087.3483084328,806490.7403448921,898645.0924769521
22,3,0,Antonio Brown,20.0,0.08923595594277875,0.08915280012736146,0.08382350781091526,0.09462169757402585,892359.5594277875,838235.0781091526,946216.9757402585
22,3,1,Doug Flutie,20.0,0.08965239515220577,0.08935484810390308,0.08539818200538386,0.09502539721248747,896523.9515220578,853981.8200538387,950253.9721248747
22,3,3,Ginger Zee,21.0,0.09118969928811226,0.0911471465609967,0.08689167443970226,0.09570161955890999,911896.9928811225,868916.7443970226,957016.1955890999
22,3,4,Jodie Sweetin,23.0,0.09138407505713073,0.09130525246640565,0.08645202790301837,0.09716737538703209,913840.7505713073,864520.2790301837,971673.7538703209
22,3,5,Kim Fields,22.0,0.0912060562983165,0.09121603489986328,0.086124897638594,0.09604632808573343,912060.562983165,861248.97638594,960463.2808573344
22,3,6,Marla Maples,21.0,0.09001550878040934,0.09007555766342326,0.084732550964819,0.0947374992349825,900155.0878040934,847325.5096481901,947374.992349825
22,3,7,Mischa Barton,18.0,0.08843597944831959,0.0886065955008132,0.08299851242911012,0.09390745270980225,884359.7944831959,829985.1242911012,939074.5270980225
22,3,8,Nyle DiMarco,25.0,0.09450351262859,0.09497761022902755,0.08894578639200455,0.10033152184983782,945035.1262859,889457.8639200456,1003315.2184983782
22,3,9,Paige VanZant,23.0,0.09256533020593612,0.09229534777053972,0.0881332162062379,0.09924299771292175,925653.3020593611,881332.1620623791,992429.9771292175
22,3,10,Von Miller,20.0,0.08981937079597076,0.09012739176632144,0.08511169000499771,0.0942256032987686,898193.7079597076,851116.9000499771,942256.032987686
22,3,11,Wanya Morris,24.0,0.09199211640223022,0.09180706735610923,0.08766254476742748,0.0975452171757938,919921.1640223023,876625.4476742748,975452.171757938
22,4,0,Antonio Brown,35.0,0.10020677015403914,0.09973207679818301,0.09541868554426478,0.1061530285150628,1002067.7015403914,954186.8554426477,1061530.2851506278
22,4,1,Doug Flutie,24.0,0.0970193143691693,0.09667524595025391,0.09177391464905664,0.10286005644296023,970193.143691693,917739.1464905664,1028600.5644296022
22,4,3,Ginger Zee,36.0,0.10205061430089904,0.10175354995525997,0.09745027743637541,0.1075402847315879,1020506.1430089904,974502.7743637541,1075402.847315879
22,4,4,Jodie Sweetin,27.0,0.09787118586481677,0.0984841967912365,0.09167879155596727,0.10312915432839907,978711.8586481677,916787.9155596726,1031291.5432839907
22,4,5,Kim Fields,32.0,0.10001895612499288,0.10008613270519529,0.09409255592358517,0.10490938770982837,1000189.5612499288,940925.5592358517,1049093.8770982837
22,4,6,Marla Maples,28.0,0.09805958247625333,0.09808987247693726,0.09163207271297197,0.1031889602602417,980595.8247625333,916320.7271297197,1031889.602602417
22,4,8,Nyle DiMarco,34.0,0.10221480359667465,0.10258203947226993,0.09701851909859203,0.10712845719828386,1022148.0359667465,970185.1909859204,1071284.5719828387
22,4,9,Paige VanZant,36.0,0.10218892034087235,0.10196480371443736,0.09727717672109842,0.10980538164991029,1021889.2034087235,972771.7672109843,1098053.8164991029
22,4,10,Von Miller,32.0,0.09984606124450505,0.10030641486443692,0.09501170539475551,0.10460614683808266,998460.6124450505,950117.0539475551,1046061.4683808265
22,4,11,Wanya Morris,35.0,0.10052379152777753,0.10029158737600127,0.09571051577343309,0.10628383610794898,1005237.9152777753,957105.1577343309,1062838.3610794898
22,5,0,Antonio Brown,26.0,0.10805768067777513,0.10817972387516876,0.1017026180888456,0.11478920328828227,1080576.8067777513,1017026.1808884561,1147892.0328828227
22,5,1,Doug Flutie,28.0,0.10943562876898058,0.10908582634201003,0.10438986507689786,0.11599198846476873,1094356.2876898057,1043898.6507689786,1159919.8846476872
22,5,3,Ginger Zee,32.0,0.1123528277148494,0.11222675217921685,0.10733292511949202,0.11805133444841953,1123528.277148494,1073329.2511949202,1180513.3444841953
22,5,4,Jodie Sweetin,35.0,0.11242294614819427,0.11237915600413716,0.10647418934661894,0.12028114377929951,1124229.4614819428,1064741.8934661895,1202811.437792995
22,5,5,Kim Fields,28.0,0.10983465980668387,0.10994483120389452,0.10245922154874326,0.1153856180898217,1098346.5980668387,1024592.2154874327,1153856.180898217
22,5,8,Nyle DiMarco,37.0,0.11561089590222072,0.11616230385919156,0.10915747090777973,0.12255066699839215,1156108.9590222072,1091574.7090777974,1225506.6699839216
22,5,9,Paige VanZant,31.0,0.11204873353868529,0.11189964920490003,0.10681038740805919,0.11933710962171677,1120487.335386853,1068103.8740805918,1193371.0962171678
22,5,10,Von Miller,29.0,0.1100827734158822,0.11052765361596226,0.10435744089684933,0.11538523838918593,1100827.7341588219,1043574.4089684932,1153852.3838918593
22,5,11,Wanya Morris,30.0,0.1101538540267285,0.11018733502638857,0.10512013656427585,0.11593388030028783,1101538.540267285,1051201.3656427586,1159338.8030028783
22,6,0,Antonio Brown,27.0,0.11126129381497436,0.11079183769617516,0.10626404366523903,0.11761904644924837,1112612.9381497437,1062640.4366523903,1176190.4644924838
22,6,1,Doug Flutie,21.0,0.10793595850576233,0.10764049862136098,0.10221490279573335,0.11416028185643701,1079359.5850576232,1022149.0279573335,1141602.81856437
22,6,3,Ginger Zee,24.0,0.11096522907675485,0.11091754620569179,0.1054897298890094,0.11642654555351795,1109652.2907675486,1054897.298890094,1164265.4555351795
22,6,4,Jodie Sweetin,25.0,0.11033736315855744,0.11080787863508362,0.10430720360045077,0.11636101204431355,1103373.6315855745,1043072.0360045077,1163610.1204431355
22,6,5,Kim Fields,24.0,0.11023652539920238,0.11033737526316162,0.10308499936064913,0.11558742913044254,1102365.2539920239,1030849.9936064914,1155874.2913044253
22,6,8,Nyle DiMarco,25.0,0.11254923798119704,0.11288775883941839,0.10704354211406211,0.11734184165435421,1125492.3798119703,1070435.4211406212,1173418.4165435422
22,6,9,Paige VanZant,28.0,0.11374294982311199,0.11358132391560122,0.10833099296523942,0.1222996588083987,1137429.49823112,1083309.9296523943,1222996.588083987
22,6,10,Von Miller,24.0,0.11004400240018979,0.11050391902347802,0.1043166468696159,0.11535186339250394,1100440.0240018978,1043166.4686961591,1153518.6339250396
22,6,11,Wanya Morris,29.0,0.11292743984024986,0.11265344289618386,0.10760416957840077,0.11973223192205809,1129274.3984024986,1076041.6957840077,1197322.3192205809
22,7,0,Antonio Brown,26.0,0.12242427597218729,0.12250435093433991,0.11531331755261545,0.1294080159738858,1224242.7597218729,1153133.1755261545,1294080.159738858
22,7,3,Ginger Zee,27.5,0.1270665849975519,0.1267631063571665,0.1210085108890042,0.1339440866614457,1270665.849975519,1210085.108890042,1339440.866614457
22,7,4,Jodie Sweetin,25.5,0.12192721062505754,0.12268676880539102,0.11388162565582811,0.12858986961093674,1219272.1062505755,1138816.2565582811,1285898.6961093673
22,7,5,Kim Fields,26.0,0.12344290953878383,0.1233677173981388,0.11536664674417636,0.13003833784787974,1234429.0953878383,1153666.4674417637,1300383.3784787974
22,7,8,Nyle DiMarco,28.0,0.12909288176688885,0.12963370073077002,0.1222620698863867,0.1358950283638233,1290928.8176688885,1222620.698863867,1358950.283638233
22,7,9,Paige VanZant,27.5,0.12723439427394997,0.12697541204346374,0.12123192049076022,0.13644146708130467,1272343.9427394997,1212319.2049076022,1364414.6708130466
22,7,10,Von Miller,26.0,0.12322607461996743,0.12350985009679226,0.11652536800393817,0.1291006458210246,1232260.7461996742,1165253.6800393818,1291006.458210246
22,7,11,Wanya Morris,27.5,0.12558566820561323,0.12549834009143032,0.119877679864123,0.132625436322186,1255856.6820561322,1198776.79864123,1326254.36322186
22,8,0,Antonio Brown,27.0,0.1635040661454358,0.1632481443136886,0.1551884953925622,0.17260500450748656,1635040.6614543581,1551884.953925622,1726050.0450748657
22,8,3,Ginger Zee,30.0,0.169767850921972,0.1695156410035613,0.1614260500473643,0.17827169020304015,1697678.50921972,1614260.500473643,1782716.9020304014
22,8,4,Jodie Sweetin,30.0,0.16783041215386255,0.16796937393990058,0.158197882426774,0.17726893132655475,1678304.1215386256,1581978.82426774,1772689.3132655474
22,8,8,Nyle DiMarco,29.0,0.16989806511302627,0.1705174740413146,0.16157446522293492,0.176642353254882,1698980.6511302628,1615744.6522293491,1766423.5325488201
22,8,9,Paige VanZant,28.0,0.16743077495619488,0.1674314427520077,0.16000065073727687,0.17602798590460267,1674307.7495619487,1600006.5073727688,1760279.8590460266
22,8,11,Wanya Morris,25.0,0.16156883070950848,0.16135780566551045,0.15204943767175272,0.1707377220303112,1615688.3070950848,1520494.3767175272,1707377.2203031122
22,9,0,Antonio Brown,27.5,0.19428885638876292,0.19447684945973925,0.18339703948818986,0.20379705456498123,1942888.5638876292,1833970.3948818985,2037970.5456498123
22,9,3,Ginger Zee,28.0,0.1986292850078671,0.19886838246146765,0.18893209276631762,0.20775627338262626,1986292.8500786712,1889320.927663176,2077562.7338262626
22,9,8,Nyle DiMarco,28.5,0.20174452207080257,0.2018592092883804,0.19231498065779234,0.21003496509906178,2017445.2207080256,1923149.8065779235,2100349.650990618
22,9,9,Paige VanZant,29.5,0.2032532608261175,0.20304166661241688,0.19416512184921833,0.2154446930100335,2032532.608261175,1941651.2184921834,2154446.930100335
22,9,11,Wanya Morris,30.0,0.20208407570644987,0.201810314189805,0.19184829831450548,0.21330245958728897,2020840.7570644987,1918482.9831450547,2133024.5958728897
22,10,3,Ginger Zee,28.3332,0.3268250789015678,0.32587354359012927,0.3071304568300013,0.3403648182963059,3268250.789015678,3071304.568300013,3403648.182963059
22,10,8,Nyle DiMarco,28.9998,0.3350000448985002,0.3358144837987569,0.3208449815553373,0.3474646196980211,3350000.448985002,3208449.815553373,3474646.196980211
22,10,9,Paige VanZant,29.666600000000003,0.33817487619993203,0.3377730263297299,0.32480837386501005,0.3561049517363832,3381748.7619993202,3248083.7386501003,3561049.517363832
23,1,0,Amber Rose,24.0,0.07622322619391143,0.07628196868958662,0.07266292461513159,0.07988700237206535,762232.2619391143,726629.2461513159,798870.0237206535
23,1,1,Babyface,26.0,0.0775723447649979,0.07760841973150176,0.0737409193772584,0.08137284208054144,775723.447649979,737409.193772584,813728.4208054143
23,1,2,Calvin Johnson Jr.,26.0,0.07799088741369288,0.07775368128145317,0.07411372052276406,0.08184755492096435,779908.8741369288,741137.2052276406,818475.5492096435
23,1,3,Jake T. Austin,22.0,0.07519588809554453,0.07508616858716138,0.07165726617508898,0.07915804192697791,751958.8809554453,716572.6617508898,791580.4192697791
23,1,4,James Hinchcliffe,31.0,0.07957747225574344,0.07962328541680593,0.07600415990033728,0.08330661587261123,795774.7225574343,760041.5990033728,833066.1587261123
23,1,5,Jana Kramer,27.0,0.0773647155025272,0.07752003385169277,0.07437886077043335,0.08250447222169842,773647.155025272,743788.6077043335,825044.7222169841
23,1,6,Laurie Hernandez,31.0,0.07903561622792368,0.07886248680259286,0.07523399474456291,0.08295194167413263,790356.1622792368,752339.947445629,829519.4167413262
23,1,7,Marilu Henner,27.0,0.07775160857404026,0.07760726100044464,0.07412442724175788,0.08151078461038111,777516.0857404026,741244.2724175788,815107.846103811
23,1,8,Maureen McCormick,22.0,0.07565215052494878,0.07587325200049813,0.0707696468238763,0.08003717285849682,756521.5052494878,707696.468238763,800371.7285849681
23,1,9,Rick Perry,20.0,0.07456315965447526,0.07484979925361912,0.06978156754644281,0.07790959451828237,745631.5965447526,697815.6754644281,779095.9451828237
23,1,10,Ryan Lochte,24.0,0.07574929193248568,0.0755753445689167,0.07268457629940392,0.07964862782669709,757492.9193248568,726845.7629940392,796486.2782669709
23,1,11,Terra Jole,25.0,0.07640952622545463,0.07641545668992292,0.07306502131117468,0.08008469286619913,764095.2622545463,730650.2131117468,800846.9286619913
23,1,12,Vanilla Ice,25.0,0.07691411263425434,0.07660848731234343,0.07363705051257516,0.08089496682158356,769141.1263425434,736370.5051257516,808949.6682158356
23,2,0,Amber Rose,24.0,0.07561706492037766,0.07581667081054605,0.0719201424855186,0.07932507175579578,756170.6492037766,719201.424855186,793250.7175579579
23,2,1,Babyface,30.0,0.07840578637602634,0.07832683131332036,0.07440097246323799,0.08298051303499539,784057.8637602634,744009.7246323798,829805.1303499539
23,2,2,Calvin Johnson Jr.,28.0,0.0781123571192472,0.07792875955946348,0.07430856741383811,0.08199782342726812,781123.571192472,743085.674138381,819978.2342726812
23,2,3,Jake T. Austin,24.0,0.0752443036787693,0.07515107797286139,0.07175023757720138,0.0791845732400685,752443.036787693,717502.3757720138,791845.732400685
23,2,4,James Hinchcliffe,29.0,0.07834599235315573,0.07832229161260472,0.07524031727890317,0.0814436094970572,783459.9235315573,752403.1727890316,814436.094970572
23,2,5,Jana Kramer,29.0,0.07750323816564343,0.07763951590038139,0.07443794894236613,0.082759999398573,775032.3816564343,744379.4894236614,827599.99398573
23,2,6,Laurie Hernandez,32.0,0.07888800704993083,0.07870087086168118,0.07510633379667081,0.08258678355322531,788880.0704993083,751063.3379667081,825867.8355322531
23,2,7,Marilu Henner,27.0,0.07718185245550135,0.07700617019860291,0.07373795591568888,0.08051442834160334,771818.5245550135,737379.5591568887,805144.2834160334
23,2,8,Maureen McCormick,26.0,0.07638901031016992,0.07660613341880651,0.07224627322567624,0.0804803566612998,763890.1031016993,722462.7322567625,804803.5666129979
23,2,9,Rick Perry,22.0,0.07457748896178727,0.07486762466722618,0.06978555928936539,0.07791762358874041,745774.8896178728,697855.5928936539,779176.2358874041
23,2,10,Ryan Lochte,24.0,0.075146208321149,0.0748731002643689,0.0718742084175785,0.07902153215811228,751462.0832114901,718742.084175785,790215.3215811228
23,2,11,Terra Jole,31.0,0.07792223869487332,0.07836010163328574,0.07418277712606569,0.08213368494920942,779222.3869487331,741827.7712606569,821336.8494920941
23,2,12,Vanilla Ice,26.0,0.07666645159336859,0.07646098055493171,0.07340041795454615,0.08071728857343635,766664.5159336858,734004.1795454614,807172.8857343636
23,3,0,Amber Rose,25.0,0.08222278469467376,0.08236124234932334,0.07828576537930268,0.08637271961648577,822227.8469467376,782857.6537930268,863727.1961648577
23,3,1,Babyface,25.0,0.08295707535037215,0.08341589064361266,0.07865770332507656,0.08692334684746651,829570.7535037216,786577.0332507655,869233.4684746651
23,3,2,Calvin Johnson Jr.,32.0,0.0861566393846378,0.08604106814983019,0.08158708507771087,0.09049485856327706,861566.393846378,815870.8507771087,904948.5856327707
23,3,4,James Hinchcliffe,29.0,0.08482954961586259,0.08471746952559273,0.08149804554171042,0.08814434130436506,848295.4961586259,814980.4554171042,881443.4130436506
23,3,5,Jana Kramer,26.0,0.08275572576128214,0.08284430163825071,0.07975206321222077,0.08798192578645396,827557.2576128214,797520.6321222077,879819.2578645396
23,3,6,Laurie Hernandez,31.0,0.08504091895749136,0.08485119013068965,0.08112030768268753,0.08905686001217442,850409.1895749136,811203.0768268753,890568.6001217442
23,3,7,Marilu Henner,28.0,0.08394369464508135,0.08395513756200638,0.08025311114992151,0.08773295354839301,839436.9464508134,802531.1114992151,877329.5354839301
23,3,8,Maureen McCormick,28.0,0.08345859415788011,0.08354826574767635,0.07914890057970513,0.08772221738690876,834585.9415788011,791489.0057970512,877222.1738690876
23,3,9,Rick Perry,23.0,0.08108069520073424,0.08138081016163391,0.07649112704042867,0.08447350161747881,810806.9520073425,764911.2704042867,844735.0161747881
23,3,10,Ryan Lochte,25.0,0.0817118533721782,0.08149030312043391,0.07830596150938268,0.08585846381082225,817118.533721782,783059.6150938268,858584.6381082225
23,3,11,Terra Jole,30.0,0.08399086438811232,0.08438813425460832,0.08022348279914987,0.08823592730084255,839908.6438811232,802234.8279914988,882359.2730084255
23,3,12,Vanilla Ice,23.0,0.08185160447169397,0.08179241363945375,0.07845621720528717,0.08616039750543171,818516.0447169397,784562.1720528717,861603.9750543172
23,4,0,Amber Rose,24.0,0.09060823836159783,0.09082540179186957,0.08640761023872494,0.09497345214913384,906082.3836159783,864076.1023872494,949734.5214913384
23,4,1,Babyface,18.0,0.0890631224957865,0.08943732082337513,0.08385812611149529,0.09320573078080256,890631.2249578651,838581.2611149529,932057.3078080256
23,4,2,Calvin Johnson Jr.,23.0,0.09151149396799439,0.09124971850479947,0.08672983543387743,0.09605866372921165,915114.939679944,867298.3543387742,960586.6372921165
23,4,4,James Hinchcliffe,28.0,0.09338685453062984,0.09338629403723833,0.08951017934194676,0.09754787406901523,933868.5453062984,895101.7934194676,975478.7406901523
23,4,5,Jana Kramer,23.0,0.090380544575085,0.09051911524778437,0.08699348925325066,0.09567483013039574,903805.44575085,869934.8925325066,956748.3013039574
23,4,6,Laurie Hernandez,30.0,0.09356697252530467,0.09339268232036303,0.08907368841299419,0.09823934395779507,935669.7252530467,890736.8841299419,982393.4395779507
23,4,7,Marilu Henner,21.0,0.0900417185254342,0.08998376918703087,0.08627555157579539,0.09363568497825253,900417.185254342,862755.5157579539,936356.8497825253
23,4,8,Maureen McCormick,24.0,0.09070437030771016,0.09081810004665698,0.0860723172561631,0.09551940586217976,907043.7030771015,860723.172561631,955194.0586217976
23,4,10,Ryan Lochte,22.0,0.08926403370295331,0.08897117917679144,0.08580018364260455,0.09371375840994497,892640.3370295331,858001.8364260455,937137.5840994498
23,4,11,Terra Jole,25.0,0.0908332497831755,0.09085683646884606,0.0869738961784925,0.09559792677080275,908332.497831755,869738.961784925,955979.2677080275
23,4,12,Vanilla Ice,23.0,0.09063940122432862,0.09031834368528267,0.08703478964808774,0.09562443008672017,906394.0122432862,870347.8964808774,956244.3008672016
23,5,0,Amber Rose,24.0,0.10932154382715965,0.10974409114220446,0.10386982411844785,0.11453314789017428,1093215.4382715966,1038698.2411844785,1145331.4789017427
23,5,2,Calvin Johnson Jr.,24.0,0.11089235872801985,0.11062838316768196,0.10523706231883358,0.11612036358851296,1108923.5872801985,1052370.6231883357,1161203.6358851297
23,5,4,James Hinchcliffe,29.0,0.11517164133706229,0.11509815346533273,0.10997930575434729,0.12132780301573036,1151716.4133706228,1099793.0575434729,1213278.0301573037
23,5,5,Jana Kramer,26.0,0.11125775611935182,0.11145153117444746,0.10719739956883244,0.11824451686484538,1112577.561193518,1071973.9956883243,1182445.168648454
23,5,6,Laurie Hernandez,25.0,0.11084617679451943,0.1107116448562412,0.1057169447433388,0.11692326040840124,1108461.7679451944,1057169.447433388,1169232.6040840123
23,5,7,Marilu Henner,27.0,0.1127024050041747,0.11251448342494975,0.10748236539040167,0.11832330706524004,1127024.050041747,1074823.6539040166,1183233.0706524004
23,5,8,Maureen McCormick,24.0,0.10944505900749472,0.10962694780283042,0.10250897740425573,0.11533395907777674,1094450.5900749473,1025089.7740425572,1153339.5907777674
23,5,10,Ryan Lochte,24.0,0.10864332718890367,0.1083192994387023,0.10415766422208328,0.11415217861581432,1086433.2718890368,1041576.6422208328,1141521.7861581433
23,5,11,Terra Jole,27.0,0.11171973199331388,0.11208823510054974,0.1073497279752428,0.11699625348719993,1117197.3199331388,1073497.279752428,1169962.5348719992
23,6,0,Amber Rose,28.0,0.10852438400819278,0.10900846444085224,0.10240819357543711,0.11393829455969975,1085243.8400819278,1024081.9357543711,1139382.9455969976
23,6,2,Calvin Johnson Jr.,37.0,0.11342153296187298,0.11332666963830094,0.10791289266740423,0.11860061101060589,1134215.3296187297,1079128.9266740424,1186006.110106059
23,6,4,James Hinchcliffe,38.0,0.11362521915512043,0.11350264905632962,0.10908936353652834,0.11877831048402875,1136252.1915512043,1090893.6353652833,1187783.1048402875
23,6,5,Jana Kramer,40.0,0.1131518309841427,0.11328175059611077,0.10801045780406257,0.12139146912171013,1131518.309841427,1080104.5780406257,1213914.6912171014
23,6,6,Laurie Hernandez,37.0,0.11248144970642708,0.1122773649176567,0.10725905081778682,0.11782132117667511,1124814.4970642708,1072590.508177868,1178213.211766751
23,6,7,Marilu Henner,34.0,0.11146322832989386,0.11126711147812744,0.10668590140466891,0.1161727666773173,1114632.2832989385,1066859.014046689,1161727.666773173
23,6,8,Maureen McCormick,31.0,0.10972984523075574,0.109900895740306,0.10313318625381125,0.11554349484885643,1097298.4523075575,1031331.8625381126,1155434.9484885642
23,6,10,Ryan Lochte,30.0,0.1085667218038802,0.10825093250313195,0.10406965383064791,0.11403442611337314,1085667.218038802,1040696.5383064791,1140344.2611337313
23,6,11,Terra Jole,30.0,0.10903578781971424,0.10874575079449011,0.10399050885710917,0.11497339833284333,1090357.8781971424,1039905.0885710918,1149733.9833284332
23,7,2,Calvin Johnson Jr.,37.0,0.12880473687435162,0.12869962062429025,0.12201902484610332,0.1347700489226539,1288047.3687435163,1220190.2484610332,1347700.489226539
23,7,4,James Hinchcliffe,37.0,0.12860880355614743,0.12857856587209845,0.12266359840553867,0.13417497215685628,1286088.0355614743,1226635.9840553866,1341749.7215685628
23,7,5,Jana Kramer,34.5,0.12472807365049786,0.12512699914898115,0.12021706987608868,0.13206012384203003,1247280.7365049785,1202170.698760887,1320601.2384203004
23,7,6,Laurie Hernandez,34.5,0.12524495295937824,0.12470135336457742,0.11949774371608668,0.13234359780912222,1252449.5295937823,1194977.4371608668,1323435.9780912222
23,7,7,Marilu Henner,32.0,0.1229065166175926,0.12288888717577676,0.11808485313557023,0.1273229669526959,1229065.1661759259,1180848.5313557023,1273229.669526959
23,7,8,Maureen McCormick,33.0,0.12317453582873852,0.12352907423482425,0.11626115199010949,0.12984836044025272,1231745.3582873852,1162611.519901095,1298483.6044025272
23,7,10,Ryan Lochte,33.0,0.12227150186851117,0.12145844930338273,0.11730313228066115,0.12811317351684628,1222715.0186851118,1173031.3228066114,1281131.7351684629
23,7,11,Terra Jole,34.5,0.12426087864478261,0.12380370319140564,0.11937691565860957,0.13041939777151057,1242608.786447826,1193769.1565860957,1304193.9777151057
23,8,2,Calvin Johnson Jr.,30.0,0.1447841092795888,0.14410753770954526,0.13787384193463523,0.15070230069865903,1447841.092795888,1378738.4193463523,1507023.0069865903
23,8,4,James Hinchcliffe,34.9998,0.14690117216210163,0.1469589618128418,0.1399371395383059,0.1531089508229152,1469011.7216210163,1399371.3953830588,1531089.508229152
23,8,5,Jana Kramer,30.0,0.1430007860091592,0.14346358321773955,0.13771019654303054,0.15170605091965278,1430007.860091592,1377101.9654303053,1517060.5091965278
23,8,6,Laurie Hernandez,33.0,0.1449727200073544,0.14444929936178724,0.13864027939853482,0.15236527135560266,1449727.200073544,1386402.7939853482,1523652.7135560266
23,8,7,Marilu Henner,23.0,0.14053479269598562,0.14040427392741672,0.13478379771774723,0.14560280013182444,1405347.9269598562,1347837.9771774723,1456028.0013182445
23,8,10,Ryan Lochte,26.0,0.14004675941590494,0.13926920531778206,0.134380646898211,0.14671182869148,1400467.5941590494,1343806.46898211,1467118.2869148
23,8,11,Terra Jole,24.0,0.13975966042990542,0.1395542751180645,0.13316038625350016,0.1467205234509739,1397596.6042990542,1331603.8625350015,1467205.2345097389
23,9,2,Calvin Johnson Jr.,37.0,0.16681333104123372,0.1665546692012727,0.15887260041920861,0.1735142813900654,1668133.3104123373,1588726.0041920862,1735142.813900654
23,9,4,James Hinchcliffe,36.0,0.16523832207294317,0.16481939738623358,0.15819924016860992,0.17287054533716187,1652383.2207294318,1581992.4016860991,1728705.4533716186
23,9,5,Jana Kramer,40.0,0.16877418948262693,0.16883710529794335,0.16157292995133737,0.1803675850091058,1687741.8948262692,1615729.2995133738,1803675.850091058
23,9,6,Laurie Hernandez,40.0,0.1694635329831478,0.16907818997758026,0.16203982002393916,0.1775308455685725,1694635.3298314782,1620398.2002393915,1775308.455685725
23,9,7,Marilu Henner,36.0,0.16425581890941415,0.16417929749157756,0.15790535616214474,0.17034878252469668,1642558.1890941416,1579053.5616214473,1703487.8252469667
23,9,11,Terra Jole,38.0,0.16545480551063424,0.1650841342700823,0.15965107765970168,0.1733014481069981,1654548.0551063423,1596510.776597017,1733014.4810699811
23,10,2,Calvin Johnson Jr.,28.0,0.19688990349714985,0.19649099175360443,0.1873688069638861,0.20507252571295936,1968899.0349714987,1873688.069638861,2050725.2571295938
23,10,4,James Hinchcliffe,29.5,0.20194813155227823,0.20226066416859928,0.19310616595651575,0.20978160654891642,2019481.3155227823,1931061.6595651575,2097816.065489164
23,10,5,Jana Kramer,29.0,0.19797140706580194,0.19823119609350034,0.19013111267687732,0.208529707897152,1979714.0706580193,1901311.1267687732,2085297.07897152
23,10,6,Laurie Hernandez,30.0,0.20238773322321876,0.20209989194472835,0.192746196448676,0.21229202349418133,2023877.3322321877,1927461.9644867599,2122920.234941813
23,10,11,Terra Jole,30.0,0.20080282466155122,0.20096326543702933,0.19322251066395565,0.21040901286614289,2008028.2466155123,1932225.1066395566,2104090.128661429
23,11,2,Calvin Johnson Jr.,38.3331,0.2520014002937839,0.25200783630838025,0.24070928488342455,0.2612560646349648,2520014.002937839,2407092.8488342455,2612560.646349648
23,11,4,James Hinchcliffe,38.9998,0.2531275915043348,0.2538722722773958,0.24199663372662686,0.2627075742398523,2531275.915043348,2419966.3372662687,2627075.7423985233
23,11,5,Jana Kramer,35.5,0.24271964435618848,0.24258961140274873,0.2319116189621012,0.25518415638294567,2427196.4435618846,2319116.1896210117,2551841.563829457
23,11,6,Laurie Hernandez,39.333200000000005,0.25215136384569287,0.2519588456258124,0.24074607835425874,0.26319482433430297,2521513.6384569285,2407460.7835425874,2631948.2433430296
24,1,0,Bonner Bolton,22.0,0.08334296939642438,0.08371920524496554,0.07882729406273108,0.08680248477240848,833429.6939642439,788272.9406273108,868024.8477240849
24,1,1,Charo,21.0,0.08226941255639231,0.08199609272952472,0.0781960279364587,0.08637065102155358,822694.125563923,781960.279364587,863706.5102155359
24,1,2,Chris Kattan,17.0,0.0811662682932338,0.0812129513752035,0.07596863975270442,0.08531061036390576,811662.682932338,759686.3975270442,853106.1036390576
24,1,3,David Ross,28.0,0.08518745960430883,0.08492403711579363,0.08199148160157341,0.09024204591506838,851874.5960430884,819914.8160157341,902420.4591506837
24,1,4,Erika Jayne,24.0,0.08275668776377147,0.08231866808678229,0.07790939173379013,0.08724854637740836,827566.8776377147,779093.9173379013,872485.4637740836
24,1,5,Heather Morris,28.0,0.08324590081253026,0.08312656456069642,0.0796393592995969,0.0874897448217385,832459.0081253026,796393.592995969,874897.4482173851
24,1,6,Mr. T,20.0,0.08141236468977427,0.08105686823762315,0.07818759747361897,0.08588116876676095,814123.6468977426,781875.9747361897,858811.6876676095
24,1,7,Nancy Kerrigan,28.0,0.08404103820218212,0.08452769647128774,0.07929910342029638,0.08748660716947321,840410.3820218212,792991.0342029638,874866.0716947321
24,1,8,Nick Viall,24.0,0.08262514701929437,0.08224958561231475,0.07858578226449352,0.08758768669425622,826251.4701929437,785857.8226449352,875876.8669425622
24,1,9,Normani,27.0,0.08394434349906982,0.08378231123313623,0.08008006845620287,0.08808870160287839,839443.4349906981,800800.6845620287,880887.0160287839
24,1,10,Rashad Jennings,31.0,0.08529417244369554,0.08510061913102088,0.0808985177930024,0.08957570176353259,852941.7244369554,808985.177930024,895757.0176353259
24,1,11,Simone Biles,32.0,0.08471423571932281,0.08497310820650054,0.08032238565782202,0.08832760700192475,847142.3571932281,803223.8565782201,883276.0700192476
24,2,0,Bonner Bolton,28.0,0.0843894738190156,0.08475804600769406,0.08003099004698334,0.0879016414036158,843894.738190156,800309.9004698334,879016.414036158
24,2,1,Charo,25.0,0.08250922132225164,0.08223494267065448,0.07853571916851546,0.08662965648970668,825092.2132225164,785357.1916851546,866296.5648970668
24,2,2,Chris Kattan,22.0,0.08137167057092891,0.08141172138070367,0.07635894554441218,0.08550898776322227,813716.7057092891,763589.4554441218,855089.8776322227
24,2,3,David Ross,27.0,0.08433146088696804,0.08421615032919987,0.0815218628293449,0.08923276229508484,843314.6088696803,815218.628293449,892327.6229508484
24,2,4,Erika Jayne,28.0,0.08328380764772123,0.08296697874265467,0.078431334555017,0.08781384427704518,832838.0764772122,784313.3455501699,878138.4427704518
24,2,5,Heather Morris,30.0,0.08345716577366091,0.08332482710870147,0.07984910846481895,0.08782651351756639,834571.6577366091,798491.0846481895,878265.1351756639
24,2,6,Mr. T,22.0,0.08087686741248305,0.08065550648294326,0.0777027312785984,0.08539364267779702,808768.6741248305,777027.312785984,853936.4267779702
24,2,7,Nancy Kerrigan,28.0,0.0835488294696524,0.0839856407968267,0.07861593405829388,0.0871268158899401,835488.294696524,786159.3405829389,871268.1588994011
24,2,8,Nick Viall,25.0,0.08211154967103663,0.08166042042843893,0.07790941422266241,0.08690134539059156,821115.4967103663,779094.1422266241,869013.4539059156
24,2,9,Normani,32.0,0.08512975460930862,0.08516281398429466,0.08089601595814375,0.089879453054548,851297.5460930862,808960.1595814375,898794.5305454801
24,2,10,Rashad Jennings,32.0,0.08544462629998442,0.08521751531023346,0.08114438666841876,0.08977479225174982,854446.2629998443,811443.8666841877,897747.9225174983
24,2,11,Simone Biles,29.0,0.08354557251698853,0.08372357580626097,0.07905455198365083,0.08733460141521675,835455.7251698853,790545.5198365083,873346.0141521675
24,3,0,Bonner Bolton,24.0,0.09031912647123247,0.09075171910849521,0.08512378669341554,0.09408662183265318,903191.2647123247,851237.8669341553,940866.2183265318
24,3,1,Charo,24.0,0.08943031578112214,0.08917851178142554,0.08488717607363398,0.093889256083836,894303.1578112213,848871.7607363398,938892.56083836
24,3,3,David Ross,31.0,0.09288328415378691,0.09264896844764622,0.08933335164809787,0.09822972600964917,928832.8415378691,893333.5164809787,982297.2600964918
24,3,4,Erika Jayne,26.0,0.08976231600381092,0.0892720283280188,0.0841040209505,0.09477272795573678,897623.1600381092,841040.209505,947727.2795573678
24,3,5,Heather Morris,33.0,0.09140471571716047,0.09119731694539118,0.08737948478073787,0.09643747110694886,914047.1571716047,873794.8478073787,964374.7110694887
24,3,6,Mr. T,24.0,0.08876726782636053,0.0884819094544353,0.08532557600220998,0.0936176746755124,887672.6782636053,853255.7600220998,936176.746755124
24,3,7,Nancy Kerrigan,33.0,0.09227721758322684,0.09275608444161924,0.0871057396738812,0.09652937504960532,922772.1758322683,871057.396738812,965293.7504960533
24,3,8,Nick Viall,26.0,0.08961961472431829,0.0891883452907823,0.08498966290599737,0.09477641321460878,896196.1472431829,849896.6290599736,947764.1321460878
24,3,9,Normani,34.0,0.09277910340404774,0.09281162998480574,0.08834299985677549,0.09781537476629966,927791.0340404774,883429.9985677549,978153.7476629966
24,3,10,Rashad Jennings,28.0,0.0911927487160535,0.09115607082466408,0.08561588172916956,0.09572372475513793,911927.487160535,856158.8172916956,957237.2475513794
24,3,11,Simone Biles,32.0,0.09156428961888016,0.09188172973051241,0.08666177155855143,0.09563451978595582,915642.8961888016,866617.7155855142,956345.1978595582
24,4,0,Bonner Bolton,32.0,0.1007084377035116,0.10118511165759388,0.09553751889685749,0.10470145539153218,1007084.377035116,955375.188968575,1047014.5539153218
24,4,3,David Ross,31.0,0.10062799626699191,0.10048123354506751,0.09730248475957369,0.10610922219141884,1006279.9626699191,973024.8475957369,1061092.2219141885
24,4,4,Erika Jayne,30.0,0.09853437528390949,0.09795716508657454,0.09268228752927955,0.10375368859521708,985343.7528390948,926822.8752927955,1037536.8859521708
24,4,5,Heather Morris,35.0,0.10005471868119861,0.09979954351506551,0.09580079813641933,0.10490823392988,1000547.1868119861,958007.9813641933,1049082.3392987999
24,4,6,Mr. T,28.0,0.09728318884227903,0.09705759907951904,0.09336371479758088,0.10266160859292804,972831.8884227903,933637.1479758088,1026616.0859292804
24,4,7,Nancy Kerrigan,33.0,0.1001392360729581,0.10064881439062202,0.0942816331530608,0.10438121162954793,1001392.3607295811,942816.331530608,1043812.1162954792
24,4,8,Nick Viall,30.0,0.09838015108365394,0.09792146859639286,0.09352940993853569,0.10390502589226375,983801.5108365394,935294.0993853569,1039050.2589226374
24,4,9,Normani,32.0,0.0998976820167366,0.09989513090046084,0.09563081553845904,0.10458207878617191,998976.820167366,956308.1553845904,1045820.7878617191
24,4,10,Rashad Jennings,39.0,0.10335853607239585,0.10303546768217835,0.09846970659823552,0.10948854982623712,1033585.3607239586,984697.0659823552,1094885.4982623712
24,4,11,Simone Biles,36.0,0.10101567797636482,0.1012892076173164,0.09564808719904205,0.10563806780150715,1010156.7797636482,956480.8719904205,1056380.6780150714
24,5,0,Bonner Bolton,30.0,0.11035437292658995,0.11053301563041829,0.10395152614252468,0.11508120030402978,1103543.7292658994,1039515.2614252467,1150812.003040298
24,5,3,David Ross,29.0,0.11028517335579965,0.11012763398749065,0.10625237689630593,0.11636172273017809,1102851.7335579966,1062523.7689630592,1163617.2273017808
24,5,4,Erika Jayne,32.0,0.10981545672185578,0.1092081057125351,0.10359417621445091,0.11577161716537067,1098154.5672185577,1035941.7621445091,1157716.1716537066
24,5,5,Heather Morris,34.0,0.11004034861938954,0.10964530879947146,0.10557086164482153,0.11589413437172602,1100403.4861938953,1055708.6164482152,1158941.3437172603
24,5,7,Nancy Kerrigan,36.0,0.11201955979133782,0.11259150717383706,0.1054550404007687,0.11717991679987551,1120195.5979133782,1054550.404007687,1171799.1679987551
24,5,8,Nick Viall,34.0,0.11056226810113828,0.11024111126108489,0.10538595412465548,0.11727724751813291,1105622.6810113827,1053859.5412465548,1172772.475181329
24,5,9,Normani,39.0,0.11365050440678574,0.11357166233299545,0.10824041745618218,0.11999425476878636,1136505.0440678573,1082404.1745618219,1199942.5476878637
24,5,10,Rashad Jennings,32.0,0.11079670943513406,0.11075104772205137,0.10389089527492185,0.11652379905304154,1107967.0943513406,1038908.9527492184,1165237.9905304154
24,5,11,Simone Biles,38.0,0.1124756066419692,0.11268162580779356,0.10678458640564067,0.11732406980873372,1124756.066419692,1067845.8640564068,1173240.6980873372
24,6,0,Bonner Bolton,31.5,0.12446606665214963,0.12500901602971434,0.11746033713195506,0.12954185943583033,1244660.6665214964,1174603.3713195506,1295418.5943583034
24,6,3,David Ross,31.0,0.12453570817527004,0.12424872340806602,0.1201636278153323,0.13056379025563475,1245357.0817527005,1201636.2781533229,1305637.9025563474
24,6,5,Heather Morris,37.0,0.12612402585360194,0.1257465413207301,0.12014603095399506,0.13289307247245388,1261240.2585360194,1201460.3095399507,1328930.7247245389
24,6,7,Nancy Kerrigan,33.5,0.1246997114914638,0.12538280111235384,0.11788636998165199,0.129945893027628,1246997.114914638,1178863.6998165199,1299458.9302762798
24,6,8,Nick Viall,30.5,0.12192195058738207,0.12121858623512162,0.11569917734329799,0.12918583844199505,1219219.5058738207,1156991.7734329798,1291858.3844199504
24,6,9,Normani,36.0,0.12681103803261093,0.1268182704171217,0.12071370970421315,0.13356197420337462,1268110.3803261092,1207137.0970421315,1335619.7420337463
24,6,10,Rashad Jennings,35.0,0.1265285081361623,0.12623821367591834,0.11973130351138557,0.13293740691648143,1265285.0813616228,1197313.0351138557,1329374.0691648142
24,6,11,Simone Biles,34.5,0.12491299107135931,0.12521471551050525,0.11829441591890408,0.1305427329987972,1249129.910713593,1182944.1591890408,1305427.329987972
24,7,0,Bonner Bolton,31.0,0.1412087417868523,0.14179991124686475,0.13309907273719845,0.14728877185472442,1412087.417868523,1330990.7273719846,1472887.718547244
24,7,3,David Ross,32.0,0.14221371483243536,0.1418415800333377,0.13714155121969485,0.14890274553620308,1422137.1483243536,1371415.5121969485,1489027.4553620308
24,7,7,Nancy Kerrigan,36.0,0.1423245420064192,0.14295773425115077,0.13485494239755877,0.14847071461071934,1423245.420064192,1348549.4239755876,1484707.1461071933
24,7,8,Nick Viall,34.0,0.14064139067944936,0.14035029922522238,0.13393171157242706,0.14847540912545842,1406413.9067944936,1339317.1157242707,1484754.0912545843
24,7,9,Normani,42.0,0.1456922980571143,0.14602389195771856,0.13788579802199083,0.15345314778680896,1456922.980571143,1378857.9802199083,1534531.4778680897
24,7,10,Rashad Jennings,39.0,0.14467200829692864,0.14450482343982052,0.13752831412178182,0.15168894899131222,1446720.0829692865,1375283.1412178183,1516889.4899131223
24,7,11,Simone Biles,39.0,0.14324730434080082,0.1434192087721,0.13591024318161027,0.1490116258121834,1432473.0434080083,1359102.4318161027,1490116.2581218341
24,8,0,Bonner Bolton,29.0,0.19669942038296775,0.1973794671250458,0.18597817113831036,0.20487809488631487,1966994.2038296775,1859781.7113831036,2048780.9488631487
24,8,3,David Ross,32.5,0.19989111028366915,0.19893853384924937,0.1938964374917193,0.20825652563097805,1998911.1028366915,1938964.374917193,2082565.2563097805
24,8,9,Normani,39.5,0.2026283061170823,0.20293931914382293,0.1920925490731661,0.2132199082254353,2026283.061170823,1920925.4907316612,2132199.082254353
24,8,10,Rashad Jennings,37.5,0.20192111340843666,0.20143723842931263,0.19248943931218862,0.21118846907583982,2019211.1340843665,1924894.3931218863,2111884.6907583983
24,8,11,Simone Biles,36.0,0.19886004980784422,0.1995231635295686,0.1885840259149977,0.20724727435563703,1988600.4980784422,1885840.259149977,2072472.7435563703
24,9,3,David Ross,35.0,0.24702984843275422,0.24681013470701438,0.23874753407722388,0.25728830287967475,2470298.484327542,2387475.3407722386,2572883.0287967473
24,9,9,Normani,38.0,0.24965032338581428,0.24919558433686295,0.23829663726131098,0.2606346675539529,2496503.233858143,2382966.3726131096,2606346.6755395294
24,9,10,Rashad Jennings,38.5,0.25150304870457085,0.25056548750561003,0.23957294602753007,0.26251324940404724,2515030.4870457086,2395729.460275301,2625132.4940404724
24,9,11,Simone Biles,40.0,0.25181677947686065,0.25260501972959626,0.2390497433539793,0.2600295703843959,2518167.7947686063,2390497.433539793,2600295.703843959
24,10,3,David Ross,36.3333,0.3292199522424646,0.32851062223744537,0.31804051547921225,0.34457258657285056,3292199.5224246457,3180405.1547921225,3445725.8657285054
24,10,9,Normani,39.333200000000005,0.3342736898023782,0.3341076110839132,0.3213474007995156,0.3473245838817136,3342736.898023782,3213474.007995156,3473245.838817136
24,10,10,Rashad Jennings,39.6666,0.3365063579551572,0.33568945927157834,0.32206149130654993,0.3492179473892625,3365063.579551572,3220614.913065499,3492179.473892625
25,1,0,Barbara Corcoran,14.0,0.07516371946832585,0.07565486168852328,0.07021194521830398,0.07808402626451937,751637.1946832585,702119.4521830399,780840.2626451936
25,1,1,Debbie Gibson,17.0,0.07599101126535891,0.07637607135093269,0.07161557373795034,0.07917097890886997,759910.1126535891,716155.7373795034,791709.7890886997
25,1,2,Derek Fisher,18.0,0.07654322107773551,0.07648084258050686,0.07368091033896776,0.07913657256350556,765432.2107773551,736809.1033896776,791365.7256350557
25,1,3,Drew Scott,16.0,0.07649030691292863,0.07626164700359743,0.07293613747099525,0.08008390723215203,764903.0691292863,729361.3747099525,800839.0723215203
25,1,4,Frankie Muniz,19.0,0.07733733888762996,0.07731116532220063,0.07475023196152336,0.08105898155572887,773373.3888762996,747502.3196152336,810589.8155572887
25,1,5,Jordan Fisher,22.0,0.07874222181567311,0.07814905297200396,0.07646887386433529,0.08421418183357808,787422.2181567311,764688.7386433529,842141.8183357808
25,1,6,Lindsey Stirling,22.0,0.07898053573197397,0.07887618711844935,0.07589363684063796,0.08343603248521485,789805.3573197398,758936.3684063796,834360.3248521484
25,1,7,Nick Lachey,18.0,0.07602958112025537,0.0754718434969246,0.07346787666774673,0.07962828489845446,760295.8112025537,734678.7666774674,796282.8489845445
25,1,8,Nikki Bella,20.0,0.07793619127660154,0.07779797751883114,0.0745365392502371,0.08133941129455806,779361.9127660154,745365.392502371,813394.1129455806
25,1,9,Sasha Pieterse,18.0,0.07673235010849752,0.07699883929417761,0.07367143672438342,0.07890044075368989,767323.5010849752,736714.3672438342,789004.4075368989
25,1,10,Terrell Owens,15.0,0.0751545786134085,0.07520230660128861,0.0720126773709875,0.07907188199769877,751545.786134085,720126.7737098751,790718.8199769877
25,1,11,Vanessa Lachey,21.0,0.07806508713698458,0.07748047803741273,0.07554744258849604,0.08250671805335748,780650.8713698458,755474.4258849603,825067.1805335748
25,1,12,Victoria Arlen,19.0,0.07683385658462655,0.07658302918229472,0.07269121505411542,0.07976535344213027,768338.5658462655,726912.1505411542,797653.5344213027
25,2,0,Barbara Corcoran,17.0,0.07508797781600768,0.07559635298891033,0.07009802816631532,0.07804730638950297,750879.7781600768,700980.2816631532,780473.0638950297
25,2,1,Debbie Gibson,20.5,0.07631936539084809,0.0766193207824421,0.07215630603631563,0.07974444412919776,763193.6539084809,721563.0603631564,797444.4412919777
25,2,2,Derek Fisher,19.0,0.0757286486732511,0.07604920369580388,0.07240796066253526,0.0783525647835601,757286.4867325111,724079.6066253525,783525.647835601
25,2,3,Drew Scott,20.5,0.07725275903548184,0.07697524440664201,0.0740861446075641,0.08091121634833322,772527.5903548184,740861.4460756411,809112.1634833321
25,2,4,Frankie Muniz,24.0,0.07853302429336072,0.07841768988572463,0.07543075650327316,0.08342800847421099,785330.2429336072,754307.5650327316,834280.0847421099
25,2,5,Jordan Fisher,24.0,0.07862365608857809,0.07804528563356294,0.07632796745539164,0.0839799166578216,786236.5608857808,763279.6745539163,839799.166578216
25,2,6,Lindsey Stirling,22.5,0.07811693890222043,0.07825711490401024,0.07503016299611537,0.08113667604899501,781169.3890222043,750301.6299611537,811366.7604899501
25,2,7,Nick Lachey,19.0,0.07521839238741455,0.07475530058104803,0.07224349693205662,0.07870443546536482,752183.9238741455,722434.9693205662,787044.3546536482
25,2,8,Nikki Bella,19.5,0.0764878473960202,0.07677140846790703,0.07292425844093456,0.07914388660448717,764878.473960202,729242.5844093456,791438.8660448716
25,2,9,Sasha Pieterse,22.5,0.07761228635992655,0.07785781499262526,0.07474979407893827,0.08039157281798669,776122.8635992655,747497.9407893827,803915.7281798669
25,2,10,Terrell Owens,19.5,0.07584522794049094,0.07601611062681327,0.07309587848351314,0.07954824683670765,758452.2794049093,730958.7848351314,795482.4683670765
25,2,11,Vanessa Lachey,23.5,0.0781380248440441,0.07754240596035875,0.07561162933961504,0.08264919887967367,781380.248440441,756116.2933961505,826491.9887967367
25,2,12,Victoria Arlen,22.0,0.0770358508723557,0.07674062923531362,0.07303360313608961,0.07994300559581081,770358.508723557,730336.0313608962,799430.0559581082
25,3,2,Derek Fisher,21.0,0.08995670269879483,0.09034729904251793,0.08593878987205016,0.09275656688151382,899567.0269879482,859387.8987205016,927565.6688151382
25,3,3,Drew Scott,23.0,0.09206118027304203,0.09178004696881371,0.08873534788813707,0.09653008820489029,920611.8027304203,887353.4788813707,965300.8820489028
25,3,4,Frankie Muniz,21.0,0.0903799487090341,0.09044844399796112,0.08682519466062959,0.0936697962075491,903799.4870903409,868251.9466062959,936697.962075491
25,3,5,Jordan Fisher,25.0,0.09280938242600412,0.09201923562980989,0.08998732558232535,0.099132074835909,928093.8242600411,899873.2558232534,991320.74835909
25,3,6,Lindsey Stirling,27.0,0.09428037492983299,0.09435098318516201,0.09038948777602916,0.10056896838485213,942803.7492983299,903894.8777602916,1005689.6838485213
25,3,7,Nick Lachey,21.0,0.08935172559676578,0.08884973973646682,0.0862984046769347,0.0934689594381089,893517.2559676578,862984.0467693469,934689.594381089
25,3,8,Nikki Bella,21.0,0.0905736132103079,0.09089450790066901,0.08645258980023046,0.09355635026544322,905736.1321030789,864525.8980023046,935563.5026544322
25,3,9,Sasha Pieterse,19.0,0.08904728065540812,0.08889961744805665,0.08453614931461761,0.09179406287243885,890472.8065540813,845361.4931461761,917940.6287243885
25,3,10,Terrell Owens,21.0,0.08981233854511199,0.09005311485677214,0.08658532427620926,0.09419118518128054,898123.3854511199,865853.2427620925,941911.8518128054
25,3,11,Vanessa Lachey,23.0,0.09136351273726444,0.09102279461557716,0.08835811472044815,0.09590078799363994,913635.1273726444,883581.1472044814,959007.8799363994
25,3,12,Victoria Arlen,22.0,0.0903639402184337,0.0899905071799674,0.0850619482719245,0.09404696105977575,903639.402184337,850619.4827192449,940469.6105977575
25,4,2,Derek Fisher,23.0,0.08957632840262725,0.09009133373478362,0.08536554169344261,0.09239234423883039,895763.2840262725,853655.4169344262,923923.4423883039
25,4,3,Drew Scott,24.0,0.09116856937314023,0.09085433112016277,0.08751830787763046,0.09529840320518257,911685.6937314023,875183.0787763046,952984.0320518257
25,4,4,Frankie Muniz,24.0,0.09064401763974303,0.09068625350496222,0.08721981605458701,0.09419609710688762,906440.1763974302,872198.1605458701,941960.9710688762
25,4,5,Jordan Fisher,29.0,0.0940794728080259,0.09329761546974348,0.09112873318335324,0.10143587639567904,940794.7280802589,911287.3318335324,1014358.7639567904
25,4,6,Lindsey Stirling,26.0,0.0923470289200896,0.092619490868211,0.08877808983523464,0.09574333990631727,923470.289200896,887780.8983523464,957433.3990631726
25,4,7,Nick Lachey,22.0,0.08833906409451694,0.08781280603224739,0.08442613717925594,0.09216944619868178,883390.6409451695,844261.3717925594,921694.4619868178
25,4,8,Nikki Bella,24.0,0.09083777193241041,0.09121243241327788,0.08685473899556975,0.09381763509362939,908377.7193241041,868547.3899556976,938176.350936294
25,4,9,Sasha Pieterse,24.0,0.09044041367322496,0.0907750646064898,0.08673999789405748,0.09294248315758973,904404.1367322496,867399.9789405748,929424.8315758973
25,4,10,Terrell Owens,24.0,0.09007402443852035,0.09022399602906955,0.08670826526080971,0.0943556884343194,900740.2443852035,867082.6526080972,943556.8843431941
25,4,11,Vanessa Lachey,24.0,0.09047966282406338,0.09030203636926909,0.08668652444849398,0.09464546556926841,904796.6282406338,866865.2444849398,946454.6556926841
25,4,12,Victoria Arlen,27.0,0.09201364589363804,0.09164279780130732,0.08774065691915807,0.09610781347078248,920136.4589363805,877406.5691915806,961078.1347078248
25,5,3,Drew Scott,25.0,0.10009107649873704,0.09988810532417101,0.0958862138928455,0.10461431664918638,1000910.7649873703,958862.1389284551,1046143.1664918638
25,5,4,Frankie Muniz,29.0,0.10178874123154015,0.10179399631286362,0.09815054365765487,0.10775291100281674,1017887.4123154015,981505.4365765487,1077529.1100281675
25,5,5,Jordan Fisher,30.0,0.10248583375798148,0.10168782003909807,0.09947508800774703,0.10943849762592815,1024858.3375798148,994750.8800774703,1094384.9762592816
25,5,6,Lindsey Stirling,28.0,0.10164329946782147,0.10202401509603651,0.09757648904033303,0.10544989796409972,1016432.9946782147,975764.8904033303,1054498.9796409972
25,5,7,Nick Lachey,22.0,0.09674123802371751,0.09627575043955529,0.09149146815668516,0.10118932656385186,967412.380237175,914914.6815668516,1011893.2656385186
25,5,8,Nikki Bella,27.0,0.1008574336226202,0.10091408741946067,0.09680712113590079,0.10502861344044005,1008574.336226202,968071.2113590079,1050286.1344044006
25,5,9,Sasha Pieterse,24.0,0.09873602504199645,0.09868732931462026,0.09413489113544213,0.10167867583723686,987360.2504199645,941348.9113544213,1016786.7583723686
25,5,10,Terrell Owens,25.0,0.09888937702079054,0.09909140326169917,0.09532062619903768,0.10379324066133942,988893.7702079053,953206.2619903769,1037932.4066133943
25,5,11,Vanessa Lachey,24.0,0.0987789249818018,0.09884048082232652,0.09448568462521867,0.10362140262044864,987789.2498180179,944856.8462521867,1036214.0262044864
25,5,12,Victoria Arlen,27.0,0.09998805035299338,0.09948283676868212,0.09450662604970125,0.10384425197603488,999880.5035299337,945066.2604970125,1038442.5197603487
25,6,3,Drew Scott,30.0,0.11054369640439873,0.11057751575007614,0.10574142922561658,0.11548531052697439,1105436.9640439874,1057414.2922561658,1154853.1052697438
25,6,4,Frankie Muniz,31.0,0.11024265124382332,0.11060033890778893,0.10595397891763468,0.11396005535098762,1102426.5124382332,1059539.7891763467,1139600.5535098761
25,6,5,Jordan Fisher,39.0,0.113091969880624,0.11246545568933043,0.10966751523993355,0.12008904528476431,1130919.69880624,1096675.1523993355,1200890.452847643
25,6,6,Lindsey Stirling,40.0,0.11378180959736664,0.1138222485361877,0.1089810778692598,0.11873823633534013,1137818.0959736663,1089810.778692598,1187382.3633534012
25,6,7,Nick Lachey,26.0,0.10735275635279376,0.10699644742838436,0.10127786217666242,0.11234063808606304,1073527.5635279375,1012778.6217666242,1123406.3808606304
25,6,8,Nikki Bella,36.0,0.11217007240496958,0.11223369433478803,0.10785654432406361,0.11633149036564798,1121700.7240496958,1078565.443240636,1163314.90365648
25,6,10,Terrell Owens,37.0,0.11155985798261411,0.11120328224804196,0.10692081703253264,0.11622102763732495,1115598.5798261412,1069208.1703253265,1162210.2763732495
25,6,11,Vanessa Lachey,36.0,0.11172549437441612,0.11105535538362307,0.1080491716969963,0.11697993838789111,1117254.9437441612,1080491.716969963,1169799.3838789111
25,6,12,Victoria Arlen,31.0,0.10953169175899373,0.10899878138480934,0.10259132158691343,0.1140522253676037,1095316.9175899373,1025913.2158691343,1140522.253676037
25,7,3,Drew Scott,28.5,0.1271347667709828,0.1271856521200868,0.12217728292387561,0.13430458872119724,1271347.667709828,1221772.829238756,1343045.8872119724
25,7,4,Frankie Muniz,30.0,0.12771570559837703,0.12803293295397425,0.12287149248213595,0.135373543812298,1277157.0559837702,1228714.9248213596,1353735.4381229798
25,7,5,Jordan Fisher,27.0,0.12526066598592026,0.12467215503060892,0.12199019840345061,0.13108924081923204,1252606.6598592026,1219901.9840345061,1310892.4081923205
25,7,6,Lindsey Stirling,25.5,0.12437016316525347,0.1250185456168796,0.11895699786566671,0.1302943551899636,1243701.6316525347,1189569.978656667,1302943.551899636
25,7,8,Nikki Bella,24.0,0.12284053418382301,0.12280639467933965,0.11642535032762877,0.12746291636454735,1228405.3418382301,1164253.5032762876,1274629.1636454735
25,7,10,Terrell Owens,24.5,0.12222063475356819,0.1224045201907083,0.11719739525218859,0.12882130540139447,1222206.347535682,1171973.9525218857,1288213.0540139447
25,7,11,Vanessa Lachey,27.0,0.12488161137898719,0.12417745302128812,0.12064732072363124,0.13026554843535054,1248816.113789872,1206473.2072363123,1302655.4843535053
25,7,12,Victoria Arlen,28.5,0.1255759181630881,0.12498691569427792,0.11926336025912633,0.1303414154035683,1255759.181630881,1192633.6025912634,1303414.154035683
25,8,3,Drew Scott,23.5,0.164969782221382,0.16546700495036065,0.15753106880519915,0.1714843168753891,1649697.82221382,1575310.6880519916,1714843.168753891
25,8,4,Frankie Muniz,26.5,0.16712524842433582,0.1668457411548271,0.16159717236530807,0.17331112650777347,1671252.4842433583,1615971.7236530806,1733111.2650777348
25,8,5,Jordan Fisher,30.0,0.17103577631411623,0.17046745784190098,0.16570196833147532,0.18227485553400927,1710357.7631411622,1657019.6833147532,1822748.5553400926
25,8,6,Lindsey Stirling,27.0,0.1683600588526072,0.16845564597188945,0.16262902084435527,0.1750604951936436,1683600.5885260717,1626290.2084435527,1750604.9519364361
25,8,10,Terrell Owens,25.5,0.16503363880450087,0.1652327819271894,0.15915507702495427,0.17290762732010248,1650336.3880450088,1591550.7702495428,1729076.2732010249
25,8,12,Victoria Arlen,24.0,0.16347549538305783,0.16317482365549862,0.15305609445846222,0.1703277529373349,1634754.9538305784,1530560.944584622,1703277.529373349
25,9,3,Drew Scott,24.0,0.19679197360127731,0.19704574615792428,0.18687613250878124,0.20466194937785898,1967919.7360127731,1868761.3250878125,2046619.4937785896
25,9,4,Frankie Muniz,25.5,0.1977149999163096,0.1984752020120343,0.19087907095743206,0.20371115748686902,1977149.9991630958,1908790.7095743206,2037111.5748686902
25,9,5,Jordan Fisher,29.0,0.2028469155622885,0.20196472366142798,0.1970750054937669,0.21336707923333026,2028469.155622885,1970750.054937669,2133670.7923333026
25,9,6,Lindsey Stirling,28.5,0.20275907692351913,0.203470651154456,0.1958993737729196,0.2107285611816732,2027590.7692351914,1958993.737729196,2107285.611816732
25,9,12,Victoria Arlen,28.0,0.19988703399660546,0.19951854965595162,0.18992207607193065,0.20783395026878881,1998870.3399660545,1899220.7607193065,2078339.5026878882
25,10,3,Drew Scott,37.5,0.24555229112342142,0.24537407882749093,0.2340733501788019,0.25525985534636714,2455522.911234214,2340733.501788019,2552598.5534636714
25,10,4,Frankie Muniz,38.8887,0.24860733028579626,0.24907281386738808,0.2393185054025919,0.25693982143336713,2486073.3028579624,2393185.0540259187,2569398.214333671
25,10,5,Jordan Fisher,40.0,0.25253459111896864,0.252216287501473,0.24488019546033166,0.26438617932832914,2525345.9111896865,2448801.9546033167,2643861.7932832916
25,10,6,Lindsey Stirling,40.0,0.25330578747181365,0.2539251239260484,0.2460183579885526,0.26369917575791835,2533057.8747181366,2460183.579885526,2636991.7575791837
26,1,0,Adam Rippon,24.0,0.10157045216391793,0.10131791365937792,0.09687610928471745,0.10743074407725817,1015704.5216391793,968761.0928471745,1074307.4407725816
26,1,1,Arike Ogunbowale,20.0,0.09898327920256324,0.09882258430570821,0.0935488129651972,0.10469501348002362,989832.7920256323,935488.129651972,1046950.1348002362
26,1,2,Chris Mazdzer,21.0,0.10013549902793356,0.10015688442321813,0.0958862482114827,0.1049992088203902,1001354.9902793356,958862.482114827,1049992.088203902
26,1,3,Jamie Anderson,19.0,0.09833003690212934,0.0984958558386497,0.09409276641782885,0.10307669276549322,983300.3690212934,940927.6641782885,1030766.9276549323
26,1,4,Jennie Finch Daigle,21.0,0.10025952175643288,0.10013677209103908,0.09540590087682065,0.10505247530350337,1002595.2175643288,954059.0087682065,1050524.7530350336
26,1,5,Johnny Damon,18.0,0.09785603300395342,0.09838389705028469,0.09207191279601319,0.10250088820653565,978560.3300395341,920719.127960132,1025008.8820653565
26,1,6,Josh Norman,24.0,0.10238114002527024,0.10207311690028799,0.09791323286480641,0.10828586590346773,1023811.4002527024,979132.328648064,1082858.6590346773
26,1,7,Kareem Abdul-Jabbar,17.0,0.0978136662845657,0.09772524920257189,0.09230936075043322,0.10224955811466438,978136.662845657,923093.6075043322,1022495.5811466438
26,1,8,Mirai Nagasu,23.0,0.10066002378804201,0.10066364971013628,0.0964311658236141,0.10474652980940882,1006600.23788042,964311.6582361411,1047465.2980940882
26,1,9,Tonya Harding,23.0,0.10201034784519168,0.10187377583030492,0.09737201566151094,0.10812258675729684,1020103.4784519168,973720.1566151093,1081225.8675729684
26,2,0,Adam Rippon,37.0,0.1270551648951873,0.12675215998343184,0.12104004646660478,0.13457491514751327,1270551.6489518732,1210400.4646660478,1345749.1514751327
26,2,1,Arike Ogunbowale,35.0,0.12531844930677896,0.12508821385447838,0.11962036152937297,0.13209053488459135,1253184.4930677896,1196203.6152937298,1320905.3488459135
26,2,2,Chris Mazdzer,33.0,0.12473532886233336,0.1248834240694623,0.11882677396888632,0.1306330558183949,1247353.2886233337,1188267.739688863,1306330.558183949
26,2,4,Jennie Finch Daigle,31.5,0.12390083796690478,0.12366023651369305,0.11805680455458666,0.12995222632856382,1239008.379669048,1180568.0455458665,1299522.2632856383
26,2,6,Josh Norman,31.5,0.1243803702427359,0.12406943324370813,0.11863590862669124,0.12997646901475435,1243803.702427359,1186359.0862669123,1299764.6901475436
26,2,7,Kareem Abdul-Jabbar,29.5,0.12234469431848172,0.12232619148141821,0.11564747765942153,0.12817883663465976,1223446.9431848172,1156474.7765942153,1281788.3663465977
26,2,8,Mirai Nagasu,37.0,0.126632490549435,0.12652089085228474,0.12135190562960486,0.13201353819591607,1266324.90549435,1213519.0562960487,1320135.3819591608
26,2,9,Tonya Harding,33.0,0.12563266385814298,0.12570669152608693,0.12040307312692912,0.13141330050973205,1256326.6385814298,1204030.7312692911,1314133.0050973205
26,3,0,Adam Rippon,41.0,0.1695532387117902,0.16925289352302347,0.16108299075464,0.1802773993095801,1695532.387117902,1610829.9075464,1802773.993095801
26,3,2,Chris Mazdzer,33.0,0.1652388338382305,0.16528981856989816,0.1568594518511398,0.17254732736635156,1652388.3383823049,1568594.518511398,1725473.2736635157
26,3,4,Jennie Finch Daigle,29.0,0.1631057783031312,0.163334622940004,0.1544380185960171,0.1708652643123521,1631057.783031312,1544380.185960171,1708652.643123521
26,3,6,Josh Norman,38.0,0.16907642031042525,0.168348587113817,0.161741298260744,0.177076664793466,1690764.2031042525,1617412.9826074399,1770766.64793466
26,3,8,Mirai Nagasu,35.0,0.16540541585105473,0.1655158167312943,0.15826284593566659,0.17207062766058961,1654054.1585105474,1582628.4593566658,1720706.2766058962
26,3,9,Tonya Harding,35.0,0.16762031298536811,0.16724407055077356,0.16025840166541458,0.1753371973768721,1676203.1298536812,1602584.016654146,1753371.9737687209
26,4,0,Adam Rippon,29.0,0.3368171110329123,0.3363043503097963,0.3234601020325572,0.3530246260456035,3368171.1103291227,3234601.020325572,3530246.260456035
26,4,6,Josh Norman,28.5,0.33397495493148,0.3346940327407385,0.3203251585994932,0.34896991792178983,3339749.5493147997,3203251.585994932,3489699.1792178983
26,4,9,Tonya Harding,28.0,0.3292079340356078,0.3292917475698574,0.3137232562972148,0.34269286049461883,3292079.3403560775,3137232.562972148,3426928.604946188
27,1,0,Alexis Ren,22.0,0.0783998707369114,0.07866643909978628,0.07427426578599698,0.08219214858277958,783998.707369114,742742.6578599698,821921.4858277958
27,1,1,Bobby Bones,20.0,0.07850919649673417,0.07852130485117213,0.07513446672185577,0.0822088527281843,785091.9649673417,751344.6672185577,822088.527281843
27,1,2,Danelle Umstead,18.0,0.07610921893677225,0.07596232214551658,0.07244199176301266,0.08104711236799005,761092.1893677225,724419.9176301267,810471.1236799004
27,1,3,DeMarcus Ware,23.0,0.0779007718853406,0.07782894117740219,0.07461552703113027,0.08131133569053016,779007.718853406,746155.2703113026,813113.3569053016
27,1,4,Evanna Lynch,18.0,0.07708635629719857,0.0768619087513779,0.07336490610601597,0.08074670209035766,770863.5629719857,733649.0610601597,807467.0209035765
27,1,5,Joe Amabile,14.0,0.07518219587241429,0.0751478430370954,0.07072418807176584,0.08001474906530771,751821.9587241429,707241.8807176583,800147.4906530771
27,1,6,John Schneider,18.0,0.07609584964052199,0.07616023095630484,0.07188319287849543,0.07953494791516766,760958.4964052199,718831.9287849542,795349.4791516766
27,1,7,Juan Pablo Di Pace,22.0,0.07727301230388071,0.07723264127041063,0.07401501722572319,0.08081298945373129,772730.1230388072,740150.1722572319,808129.8945373129
27,1,8,Mary Lou Retton,20.0,0.07663562029259027,0.07677752893657916,0.07175326456936647,0.08165335196653906,766356.2029259027,717532.6456936647,816533.5196653906
27,1,9,Milo Manheim,20.0,0.07689555153704974,0.07692368484002786,0.07384946892121953,0.08097814086037859,768955.5153704975,738494.6892121953,809781.4086037859
27,1,10,Nancy McKeon,19.5,0.07601541915294424,0.0758705119309538,0.07263576532581066,0.07962533683360394,760154.1915294424,726357.6532581066,796253.3683360394
27,1,11,Nikki Glaser,17.5,0.07623425388227108,0.07627906859062479,0.07206480735457603,0.0802597383011957,762342.5388227107,720648.0735457602,802597.383011957
27,1,12,Tinashe,23.0,0.07766268296537068,0.07794794404944452,0.07340546055365876,0.0812542507113246,776626.8296537069,734054.6055365877,812542.507113246
27,2,0,Alexis Ren,24.5,0.08462243095602023,0.0848666292837854,0.0803050050845222,0.0886708514474665,846224.3095602023,803050.050845222,886708.514474665
27,2,1,Bobby Bones,19.5,0.08369027221351887,0.08371110856792174,0.08014818533184223,0.08784203727567036,836902.7221351886,801481.8533184223,878420.3727567036
27,2,2,Danelle Umstead,18.5,0.08164776049419929,0.08159689490150476,0.07771452090115094,0.08688054329086915,816477.6049419929,777145.2090115094,868805.4329086916
27,2,3,DeMarcus Ware,23.5,0.08323476402068124,0.08353434674464655,0.07994751597199846,0.0868450542540409,832347.6402068124,799475.1597199846,868450.542540409
27,2,4,Evanna Lynch,24.0,0.08484730948480704,0.08472017670012404,0.08061459291781396,0.08908143543724069,848473.0948480704,806145.9291781397,890814.3543724068
27,2,5,Joe Amabile,17.5,0.0820437801905506,0.08194020943022493,0.07722431751140166,0.08700246324179328,820437.8019055059,772243.1751140166,870024.6324179329
27,2,6,John Schneider,21.5,0.08278103046493392,0.08297691057322838,0.07818874749272903,0.08633884908277885,827810.3046493392,781887.4749272902,863388.4908277885
27,2,7,Juan Pablo Di Pace,26.0,0.08399396167607716,0.08393123272356946,0.08032442934656094,0.08790306870794456,839939.6167607716,803244.2934656093,879030.6870794457
27,2,8,Mary Lou Retton,23.0,0.0830419179102176,0.08324351275891306,0.07794314348962192,0.08828866621218845,830419.179102176,779431.4348962192,882886.6621218845
27,2,9,Milo Manheim,26.0,0.08450186414419293,0.08447672011482665,0.08104530978427328,0.08936890083686072,845018.6414419293,810453.0978427328,893689.0083686073
27,2,10,Nancy McKeon,20.5,0.08163893948797439,0.08150746789760825,0.0780272666461892,0.08578407741860387,816389.3948797439,780272.666461892,857840.7741860388
27,2,12,Tinashe,26.0,0.08395596895682673,0.08434610073713346,0.07939842792088077,0.08771413552335838,839559.6895682673,793984.2792088076,877141.3552335838
27,3,0,Alexis Ren,26.0,0.09197561713484306,0.09220685448243832,0.08762728038584391,0.09610372745551958,919756.1713484307,876272.8038584391,961037.2745551958
27,3,1,Bobby Bones,23.0,0.09196716257791164,0.09203073368553906,0.08819036466493056,0.09617720124221839,919671.6257791164,881903.6466493056,961772.0124221839
27,3,3,DeMarcus Ware,26.0,0.09089189170793163,0.09109967652122518,0.08736265760426254,0.09484049331412919,908918.9170793163,873626.5760426254,948404.933141292
27,3,4,Evanna Lynch,27.0,0.09281954828289071,0.09261271843936124,0.08804439800219181,0.09717008178831649,928195.4828289071,880443.9800219181,971700.8178831649
27,3,5,Joe Amabile,18.0,0.0891471696247201,0.08898514841061027,0.08408459085900122,0.0945042420556297,891471.696247201,840845.9085900122,945042.420556297
27,3,6,John Schneider,21.0,0.08938639901195941,0.08953194213637433,0.08377748859490217,0.09358274941089703,893863.9901195941,837774.8859490217,935827.4941089703
27,3,7,Juan Pablo Di Pace,30.0,0.0921675570879446,0.09196904508576269,0.08805398601409704,0.09706656726623,921675.5708794459,880539.8601409704,970665.6726623
27,3,8,Mary Lou Retton,24.0,0.09014613336406134,0.09017791660351653,0.0850727203989753,0.09542692924180991,901461.3336406134,850727.203989753,954269.2924180991
27,3,9,Milo Manheim,27.0,0.09158112275063657,0.0916825361563738,0.08791154379194754,0.09655588753067625,915811.2275063656,879115.4379194755,965558.8753067624
27,3,10,Nancy McKeon,22.0,0.08892824702961534,0.08876950438520524,0.08510407385353584,0.0934821952679009,889282.4702961534,851040.7385353585,934821.952679009
27,3,12,Tinashe,27.0,0.09098915142748557,0.09147332411518684,0.0862128850477579,0.09532146377694903,909891.5142748556,862128.8504775789,953214.6377694902
27,4,0,Alexis Ren,25.0,0.10115373936400407,0.10132070451114031,0.09644194184225054,0.10559297441120113,1011537.3936400407,964419.4184225054,1055929.7441120113
27,4,1,Bobby Bones,20.0,0.10056619321624159,0.1005485033298715,0.09629317466827184,0.10521684123982566,1005661.9321624159,962931.7466827184,1052168.4123982566
27,4,3,DeMarcus Ware,22.0,0.09888541999027249,0.0991294292848813,0.09421148612029893,0.10330052357087674,988854.1999027249,942114.8612029894,1033005.2357087674
27,4,4,Evanna Lynch,24.0,0.10129196912964522,0.10104519425070434,0.09666760329290414,0.1060968430327813,1012919.6912964522,966676.0329290413,1060968.430327813
27,4,5,Joe Amabile,15.0,0.09773359074695052,0.09773783150437479,0.09214451505085837,0.10372436468270195,977335.9074695052,921445.1505085836,1037243.6468270195
27,4,6,John Schneider,21.0,0.09891041512978319,0.09886616519063464,0.09310272025578803,0.10333592740235803,989104.1512978319,931027.2025578803,1033359.2740235802
27,4,7,Juan Pablo Di Pace,24.0,0.09934153561816524,0.09962300024097882,0.09522067718558534,0.10387356333826546,993415.3561816524,952206.7718558534,1038735.6333826546
27,4,8,Mary Lou Retton,26.0,0.10032592129933658,0.10053335082655955,0.094464107747832,0.10696838844717253,1003259.2129933658,944641.07747832,1069683.8844717254
27,4,9,Milo Manheim,29.0,0.10177230814109094,0.10163241044298695,0.09760073618051536,0.10755856764219941,1017723.0814109094,976007.3618051535,1075585.676421994
27,4,12,Tinashe,26.0,0.10001890736451016,0.10050787538923817,0.09480564162052513,0.10481829102203954,1000189.0736451016,948056.4162052512,1048182.9102203954
27,5,0,Alexis Ren,29.0,0.11335179112672827,0.11370019588649716,0.10826506224023337,0.11914497955198883,1133517.9112672827,1082650.6224023337,1191449.7955198882
27,5,1,Bobby Bones,21.0,0.11139535067875318,0.11135657906066848,0.106626691341674,0.11644553221869636,1113953.5067875318,1066266.91341674,1164455.3221869636
27,5,3,DeMarcus Ware,26.0,0.11077654799252722,0.11092901287380846,0.10646558734212111,0.11573290267640193,1107765.479925272,1064655.873421211,1157329.0267640194
27,5,4,Evanna Lynch,24.0,0.11182172858701367,0.11158586795642825,0.10663403393488934,0.11710685120162947,1118217.2858701367,1066340.3393488934,1171068.5120162948
27,5,5,Joe Amabile,17.0,0.10860991152683287,0.10855073458464194,0.10248776832775777,0.11530704607210848,1086099.1152683287,1024877.6832775777,1153070.4607210848
27,5,6,John Schneider,24.0,0.11038340644389252,0.11040417121750648,0.10449402676132453,0.11468920148521534,1103834.0644389251,1044940.2676132454,1146892.0148521534
27,5,7,Juan Pablo Di Pace,29.0,0.11172496124842793,0.11178879805291442,0.1067192782115943,0.11677482007487866,1117249.6124842793,1067192.782115943,1167748.2007487866
27,5,8,Mary Lou Retton,25.0,0.11036737242598856,0.11027898139900438,0.1041950900665056,0.11691167834776774,1103673.7242598855,1041950.900665056,1169116.7834776773
27,5,9,Milo Manheim,27.0,0.11156892996983579,0.11165324413237229,0.10647339320393216,0.11682596011872688,1115689.299698358,1064733.9320393216,1168259.6011872687
27,6,0,Alexis Ren,27.0,0.11216686490659374,0.11245623432003167,0.10716215904328923,0.11693469001125681,1121668.6490659374,1071621.5904328923,1169346.9001125682
27,6,1,Bobby Bones,22.0,0.11151808841741419,0.11148602579975822,0.10674701826848254,0.11653333176493756,1115180.8841741418,1067470.1826848255,1165333.3176493756
27,6,3,DeMarcus Ware,26.0,0.11044685008730981,0.1107187107315034,0.10610491205574207,0.1153786281279141,1104468.5008730981,1061049.1205574207,1153786.281279141
27,6,4,Evanna Lynch,29.0,0.11355020933098237,0.11330594549569871,0.10802431225668559,0.11922658792499292,1135502.0933098237,1080243.122566856,1192265.8792499292
27,6,5,Joe Amabile,22.0,0.1103435555021348,0.11045277532667074,0.10437160030166602,0.11633414263995889,1103435.555021348,1043716.0030166602,1163341.4263995888
27,6,6,John Schneider,19.0,0.10811712547619937,0.10829898078696897,0.10107392133122356,0.11335491888195219,1081171.2547619937,1010739.2133122355,1133549.1888195218
27,6,7,Juan Pablo Di Pace,30.0,0.1117639509739394,0.11183357932176147,0.10675450412442318,0.11684410491574587,1117639.509739394,1067545.0412442319,1168441.0491574588
27,6,8,Mary Lou Retton,24.0,0.1096531213836439,0.10940119629362208,0.10376620546285392,0.11619629996642314,1096531.213836439,1037662.0546285392,1161962.9996642314
27,6,9,Milo Manheim,30.0,0.11244023392178239,0.11250967428319943,0.10757286326343458,0.11832423216898727,1124402.339217824,1075728.632634346,1183242.3216898728
27,7,0,Alexis Ren,27.5,0.12566053722161158,0.12580659441618158,0.119909920121939,0.13097857818667924,1256605.3722161157,1199099.2012193901,1309785.7818667924
27,7,1,Bobby Bones,26.5,0.12623128943475587,0.12607046332651728,0.1209319408370387,0.132018345946288,1262312.8943475587,1209319.408370387,1320183.45946288
27,7,3,DeMarcus Ware,26.5,0.12322267396222485,0.12359027683494958,0.1176445552150446,0.12913296417624773,1232226.7396222486,1176445.552150446,1291329.6417624773
27,7,4,Evanna Lynch,29.5,0.12827071743067134,0.12836416052762376,0.12197468800655584,0.13468141329499217,1282707.1743067133,1219746.8800655585,1346814.1329499218
27,7,5,Joe Amabile,23.5,0.12203747168526438,0.1219557348096131,0.11533554848183995,0.12989590450836785,1220374.7168526438,1153355.4848183994,1298959.0450836786
27,7,6,John Schneider,27.0,0.12417611230271038,0.12397342489587676,0.11855165708017784,0.12867313146149212,1241761.1230271037,1185516.5708017785,1286731.314614921
27,7,7,Juan Pablo Di Pace,28.0,0.12433336267449244,0.12451970749385291,0.11930472958438583,0.1299281378593288,1243333.6267449243,1193047.2958438583,1299281.3785932881
27,7,9,Milo Manheim,29.0,0.12606783528826915,0.12588371856457548,0.12083662025396899,0.13266199413932128,1260678.3528826914,1208366.2025396898,1326619.9413932129
27,8,0,Alexis Ren,29.0,0.1683986043957741,0.16854228130598448,0.16152322876895167,0.1762979662373566,1683986.0439577408,1615232.2876895168,1762979.662373566
27,8,1,Bobby Bones,22.5,0.16556309504090716,0.1652272082328846,0.15856074336768272,0.17312610979531617,1655630.9504090715,1585607.4336768272,1731261.0979531617
27,8,4,Evanna Lynch,29.0,0.1692420078261613,0.16844245093450547,0.16235105450894688,0.17634593640812155,1692420.0782616131,1623510.5450894688,1763459.3640812153
27,8,5,Joe Amabile,23.0,0.16419345909129332,0.16407200869790303,0.15574601841155442,0.17291592571675918,1641934.5909129332,1557460.1841155442,1729159.2571675917
27,8,7,Juan Pablo Di Pace,30.0,0.16673578889139612,0.16691089956863484,0.159804502080893,0.17481015237942255,1667357.8889139611,1598045.02080893,1748101.5237942254
27,8,9,Milo Manheim,27.5,0.1658670447544681,0.1656370004790392,0.15800461043444844,0.17436115105475955,1658670.447544681,1580046.1043444844,1743611.5105475956
27,9,0,Alexis Ren,28.5,0.2484274904306255,0.24812802391644032,0.2386804743864935,0.2584580490846517,2484274.9043062553,2386804.743864935,2584580.490846517
27,9,1,Bobby Bones,27.0,0.24745775506503773,0.24698237560884048,0.2367931922459035,0.2579023650406573,2474577.5506503773,2367931.922459035,2579023.650406573
27,9,4,Evanna Lynch,30.0,0.25375361122848256,0.25241535372019647,0.2434260232719898,0.26494700246651104,2537536.1122848256,2434260.232719898,2649470.0246651103
27,9,9,Milo Manheim,30.0,0.25036114327585424,0.2504668460928023,0.24076362576970753,0.2630342417027356,2503611.4327585422,2407636.257697075,2630342.417027356
28,1,0,Ally Brooke,16.0,0.08362588273178195,0.08349886689840766,0.07971291529098257,0.08819093623457563,836258.8273178196,797129.1529098257,881909.3623457564
28,1,1,Hannah Brown,20.0,0.08563181578912206,0.08576098671985542,0.08157824805419804,0.0901021021020513,856318.1578912206,815782.4805419804,901021.021020513
28,1,2,James Van Der Beek,21.0,0.08480286852809002,0.08483553895208895,0.08102877961419958,0.09069418574668031,848028.6852809002,810287.7961419957,906941.8574668032
28,1,3,Karamo Brown,17.0,0.08333666467019339,0.08342181517062133,0.07864741401929656,0.08674241632952782,833366.6467019339,786474.1401929656,867424.1632952782
28,1,4,Kate Flannery,15.0,0.0819968644624101,0.08179324260391548,0.07871277028134185,0.08644105709371687,819968.644624101,787127.7028134186,864410.5709371687
28,1,5,Kel Mitchell,16.0,0.08356541519398697,0.08410060000179931,0.07897785188352366,0.08791242434429601,835654.1519398697,789778.5188352366,879124.2434429601
28,1,6,Lamar Odom,11.0,0.08014370640376386,0.08009824225153066,0.07617026126613725,0.08317154988076987,801437.0640376386,761702.6126613725,831715.4988076987
28,1,7,Lauren Alaina,19.0,0.08479379790890117,0.08479577046295286,0.07943338865459999,0.0893992790439516,847937.9790890117,794333.8865459999,893992.7904395161
28,1,8,Mary Wilson,17.0,0.08323817497745982,0.08280917914027831,0.08018580156899821,0.0878888271037637,832381.7497745982,801858.0156899821,878888.2710376369
28,1,9,Ray Lewis,15.0,0.08245014389458821,0.08226489437893346,0.07860878651992306,0.08644122729814467,824501.4389458821,786087.8651992306,864412.2729814467
28,1,10,Sailor Brinkley-Cook,18.0,0.08357303973643727,0.08324546675626536,0.07971792002988866,0.08765549361694462,835730.3973643727,797179.2002988866,876554.9361694462
28,1,11,Sean Spicer,12.0,0.08284162570326518,0.08328444609399518,0.07773597335128944,0.08594216234199357,828416.2570326518,777359.7335128944,859421.6234199357
28,2,0,Ally Brooke,20.0,0.08442282355407252,0.08447325387656442,0.08068820381432729,0.089009944507397,844228.2355407252,806882.0381432729,890099.44507397
28,2,1,Hannah Brown,24.0,0.08631023221124969,0.08627227925661952,0.08194346412916347,0.09129647827438502,863102.3221124968,819434.6412916346,912964.7827438501
28,2,2,James Van Der Beek,20.0,0.08360933959860514,0.08400198414498344,0.07988483421383624,0.08843176738204422,836093.3959860514,798848.3421383625,884317.6738204423
28,2,3,Karamo Brown,19.0,0.08337456474088485,0.08347360788325996,0.07871088449815193,0.08679929450548711,833745.6474088485,787108.8449815193,867992.9450548711
28,2,4,Kate Flannery,21.0,0.08353448671309326,0.08294324327011642,0.08065493911198274,0.0886139255592462,835344.8671309325,806549.3911198274,886139.255592462
28,2,5,Kel Mitchell,20.0,0.08436307263703653,0.08449608637210144,0.07933236277285047,0.08884996888538689,843630.7263703654,793323.6277285047,888499.6888538689
28,2,6,Lamar Odom,12.0,0.08003247635879877,0.07999198771750506,0.0760570268620195,0.08305874486061499,800324.7635879877,760570.268620195,830587.4486061499
28,2,7,Lauren Alaina,19.0,0.08403377556959171,0.08390933174299012,0.07837855422152878,0.08813128786609536,840337.7556959172,783785.5422152878,881312.8786609536
28,2,8,Mary Wilson,15.0,0.08185054035888545,0.08146117640192752,0.07832764816717654,0.08620761760673405,818505.4035888545,783276.4816717653,862076.1760673405
28,2,9,Ray Lewis,15.0,0.08184705700797319,0.08169012174550029,0.07759759096493095,0.08576165692327745,818470.5700797319,775975.9096493095,857616.5692327744
28,2,10,Sailor Brinkley-Cook,18.0,0.08285970879696551,0.08279382359784444,0.07875121299584112,0.08672974627667655,828597.0879696552,787512.1299584112,867297.4627667655
28,2,11,Sean Spicer,16.0,0.08376192245284342,0.08403931238492142,0.07933412682006576,0.08689050314850677,837619.2245284342,793341.2682006576,868905.0314850677
28,3,0,Ally Brooke,24.0,0.10192357967364746,0.10220764332663543,0.09716410383082054,0.10717588823386395,1019235.7967364746,971641.0383082054,1071758.8823386396
28,3,1,Hannah Brown,21.0,0.10136789453831671,0.1015499842493554,0.09696505379562582,0.10656733525847648,1013678.9453831671,969650.5379562583,1065673.3525847648
28,3,2,James Van Der Beek,23.0,0.10059517374010478,0.1007840508715987,0.09601406365760093,0.10675557767707745,1005951.7374010478,960140.6365760093,1067555.7767707745
28,3,3,Karamo Brown,16.0,0.09837747088930704,0.09829642128065877,0.09275706445189574,0.1016224530089757,983774.7088930703,927570.6445189575,1016224.5300897569
28,3,4,Kate Flannery,24.0,0.10041589264319016,0.09977440392977957,0.09684557196882791,0.10668097266838383,1004158.9264319016,968455.7196882791,1066809.7266838383
28,3,5,Kel Mitchell,20.0,0.10046681973143111,0.10062920766912532,0.09507905775997698,0.10558862631059007,1004668.197314311,950790.5775997698,1055886.2631059007
28,3,6,Lamar Odom,12.0,0.0960090375182663,0.09604311244810698,0.09119901084779256,0.09991477521997341,960090.375182663,911990.1084779255,999147.7521997341
28,3,7,Lauren Alaina,20.0,0.10050807978359295,0.10047113695765182,0.0940336341262861,0.10514257837476164,1005080.7978359296,940336.3412628609,1051425.7837476165
28,3,10,Sailor Brinkley-Cook,23.0,0.10055605616579186,0.10012809000894815,0.0964270635408186,0.10568860012466454,1005560.5616579186,964270.635408186,1056886.0012466453
28,3,11,Sean Spicer,15.0,0.09977999531635168,0.100342569632745,0.09406158526090565,0.10325132647457329,997799.9531635168,940615.8526090565,1032513.2647457329
28,4,0,Ally Brooke,32.0,0.10165784314183565,0.10194750606116536,0.0969498195634064,0.10689510858924839,1016578.4314183565,969498.195634064,1068951.0858924838
28,4,1,Hannah Brown,32.0,0.10214356232635252,0.10244115886217171,0.09775239660372861,0.10741731124107608,1021435.6232635252,977523.9660372861,1074173.1124107607
28,4,2,James Van Der Beek,28.0,0.09944009601931382,0.09990726763125381,0.09496105805445139,0.10467677026890851,994400.9601931382,949610.5805445139,1046767.702689085
28,4,3,Karamo Brown,28.0,0.09959040553945672,0.09947886024778495,0.09410248268678474,0.10303931978891645,995904.0553945672,941024.8268678475,1030393.1978891646
28,4,4,Kate Flannery,26.0,0.09831199109749018,0.09819684090203143,0.09413957767735517,0.1038176972865401,983119.9109749019,941395.7767735517,1038176.972865401
28,4,5,Kel Mitchell,32.0,0.10158127424444087,0.10153534639698529,0.09554304164840478,0.10702706414639628,1015812.7424444087,955430.4164840479,1070270.6414639628
28,4,6,Lamar Odom,20.0,0.09612755969744068,0.09611646827467935,0.09135389379694606,0.10002306740672347,961275.5969744067,913538.9379694606,1000230.6740672346
28,4,7,Lauren Alaina,32.0,0.10162191044065332,0.10183623086179015,0.09521319701417795,0.1071370833093541,1016219.1044065332,952131.9701417795,1071370.833093541
28,4,10,Sailor Brinkley-Cook,31.0,0.1003263866058349,0.09998290588683767,0.09611112465213235,0.10531192982108145,1003263.866058349,961111.2465213236,1053119.2982108146
28,4,11,Sean Spicer,21.0,0.09919897088718133,0.09986455923567737,0.09306530130263713,0.10263150023828647,991989.7088718133,930653.0130263712,1026315.0023828647
28,5,0,Ally Brooke,27.0,0.11340931467436395,0.11385417052953502,0.1081628709506224,0.119292075012984,1134093.1467436396,1081628.709506224,1192920.75012984
28,5,1,Hannah Brown,25.0,0.11269051480285,0.11294775525359384,0.10780255998097463,0.1182911390492322,1126905.1480285,1078025.5998097463,1182911.3904923222
28,5,2,James Van Der Beek,26.0,0.11169167515547399,0.11173158592979877,0.10647172404183912,0.11858576376677775,1116916.75155474,1064717.2404183913,1185857.6376677775
28,5,3,Karamo Brown,21.0,0.10880825810674523,0.10900020757695293,0.10285001591385715,0.11254224153434446,1088082.5810674522,1028500.1591385715,1125422.4153434446
28,5,4,Kate Flannery,24.0,0.10988410690425933,0.10930808178464475,0.10541728544842041,0.11618951426622641,1098841.0690425932,1054172.8544842042,1161895.1426622642
28,5,5,Kel Mitchell,26.0,0.11269435284367497,0.1126944702408566,0.10584102647925632,0.11885296765843356,1126943.5284367497,1058410.2647925632,1188529.6765843355
28,5,7,Lauren Alaina,23.0,0.11088087861015336,0.1108677029350527,0.10378013669700784,0.11589212133005852,1108808.7861015336,1037801.3669700783,1158921.2133005853
28,5,10,Sailor Brinkley-Cook,24.0,0.11041706672011271,0.11033913773594405,0.10527574995821226,0.11607004465495625,1104170.6672011272,1052757.4995821225,1160700.4465495625
28,5,11,Sean Spicer,19.0,0.10952383218236646,0.11060525692837185,0.10254824282101926,0.1135770230299611,1095238.3218236645,1025482.4282101926,1135770.230299611
28,6,0,Ally Brooke,25.0,0.11120317674720163,0.11121530259014548,0.10594695812650544,0.11684511927790611,1112031.7674720164,1059469.5812650544,1168451.1927790612
28,6,1,Hannah Brown,24.0,0.11091246895284966,0.11090752922018932,0.10616798004077871,0.11631758423217607,1109124.6895284967,1061679.800407787,1163175.8423217607
28,6,2,James Van Der Beek,27.0,0.11176125499631477,0.11179127921108889,0.10653508544825045,0.1187334178273104,1117612.5499631476,1065350.8544825045,1187334.178273104
28,6,3,Karamo Brown,25.0,0.11029386177277087,0.11005485628483021,0.10418892642879783,0.11472970860288459,1102938.6177277088,1041889.2642879783,1147297.086028846
28,6,4,Kate Flannery,27.0,0.11118251123538767,0.11049428740405329,0.10704888571039459,0.1181628107504344,1111825.1123538767,1070488.857103946,1181628.107504344
28,6,5,Kel Mitchell,26.0,0.11193593579506154,0.1118865253981736,0.10552441191212493,0.1178172650093568,1119359.3579506155,1055244.1191212493,1178172.650093568
28,6,7,Lauren Alaina,26.0,0.1119818370776322,0.11203131255881028,0.10488919959492668,0.11756525815711685,1119818.370776322,1048891.9959492667,1175652.5815711685
28,6,10,Sailor Brinkley-Cook,27.0,0.11171659782678398,0.11119402531094713,0.1072224534971566,0.11756752134555025,1117165.9782678396,1072224.534971566,1175675.2134555024
28,6,11,Sean Spicer,21.0,0.10901235559599766,0.10999039346378961,0.10192131234719796,0.11334419349662442,1090123.5559599765,1019213.1234719796,1133441.9349662443
28,7,0,Ally Brooke,27.0,0.12682877640453155,0.12741047878530684,0.12098006433549917,0.1328898262651781,1268287.7640453156,1209800.6433549917,1328898.2626517809
28,7,1,Hannah Brown,26.0,0.12654872880826143,0.1268641860013796,0.12140722806881037,0.13296871426185913,1265487.2880826143,1214072.2806881038,1329687.1426185914
28,7,2,James Van Der Beek,27.0,0.12560369852416184,0.12556859489370117,0.11953054500221406,0.13305550132603303,1256036.9852416185,1195305.4500221408,1330555.0132603303
28,7,3,Karamo Brown,24.5,0.12362988046936389,0.1237913063748392,0.11695165563266674,0.1279802531262911,1236298.8046936388,1169516.5563266673,1279802.5312629112
28,7,4,Kate Flannery,24.0,0.12237430430139568,0.12173058576460001,0.11648565596708514,0.12955539159794932,1223743.0430139569,1164856.5596708513,1295553.9159794932
28,7,5,Kel Mitchell,25.5,0.12541520003491224,0.12537185371388024,0.11847636200263498,0.13175550415598683,1254152.0003491223,1184763.6200263498,1317555.0415598683
28,7,7,Lauren Alaina,27.0,0.12677986365225635,0.12709401802296677,0.11935861484448437,0.13334898165166248,1267798.6365225636,1193586.1484448437,1333489.8165166248
28,7,11,Sean Spicer,21.0,0.1228195478051169,0.12397101079684722,0.11489768664728602,0.1273965315236661,1228195.478051169,1148976.86647286,1273965.315236661
28,8,0,Ally Brooke,30.0,0.14423458448114465,0.1445485123322233,0.13766586866355068,0.150758347193578,1442345.8448114465,1376658.6866355068,1507583.47193578
28,8,1,Hannah Brown,30.9998,0.14539862012202434,0.14572538297727972,0.13879542497498681,0.15215429056919128,1453986.2012202435,1387954.2497498682,1521542.9056919129
28,8,2,James Van Der Beek,31.9998,0.14378998969226037,0.1437170502308973,0.13680627178820087,0.1523179230438387,1437899.8969226037,1368062.7178820088,1523179.230438387
28,8,4,Kate Flannery,25.9998,0.14023057858674756,0.1396652412959794,0.1334456860856308,0.14852393281213425,1402305.7858674757,1334456.860856308,1485239.3281213425
28,8,5,Kel Mitchell,29.9998,0.1441195087723086,0.14421422712876805,0.13581069611780255,0.150870110946895,1441195.0877230861,1358106.9611780255,1508701.1094689502
28,8,7,Lauren Alaina,24.0,0.14135252869157977,0.14182817793036728,0.13287641184024918,0.1472426113815632,1413525.2869157977,1328764.1184024918,1472426.113815632
28,8,11,Sean Spicer,20.0,0.14087418965393475,0.14212017411922673,0.13217092364830335,0.1462181522072158,1408741.8965393475,1321709.2364830335,1462181.5220721578
28,9,0,Ally Brooke,40.0,0.16911395441954397,0.16993059238269959,0.1610212067860148,0.17667390023073418,1691139.5441954397,1610212.0678601481,1766739.0023073417
28,9,1,Hannah Brown,35.5,0.16771795943264634,0.16784674281998507,0.1601485861020888,0.17545379348247483,1677179.5943264633,1601485.861020888,1754537.9348247484
28,9,2,James Van Der Beek,36.0,0.16555086920784542,0.16536440863441654,0.1578040892437988,0.17384241941958511,1655508.6920784542,1578040.892437988,1738424.1941958512
28,9,5,Kel Mitchell,37.0,0.1675155219722952,0.16777161492040313,0.1578817652476942,0.17596279746330434,1675155.219722952,1578817.6524769422,1759627.9746330434
28,9,7,Lauren Alaina,35.0,0.1666214321273063,0.1669529425954844,0.15698879601462587,0.17491909005527892,1666214.3212730628,1569887.9601462586,1749190.9005527892
28,9,11,Sean Spicer,25.0,0.1634802628403628,0.1653890792987839,0.15358169143811004,0.16966698204293917,1634802.628403628,1535816.9143811003,1696669.8204293917
28,10,0,Ally Brooke,29.5,0.20416357126529336,0.20477884234926946,0.19498192770542078,0.21397483700043568,2041635.7126529336,1949819.2770542079,2139748.370004357
28,10,1,Hannah Brown,27.0,0.20018598939727472,0.20064775158882653,0.19155666439943994,0.2088260175449807,2001859.8939727473,1915566.6439943993,2088260.175449807
28,10,2,James Van Der Beek,25.5,0.19446709040406152,0.19478513971890657,0.1823534986465851,0.20415396401226288,1944670.904040615,1823534.9864658508,2041539.6401226288
28,10,5,Kel Mitchell,28.5,0.20201574571627276,0.2019993717851465,0.19054961378968815,0.21255692429352738,2020157.4571627276,1905496.1378968814,2125569.242935274
28,10,7,Lauren Alaina,27.0,0.19916760321709762,0.19960185456144822,0.18797377362087367,0.20701924266559757,1991676.032170976,1879737.7362087367,2070192.4266559756
28,11,0,Ally Brooke,30.0,0.2543034950447039,0.25527496790496995,0.24190428759225485,0.2657187557066072,2543034.9504470387,2419042.8759225486,2657187.557066072
28,11,1,Hannah Brown,29.0,0.249430446910433,0.24957767012229784,0.23780982105820753,0.2581784512662181,2494304.46910433,2378098.210582075,2581784.5126621807
28,11,5,Kel Mitchell,29.5,0.2510579480014403,0.25175635520462863,0.23633535209218523,0.262933033681472,2510579.4800144034,2363353.5209218524,2629330.3368147197
28,11,7,Lauren Alaina,28.5,0.24520811004342274,0.24581434204100466,0.23225515671353303,0.2543114093643103,2452081.1004342274,2322551.5671353303,2543114.093643103
29,1,0,AJ McLean,18.0,0.06694262758277023,0.06735271656854741,0.06455335443696411,0.0700437295200607,669426.2758277023,645533.5443696411,700437.295200607
29,1,1,Anne Heche,18.0,0.06606671050488919,0.06657225186279328,0.06307886317941182,0.06827903520975538,660667.1050488919,630788.6317941182,682790.3520975538
29,1,2,Carole Baskin,11.0,0.06486606672994787,0.06510576987741315,0.061363208388290014,0.06697960059087198,648660.6672994787,613632.0838829002,669796.0059087197
29,1,3,Charles Oakley,12.0,0.06416438012287494,0.06402149440655817,0.060532476861234974,0.06611741646774161,641643.8012287494,605324.7686123498,661174.1646774161
29,1,4,Chrishell Stause,13.0,0.06503492688149658,0.0651934098418132,0.060257566290986615,0.06763891212414998,650349.2688149657,602575.6629098662,676389.1212414998
29,1,5,Jeannie Mai,18.0,0.06710991888840848,0.06705930183141978,0.0632856716426592,0.06960330794234025,671099.1888840848,632856.7164265921,696033.0794234026
29,1,6,Jesse Metcalfe,18.0,0.0671977583276489,0.06765753330732677,0.06348026603559233,0.06950619144825179,671977.583276489,634802.6603559232,695061.9144825179
29,1,7,Johnny Weir,18.0,0.06670341442020711,0.06658365559599769,0.06371664589116095,0.06950427976760647,667034.1442020711,637166.4589116095,695042.7976760647
29,1,8,Justina Machado,21.0,0.06800946520450801,0.06808885063054555,0.06520865522882748,0.07151247890882373,680094.6520450801,652086.5522882747,715124.7890882373
29,1,9,Kaitlyn Bristowe,20.0,0.06682996538437973,0.06717223031340694,0.06372898792101978,0.070138479290056,668299.6538437973,637289.8792101977,701384.79290056
29,1,10,Monica Aldama,19.0,0.06717529302895234,0.06706787624621185,0.06501587002969983,0.07084012814158865,671752.9302895233,650158.7002969983,708401.2814158865
29,1,11,Nelly,16.0,0.06831133397321558,0.0684851017180736,0.06414110420183074,0.07026827356165782,683113.3397321558,641411.0420183074,702682.7356165783
29,1,12,Nev Schulman,20.0,0.06674469972539149,0.0663002352323398,0.06356507167946515,0.07129984895868827,667446.9972539148,635650.7167946515,712998.4895868826
29,1,13,Skai Jackson,21.0,0.06937025760355979,0.06935390876041052,0.06558643197445707,0.07291623253161679,693702.576035598,655864.3197445708,729162.3253161679
29,1,14,Veron Davis,17.0,0.06547318162174977,0.06503626451747753,0.06380048341226723,0.07024427184416994,654731.8162174977,638004.8341226722,702442.7184416994
29,2,0,AJ McLean,19.0,0.0670942096963252,0.06749268253877037,0.0646174991098258,0.07032120115612985,670942.0969632519,646174.991098258,703212.0115612984
29,2,1,Anne Heche,18.0,0.06578924732274798,0.06639722554505288,0.06257044803620256,0.06794155689201296,657892.4732274797,625704.4803620256,679415.5689201297
29,2,2,Carole Baskin,16.0,0.0657825509637865,0.06607343690513728,0.06259540298284513,0.0675791775626749,657825.509637865,625954.0298284513,675791.7756267489
29,2,3,Charles Oakley,15.0,0.06436570955094525,0.06420065872861734,0.06083452688859113,0.06626341052348539,643657.0955094525,608345.2688859113,662634.1052348539
29,2,4,Chrishell Stause,18.0,0.06621809870351687,0.0660065328354872,0.06260342715670293,0.0685047093336781,662180.9870351687,626034.2715670293,685047.0933367809
29,2,5,Jeannie Mai,18.0,0.066827526462084,0.0669264262452071,0.0629394796035894,0.06932195494048805,668275.26462084,629394.796035894,693219.5494048805
29,2,6,Jesse Metcalfe,20.0,0.06778712103314999,0.06818088623383663,0.06432035910116916,0.07023461838612129,677871.2103314999,643203.5910116916,702346.1838612129
29,2,7,Johnny Weir,18.0,0.0664226324991502,0.06627157952816835,0.06319881400465982,0.06900310549533972,664226.324991502,631988.1400465982,690031.0549533973
29,2,8,Justina Machado,21.0,0.06813298926871991,0.06828235020086919,0.06529516290835721,0.07170650491559614,681329.8926871992,652951.6290835721,717065.0491559615
29,2,9,Kaitlyn Bristowe,22.0,0.06769451188010019,0.06776770966928693,0.06475900521111236,0.07190145874538666,676945.1188010018,647590.0521111236,719014.5874538666
29,2,10,Monica Aldama,16.0,0.0657362737966728,0.06517252079534445,0.06254945380495945,0.06912280776097866,657362.7379667279,625494.5380495945,691228.0776097866
29,2,11,Nelly,18.0,0.06863341115774606,0.06864284936566467,0.06472371280995626,0.07093696050007081,686334.1115774605,647237.1280995626,709369.6050007081
29,2,12,Nev Schulman,21.0,0.06716981907311136,0.06674465279176538,0.06374718958192852,0.0720732822727813,671698.1907311135,637471.8958192852,720732.822727813
29,2,13,Skai Jackson,15.0,0.06685658556389106,0.06636213390727161,0.06271686559180617,0.07003000992206863,668565.8556389106,627168.6559180617,700300.0992206864
29,2,14,Veron Davis,18.0,0.0654893130280526,0.06504793856467714,0.0638349671957475,0.07028429581435999,654893.130280526,638349.6719574749,702842.9581435999
29,3,0,AJ McLean,21.0,0.07171358277911045,0.0721150554000292,0.06912941414860622,0.07509316716172579,717135.8277911046,691294.1414860622,750931.6716172579
29,3,1,Anne Heche,15.0,0.06908097356714199,0.06989823293796052,0.06471835250860038,0.07121169331623887,690809.7356714199,647183.5250860038,712116.9331623887
29,3,2,Carole Baskin,12.0,0.06912644668976883,0.06928707708879259,0.06508012882086114,0.0716353126683037,691264.4668976883,650801.2882086114,716353.1266830369
29,3,4,Chrishell Stause,22.0,0.07152634424681886,0.07134115607542427,0.06796002304032767,0.07416883394296672,715263.4424681886,679600.2304032766,741688.3394296672
29,3,5,Jeannie Mai,22.0,0.0721844277990559,0.07204875338284349,0.06824843261748154,0.07485001827421717,721844.277990559,682484.3261748153,748500.1827421717
29,3,6,Jesse Metcalfe,20.0,0.07169525524838287,0.07217048556760663,0.06751233279587557,0.07409215994240416,716952.5524838287,675123.3279587557,740921.5994240416
29,3,7,Johnny Weir,24.0,0.07233415004818279,0.07243066158611483,0.06955947146066335,0.07614723415030007,723341.5004818279,695594.7146066335,761472.3415030007
29,3,8,Justina Machado,19.0,0.07130034134001666,0.07099771975863227,0.06851083006389232,0.07390234646234718,713003.4134001666,685108.3006389232,739023.4646234718
29,3,9,Kaitlyn Bristowe,23.0,0.07153448259927513,0.07182228536459538,0.06818248187297422,0.07522380684652127,715344.8259927513,681824.8187297422,752238.0684652127
29,3,10,Monica Aldama,21.0,0.07164074397943088,0.07152193467375528,0.06920982454926904,0.0753791948613676,716407.4397943087,692098.2454926904,753791.948613676
29,3,11,Nelly,18.0,0.07294342042033834,0.07314492854686735,0.06794806812100057,0.07489788475584713,729434.2042033834,679480.6812100057,748978.8475584714
29,3,12,Nev Schulman,24.0,0.07173667655067381,0.07127269567131068,0.06823951787192657,0.07689986485252226,717366.7655067381,682395.1787192657,768998.6485252226
29,3,13,Skai Jackson,18.0,0.07244157529662311,0.07180442065163033,0.06828692974442925,0.07545076472273969,724415.7529662311,682869.2974442925,754507.647227397
29,3,14,Veron Davis,22.0,0.07074157943518036,0.0702618598154175,0.06912053531549357,0.07632119380366992,707415.7943518036,691205.3531549358,763211.9380366992
29,4,0,AJ McLean,24.0,0.0773728050575147,0.07783355126696935,0.07450705421200794,0.08113956766639278,773728.050575147,745070.5421200794,811395.6766639279
29,4,1,Anne Heche,21.0,0.0748410336832043,0.07581097842737308,0.0702643219335441,0.0774470509490557,748410.336832043,702643.2193354409,774470.509490557
29,4,4,Chrishell Stause,22.0,0.07583329444379262,0.07578412496739635,0.07101303026817495,0.07856312648852135,758332.9444379263,710130.3026817495,785631.2648852135
29,4,5,Jeannie Mai,21.0,0.07601853212658342,0.07626618679446981,0.07107090202299564,0.07905628920487308,760185.3212658343,710709.0202299564,790562.8920487307
29,4,6,Jesse Metcalfe,21.0,0.07611948062112985,0.0765239280914419,0.07117719676143598,0.07877039741077585,761194.8062112984,711771.9676143598,787703.9741077585
29,4,7,Johnny Weir,24.0,0.07709654724210808,0.07690298609999383,0.07381804387534116,0.08075080968388759,770965.4724210808,738180.4387534116,807508.0968388759
29,4,8,Justina Machado,24.0,0.07755533742603266,0.0773273668133651,0.07447266986826177,0.08125756083596274,775553.3742603265,744726.6986826177,812575.6083596273
29,4,9,Kaitlyn Bristowe,25.0,0.07707255628971921,0.07731423632102738,0.07344764928417333,0.08112155406304317,770725.5628971921,734476.4928417333,811215.5406304316
29,4,10,Monica Aldama,24.0,0.07729443218037035,0.07714632719110165,0.07472005755064584,0.08117778668836685,772944.3218037036,747200.5755064584,811777.8668836685
29,4,11,Nelly,21.0,0.07807360565625876,0.07852208021699379,0.07224401258397012,0.08040765919399805,780736.0565625876,722440.1258397012,804076.5919399805
29,4,12,Nev Schulman,24.0,0.07645164398503342,0.07600842938255735,0.07323653071670436,0.08132761361545536,764516.4398503342,732365.3071670436,813276.1361545536
29,4,13,Skai Jackson,28.0,0.0812741173742193,0.08082573940435664,0.07743830806590771,0.08668488836610265,812741.173742193,774383.080659077,866848.8836610265
29,4,14,Veron Davis,22.0,0.07499661391403335,0.07468645497492037,0.07276434667047538,0.07995876433650119,749966.1391403335,727643.4667047538,799587.6433650119
29,5,0,AJ McLean,24.0,0.08328785891957444,0.08385477086520969,0.08051783568133421,0.0868709669553853,832878.5891957444,805178.3568133421,868709.6695538531
29,5,4,Chrishell Stause,19.0,0.0808551945414795,0.08119457756054464,0.07405675082301098,0.08416928556978306,808551.9454147951,740567.5082301098,841692.8556978307
29,5,5,Jeannie Mai,24.0,0.08349820578928567,0.08371196554723406,0.07859237323347572,0.08657542384270986,834982.0578928567,785923.7323347572,865754.2384270986
29,5,6,Jesse Metcalfe,19.0,0.08170515920573361,0.0819402260055099,0.07569413208034452,0.08468711653674353,817051.5920573361,756941.3208034452,846871.1653674353
29,5,7,Johnny Weir,29.0,0.08493835102392293,0.08509427687403025,0.08178460323274861,0.08977543707888742,849383.5102392293,817846.0323274861,897754.3707888742
29,5,8,Justina Machado,24.0,0.08348574456115762,0.08309816699110073,0.08028635136533162,0.08688791413133354,834857.4456115762,802863.5136533162,868879.1413133354
29,5,9,Kaitlyn Bristowe,27.0,0.08356298406985795,0.08384452157150048,0.0796850892613666,0.0880621491676408,835629.8406985794,796850.8926136659,880621.491676408
29,5,10,Monica Aldama,26.0,0.08398225438572411,0.08383419055575718,0.08122995206308947,0.08844496914010684,839822.5438572412,812299.5206308947,884449.6914010684
29,5,11,Nelly,24.0,0.08575385628409024,0.08579748403765107,0.08018844856779725,0.08855546935208679,857538.5628409024,801884.4856779724,885554.6935208678
29,5,12,Nev Schulman,26.0,0.08306716351921914,0.08251999527833297,0.07947014739608027,0.08866767828036104,830671.6351921913,794701.4739608027,886676.7828036104
29,5,13,Skai Jackson,24.0,0.08516402336758258,0.08430063688340124,0.08076459443199667,0.08845638797678793,851640.2336758258,807645.9443199667,884563.8797678793
29,5,14,Veron Davis,21.0,0.08069920433237224,0.08059704450243863,0.07761617442185823,0.08585935068422813,806992.0433237223,776161.7442185823,858593.5068422813
29,6,0,AJ McLean,27.0,0.0919972840727894,0.09288260485407793,0.0884062375380561,0.09669924379901473,919972.840727894,884062.375380561,966992.4379901474
29,6,4,Chrishell Stause,24.0,0.0900988507744968,0.09018431157077728,0.08460160880335983,0.09332108658243897,900988.5077449679,846016.0880335983,933210.8658243897
29,6,5,Jeannie Mai,25.0,0.09135809664540448,0.09137028858319333,0.08609353741752229,0.09484244750955997,913580.9664540448,860935.3741752229,948424.4750955998
29,6,7,Johnny Weir,22.0,0.08952641325240362,0.08982184334054505,0.08450681062736477,0.09253980210464334,895264.1325240362,845068.1062736477,925398.0210464334
29,6,8,Justina Machado,27.0,0.0922147730770111,0.09208913003739154,0.0886005559261918,0.09701403673909645,922147.7307701111,886005.5592619181,970140.3673909645
29,6,9,Kaitlyn Bristowe,27.0,0.09102214211376387,0.09121029373411342,0.08678895319586702,0.09582161545634002,910221.4211376387,867889.5319586702,958216.1545634002
29,6,10,Monica Aldama,27.0,0.0919077667698682,0.0915770117065081,0.08901521662852037,0.09668567552025054,919077.6676986819,890152.1662852037,966856.7552025054
29,6,11,Nelly,24.0,0.09338313807597254,0.0933345104982946,0.0873368612605244,0.09603732297809507,933831.3807597253,873368.6126052439,960373.2297809507
29,6,12,Nev Schulman,26.0,0.09047333564896148,0.09004203965270255,0.08656930550746084,0.09663763557467533,904733.3564896148,865693.0550746084,966376.3557467534
29,6,13,Skai Jackson,18.0,0.09016634243542865,0.08925992821219252,0.08426434298590103,0.09511835887564642,901663.4243542865,842643.4298590104,951183.5887564642
29,6,14,Veron Davis,21.0,0.08785185713389984,0.087791728546962,0.08410770797240533,0.0932911969427702,878518.5713389984,841077.0797240533,932911.969427702
29,7,0,AJ McLean,26.0,0.09975359183615859,0.10066190791093232,0.0964998577448214,0.10358668482447084,997535.9183615859,964998.5774482139,1035866.8482447084
29,7,4,Chrishell Stause,26.0,0.09909369628486632,0.09904743458903817,0.09307820675016876,0.10259483022579936,990936.9628486632,930782.0675016876,1025948.3022579936
29,7,5,Jeannie Mai,25.0,0.09933934679422808,0.0996313025846042,0.0927815525113774,0.10329080344070576,993393.4679422808,927815.525113774,1032908.0344070577
29,7,7,Johnny Weir,27.0,0.10006575130060319,0.09970042189090414,0.0962785385971857,0.10377564623965126,1000657.5130060319,962785.385971857,1037756.4623965125
29,7,8,Justina Machado,26.0,0.09998905763837673,0.09948524963707663,0.09639789976085775,0.10398070109520485,999890.5763837673,963978.9976085775,1039807.0109520485
29,7,9,Kaitlyn Bristowe,24.0,0.09737532181644248,0.0980533640741154,0.09255888692945279,0.1007730011374538,973753.2181644249,925588.8692945278,1007730.011374538
29,7,10,Monica Aldama,22.0,0.09702466680153285,0.09637310334051259,0.09079116698303397,0.10175727588629503,970246.6680153285,907911.6698303396,1017572.7588629504
29,7,11,Nelly,27.0,0.10339781692504794,0.10357128854439591,0.0974421699231808,0.10757665535830106,1033978.1692504794,974421.6992318081,1075766.5535830106
29,7,12,Nev Schulman,30.0,0.10127630422171047,0.1003223599194605,0.09580219343579766,0.11034427694042112,1012763.0422171047,958021.9343579765,1103442.7694042113
29,7,13,Skai Jackson,27.0,0.10268444638103334,0.1022407365873102,0.09733390450153864,0.10649949359085716,1026844.4638103334,973339.0450153864,1064994.9359085716
29,8,0,AJ McLean,27.0,0.12398291284563673,0.12450196695741976,0.11931232043827111,0.12789256723683579,1239829.1284563672,1193123.204382711,1278925.672368358
29,8,4,Chrishell Stause,27.0,0.12317414183501986,0.12374845318633586,0.1144033001943948,0.12837833807213378,1231741.4183501985,1144033.001943948,1283783.3807213379
29,8,7,Johnny Weir,30.0,0.12625330940477136,0.12625059038787137,0.12238364418127583,0.13203545326400043,1262533.0940477136,1223836.4418127583,1320354.5326400043
29,8,8,Justina Machado,28.9998,0.12609313148061876,0.12514735491426102,0.12174590641479653,0.13185292139781238,1260931.3148061878,1217459.0641479653,1318529.2139781239
29,8,9,Kaitlyn Bristowe,28.0,0.12355556618582371,0.12412648864184637,0.11765827267913878,0.12875272309966518,1235555.661858237,1176582.726791388,1287527.2309966518
29,8,11,Nelly,24.0,0.12493209329082589,0.12552238973263793,0.11519191345809104,0.12921096183158365,1249320.9329082589,1151919.1345809104,1292109.6183158364
29,8,12,Nev Schulman,30.0,0.12522460803978416,0.12474979350228353,0.1188572267064952,0.13519602113280446,1252246.0803978415,1188572.267064952,1351960.2113280445
29,8,13,Skai Jackson,26.9998,0.12678423691751955,0.12606414370506325,0.1192723167974045,0.13156563543894897,1267842.3691751955,1192723.167974045,1315656.3543894899
29,9,0,AJ McLean,24.9998,0.14017626120083884,0.14083939992072844,0.1331370049313089,0.14400555727391912,1401762.6120083884,1331370.0493130889,1440055.5727391911
29,9,7,Johnny Weir,30.0,0.1437729773040892,0.14387411544080156,0.13942207003186896,0.14918021837952802,1437729.7730408919,1394220.7003186897,1491802.1837952803
29,9,8,Justina Machado,25.9998,0.14132416371879358,0.14092441918475646,0.13530741279501463,0.14551046498573228,1413241.6371879359,1353074.1279501463,1455104.6498573227
29,9,9,Kaitlyn Bristowe,30.0,0.14276101772014002,0.1433996172055171,0.13611093471217894,0.14979822955440836,1427610.1772014003,1361109.3471217894,1497982.2955440835
29,9,11,Nelly,24.0,0.1435094203956336,0.1441156588816635,0.1318130422018513,0.1478438500418496,1435094.203956336,1318130.422018513,1478438.500418496
29,9,12,Nev Schulman,28.9998,0.14176759889122637,0.14180213203480285,0.13526896379833858,0.15137255037817376,1417675.9889122637,1352689.6379833857,1513725.5037817378
29,9,13,Skai Jackson,28.9998,0.14668856076927836,0.14634201312276024,0.13828525934930322,0.15183374212648093,1466885.6076927837,1382852.5934930323,1518337.4212648093
29,10,7,Johnny Weir,28.5,0.16384551808087822,0.16438080197101806,0.1562246592940234,0.16832798865378937,1638455.180808782,1562246.592940234,1683279.8865378937
29,10,8,Justina Machado,29.0,0.16628183750756495,0.1650966801212699,0.1594287590458607,0.17242595629441815,1662818.3750756495,1594287.590458607,1724259.5629441815
29,10,9,Kaitlyn Bristowe,30.0,0.1670401372300391,0.16767385319864234,0.1599751316509658,0.17533722479847091,1670401.372300391,1599751.316509658,1753372.2479847092
29,10,11,Nelly,28.0,0.16783312926283497,0.16847828856362201,0.1537280931475543,0.17315480130030975,1678331.2926283497,1537280.9314755432,1731548.0130030974
29,10,12,Nev Schulman,30.0,0.1668538084004836,0.16575192145160528,0.15789716159379513,0.17923619567514712,1668538.0840048362,1578971.6159379513,1792361.9567514712
29,10,13,Skai Jackson,28.5,0.16814556951819914,0.16757454565373633,0.15804525862331983,0.17442299528534258,1681455.6951819914,1580452.5862331984,1744229.9528534259
29,11,8,Justina Machado,30.0,0.25195315061595336,0.2515990290704675,0.24416279606661592,0.2609591821017854,2519531.5061595337,2441627.960666159,2609591.8210178544
29,11,9,Kaitlyn Bristowe,30.0,0.24869455416360198,0.24973263897011294,0.23714167900707944,0.2587353590039353,2486945.54163602,2371416.7900707945,2587353.590039353
29,11,11,Nelly,28.5,0.2509617309985179,0.2520846378693325,0.22914021714148006,0.261320256564616,2509617.3099851785,2291402.1714148005,2613202.56564616
29,11,12,Nev Schulman,30.0,0.24839056422192682,0.24885517840147625,0.23922666183934369,0.2652094385352002,2483905.6422192683,2392266.618393437,2652094.385352002
30,1,0,Amanda Kloots,28.0,0.06716861900997494,0.06687993366901943,0.0640350149578467,0.07124519608925382,671686.1900997494,640350.149578467,712451.9608925382
30,1,1,Brian Austin Green,24.0,0.06656167876383319,0.06670517824066624,0.06378579539714781,0.06914971241777776,665616.7876383319,637857.953971478,691497.1241777776
30,1,2,Christine Chiu,25.0,0.06526178748643346,0.06530701271470685,0.06190409266558669,0.06895125125430904,652617.8748643346,619040.9266558669,689512.5125430904
30,1,3,Cody Rigsby,24.0,0.06900005281751712,0.06926028887343935,0.06558254429525232,0.0722296506902953,690000.5281751711,655825.4429525231,722296.506902953
30,1,4,Iman Shumpert,21.0,0.06750275183015587,0.06756850655359374,0.0646944066490413,0.07105741808873571,675027.5183015588,646944.066490413,710574.1808873571
30,1,5,Jimmie Allen,22.0,0.06740179172215069,0.06733611840190952,0.06373369514366076,0.06975938652791312,674017.9172215069,637336.9514366075,697593.8652791312
30,1,6,JoJo Siwa,29.0,0.06742604080666117,0.06783808933151583,0.06387490325113107,0.07220468469109546,674260.4080666117,638749.0325113108,722046.8469109547
30,1,7,Kenya Moore,26.0,0.06659263385669509,0.06630393892165237,0.06430334303215576,0.06977641800147688,665926.3385669509,643033.4303215577,697764.1800147688
30,1,8,Martin Kove,13.0,0.06320669855919896,0.06365657113267474,0.05771162217976711,0.06513426043772894,632066.9855919896,577116.221797671,651342.6043772893
30,1,9,Matt James,24.0,0.06630014846635787,0.06659879906318586,0.06190464124982954,0.06958290754499392,663001.4846635787,619046.4124982954,695829.0754499392
30,1,10,Melanie C,27.0,0.0662373089352714,0.06657693028056182,0.062204765417491065,0.06833448445124432,662373.089352714,622047.6541749106,683344.8445124432
30,1,11,Melora Hardin,26.0,0.06645064995261422,0.06617155550996502,0.06381798857997466,0.06847951065948883,664506.4995261423,638179.8857997466,684795.1065948884
30,1,12,"Mike ""The Miz"" Mizanin",24.0,0.06648701682280989,0.0663068946769284,0.06408867556100474,0.06910662579812066,664870.1682280989,640886.7556100474,691066.2579812065
30,1,13,Olivia Jade,25.0,0.06626605059739712,0.06626323772177882,0.06305057936525278,0.06953616850465563,662660.5059739712,630505.7936525278,695361.6850465563
30,1,14,Suni Lee,28.0,0.06813677037292905,0.06808195716223153,0.0649560751509824,0.07110611566343965,681367.7037292905,649560.751509824,711061.1566343965
30,2,0,Amanda Kloots,32.0,0.06772325851763945,0.06744746612498277,0.06482547503208622,0.07219674650728003,677232.5851763946,648254.7503208622,721967.4650728003
30,2,1,Brian Austin Green,23.0,0.06606507507613912,0.06637591070902779,0.06306702832309007,0.06850897625671226,660650.7507613912,630670.2832309006,685089.7625671226
30,2,2,Christine Chiu,24.0,0.0647567107441738,0.06480166942177497,0.06117428771562249,0.06826399744595679,647567.107441738,611742.8771562249,682639.9744595679
30,2,3,Cody Rigsby,24.0,0.06871302974913894,0.06908250897626217,0.06495499551026876,0.07168009116141072,687130.2974913894,649549.9551026876,716800.9116141072
30,2,4,Iman Shumpert,25.0,0.06818200878520347,0.06790661101100959,0.06556280236593441,0.07233683598103947,681820.0878520347,655628.0236593441,723368.3598103947
30,2,5,Jimmie Allen,27.0,0.06828823204536995,0.06821041442236359,0.06516206167397502,0.07042036274465405,682882.3204536994,651620.6167397503,704203.6274465405
30,2,6,JoJo Siwa,31.0,0.06750877787735832,0.06794393490983933,0.06395170578164004,0.07238601169006476,675087.7787735831,639517.0578164004,723860.1169006475
30,2,7,Kenya Moore,24.0,0.06583816078671784,0.06560464125571794,0.063065984159562,0.06895894147823119,658381.6078671784,630659.8415956199,689589.4147823119
30,2,8,Martin Kove,15.0,0.06354552553738183,0.06396730553798725,0.05831041694282966,0.06545666026824531,635455.2553738182,583104.1694282966,654566.6026824531
30,2,9,Matt James,22.0,0.06558961792138744,0.06563121944098314,0.060759178338842985,0.06892234316444913,655896.1792138744,607591.7833884299,689223.4316444913
30,2,10,Melanie C,30.0,0.06657526704693875,0.06695830348356051,0.06257246653483357,0.06878243277238306,665752.6704693876,625724.6653483358,687824.3277238307
30,2,11,Melora Hardin,27.0,0.06636096289183724,0.06611443650217666,0.06366464276975017,0.06831466985732237,663609.6289183723,636646.4276975017,683146.6985732238
30,2,12,"Mike ""The Miz"" Mizanin",26.0,0.06665528217865763,0.06646924628170622,0.06432051205465811,0.06945844456644439,666552.8217865763,643205.1205465811,694584.4456644439
30,2,13,Olivia Jade,27.0,0.06641606713690464,0.06652677944025807,0.06322895766296117,0.06978667063095675,664160.6713690463,632289.5766296118,697866.7063095676
30,2,14,Suni Lee,28.0,0.06778202370515155,0.06772878450187078,0.06433352225062106,0.07064986643517734,677820.2370515155,643335.2225062106,706498.6643517734
30,3,0,Amanda Kloots,24.0,0.07235559138773212,0.07212768875431681,0.06920576389280535,0.07683712310514032,723555.9138773212,692057.6389280534,768371.2310514032
30,3,1,Brian Austin Green,19.0,0.0702286124256555,0.07069119428767537,0.06678309864958455,0.07259335666824622,702286.1242565551,667830.9864958455,725933.5666824622
30,3,2,Christine Chiu,21.0,0.06957816840473423,0.06964737549055558,0.06581309260934942,0.07343008243985084,695781.6840473423,658130.9260934942,734300.8243985084
30,3,3,Cody Rigsby,18.0,0.07229035486019077,0.07262179868826613,0.06709890748358718,0.07471936567305423,722903.5486019077,670989.0748358718,747193.6567305423
30,3,4,Iman Shumpert,19.0,0.07199183339979755,0.07215172377846892,0.06876617650330039,0.07551657713188366,719918.3339979755,687661.7650330039,755165.7713188366
30,3,5,Jimmie Allen,20.0,0.07213206407631495,0.07203800319042278,0.06831123453380926,0.07469898965044061,721320.6407631495,683112.3453380925,746989.8965044061
30,3,6,JoJo Siwa,24.0,0.07237057271134857,0.0728699023058006,0.06854285333232396,0.07757137533892301,723705.7271134857,685428.5333232397,775713.7533892301
30,3,7,Kenya Moore,21.0,0.07074097062720049,0.07050934178721574,0.06788838641375254,0.07411339704750829,707409.7062720049,678883.8641375254,741133.9704750829
30,3,9,Matt James,20.0,0.07044676669241558,0.07057497442454062,0.06537768606267029,0.07409199605854934,704467.6669241558,653776.8606267029,740919.9605854934
30,3,10,Melanie C,22.0,0.07060604375963009,0.07075492654418276,0.0663662129712974,0.0728253965626704,706060.4375963008,663662.129712974,728253.9656267039
30,3,11,Melora Hardin,23.0,0.07159293392996036,0.0712291610567087,0.06865891393317489,0.07405753556079199,715929.3392996036,686589.1393317488,740575.3556079199
30,3,12,"Mike ""The Miz"" Mizanin",22.0,0.07164477244848375,0.07149200617121354,0.06908609981868967,0.07490757741496745,716447.7244848375,690860.9981868967,749075.7741496746
30,3,13,Olivia Jade,24.0,0.07215955889653984,0.07190638789818939,0.06929449930375131,0.07656386330069655,721595.5889653984,692944.9930375131,765638.6330069655
30,3,14,Suni Lee,21.0,0.07186175637999621,0.07208549142368538,0.06763754727901321,0.07459508888307519,718617.5637999622,676375.472790132,745950.8888307519
30,4,0,Amanda Kloots,34.0,0.07696986313775582,0.07663318508481794,0.07339385952823128,0.0810481133294171,769698.6313775582,733938.5952823128,810481.133294171
30,4,1,Brian Austin Green,26.0,0.07461142489653111,0.07505516659967308,0.07018662614835376,0.07770737155405744,746114.2489653111,701866.2614835376,777073.7155405744
30,4,3,Cody Rigsby,29.0,0.07840396138495725,0.07886451006866332,0.07322038006041877,0.08144773268446077,784039.6138495726,732203.8006041877,814477.3268446077
30,4,4,Iman Shumpert,31.5,0.0784297336286086,0.07810891962950117,0.07543491017393418,0.08303169630987503,784297.336286086,754349.1017393419,830316.9630987503
30,4,5,Jimmie Allen,32.5,0.07838663761437162,0.07827749512713703,0.07497513629335825,0.08083108631571234,783866.3761437162,749751.3629335825,808310.8631571234
30,4,6,JoJo Siwa,35.0,0.07734010428014602,0.07774081694430728,0.07327712561080281,0.08263511090825179,773401.0428014603,732771.2561080281,826351.1090825179
30,4,7,Kenya Moore,29.5,0.07529593647017598,0.07516549988968127,0.07129597187858511,0.07825779259675704,752959.3647017598,712959.718785851,782577.9259675704
30,4,9,Matt James,28.5,0.07517206637226338,0.07524981710497772,0.06924062554242934,0.07904355894143272,751720.6637226338,692406.2554242933,790435.5894143273
30,4,10,Melanie C,33.0,0.07583093808427102,0.07604721455380556,0.0713162694460141,0.07806107602664701,758309.3808427103,713162.694460141,780610.7602664701
30,4,11,Melora Hardin,36.5,0.07759029506323975,0.07742223099145813,0.07404783829642671,0.08090779775217716,775902.9506323976,740478.382964267,809077.9775217716
30,4,12,"Mike ""The Miz"" Mizanin",32.5,0.07677026279718434,0.07658660692430821,0.07377794346394098,0.07963171464028289,767702.6279718434,737779.4346394098,796317.1464028289
30,4,13,Olivia Jade,35.0,0.07711744508360674,0.07715266426287756,0.07379780453733986,0.0814890169850314,771174.4508360674,737978.0453733986,814890.169850314
30,4,14,Suni Lee,34.0,0.07808133118688838,0.07800901153364939,0.07430195901157803,0.08135948504770874,780813.3118688838,743019.5901157804,813594.8504770873
30,5,0,Amanda Kloots,39.0,0.0916152612714608,0.0909619041555964,0.08781837237040832,0.09676751847566684,916152.612714608,878183.7237040832,967675.1847566684
30,5,3,Cody Rigsby,32.0,0.09273864158095235,0.09328679143388578,0.08677920641260266,0.09614444351373959,927386.4158095235,867792.0641260266,961444.4351373959
30,5,4,Iman Shumpert,28.0,0.09019711747080608,0.09054344423622163,0.08492933378769182,0.09349395615216827,901971.1747080608,849293.3378769183,934939.5615216827
30,5,5,Jimmie Allen,34.0,0.09200155743066481,0.09198320466634823,0.08717540951106482,0.09465997440806508,920015.5743066481,871754.0951106482,946599.7440806507
30,5,6,JoJo Siwa,40.0,0.09201828302308884,0.09237079096406017,0.08724513367396376,0.09881910079434537,920182.8302308884,872451.3367396377,988191.0079434537
30,5,7,Kenya Moore,36.0,0.09035193395117808,0.08981280310420844,0.08688279256142274,0.09530926778563492,903519.3395117808,868827.9256142274,953092.6778563493
30,5,10,Melanie C,36.0,0.08954375735462997,0.08960265113027603,0.08448575679053744,0.09226157103848914,895437.5735462997,844857.5679053743,922615.7103848915
30,5,11,Melora Hardin,36.0,0.090156191019353,0.09029180499308365,0.0863161157407806,0.09259089145903697,901561.91019353,863161.157407806,925908.9145903697
30,5,12,"Mike ""The Miz"" Mizanin",32.0,0.0893605047988641,0.08910282280639562,0.08510852207870884,0.09137400904443833,893605.047988641,851085.2207870884,913740.0904443833
30,5,13,Olivia Jade,36.0,0.09023364653096512,0.0904927666564627,0.08605472326787676,0.09464348573160217,902336.4653096512,860547.2326787676,946434.8573160217
30,5,14,Suni Lee,36.0,0.09178310556803687,0.09170724892893416,0.08695108436318394,0.09576564123623446,917831.0556803687,869510.8436318394,957656.4123623446
30,6,0,Amanda Kloots,38.0,0.0997469075825668,0.09897449529065394,0.09510417484937375,0.10411589948503398,997469.0758256679,951041.7484937375,1041158.9948503398
30,6,3,Cody Rigsby,36.0,0.10285286743122027,0.10328967176759311,0.09691034210899768,0.10723349213554037,1028528.6743122027,969103.4210899768,1072334.9213554037
30,6,4,Iman Shumpert,40.0,0.10393211695151032,0.10339543284311413,0.10061333709999361,0.1115366810925546,1039321.1695151032,1006133.3709999361,1115366.810925546
30,6,5,Jimmie Allen,38.0,0.1022827986439373,0.10261300175024843,0.09785430435287283,0.1052430139584676,1022827.986439373,978543.0435287283,1052430.139584676
30,6,6,JoJo Siwa,40.0,0.10084967643794127,0.10111602446610919,0.09549030852134267,0.10823044712915644,1008496.7643794126,954903.0852134267,1082304.4712915644
30,6,7,Kenya Moore,32.0,0.09646227658166268,0.09696779212437488,0.08991630557012643,0.10012281304888533,964622.7658166267,899163.0557012643,1001228.1304888533
30,6,11,Melora Hardin,34.0,0.09728854801592929,0.09811417524865637,0.09155847515346001,0.09965028120662625,972885.4801592929,915584.7515346,996502.8120662625
30,6,12,"Mike ""The Miz"" Mizanin",34.0,0.09804883064333532,0.09790966591413762,0.09361358864682187,0.10020101708730844,980488.3064333532,936135.8864682188,1002010.1708730845
30,6,13,Olivia Jade,36.0,0.09842263297427338,0.09846485258305568,0.0935333838390159,0.10308172168766531,984226.3297427339,935333.838390159,1030817.2168766531
30,6,14,Suni Lee,36.0,0.10011334473762337,0.1000240542098404,0.09468513619254104,0.10427668670330835,1001133.4473762338,946851.3619254105,1042766.8670330835
30,7,0,Amanda Kloots,34.0,0.10860069529013562,0.10836343798591457,0.10287649178599777,0.11343630931829639,1086006.9529013562,1028764.9178599777,1134363.0931829638
30,7,3,Cody Rigsby,36.0,0.11421628100996278,0.11462780944596747,0.10791771001629973,0.1191607252004528,1142162.8100996278,1079177.1001629971,1191607.252004528
30,7,4,Iman Shumpert,34.0,0.11193775272936926,0.11201600572073003,0.10713965681974927,0.11683804212222193,1119377.5272936926,1071396.5681974927,1168380.4212222192
30,7,5,Jimmie Allen,38.0,0.11338634443595774,0.11392509740144921,0.1082977501380772,0.11655718594213928,1133863.4443595775,1082977.501380772,1165571.8594213927
30,7,6,JoJo Siwa,39.0,0.11109387313154921,0.11135160811368172,0.10552713353870925,0.11860044202620043,1110938.7313154922,1055271.3353870925,1186004.4202620042
30,7,11,Melora Hardin,38.0,0.11019158717081903,0.11020075050643147,0.10544195584508052,0.11334365913299954,1101915.8717081903,1054419.5584508053,1133436.5913299953
30,7,12,"Mike ""The Miz"" Mizanin",32.0,0.10809762931599722,0.10811081446509625,0.10268330751011413,0.11077826408161491,1080976.2931599722,1026833.0751011414,1107782.640816149
30,7,13,Olivia Jade,42.0,0.112293627513971,0.11206147946273014,0.10846281306857036,0.1181506021442737,1122936.27513971,1084628.1306857036,1181506.021442737
30,7,14,Suni Lee,34.0,0.11018220940223819,0.11048138363295915,0.10393946171212823,0.11415077845339033,1101822.0940223818,1039394.6171212823,1141507.7845339032
30,8,0,Amanda Kloots,42.0,0.12497218773095241,0.12396553196789113,0.11966382276850021,0.13156416904564108,1249721.877309524,1196638.2276850021,1315641.6904564109
30,8,3,Cody Rigsby,38.0,0.12832702101664492,0.12870291248715907,0.1214118440443294,0.13382795073072287,1283270.2101664492,1214118.4404432941,1338279.5073072286
30,8,4,Iman Shumpert,35.0,0.12549338029518609,0.12554670534534643,0.11976660317148814,0.13059121663958007,1254933.802951861,1197666.0317148815,1305912.1663958007
30,8,5,Jimmie Allen,32.0,0.12347659031399369,0.12338610478327756,0.1145841331077103,0.12804369800182616,1234765.903139937,1145841.331077103,1280436.9800182616
30,8,6,JoJo Siwa,41.0,0.12452294744505762,0.1245806405099533,0.11827386563572169,0.13271516091446636,1245229.4744505764,1182738.6563572169,1327151.6091446637
30,8,11,Melora Hardin,42.0,0.12453669045249914,0.12452156419516862,0.1188665298283233,0.12888386545770492,1245366.9045249915,1188665.298283233,1288838.6545770492
30,8,13,Olivia Jade,36.0,0.12189099584411751,0.1219470767422578,0.11598756105393918,0.12808257417186372,1218909.958441175,1159875.6105393919,1280825.7417186373
30,8,14,Suni Lee,42.0,0.12678018690154855,0.12629538287500472,0.1214789939723101,0.1320812432940007,1267801.8690154855,1214789.939723101,1320812.432940007
30,9,0,Amanda Kloots,39.5,0.1668367904629303,0.16565696069270813,0.16046038812299207,0.17548277249600966,1668367.904629303,1604603.8812299208,1754827.7249600966
30,9,3,Cody Rigsby,35.5,0.16832880770526876,0.16825853753630718,0.15701550087888208,0.17401835443639907,1683288.0770526875,1570155.0087888208,1740183.5443639907
30,9,4,Iman Shumpert,37.5,0.1691796414611146,0.16930952793907025,0.16109100276158902,0.1774007662944101,1691796.414611146,1610910.0276158901,1774007.662944101
30,9,6,JoJo Siwa,40.0,0.16753929895594646,0.16786594014230996,0.16037172333272848,0.17807036428663175,1675392.9895594646,1603717.2333272847,1780703.6428663176
30,9,11,Melora Hardin,36.0,0.1615924943365087,0.16308089330195755,0.15095788032729202,0.16667594333178382,1615924.943365087,1509578.8032729202,1666759.4333178382
30,9,14,Suni Lee,37.5,0.16652296707823117,0.16722892426755653,0.1587059411907883,0.17188814444792225,1665229.6707823116,1587059.411907883,1718881.4444792224
30,10,0,Amanda Kloots,39.0,0.24451999012012307,0.2446148708654346,0.23053351189598506,0.25220405853662264,2445199.901201231,2305335.1189598506,2522040.5853662263
30,10,3,Cody Rigsby,38.0,0.2507953788924531,0.25073419283594217,0.23137671963453124,0.258416854303546,2507953.788924531,2313767.1963453125,2584168.54303546
30,10,4,Iman Shumpert,40.0,0.25614926575395447,0.2563088068669617,0.24671740644656537,0.26707794305547483,2561492.6575395446,2467174.0644656536,2670779.4305547485
30,10,6,JoJo Siwa,40.0,0.24853536523346934,0.2475806346042277,0.24023562960341568,0.26404806708023476,2485353.6523346934,2402356.296034157,2640480.670802348
31,1,0,Charli D'Amelio,32.0,0.0640637716792623,0.06383556996281041,0.06298226044398561,0.0672106448456866,640637.716792623,629822.6044398561,672106.4484568661
31,1,1,Cheryl Ladd,21.0,0.06260506720457674,0.06291463753630827,0.05997084084985181,0.06379678076365193,626050.6720457674,599708.4084985182,637967.8076365193
31,1,2,Daniel Durant,27.0,0.06359780793309512,0.06361742051190657,0.06081014598861499,0.06537427060251537,635978.0793309512,608101.45988615,653742.7060251537
31,1,3,Gabby Windey,28.0,0.06465099232449438,0.06460390943369276,0.061412067630842254,0.06654154629565474,646509.9232449438,614120.6763084226,665415.4629565474
31,1,4,Heidi D'Amelio,24.0,0.06126350246586211,0.06083088011284925,0.05959948784904553,0.06400690464712314,612635.024658621,595994.8784904553,640069.0464712314
31,1,5,Jason Lewis,18.0,0.06060135064708523,0.060663677269651,0.05756793587459955,0.06232608421636223,606013.5064708523,575679.3587459956,623260.8421636223
31,1,6,Jessie James Decker,20.0,0.062126587389412395,0.06258843680111599,0.05865309541579882,0.06302386480497446,621265.873894124,586530.9541579882,630238.6480497447
31,1,7,Jordin Sparks,26.0,0.061612668699420586,0.06121627010449585,0.060411185964871945,0.0655753251667824,616126.6869942058,604111.8596487194,655753.251667824
31,1,8,Joseph Baena,23.0,0.06156420017121402,0.061460593214570904,0.060044893004441026,0.06350254074040192,615642.0017121402,600448.9300444103,635025.4074040191
31,1,9,Sam Champion,20.0,0.06237907879281288,0.06269083157983747,0.05905265081976805,0.06310258478890497,623790.7879281288,590526.5081976805,631025.8478890497
31,1,10,Selma Blair,28.0,0.0641140690678864,0.06415980265158151,0.0624732275753916,0.06559357420507028,641140.690678864,624732.275753916,655935.7420507028
31,1,11,Shangela,28.0,0.06305882779334174,0.0627337122746966,0.06167431319388408,0.06683354603145306,630588.2779334174,616743.1319388407,668335.4603145305
31,1,12,Teresa Giudice,20.0,0.06140010995349252,0.061701954614988244,0.05763678796965197,0.06232258753518186,614001.0995349252,576367.8796965197,623225.8753518186
31,1,13,Trevor Donovan,21.0,0.061477334786616274,0.0614070218012357,0.060212396198016264,0.0641285382878303,614773.3478661628,602123.9619801627,641285.382878303
31,1,14,Vinny Guadagnino,17.0,0.0626951770076576,0.06291536660018049,0.05869342775979076,0.06369727596349109,626951.770076576,586934.2775979076,636972.7596349108
31,1,15,Wayne Brady,29.0,0.06278945408376972,0.06233571055885907,0.061822849846792684,0.06579922008972726,627894.5408376972,618228.4984679269,657992.2008972726
31,2,0,Charli D'Amelio,32.0,0.06785857451326394,0.067604383760608,0.06690329728413998,0.07076601201658361,678585.7451326393,669032.9728413997,707660.1201658362
31,2,1,Cheryl Ladd,21.0,0.06552368695564637,0.06589572441964527,0.061949224608877786,0.06683843731879907,655236.8695564637,619492.2460887779,668384.3731879907
31,2,2,Daniel Durant,29.0,0.0675610911382097,0.06764309379307423,0.06446477733766219,0.06942019829959928,675610.9113820969,644647.7733766219,694201.9829959928
31,2,3,Gabby Windey,32.0,0.06933437140723718,0.06920611098856277,0.06652005229350424,0.07168139041165732,693343.7140723718,665200.5229350424,716813.9041165732
31,2,4,Heidi D'Amelio,28.0,0.06541350855694394,0.06492341063966087,0.06368422738225567,0.0685253459280365,654135.0855694395,636842.2738225567,685253.4592803649
31,2,6,Jessie James Decker,25.0,0.06631901302826237,0.06678808407818994,0.06271709865221177,0.06719570174019121,663190.1302826237,627170.9865221177,671957.0174019121
31,2,7,Jordin Sparks,27.0,0.06510390160538279,0.06476844520401324,0.06381334349370912,0.06892112087919154,651039.016053828,638133.4349370912,689211.2087919154
31,2,8,Joseph Baena,24.0,0.0648415672439916,0.06498930888282074,0.06255699801303835,0.06682925775219574,648415.672439916,625569.9801303835,668292.5775219573
31,2,9,Sam Champion,26.0,0.06686727416562,0.06717382393210641,0.06347643663473118,0.06774219680024454,668672.7416561999,634764.3663473118,677421.9680024454
31,2,10,Selma Blair,28.0,0.06761519886253535,0.06792102042818071,0.06554355034826485,0.06879314992130707,676151.9886253536,655435.5034826485,687931.4992130707
31,2,11,Shangela,28.0,0.06650009667671812,0.06631594095514867,0.06464416628705892,0.07004028970390785,665000.9667671812,646441.6628705892,700402.8970390785
31,2,12,Teresa Giudice,23.0,0.06499923296032742,0.06532899451257021,0.06076780109726966,0.06602812929970421,649992.3296032742,607678.0109726966,660281.2929970421
31,2,13,Trevor Donovan,30.0,0.06681440111558389,0.06645223379261596,0.06609171282944702,0.07058449358443006,668144.0111558388,660917.1282944703,705844.9358443005
31,2,14,Vinny Guadagnino,27.0,0.06811568903758519,0.06824997586889554,0.06401156307080211,0.06992162700213776,681156.8903758519,640115.6307080211,699216.2700213776
31,2,15,Wayne Brady,32.0,0.06713239273269218,0.06661321271136235,0.06595648859273483,0.07059146841199258,671323.9273269218,659564.8859273483,705914.6841199258
31,3,0,Charli D'Amelio,33.0,0.07254103761179403,0.0722974705748847,0.07161792669759705,0.07503298589930618,725410.3761179403,716179.2669759705,750329.8589930618
31,3,1,Cheryl Ladd,24.0,0.07071107107834144,0.07110569060662719,0.06718304589260843,0.07188687872756674,707110.7107834144,671830.4589260843,718868.7872756674
31,3,2,Daniel Durant,31.0,0.072545935109154,0.07258180915845264,0.06930409493618032,0.07462076886137324,725459.35109154,693040.9493618032,746207.6886137325
31,3,3,Gabby Windey,33.0,0.07411963227233366,0.0740272631428442,0.07110199535951246,0.0764857703808938,741196.3227233366,711019.9535951247,764857.7038089379
31,3,4,Heidi D'Amelio,32.0,0.07082625356632061,0.07024672076142116,0.06942836618817608,0.07458073210210468,708262.535663206,694283.6618817608,745807.3210210468
31,3,6,Jessie James Decker,26.0,0.07095893286469836,0.07148340968889852,0.06704785642393644,0.07195793944237895,709589.3286469836,670478.5642393645,719579.3944237895
31,3,7,Jordin Sparks,29.0,0.06992497431786145,0.06952134691314257,0.0685683220082673,0.07410596515635791,699249.7431786144,685683.220082673,741059.6515635791
31,3,8,Joseph Baena,29.0,0.07052295074803806,0.07032324852090815,0.06891824537319616,0.0729660213978106,705229.5074803806,689182.4537319615,729660.2139781059
31,3,9,Sam Champion,25.0,0.07095949775215389,0.07132040307477237,0.0666554482661556,0.07190656622684256,709594.977521539,666554.482661556,719065.6622684257
31,3,10,Selma Blair,28.0,0.07202557170542952,0.07245002884606795,0.06953949446378009,0.0727784941861719,720255.7170542951,695394.9446378009,727784.941861719
31,3,11,Shangela,30.0,0.07141503000364643,0.07118947427199897,0.06948778371219261,0.07503698408365299,714150.3000364644,694877.8371219261,750369.8408365299
31,3,13,Trevor Donovan,27.0,0.07028583581549896,0.07017049149607112,0.06900681354981145,0.07335132800684628,702858.3581549897,690068.1354981145,733513.2800684628
31,3,14,Vinny Guadagnino,23.0,0.07139897909455534,0.07165719909169882,0.06698351018707803,0.0725487893417462,713989.7909455533,669835.1018707803,725487.893417462
31,3,15,Wayne Brady,33.0,0.07176429806017424,0.07123846774339848,0.07060139682338858,0.0752870377529474,717642.9806017424,706013.9682338857,752870.377529474
31,4,0,Charli D'Amelio,36.0,0.07819799070584207,0.07795852904760513,0.07721461542725604,0.08089726246318964,781979.9070584207,772146.1542725604,808972.6246318964
31,4,2,Daniel Durant,29.0,0.07671716624184413,0.07709837430871502,0.072152182316173,0.07814717314473994,767171.6624184413,721521.82316173,781471.7314473995
31,4,3,Gabby Windey,36.0,0.07989921751045376,0.07979040089923725,0.07682751092589836,0.08223075201398096,798992.1751045376,768275.1092589836,822307.5201398096
31,4,4,Heidi D'Amelio,34.0,0.07606176046887035,0.0754875231065569,0.07417857214443832,0.07996200053353929,760617.6046887035,741785.7214443833,799620.0053353929
31,4,6,Jessie James Decker,31.0,0.07717630334229611,0.07772527227476998,0.0731886322693435,0.07913879672869482,771763.0334229611,731886.322693435,791387.9672869482
31,4,7,Jordin Sparks,34.0,0.07602069309057576,0.07552928749903158,0.07439230832778285,0.08080367027389262,760206.9309057576,743923.0832778284,808036.7027389263
31,4,8,Joseph Baena,28.0,0.07489201233949992,0.07506730024986584,0.0721693649464926,0.0772233714634798,748920.1233949992,721693.6494649261,772233.714634798
31,4,9,Sam Champion,25.0,0.07570309411454311,0.07614452405450496,0.07061761480550469,0.07716187214487047,757030.9411454311,706176.1480550469,771618.7214487047
31,4,10,Selma Blair,32.0,0.07800792494918266,0.07841701978977418,0.07534835137570976,0.07923035873671584,780079.2494918265,753483.5137570977,792303.5873671584
31,4,11,Shangela,32.0,0.07672017014384021,0.07656076341050005,0.07430343573980878,0.08037506185299881,767201.7014384021,743034.3573980879,803750.6185299881
31,4,13,Trevor Donovan,28.0,0.0752479623016715,0.07527095550818373,0.07356409737296996,0.07798901440999301,752479.6230167149,735640.9737296995,779890.1440999301
31,4,14,Vinny Guadagnino,29.0,0.07799547130532386,0.07822444422673544,0.07318921692759815,0.0794614676515144,779954.7130532386,731892.1692759815,794614.6765151441
31,4,15,Wayne Brady,36.0,0.0773602334860566,0.07681018250665175,0.07612002595601051,0.0813139401361488,773602.334860566,761200.2595601052,813139.401361488
31,5,0,Charli D'Amelio,42.0,0.08492062311124929,0.08467715463259377,0.08380149363528445,0.08809041416840449,849206.2311124929,838014.9363528446,880904.1416840449
31,5,2,Daniel Durant,33.5,0.08267672333796082,0.0831495981236452,0.07745733385296862,0.08383544684455402,826767.2333796083,774573.3385296862,838354.4684455402
31,5,3,Gabby Windey,41.0,0.08641125693580051,0.08633824174487516,0.08281608861744458,0.0887939268596487,864112.5693580051,828160.8861744457,887939.268596487
31,5,4,Heidi D'Amelio,39.0,0.08222352903307271,0.0816492797610853,0.08040290887906149,0.08612776898678133,822235.2903307271,804029.0887906149,861277.6898678133
31,5,6,Jessie James Decker,36.0,0.08337811061800135,0.08401868191242982,0.07892432201066638,0.08496421439020092,833781.1061800135,789243.2201066638,849642.1439020092
31,5,7,Jordin Sparks,35.5,0.08099696171672756,0.08082355952664187,0.07917827396589555,0.08525108578295004,809969.6171672756,791782.7396589555,852510.8578295005
31,5,8,Joseph Baena,35.0,0.08152480358164554,0.0816435059868451,0.0788751825196116,0.08402944727544313,815248.0358164555,788751.8251961161,840294.4727544313
31,5,10,Selma Blair,40.0,0.08534240863917145,0.08551368152645533,0.08290102693513335,0.08700324937771638,853424.0863917145,829010.2693513335,870032.4937771638
31,5,11,Shangela,38.5,0.08341520171760715,0.0832123707002555,0.0809437143911359,0.0874345644723609,834152.0171760715,809437.143911359,874345.6447236091
31,5,13,Trevor Donovan,36.0,0.0822524004544064,0.08212429591714344,0.0808793141770175,0.08570868167378534,822524.004544064,808793.1417701751,857086.8167378535
31,5,14,Vinny Guadagnino,31.0,0.08319507638455285,0.08354484906485975,0.07784843773087446,0.08470667316266084,831950.7638455286,778484.3773087446,847066.7316266084
31,5,15,Wayne Brady,41.0,0.08366290446980436,0.08311296247851717,0.08247368222700836,0.08793242307875748,836629.0446980436,824736.8222700836,879324.2307875748
31,6,0,Charli D'Amelio,40.0,0.10248144019953327,0.10218243834283208,0.10084427303221566,0.10755507380443649,1024814.4019953327,1008442.7303221566,1075550.7380443648
31,6,2,Daniel Durant,34.0,0.10059695357572246,0.10110327732169017,0.09456014979992627,0.1025254574563453,1005969.5357572245,945601.4979992628,1025254.574563453
31,6,3,Gabby Windey,37.0,0.1033155632631619,0.10340733961123973,0.09862210103743967,0.10525694406622617,1033155.632631619,986221.0103743967,1052569.4406622618
31,6,4,Heidi D'Amelio,36.0,0.09868156169105474,0.09803514289563994,0.09621331876455116,0.10330291357819485,986815.6169105474,962133.1876455117,1033029.1357819485
31,6,6,Jessie James Decker,32.0,0.09952486078551225,0.10036052271502187,0.09390897923310514,0.1010132087198995,995248.6078551224,939089.7923310513,1010132.0871989949
31,6,7,Jordin Sparks,34.0,0.0977476997187469,0.09738439679574318,0.09566212017397005,0.10309358267274867,977476.997187469,956621.2017397005,1030935.8267274867
31,6,11,Shangela,36.0,0.10032065510674963,0.1000563076564522,0.09689466175663371,0.10541377990966512,1003206.5510674963,968946.6175663371,1054137.7990966511
31,6,13,Trevor Donovan,34.0,0.09905778029969298,0.09882340089370727,0.09755376744466877,0.1028276605879732,990577.8029969297,975537.6744466877,1028276.605879732
31,6,14,Vinny Guadagnino,28.0,0.09958185984090552,0.10005886927913918,0.09329809910225859,0.10156518452168985,995818.5984090552,932980.9910225859,1015651.8452168985
31,6,15,Wayne Brady,34.0,0.09869162551892034,0.09828618689269104,0.09748551676722869,0.1024200780091462,986916.2551892034,974855.1676722869,1024200.780091462
31,7,0,Charli D'Amelio,39.0,0.11306837759995045,0.112913577616994,0.11088033460689094,0.11716469356236964,1130683.7759995044,1108803.3460689094,1171646.9356236963
31,7,2,Daniel Durant,36.5,0.11232705276441081,0.11288258627872837,0.1057943935196749,0.11516534832897127,1123270.527644108,1057943.935196749,1151653.4832897126
31,7,3,Gabby Windey,35.5,0.11316137844717163,0.11384101321957414,0.10615933656810121,0.114081931229241,1131613.7844717163,1061593.3656810122,1140819.31229241
31,7,4,Heidi D'Amelio,35.0,0.10823603770470787,0.10796684872689186,0.10452348066370924,0.11216780451549212,1082360.3770470787,1045234.8066370924,1121678.0451549212
31,7,7,Jordin Sparks,34.5,0.10785515782706251,0.10783039750444857,0.10504885172770591,0.1131247195552815,1078551.578270625,1050488.5172770591,1131247.195552815
31,7,11,Shangela,36.5,0.11102163316188739,0.11096491208752947,0.10683834993343372,0.11552527119232664,1110216.3316188739,1068383.4993343372,1155252.7119232663
31,7,13,Trevor Donovan,39.0,0.11227034419462284,0.11183501548368506,0.11088242458724344,0.11862638443170012,1122703.4419462285,1108824.2458724345,1186263.8443170013
31,7,14,Vinny Guadagnino,31.5,0.11087119531602481,0.11148309331102242,0.10366099450100615,0.11308849355417673,1108711.953160248,1036609.9450100615,1130884.9355417674
31,7,15,Wayne Brady,38.0,0.11118882298416169,0.11061673212969268,0.10981724078369896,0.11633773576219453,1111888.229841617,1098172.4078369897,1163377.3576219452
31,8,0,Charli D'Amelio,45.0,0.12672829361898308,0.1265117887838621,0.12444899944790785,0.1314663877185818,1267282.9361898308,1244489.9944790786,1314663.877185818
31,8,2,Daniel Durant,39.0,0.12572442595626132,0.12638920366231296,0.11892034220265377,0.1283778285190542,1257244.2595626132,1189203.4220265376,1283778.2851905418
31,8,3,Gabby Windey,40.0,0.1277544326868818,0.1283131977127554,0.1202179198068229,0.12997730170814972,1277544.3268688181,1202179.198068229,1299773.0170814972
31,8,4,Heidi D'Amelio,35.0,0.12091675039122436,0.1207648761424535,0.11633239629488329,0.12514104892431133,1209167.5039122435,1163323.962948833,1251410.4892431132
31,8,11,Shangela,42.0,0.12527642884903287,0.12498753569853742,0.12168456665455901,0.13168328733870935,1252764.2884903287,1216845.6665455902,1316832.8733870934
31,8,13,Trevor Donovan,39.0,0.12380365557665356,0.1234876467319816,0.1217243434190633,0.1292849645428882,1238036.5557665355,1217243.434190633,1292849.645428882
31,8,14,Vinny Guadagnino,29.0,0.12442658587475854,0.12505029372659493,0.1165048220575007,0.12685677742015772,1244265.8587475854,1165048.2205750071,1268567.7742015773
31,8,15,Wayne Brady,45.0,0.12536942704620452,0.12461536602355093,0.12346444481368456,0.13261342569864512,1253694.2704620452,1234644.4481368456,1326134.256986451
31,9,0,Charli D'Amelio,40.0,0.16915859289539079,0.1687776080050446,0.1668564038918175,0.17660485658061156,1691585.928953908,1668564.038918175,1766048.5658061157
31,9,2,Daniel Durant,34.5,0.16599646771487217,0.1669651920069186,0.15638115178210732,0.16845198818237536,1659964.6771487216,1563811.5178210733,1684519.8818237537
31,9,3,Gabby Windey,40.0,0.17284107361555845,0.17268492252242587,0.16552653265030354,0.17810666453400206,1728410.7361555845,1655265.3265030354,1781066.6453400205
31,9,11,Shangela,36.5,0.16568934801370658,0.16560993597949444,0.16056509594542043,0.1720806763394986,1656893.4801370658,1605650.9594542042,1720806.763394986
31,9,13,Trevor Donovan,32.5,0.1618491101688403,0.16190449710477084,0.15733772135044913,0.16742206032211218,1618491.101688403,1573377.2135044914,1674220.6032211217
31,9,15,Wayne Brady,36.5,0.1644654075916317,0.16370828289613287,0.16230603926975257,0.1715773591936157,1644654.075916317,1623060.3926975257,1715773.5919361569
31,10,0,Charli D'Amelio,40.0,0.25284542940267574,0.25244187281063313,0.2484736914796061,0.2618637528484351,2528454.2940267576,2484736.914796061,2618637.528484351
31,10,3,Gabby Windey,40.0,0.258352761420725,0.25849034026082474,0.24685898415074214,0.2653264948336259,2583527.61420725,2468589.8415074213,2653264.948336259
31,10,11,Shangela,38.0,0.2453104226153512,0.24604813611321075,0.23539022185227093,0.25405525003242124,2453104.226153512,2353902.2185227093,2540552.5003242125
31,10,15,Wayne Brady,38.0,0.24349138656124816,0.2433894277008177,0.23724310683821287,0.25137113787686255,2434913.8656124817,2372431.0683821286,2513711.3787686257
32,1,0,Adrian Peterson,18.0,0.07149998134549271,0.07152540881197239,0.06865220790900856,0.07417252105602246,714999.8134549271,686522.0790900856,741725.2105602246
32,1,1,Alyson Hannigan,13.0,0.0717819464117535,0.07189674052910135,0.06807328225948274,0.07382098693974316,717819.464117535,680732.8225948274,738209.8693974316
32,1,2,Ariana Madix,21.0,0.07149983108750842,0.07093979186253747,0.06770996571009648,0.07712608118579596,714998.3108750841,677099.6571009648,771260.8118579596
32,1,3,Barry Williams,16.0,0.07281726439029189,0.07272891725301363,0.06935914996273018,0.07463026886864745,728172.6439029189,693591.4996273018,746302.6886864745
32,1,4,Charity Lawson,22.0,0.07257031799584544,0.0723194351880823,0.06817954813981318,0.07860874708338225,725703.1799584544,681795.4813981318,786087.4708338225
32,1,5,Harry Jowsey,12.0,0.07137731356715495,0.07161898021239674,0.06726570522259147,0.0750927437838975,713773.1356715495,672657.0522259147,750927.4378389751
32,1,6,Jamie Lynn Spears,15.0,0.07022913878879715,0.07035618702227221,0.06681411048756074,0.07292341944456414,702291.3878879715,668141.1048756074,729234.1944456414
32,1,7,Jason Mraz,21.0,0.07400906421483627,0.07427580571737451,0.07063038157122646,0.076844823910105,740090.6421483627,706303.8157122646,768448.23910105
32,1,8,Lele Pons,19.0,0.0712415242212296,0.07094127126914057,0.0674585513642955,0.07520909746023836,712415.242212296,674585.513642955,752090.9746023837
32,1,9,Matt Walsh,12.0,0.06898716832402162,0.06885821067230317,0.06605867064027146,0.072252872366015,689871.6832402161,660586.7064027146,722528.7236601501
32,1,10,Mauricio Umansky,15.0,0.07162908266264352,0.07163398202180962,0.0685641789467857,0.07383014856341205,716290.8266264352,685641.789467857,738301.4856341205
32,1,11,Mira Sorvino,17.0,0.07086621533557122,0.07091089295839229,0.0679606547512199,0.07355794182971932,708662.1533557122,679606.547512199,735579.4182971932
32,1,12,Tyson Beckford,12.0,0.06961794932636045,0.06968265531293406,0.06633870123069044,0.07217031083830103,696179.4932636045,663387.0123069044,721703.1083830103
32,1,13,Xochitl Gomez,18.0,0.07187320232849323,0.07151194436456466,0.06869581338297161,0.07584830268647068,718732.0232849322,686958.1338297161,758483.0268647068
32,2,0,Adrian Peterson,15.0,0.07548956885850193,0.07562368966882757,0.07234348086449177,0.07823475077041199,754895.6885850193,723434.8086449177,782347.5077041199
32,2,1,Alyson Hannigan,19.0,0.07849292654276248,0.07831061420599175,0.07577092751227728,0.08156972261547815,784929.2654276248,757709.2751227728,815697.2261547815
32,2,2,Ariana Madix,20.0,0.07601912323403535,0.0755619806975194,0.07253536874235543,0.0819459302566438,760191.2323403535,725353.6874235542,819459.302566438
32,2,3,Barry Williams,15.0,0.07749296175754124,0.0776737539420091,0.07280471065778477,0.07939035008793888,774929.6175754124,728047.1065778476,793903.5008793888
32,2,4,Charity Lawson,21.0,0.07714454878443348,0.07705423497811155,0.07269076879580662,0.0826468711210463,771445.4878443348,726907.6879580662,826468.711210463
32,2,5,Harry Jowsey,15.0,0.07717242562620297,0.07726045176128392,0.07283682382285214,0.08097618918716507,771724.2562620296,728368.2382285214,809761.8918716507
32,2,6,Jamie Lynn Spears,16.0,0.07531961585029948,0.0755102659844529,0.07140437454463379,0.07819039722221884,753196.1585029948,714043.7454463379,781903.9722221884
32,2,7,Jason Mraz,24.0,0.07990521086999042,0.08016241781254661,0.07626333424459436,0.08350379314695897,799052.1086999042,762633.3424459436,835037.9314695897
32,2,8,Lele Pons,21.0,0.0766477439036531,0.07621553288807598,0.07270461874100875,0.08086980621965914,766477.439036531,727046.1874100876,808698.0621965914
32,2,10,Mauricio Umansky,12.0,0.07566361092767708,0.0760022161914589,0.07094116723183103,0.07791074029506695,756636.1092767708,709411.6723183102,779107.4029506695
32,2,11,Mira Sorvino,18.0,0.07597849890530733,0.07600079013520802,0.07300711019739699,0.07887955550065141,759784.9890530733,730071.1019739698,788795.5550065142
32,2,12,Tyson Beckford,18.0,0.07613820179055028,0.07639048299376336,0.07343794649849855,0.07921825492357044,761382.0179055028,734379.4649849855,792182.5492357045
32,2,13,Xochitl Gomez,24.0,0.0785355629490448,0.07812136221531245,0.07511633430466119,0.08467487777861431,785355.629490448,751163.3430466119,846748.7777861431
32,3,0,Adrian Peterson,22.0,0.08157432088167678,0.0818090435872801,0.07823831576335498,0.08460594162493655,815743.2088167678,782383.1576335498,846059.4162493655
32,3,1,Alyson Hannigan,24.0,0.08401473774884392,0.08424456501210886,0.08001684691822983,0.08650584373083951,840147.3774884392,800168.4691822983,865058.4373083952
32,3,2,Ariana Madix,34.0,0.08343312016494178,0.08262492313751103,0.07898878032383407,0.09007133253011973,834331.2016494179,789887.8032383407,900713.3253011972
32,3,3,Barry Williams,25.0,0.08446179135249501,0.08441514931367218,0.08030611047043325,0.08634304826420024,844617.9135249502,803061.1047043324,863430.4826420024
32,3,4,Charity Lawson,32.0,0.08385624736232056,0.08372930402735157,0.07856947533244482,0.08997491782092092,838562.4736232056,785694.7533244482,899749.1782092091
32,3,5,Harry Jowsey,24.0,0.08387321823826119,0.08380820908302325,0.07913890422652504,0.08753896991679365,838732.1823826119,791389.0422652505,875389.6991679365
32,3,7,Jason Mraz,34.0,0.08636209000590792,0.08655351570084145,0.08232389507502694,0.08980285499429011,863620.9000590792,823238.9507502693,898028.5499429011
32,3,8,Lele Pons,27.0,0.08212103487631198,0.08170925066318184,0.07832577064017329,0.08643692040000417,821210.3487631198,783257.7064017329,864369.2040000417
32,3,10,Mauricio Umansky,23.0,0.08293603899998003,0.08309869303655971,0.07886429197045149,0.08542392120716799,829360.3899998004,788642.9197045149,854239.2120716799
32,3,11,Mira Sorvino,26.0,0.08210607395497399,0.0821228266395736,0.07883384641373206,0.08514101128242871,821060.7395497399,788338.4641373206,851410.112824287
32,3,12,Tyson Beckford,20.0,0.08087122430808089,0.08097182414299957,0.0768058606002618,0.08377348476892904,808712.2430808089,768058.606002618,837734.8476892904
32,3,13,Xochitl Gomez,32.0,0.08439010210620598,0.08407440175076278,0.08048635072140906,0.0904340769792858,843901.0210620598,804863.5072140906,904340.7697928579
32,4,0,Adrian Peterson,21.0,0.08982249315624677,0.0900089631093793,0.0862002868275017,0.09244077354401295,898224.9315624677,862002.8682750169,924407.7354401295
32,4,1,Alyson Hannigan,18.0,0.09066787053141549,0.09063245247358327,0.08546825213280099,0.09301529178886912,906678.705314155,854682.5213280099,930152.9178886912
32,4,2,Ariana Madix,25.0,0.09047784665975508,0.08981815892675571,0.08574913480503235,0.09767604222768987,904778.4665975509,857491.3480503235,976760.4222768988
32,4,3,Barry Williams,18.0,0.09089309021889322,0.09123083190744428,0.08504016252928212,0.09325483376413536,908930.9021889322,850401.6252928212,932548.3376413536
32,4,4,Charity Lawson,24.0,0.09102135645137462,0.09089065299862001,0.08533727901698997,0.09737500598803003,910213.5645137462,853372.7901698997,973750.0598803003
32,4,5,Harry Jowsey,21.0,0.09183003391156305,0.09147937319485432,0.08674242580581852,0.09563523714891525,918300.3391156305,867424.2580581852,956352.3714891525
32,4,7,Jason Mraz,24.0,0.09320641438277164,0.09367349269690212,0.08896012244863308,0.0960748883511107,932064.1438277164,889601.2244863308,960748.883511107
32,4,8,Lele Pons,22.0,0.08956704670605156,0.0892360508903457,0.08524563453882911,0.09411594206881639,895670.4670605157,852456.345388291,941159.420688164
32,4,10,Mauricio Umansky,19.0,0.09019355234066666,0.09035828926204321,0.08559783233846391,0.09293419689555033,901935.5234066666,855978.3233846391,929341.9689555032
32,4,11,Mira Sorvino,21.0,0.08937815335368131,0.08922743694800755,0.08598313571326355,0.09278381677331489,893781.5335368131,859831.3571326354,927838.1677331489
32,4,13,Xochitl Gomez,27.0,0.09294214228758058,0.09254017304191607,0.0887935625543651,0.10052800515232514,929421.4228758058,887935.625543651,1005280.0515232515
32,5,1,Alyson Hannigan,21.0,0.10014495985278848,0.10026488552376124,0.0951102304576448,0.10263089218154156,1001449.5985278848,951102.304576448,1026308.9218154156
32,5,2,Ariana Madix,24.0,0.09791954972746779,0.0977238994508995,0.0938802770663086,0.10545048267148864,979195.4972746779,938802.770663086,1054504.8267148864
32,5,3,Barry Williams,24.0,0.10174305793801426,0.10171017675693733,0.09733386682594795,0.10415400643009784,1017430.5793801426,973338.6682594796,1041540.0643009784
32,5,4,Charity Lawson,28.0,0.10078958417730588,0.10054598973644577,0.09432789353888928,0.10841822159361766,1007895.8417730588,943278.9353888928,1084182.2159361767
32,5,5,Harry Jowsey,18.0,0.09864863938893369,0.0994263606180761,0.09266541090978692,0.10356238502706422,986486.3938893368,926654.1090978691,1035623.8502706422
32,5,7,Jason Mraz,27.0,0.1027430651778202,0.10325265767652864,0.09795214315438527,0.1060178218793252,1027430.6517782019,979521.4315438528,1060178.218793252
32,5,8,Lele Pons,24.0,0.09835482763445816,0.09777243710100356,0.09386899079313234,0.10317707366995477,983548.2763445816,938689.9079313234,1031770.7366995476
32,5,10,Mauricio Umansky,24.0,0.1004809003541839,0.10030641122103869,0.09660098592810216,0.10340703645381936,1004809.0035418391,966009.8592810216,1034070.3645381937
32,5,11,Mira Sorvino,22.0,0.09774496233225613,0.09791462792223946,0.09295133715798319,0.10136637074529979,977449.6233225613,929513.3715798319,1013663.7074529979
32,5,13,Xochitl Gomez,28.0,0.10143045341677148,0.1010723390618372,0.09703328868861186,0.10905880686933044,1014304.5341677148,970332.8868861186,1090588.0686933044
32,6,1,Alyson Hannigan,31.0,0.11098252511392058,0.111106643961917,0.1049229863952434,0.11416848681885297,1109825.2511392059,1049229.863952434,1141684.8681885297
32,6,2,Ariana Madix,41.0,0.1103957634682834,0.10975236390387734,0.10482554622343238,0.11866871560048813,1103957.6346828341,1048255.4622343237,1186687.1560048813
32,6,3,Barry Williams,32.0,0.11159405390187731,0.11199853012100422,0.10486516710604213,0.114639718133938,1115940.539018773,1048651.6710604213,1146397.18133938
32,6,4,Charity Lawson,38.0,0.11058289871832833,0.11049007214828621,0.10409081402771704,0.1177379524283772,1105828.9871832833,1040908.1402771705,1177379.524283772
32,6,5,Harry Jowsey,29.0,0.11011776632514997,0.11062714213502008,0.10398250384987966,0.11559244733601479,1101177.6632514996,1039825.0384987965,1155924.4733601478
32,6,7,Jason Mraz,39.0,0.11358562129778028,0.11420389443183902,0.10866866271841606,0.11691199115343885,1135856.2129778028,1086686.6271841605,1169119.9115343885
32,6,8,Lele Pons,37.0,0.10953353802015092,0.10886889296796526,0.10449465122199864,0.11494254699815915,1095335.3802015092,1044946.5122199864,1149425.4699815915
32,6,10,Mauricio Umansky,33.0,0.11054429920231171,0.11085057106308517,0.10515595937810793,0.11394719259068946,1105442.9920231171,1051559.5937810792,1139471.9259068945
32,6,13,Xochitl Gomez,42.0,0.11266353395219751,0.11230656886185975,0.10794591773098859,0.12050432260849869,1126635.339521975,1079459.1773098859,1205043.226084987
32,7,1,Alyson Hannigan,35.0,0.1265127206000394,0.12657428486379066,0.12189515347712788,0.13039029803404004,1265127.206000394,1218951.5347712787,1303902.9803404005
32,7,2,Ariana Madix,37.0,0.12385049891291826,0.12304997887539033,0.11779245569418544,0.1327461624186903,1238504.9891291826,1177924.5569418543,1327461.624186903
32,7,3,Barry Williams,32.5,0.12453918884308574,0.1251170933230038,0.11651561105866676,0.1282919195143079,1245391.8884308573,1165156.1105866677,1282919.1951430792
32,7,4,Charity Lawson,36.0,0.12429482071378233,0.12457342512038781,0.1172461579981228,0.13206090250221883,1242948.2071378233,1172461.5799812279,1320609.0250221882
32,7,5,Harry Jowsey,32.0,0.12356336462092231,0.12428323707806559,0.11665812032262016,0.1300490086599025,1235633.6462092232,1166581.2032262015,1300490.086599025
32,7,7,Jason Mraz,36.0,0.12728498291987822,0.12836434419980403,0.12091099701301124,0.1308478412239445,1272849.829198782,1209109.9701301125,1308478.412239445
32,7,8,Lele Pons,36.5,0.12394549981553536,0.12357558595678231,0.11794228573833518,0.1298305317831559,1239454.9981553536,1179422.8573833518,1298305.317831559
32,7,13,Xochitl Gomez,37.0,0.12600892357383833,0.1260607323502818,0.12075694999638846,0.13322924945295794,1260089.2357383834,1207569.4999638847,1332292.4945295795
32,8,1,Alyson Hannigan,36.0,0.1444275495947021,0.1445670407212526,0.13823266071105203,0.14909838849897175,1444275.495947021,1382326.6071105204,1490983.8849897175
32,8,2,Ariana Madix,42.0,0.14192210801393498,0.14150992107276827,0.13435960354325938,0.1536000436886384,1419221.08013935,1343596.0354325937,1536000.436886384
32,8,3,Barry Williams,35.0,0.14433661838915074,0.14512751294735818,0.13739960377090657,0.14740562817342548,1443366.1838915073,1373996.0377090657,1474056.2817342547
32,8,4,Charity Lawson,39.0,0.14216421824130845,0.14205519112206044,0.13414256552932322,0.15104205611950616,1421642.1824130844,1341425.655293232,1510420.5611950615
32,8,5,Harry Jowsey,28.0,0.14069509334051333,0.14158726414505723,0.13338985765963335,0.14839761744703212,1406950.9334051334,1333898.5765963334,1483976.174470321
32,8,7,Jason Mraz,33.0,0.14294128829470532,0.14384844987604473,0.13478081307012624,0.14772503086008512,1429412.882947053,1347808.1307012623,1477250.308600851
32,8,13,Xochitl Gomez,40.0,0.1435131241256851,0.1435096721371397,0.13747790287515727,0.1512987227877157,1435131.241256851,1374779.0287515726,1512987.227877157
32,9,1,Alyson Hannigan,32.0,0.1665935614580455,0.16680410588414746,0.1577068347158009,0.17239705185875548,1665935.614580455,1577068.3471580092,1723970.5185875548
32,9,2,Ariana Madix,37.0,0.16306112180182583,0.16304822655613602,0.15632052510471606,0.17381828435179944,1630611.2180182582,1563205.2510471605,1738182.8435179945
32,9,4,Charity Lawson,38.0,0.1653433859282147,0.16599272478851024,0.1563426241815715,0.1753935931481506,1653433.8592821471,1563426.2418157149,1753935.931481506
32,9,5,Harry Jowsey,30.0,0.16532728511947425,0.1662316713139344,0.15709281909302794,0.174117520789183,1653272.8511947426,1570928.1909302794,1741175.20789183
32,9,7,Jason Mraz,43.0,0.1718045908170191,0.1722752787463485,0.16470087031332636,0.17679881692973592,1718045.9081701909,1647008.7031332636,1767988.1692973592
32,9,13,Xochitl Gomez,41.0,0.16787005487542062,0.16822993954357565,0.16118787025905332,0.17608260155445493,1678700.5487542062,1611878.702590533,1760826.0155445493
32,10,1,Alyson Hannigan,25.5,0.1981466938658571,0.19825463153754957,0.18440992019098815,0.20465804058870915,1981466.9386585709,1844099.2019098816,2046580.4058870915
32,10,2,Ariana Madix,29.0,0.1969011505262064,0.19591036836744874,0.18817231810499588,0.2109169764845494,1969011.505262064,1881723.1810499588,2109169.764845494
32,10,4,Charity Lawson,29.5,0.19990777359244077,0.20003256874991993,0.19026054436758585,0.21266031133744928,1999077.7359244078,1902605.4436758584,2126603.1133744926
32,10,7,Jason Mraz,28.5,0.2030014705149657,0.20466269060478506,0.19209123698833658,0.20887397498658233,2030014.705149657,1920912.3698833657,2088739.7498658234
32,10,13,Xochitl Gomez,30.0,0.20204291150053003,0.20250921456822987,0.19451750170805335,0.21159139511247532,2020429.1150053001,1945175.0170805336,2115913.9511247533
32,11,1,Alyson Hannigan,26.5,0.19794783524120488,0.19807623864911866,0.18408433661359175,0.2045339718576203,1979478.3524120487,1840843.3661359174,2045339.7185762029
32,11,2,Ariana Madix,29.5,0.19686247917652033,0.19588773309083143,0.18815292890096577,0.21087565944392192,1968624.7917652032,1881529.2890096577,2108756.594439219
32,11,4,Charity Lawson,29.5,0.1990176037383059,0.1995912715070884,0.18985723443761798,0.21110421935708756,1990176.037383059,1898572.3443761799,2111042.1935708756
32,11,7,Jason Mraz,30.0,0.2048563534151235,0.20618616937088766,0.19526639622124486,0.2107952382429569,2048563.5341512351,1952663.9622124487,2107952.382429569
32,11,13,Xochitl Gomez,30.0,0.2013157284288454,0.20157028303180818,0.19380280654220486,0.21034050553297515,2013157.284288454,1938028.0654220486,2103405.0553297517
33,1,0,Anna Delvey,18.0,0.07555508639320366,0.07548759650358394,0.07171105057910744,0.07941662204500462,755550.8639320366,717110.5057910744,794166.2204500461
33,1,1,Brooks Nader,18.0,0.07589137172514375,0.07613997612726357,0.07255197399801055,0.07993982177679168,758913.7172514375,725519.7399801055,799398.2177679169
33,1,2,Chandler Kinney,23.0,0.07919068102473646,0.0790581514341049,0.07530000015684661,0.08275249296249232,791906.8102473646,753000.0015684661,827524.9296249232
33,1,3,Danny Amendola,20.0,0.07766684353276028,0.07782802915243603,0.07421621713143385,0.08108142538888896,776668.4353276028,742162.1713143385,810814.2538888896
33,1,4,Dwight Howard ,22.0,0.07882232813114251,0.07902703308140904,0.0740729359860862,0.08310447360167662,788223.2813114251,740729.359860862,831044.7360167663
33,1,5,Eric Roberts,15.0,0.07572892775374801,0.0759295462112834,0.07124259251552849,0.0789020812949374,757289.2775374801,712425.9251552849,789020.8129493741
33,1,6,Ilona Maher,18.0,0.07629552312154263,0.07631803743984655,0.07309872456610529,0.07987769836246919,762955.2312154262,730987.2456610529,798776.983624692
33,1,7,Jenn Tran,19.0,0.07670846126356222,0.07700514625520795,0.07375588851307144,0.07941086044387147,767084.6126356222,737558.8851307144,794108.6044387147
33,1,8,Joey Graziadei,21.0,0.0773401929794164,0.07715604099845488,0.07366052432214762,0.08173874899025495,773401.929794164,736605.2432214762,817387.4899025494
33,1,9,Phaedra Parks,19.0,0.07715078775135469,0.07726654415646364,0.07403600772890277,0.08014807096831107,771507.8775135468,740360.0772890277,801480.7096831107
33,1,10,Reginald VelJohnson,16.0,0.07636987416690967,0.07677581703356373,0.07254161257979952,0.07988592339073028,763698.7416690968,725416.1257979952,798859.2339073028
33,1,11,Stephen Nedoroscik,21.0,0.07854225760238538,0.07822825705200727,0.07456790654766293,0.0837081695046232,785422.5760238538,745679.0654766293,837081.6950462321
33,1,12,Tori Spelling,17.0,0.07473766455409438,0.07451901176914255,0.07116848030900774,0.07929469976749853,747376.6455409437,711684.8030900775,792946.9976749853
33,2,0,Anna Delvey,17.0,0.07492381229468742,0.07476870357330463,0.07083428942797408,0.07863867421079457,749238.1229468742,708342.8942797409,786386.7421079457
33,2,1,Brooks Nader,20.0,0.07640357538505158,0.07660761260866636,0.07308372895060168,0.08021361495414812,764035.7538505157,730837.2895060168,802136.1495414813
33,2,2,Chandler Kinney,24.0,0.07896740459140486,0.07886657886668812,0.07515202742557273,0.08247250278309286,789674.0459140486,751520.2742557273,824725.0278309286
33,2,3,Danny Amendola,21.0,0.07765826461166353,0.07782101922975418,0.07421175798047883,0.08105763705405968,776582.6461166353,742117.5798047882,810576.3705405968
33,2,4,Dwight Howard ,22.0,0.0782737838328324,0.07843294030147571,0.07358838881462475,0.0822190533454379,782737.838328324,735883.8881462475,822190.533454379
33,2,5,Eric Roberts,15.0,0.07568005630050015,0.07590147811779863,0.07118351259139534,0.07887929159384954,756800.5630050015,711835.1259139534,788792.9159384954
33,2,6,Ilona Maher,21.0,0.07720288926851747,0.07721760672310234,0.07396097107844614,0.08109950121164881,772028.8926851747,739609.7107844613,810995.0121164882
33,2,7,Jenn Tran,19.0,0.07638191807185143,0.07672455830216685,0.07330828844517451,0.07893314656659782,763819.1807185144,733082.8844517451,789331.4656659781
33,2,8,Joey Graziadei,22.0,0.07726139062279701,0.07703126203367046,0.073586971274471,0.08158613467492788,772613.90622797,735869.71274471,815861.3467492788
33,2,9,Phaedra Parks,21.0,0.07760249721523856,0.07763221507170438,0.07445090912233111,0.08055913831829295,776024.9721523855,744509.0912233111,805591.3831829295
33,2,10,Reginald VelJohnson,15.0,0.07587084011168665,0.07625921296228849,0.07166831903245204,0.07964750536678449,758708.4011168665,716683.1903245203,796475.0536678449
33,2,11,Stephen Nedoroscik,22.0,0.07846233056392413,0.07813405301782139,0.07449322315127407,0.08359353264581328,784623.3056392412,744932.2315127407,835935.3264581327
33,2,12,Tori Spelling,19.0,0.07531123712984482,0.07525891542864192,0.07197517232887686,0.08014379964422515,753112.3712984482,719751.7232887686,801437.9964422515
33,3,1,Brooks Nader,30.5,0.09045932172085823,0.09061660799109036,0.08695904128631042,0.09474028319897282,904593.2172085823,869590.4128631043,947402.8319897281
33,3,2,Chandler Kinney,34.5,0.09282070649752615,0.09276337580678307,0.08874554067120795,0.0968688520555248,928207.0649752615,887455.4067120795,968688.520555248
33,3,3,Danny Amendola,30.0,0.09133473936159806,0.09136035930247517,0.08733455922974587,0.09549420140903239,913347.3936159805,873345.5922974587,954942.0140903239
33,3,4,Dwight Howard ,26.0,0.09041921519500735,0.090676950495139,0.0847578785167012,0.09532463420665346,904192.1519500735,847578.785167012,953246.3420665347
33,3,5,Eric Roberts,23.0,0.08968648287392668,0.08984522708060655,0.08481940584258345,0.09307344917844468,896864.8287392668,848194.0584258345,930734.4917844468
33,3,6,Ilona Maher,28.0,0.09021139247051832,0.09036769040534838,0.08613664278723819,0.09411782605916622,902113.9247051832,861366.4278723819,941178.2605916621
33,3,7,Jenn Tran,31.0,0.09104499887294064,0.09135922539191693,0.08709443203215146,0.09481084776689788,910449.9887294064,870944.3203215146,948108.4776689789
33,3,8,Joey Graziadei,35.0,0.09189567278115222,0.09188768007682725,0.08730917053629472,0.09776200688463847,918956.7278115222,873091.7053629472,977620.0688463848
33,3,9,Phaedra Parks,28.0,0.09068047878750919,0.09068880383628812,0.0869879557748341,0.09438611002742418,906804.7878750919,869879.557748341,943861.1002742419
33,3,10,Reginald VelJohnson,21.0,0.08933461861575415,0.08976695682054132,0.08407296986243966,0.09388538185263627,893346.1861575415,840729.6986243966,938853.8185263628
33,3,11,Stephen Nedoroscik,31.0,0.09211237282320901,0.09184218659903146,0.08741302328100076,0.0980650703931243,921123.7282320901,874130.2328100075,980650.703931243
33,4,1,Brooks Nader,32.0,0.10968144160691763,0.10977907026644948,0.10496163117803538,0.11526958598889311,1096814.4160691763,1049616.3117803538,1152695.859888931
33,4,2,Chandler Kinney,32.0,0.11109854267263607,0.11140732407524245,0.10597672526721116,0.11574789134631232,1110985.4267263606,1059767.2526721116,1157478.9134631231
33,4,3,Danny Amendola,36.0,0.11386590161026194,0.1136972778800815,0.10877451410884942,0.12034043024128922,1138659.0161026195,1087745.141088494,1203404.3024128922
33,4,4,Dwight Howard ,29.0,0.1090931687642433,0.10948773577544327,0.10196631996217895,0.11472945470419292,1090931.687642433,1019663.1996217895,1147294.547041929
33,4,6,Ilona Maher,32.0,0.11026854250434416,0.11039613732480827,0.10566466145863207,0.11523357944819265,1102685.4250434416,1056646.6145863207,1152335.7944819266
33,4,7,Jenn Tran,32.0,0.11020607529878267,0.11065408387512235,0.10587403608125553,0.11392843893859478,1102060.7529878267,1058740.3608125553,1139284.3893859477
33,4,8,Joey Graziadei,36.0,0.11271358430240835,0.11277469581088197,0.10716998027671712,0.11992825163078455,1127135.8430240836,1071699.8027671713,1199282.5163078455
33,4,9,Phaedra Parks,32.0,0.11084303032733389,0.11084906024007066,0.10606931926585589,0.11538256705675619,1108430.3032733388,1060693.192658559,1153825.6705675619
33,4,11,Stephen Nedoroscik,33.0,0.11222971291307199,0.1119678691381229,0.10637596102818603,0.11908516892690332,1122297.12913072,1063759.6102818602,1190851.6892690333
33,5,2,Chandler Kinney,27.0,0.12820399850708322,0.1281954184125202,0.12236480607043329,0.1335502880974731,1282039.9850708323,1223648.060704333,1335502.880974731
33,5,3,Danny Amendola,25.5,0.12559627996750186,0.12542943409171606,0.1200599111732636,0.1303959127910213,1255962.7996750185,1200599.111732636,1303959.127910213
33,5,4,Dwight Howard ,24.0,0.12359982089565409,0.12413041392889901,0.11575638220704439,0.13020530409464415,1235998.208956541,1157563.8220704438,1302053.0409464415
33,5,6,Ilona Maher,26.0,0.12565825743186174,0.1259235750573264,0.11962692460260953,0.1322911395640109,1256582.5743186173,1196269.2460260952,1322911.395640109
33,5,7,Jenn Tran,25.5,0.12479045020996783,0.1253459989537559,0.11973743378972519,0.12927361710920712,1247904.5020996784,1197374.3378972518,1292736.1710920713
33,5,8,Joey Graziadei,26.0,0.12511374447275775,0.1249129562994171,0.119791284029448,0.13201950733069456,1251137.4447275775,1197912.84029448,1320195.0733069456
33,5,9,Phaedra Parks,24.0,0.12315966454351145,0.12359656315418757,0.1171500419357307,0.12905124798792977,1231596.6454351144,1171500.419357307,1290512.4798792978
33,5,11,Stephen Nedoroscik,24.0,0.123877783971662,0.12361633169176067,0.11731274449249988,0.12982486295553106,1238777.83971662,1173127.4449249988,1298248.6295553106
33,6,2,Chandler Kinney,32.0,0.14516248161932502,0.14549917546401653,0.13811207003853773,0.15140720492947357,1451624.8161932502,1381120.7003853773,1514072.0492947358
33,6,3,Danny Amendola,28.0,0.1420970520337423,0.14211990568044439,0.13543243809181632,0.14755625863451594,1420970.5203374228,1354324.380918163,1475562.5863451594
33,6,4,Dwight Howard ,31.0,0.1446326022190424,0.14521104554475914,0.13592018159644897,0.15175705831458208,1446326.022190424,1359201.8159644897,1517570.5831458208
33,6,6,Ilona Maher,24.0,0.13851361294339573,0.1388000121324841,0.1312790741451646,0.14535027282989152,1385136.1294339574,1312790.741451646,1453502.728298915
33,6,7,Jenn Tran,31.0,0.14329345560628834,0.14374700324143605,0.1374244376588377,0.14859725725761044,1432934.5560628835,1374244.376588377,1485972.5725761044
33,6,8,Joey Graziadei,32.0,0.14346414949351777,0.14350459439294794,0.13716840824298507,0.15132472497404434,1434641.4949351777,1371684.0824298507,1513247.2497404434
33,6,11,Stephen Nedoroscik,28.0,0.14283664608468846,0.14241311623861933,0.13536467502543903,0.1497148182607139,1428366.4608468846,1353646.7502543903,1497148.182607139
33,7,2,Chandler Kinney,30.0,0.1711518445729127,0.17105394822018108,0.16271804586337804,0.1783164315986843,1711518.445729127,1627180.4586337805,1783164.3159868428
33,7,3,Danny Amendola,25.5,0.16542959751116013,0.16520375811204244,0.1577231615410464,0.17109967215834873,1654295.9751116012,1577231.6154104641,1710996.7215834872
33,7,4,Dwight Howard ,24.0,0.16413597321561904,0.16504633514733208,0.15423566382718654,0.1730236170869822,1641359.7321561903,1542356.6382718654,1730236.170869822
33,7,6,Ilona Maher,26.0,0.16505526237781476,0.16531123067716189,0.1581026469763798,0.17272190440190338,1650552.6237781476,1581026.469763798,1727219.044019034
33,7,8,Joey Graziadei,27.5,0.16612678847268605,0.1661449410881493,0.1594276430915778,0.1745529369092189,1661267.8847268606,1594276.430915778,1745529.3690921888
33,7,11,Stephen Nedoroscik,27.0,0.1681005338498073,0.1676018069226205,0.15889180556915336,0.1763259470594459,1681005.338498073,1588918.0556915335,1763259.470594459
33,8,2,Chandler Kinney,29.0,0.2032592935095922,0.2035614279921541,0.1940423747753597,0.2115828048825432,2032592.935095922,1940423.747753597,2115828.048825432
33,8,3,Danny Amendola,27.0,0.19780973159165585,0.19802077702994583,0.18959348150049313,0.20500332202962526,1978097.3159165585,1895934.8150049313,2050033.2202962525
33,8,6,Ilona Maher,28.5,0.200461218139811,0.20072754029159087,0.19150951559459956,0.209768424306514,2004612.18139811,1915095.1559459956,2097684.2430651397
33,8,8,Joey Graziadei,29.0,0.20088892160714536,0.2005777750703709,0.1919277769124572,0.21131872482453035,2008889.2160714536,1919277.769124572,2113187.2482453035
33,8,11,Stephen Nedoroscik,26.5,0.19758083515179567,0.19819853496654197,0.1871219790786568,0.2066265814645803,1975808.3515179567,1871219.790786568,2066265.8146458028
33,9,2,Chandler Kinney,30.0,0.20398781240993602,0.20423922712456227,0.19491784190151668,0.21227347627183274,2039878.1240993603,1949178.4190151668,2122734.7627183273
33,9,3,Danny Amendola,28.0,0.19636596252355934,0.1964665688683724,0.1873182528966186,0.20379327802428537,1963659.6252355934,1873182.528966186,2037932.7802428538
33,9,6,Ilona Maher,28.5,0.19700041640999624,0.19721658785427787,0.18814679940684573,0.20530670422528355,1970004.1640999625,1881467.9940684573,2053067.0422528356
33,9,8,Joey Graziadei,29.5,0.19977124843005947,0.1995807553153803,0.19140254887873395,0.20957272462936707,1997712.4843005948,1914025.4887873395,2095727.2462936707
33,9,11,Stephen Nedoroscik,29.5,0.20287456022644892,0.20209656438188303,0.19260206986479142,0.21342088186016359,2028745.6022644893,1926020.6986479142,2134208.8186016358
34,1,0,Alix Earle,13.0,0.0724681558584937,0.07284672502746228,0.06801732576831557,0.07697264801912948,724681.558584937,680173.2576831557,769726.4801912948
34,1,1,Andy Richter,9.0,0.07196439125902496,0.07194102210902885,0.0670255604061118,0.0755129927370558,719643.9125902496,670255.604061118,755129.927370558
34,1,2,Baron Davis,10.0,0.0696487230594653,0.06963022400716343,0.06608234408201216,0.07337679672692381,696487.230594653,660823.4408201217,733767.9672692381
34,1,3,Corey Feldman,9.0,0.06923734608969548,0.0694366683743815,0.06487072087587359,0.07319057443826521,692373.4608969548,648707.2087587359,731905.7443826521
34,1,4,Danielle Fishel,12.0,0.07086167812025802,0.07083146300405598,0.06788945825548914,0.07486833403125837,708616.7812025802,678894.5825548915,748683.3403125836
34,1,5,Dylan Efron,10.0,0.07174551957687471,0.07184468175221186,0.0675861691240151,0.07484739669099488,717455.1957687471,675861.6912401511,748473.9669099489
34,1,6,Elaine Hendrix,12.0,0.07226911497960792,0.07239565993335156,0.06821249852013696,0.0759879630400137,722691.1497960791,682124.9852013696,759879.630400137
34,1,7,Hilaria Baldwin,14.0,0.07207930483227264,0.07226357389504694,0.06802589016251766,0.07698075942845352,720793.0483227264,680258.9016251765,769807.5942845352
34,1,8,Jen Affleck,12.0,0.07091961134051672,0.070966324769161,0.06732626228096339,0.07505484574321604,709196.1134051672,673262.6228096338,750548.4574321604
34,1,9,Jordan Chiles,10.0,0.0704179481484323,0.07040782514015288,0.06579250704034646,0.07523870768083467,704179.481484323,657925.0704034646,752387.0768083467
34,1,10,Lauren Jauregui,13.0,0.07189486832818084,0.07190609196091588,0.068573645243718,0.07525589490792035,718948.6832818084,685736.4524371801,752558.9490792035
34,1,11,Robert Irwin,15.0,0.0730853225368136,0.07342948156248644,0.0695393766464724,0.07747865648320156,730853.2253681361,695393.7664647241,774786.5648320155
34,1,12,Scott Hoying,10.0,0.0711276741390967,0.07128626019083678,0.0675954590105848,0.0748357361128386,711276.7413909669,675954.5901058479,748357.361128386
34,1,13,Whitney Leavitt,15.0,0.07228034173126707,0.07171019507170712,0.06866329943923852,0.07610989254708211,722803.4173126707,686632.9943923851,761098.9254708211
34,2,0,Alix Earle,21.0,0.07234466713398989,0.07272568512759389,0.06790730762416271,0.07689353117720925,723446.671339899,679073.0762416271,768935.3117720925
34,2,1,Andy Richter,16.0,0.07159730494691884,0.07161569387967648,0.06659158276524171,0.07519327787581845,715973.0494691883,665915.8276524171,751932.7787581845
34,2,2,Baron Davis,18.0,0.06966462484731899,0.06964279549868155,0.0660931142123817,0.07339535342062561,696646.2484731899,660931.142123817,733953.5342062562
34,2,3,Corey Feldman,15.0,0.06847181599785432,0.06872056572309349,0.06364717809987329,0.07242339334748994,684718.1599785432,636471.7809987329,724233.9334748994
34,2,4,Danielle Fishel,19.0,0.07036186694421653,0.07036095164066902,0.06711227361134728,0.07446475320242227,703618.6694421653,671122.7361134728,744647.5320242227
34,2,5,Dylan Efron,20.0,0.07262878316494457,0.0728982095555214,0.06859173274153395,0.07588021446892759,726287.8316494457,685917.3274153395,758802.1446892759
34,2,6,Elaine Hendrix,21.0,0.07262748636511407,0.07264454504309205,0.06870954972425589,0.07661847565192269,726274.8636511407,687095.4972425589,766184.7565192268
34,2,7,Hilaria Baldwin,21.0,0.07147561084481885,0.07171700702169313,0.0676750611881463,0.0758706124412546,714756.1084481885,676750.611881463,758706.124412546
34,2,8,Jen Affleck,22.0,0.07170152407598099,0.07176734742962772,0.06840229237574583,0.07560021438671838,717015.2407598099,684022.9237574582,756002.1438671838
34,2,9,Jordan Chiles,22.0,0.07215426477284448,0.07148809199655945,0.06783175022450429,0.07790411490808648,721542.6477284448,678317.5022450428,779041.1490808647
34,2,10,Lauren Jauregui,21.0,0.07177198555519751,0.07174357307079751,0.06847987139180885,0.07506729939289522,717719.8555519751,684798.7139180885,750672.9939289523
34,2,11,Robert Irwin,22.0,0.07242691726044193,0.07270494333369648,0.06849202034171431,0.07621780762680101,724269.1726044193,684920.2034171431,762178.0762680101
34,2,12,Scott Hoying,18.0,0.07114389997970658,0.07129965444909579,0.06761110623501536,0.07485311365219262,711438.9997970657,676111.0623501536,748531.1365219261
34,2,13,Whitney Leavitt,22.0,0.07162924811065245,0.07111639311433611,0.0678158596152286,0.0754044208483199,716292.4811065245,678158.5961522859,754044.208483199
34,3,0,Alix Earle,23.0,0.0845214260819087,0.08502779184103355,0.07944447054798776,0.08953508722385936,845214.260819087,794444.7054798775,895350.8722385936
34,3,1,Andy Richter,18.0,0.0833841667735834,0.08326104155112594,0.07747005362658928,0.08750788198519435,833841.667735834,774700.5362658928,875078.8198519435
34,3,4,Danielle Fishel,21.0,0.08210253842786912,0.0819933136977939,0.07824841689871646,0.0869749690971709,821025.3842786911,782484.1689871646,869749.690971709
34,3,5,Dylan Efron,23.0,0.0853686881465472,0.08542459445408955,0.08101318127929762,0.08974444914238608,853686.881465472,810131.8127929762,897444.4914238608
34,3,6,Elaine Hendrix,21.0,0.08373433522855275,0.08405968938084207,0.07867252983802336,0.08756797356522229,837343.3522855275,786725.2983802337,875679.7356522229
34,3,7,Hilaria Baldwin,22.0,0.08295554524885188,0.08337212534028195,0.07843454907882887,0.08776887108059307,829555.4524885188,784345.4907882886,877688.7108059308
34,3,8,Jen Affleck,19.0,0.08109042616010058,0.08126449598310076,0.07555794765489085,0.08621596313740464,810904.2616010058,755579.4765489085,862159.6313740463
34,3,9,Jordan Chiles,24.0,0.08435748188803292,0.08350588906096539,0.07956055477028094,0.09179887399846838,843574.8188803293,795605.5477028094,917988.7399846838
34,3,10,Lauren Jauregui,18.0,0.08111754904369514,0.08113622443710725,0.07680105914134257,0.08467084396549247,811175.4904369514,768010.5914134256,846708.4396549248
34,3,11,Robert Irwin,22.0,0.08355321188333942,0.08396201159879843,0.07825320720252345,0.08776930331856142,835532.1188333941,782532.0720252345,877693.0331856142
34,3,12,Scott Hoying,22.0,0.08407212841329748,0.08432049186700998,0.08018294082206245,0.08905398613312056,840721.2841329748,801829.4082206246,890539.8613312056
34,3,13,Whitney Leavitt,24.0,0.08374250270422139,0.08317200305363275,0.07967932544312677,0.08812839471645505,837425.0270422138,796793.2544312676,881283.9471645504
34,4,0,Alix Earle,24.0,0.09216393478298311,0.09267117038770062,0.0864462737279085,0.09725635162285719,921639.3478298311,864462.737279085,972563.5162285719
34,4,1,Andy Richter,18.0,0.09005413591396319,0.08994129814617886,0.0834424988110922,0.09471342581346154,900541.3591396319,834424.9881109219,947134.2581346154
34,4,4,Danielle Fishel,21.0,0.0888000090435873,0.08876414067630987,0.08426781807058618,0.09434371056033634,888000.090435873,842678.1807058619,943437.1056033635
34,4,5,Dylan Efron,23.0,0.09242364472717021,0.09278841852862485,0.08751355169546246,0.09719644103009624,924236.4472717021,875135.5169546246,971964.4103009624
34,4,6,Elaine Hendrix,24.0,0.09252584340532652,0.09264844944492076,0.08776147143370877,0.09754591482110016,925258.4340532651,877614.7143370877,975459.1482110015
34,4,7,Hilaria Baldwin,23.0,0.09041138673831796,0.09069738942690475,0.08543988722500856,0.09544689948291833,904113.8673831796,854398.8722500856,954468.9948291833
34,4,8,Jen Affleck,23.0,0.090151209403199,0.0900240818691466,0.08580148345668052,0.09510528380248912,901512.0940319899,858014.8345668053,951052.8380248911
34,4,9,Jordan Chiles,24.0,0.09137159168225449,0.0907427413666052,0.08609188888819683,0.09888912909645418,913715.9168225449,860918.8888819682,988891.2909645418
34,4,11,Robert Irwin,22.0,0.09041148542265032,0.0907504008324501,0.08490618215067683,0.09528110416715539,904114.8542265032,849061.8215067682,952811.041671554
34,4,12,Scott Hoying,21.0,0.09032574079212799,0.09050191893420927,0.08587713015796208,0.09463588507824594,903257.4079212799,858771.3015796208,946358.8507824594
34,4,13,Whitney Leavitt,25.0,0.09136101808841993,0.09063518675485167,0.08691434560997764,0.0961936252962046,913610.1808841992,869143.4560997764,961936.252962046
34,5,0,Alix Earle,35.0,0.10168710644911162,0.10198824319365721,0.09538142537303995,0.10771205204441829,1016871.0644911162,953814.2537303995,1077120.520444183
34,5,1,Andy Richter,24.0,0.09938756258972538,0.09916944212306876,0.09210491826910744,0.10438360351922564,993875.6258972537,921049.1826910744,1043836.0351922564
34,5,4,Danielle Fishel,29.0,0.09780047216618681,0.0975976366807076,0.09278955685429273,0.10379000716423067,978004.7216618682,927895.5685429273,1037900.0716423067
34,5,5,Dylan Efron,36.0,0.10310820149891886,0.10321867927865952,0.09808173510175182,0.10893606618227392,1031082.0149891886,980817.3510175182,1089360.661822739
34,5,6,Elaine Hendrix,30.0,0.10012967251390187,0.1005274800806273,0.09401069229884855,0.10462628971103195,1001296.7251390187,940106.9229884855,1046262.8971103196
34,5,8,Jen Affleck,29.0,0.09788093020488367,0.09797488176466962,0.09210504030480073,0.10339847934164242,978809.3020488367,921050.4030480073,1033984.7934164242
34,5,9,Jordan Chiles,32.0,0.09964205337334378,0.09933027618119117,0.09399677661102303,0.10698615672153419,996420.5337334378,939967.7661102302,1069861.5672153418
34,5,11,Robert Irwin,35.0,0.10119151403075732,0.10161288949083122,0.09582868854762247,0.10671567976833152,1011915.1403075733,958286.8854762247,1067156.7976833151
34,5,12,Scott Hoying,30.0,0.09986595170829694,0.1000297589972987,0.09536347578005788,0.10554481044453667,998659.5170829694,953634.7578005788,1055448.1044453667
34,5,13,Whitney Leavitt,33.0,0.09930653546487371,0.09853428791660404,0.09452903474106632,0.104586903403198,993065.3546487371,945290.3474106631,1045869.03403198
34,6,0,Alix Earle,35.0,0.10058820862241179,0.10112442048392094,0.09440201184076015,0.10638100925106349,1005882.0862241179,944020.1184076015,1063810.0925106348
34,6,1,Andy Richter,27.0,0.09983785265802977,0.09968588597534246,0.09260768262832217,0.10463414995443451,998378.5265802977,926076.8262832217,1046341.4995443451
34,6,4,Danielle Fishel,36.0,0.09935599837191146,0.09911940455776512,0.09486741439409158,0.1053490222308109,993559.9837191146,948674.1439409157,1053490.222308109
34,6,5,Dylan Efron,32.0,0.100564904397973,0.1005429257990226,0.0948091372387279,0.10526485404303035,1005649.04397973,948091.372387279,1052648.5404303034
34,6,6,Elaine Hendrix,36.0,0.10132587832723884,0.10174661417359714,0.09569911150957218,0.10663597549570752,1013258.7832723884,956991.1150957218,1066359.7549570752
34,6,8,Jen Affleck,32.0,0.09809318955318029,0.09814492736707355,0.09246572212428285,0.10352910278940529,980931.8955318029,924657.2212428285,1035291.0278940529
34,6,9,Jordan Chiles,39.0,0.10108970691115934,0.10028941961681667,0.09568621834655326,0.11002104478702901,1010897.0691115934,956862.1834655326,1100210.4478702901
34,6,11,Robert Irwin,36.0,0.10043621491746092,0.10054447378083008,0.09469835574709005,0.10520503117140582,1004362.1491746092,946983.5574709006,1052050.3117140583
34,6,12,Scott Hoying,28.0,0.09835316650286086,0.0985111886271506,0.09308607975770516,0.10339060341327348,983531.6650286085,930860.7975770517,1033906.0341327349
34,6,13,Whitney Leavitt,39.0,0.10035487973777373,0.09958532050749923,0.09543408021638368,0.10552954156791232,1003548.7973777372,954340.8021638368,1055295.4156791233
34,7,0,Alix Earle,43.0,0.11348878904571198,0.1138964133281927,0.10647982429431554,0.12046991536904039,1134887.8904571198,1064798.2429431553,1204699.153690404
34,7,1,Andy Richter,29.0,0.11099325922715474,0.11089234746467122,0.10335808593304541,0.11604007667953906,1109932.5922715473,1033580.859330454,1160400.7667953905
34,7,4,Danielle Fishel,35.0,0.10906976400905165,0.10909967879732536,0.1040670643606431,0.115609308542533,1090697.6400905165,1040670.643606431,1156093.08542533
34,7,5,Dylan Efron,38.0,0.11291844226484667,0.11334162094123124,0.10697369715770057,0.11882797043616855,1129184.4226484667,1069736.9715770057,1188279.7043616856
34,7,6,Elaine Hendrix,32.0,0.1102458924097803,0.11095522030380849,0.10294973173351567,0.11512748402593775,1102458.924097803,1029497.3173351567,1151274.8402593776
34,7,8,Jen Affleck,34.0,0.10883383509869914,0.1089163891098205,0.10233801652900291,0.11517080860537776,1088338.3509869913,1023380.1652900291,1151708.0860537777
34,7,9,Jordan Chiles,38.0,0.11083222670169807,0.11027600418353563,0.1040652033983453,0.1186049375820775,1108322.2670169806,1040652.033983453,1186049.375820775
34,7,11,Robert Irwin,41.0,0.11225777677291243,0.11278405087287555,0.10633362923926402,0.11838661321345394,1122577.7677291243,1063336.2923926401,1183866.1321345393
34,7,13,Whitney Leavitt,42.0,0.11136001447014504,0.11044911746650249,0.105694455711535,0.11718124403563339,1113600.1447014504,1056944.5571153502,1171812.440356334
34,8,0,Alix Earle,38.5,0.12604343065964702,0.127154934747601,0.11831115155004242,0.13253667118650886,1260434.30659647,1183111.5155004242,1325366.7118650887
34,8,1,Andy Richter,34.0,0.12373435071717702,0.12373499601921126,0.11510902000101775,0.12968370097423315,1237343.50717177,1151090.2000101774,1296837.0097423315
34,8,4,Danielle Fishel,37.0,0.12250356079160717,0.12250534938205307,0.1166870487652215,0.12968219188388688,1225035.6079160715,1166870.487652215,1296821.9188388688
34,8,5,Dylan Efron,38.0,0.1267644795825463,0.12700904232728577,0.12025390379884669,0.13318842620974103,1267644.795825463,1202539.037988467,1331884.2620974104
34,8,6,Elaine Hendrix,37.5,0.12546603095338837,0.12626477151074117,0.1177199503394676,0.13223156591800458,1254660.3095338838,1177199.503394676,1322315.6591800458
34,8,9,Jordan Chiles,39.0,0.1254839449954719,0.12477854288170225,0.11810330952771911,0.1357585569136698,1254839.449954719,1181033.0952771911,1357585.569136698
34,8,11,Robert Irwin,38.0,0.12489327146987483,0.1252335323580469,0.11727931070397728,0.1314770678799883,1248932.7146987484,1172793.1070397727,1314770.678799883
34,8,13,Whitney Leavitt,39.5,0.12511093083028735,0.1241919471010326,0.11845382009022395,0.13173060199578637,1251109.3083028735,1184538.2009022397,1317306.0199578637
34,9,0,Alix Earle,40.0,0.14338939344597879,0.14481856824520392,0.13517903793940123,0.15068483821793457,1433893.9344597878,1351790.3793940123,1506848.3821793457
34,9,1,Andy Richter,29.0,0.14142570636908333,0.14135905897834275,0.13227936637181856,0.14835391066554668,1414257.0636908333,1322793.6637181856,1483539.1066554668
34,9,5,Dylan Efron,42.0,0.14571300799556752,0.14583677145051163,0.1388018199769554,0.15391355982270297,1457130.0799556752,1388018.199769554,1539135.5982270297
34,9,6,Elaine Hendrix,36.0,0.14220910648951385,0.1430808021138541,0.13321512942292862,0.1491563198190886,1422091.0648951384,1332151.2942292863,1491563.198190886
34,9,9,Jordan Chiles,39.0,0.14171230451105102,0.14100331300683183,0.13362306178080585,0.15136128387741238,1417123.0451105102,1336230.6178080586,1513612.8387741237
34,9,11,Robert Irwin,42.0,0.1435632660116655,0.14349351352928486,0.1356928146599151,0.1515428495562343,1435632.660116655,1356928.146599151,1515428.495562343
34,9,13,Whitney Leavitt,42.0,0.14198721517714005,0.14107495204826173,0.13559308132795406,0.14922355152710032,1419872.1517714006,1355930.8132795405,1492235.5152710031
34,10,0,Alix Earle,29.0,0.16829967986297042,0.16975127728703227,0.15759665609687504,0.17776019896991083,1682996.7986297042,1575966.5609687504,1777601.9896991083
34,10,5,Dylan Efron,27.5,0.16459189791575216,0.16493665273774125,0.15443229727040125,0.17137567538555798,1645918.9791575216,1544322.9727040126,1713756.7538555798
34,10,6,Elaine Hendrix,28.5,0.16714740582992826,0.16820042244026526,0.1571708573055167,0.17507055255009535,1671474.0582992826,1571708.573055167,1750705.5255009534
34,10,9,Jordan Chiles,28.5,0.1650403026333016,0.1647552071255294,0.1559970825853392,0.17579992587856128,1650403.026333016,1559970.825853392,1757999.2587856126
34,10,11,Robert Irwin,29.5,0.1692869619423644,0.16947023764596506,0.16077371812563507,0.17846341147495914,1692869.619423644,1607737.1812563506,1784634.1147495913
34,10,13,Whitney Leavitt,29.0,0.16563375181568316,0.16455113456141127,0.158226854623025,0.17493256260486126,1656337.5181568316,1582268.54623025,1749325.6260486126
34,11,0,Alix Earle,30.0,0.20369765189101877,0.20438565142515058,0.19071518760580028,0.21628765821497217,2036976.5189101878,1907151.8760580027,2162876.5821497217
34,11,5,Dylan Efron,29.3332,0.20038944381467605,0.2005865496723509,0.1894982253301602,0.20915637535843531,2003894.4381467605,1894982.2533016019,2091563.7535843533
34,11,6,Elaine Hendrix,28.9998,0.19658575995717326,0.1979591237902631,0.1841477506035973,0.20520889741305057,1965857.5995717326,1841477.506035973,2052088.9741305057
34,11,9,Jordan Chiles,29.666600000000003,0.19928128287146638,0.19800341017344453,0.18994230026262102,0.21284186501415614,1992812.8287146639,1899423.0026262102,2128418.6501415614
34,11,11,Robert Irwin,29.666600000000003,0.20004586146566555,0.1998352708658802,0.18974139020248432,0.20928772504855359,2000458.6146566556,1897413.9020248433,2092877.250485536
