season,week,contestant_id,celebrity_name,judge_total,p_mean,p_median,p_q025,p_q975
1,1,0,Evander Holyfield,18.0,0.11958461250768583,0.07983319375944509,0.006796646480591711,0.4450164877051986
1,1,1,Joey McIntyre,20.0,0.29626698812717417,0.2544992543890082,0.03213907875287648,0.7514985425953243
1,1,2,John O'Hurley,20.0,0.26783719691747904,0.2190786268485008,0.02716043720371744,0.7297841274425438
1,1,3,Kelly Monaco,13.0,0.02604818092945196,0.00826502671601547,0.00010724140759102331,0.16115940268147558
1,1,4,Rachel Hunter,20.0,0.21694215112726822,0.16169856771996055,0.01786336875944637,0.6658870619365485
1,1,5,Trista Sutter,18.0,0.07332087039094078,0.04815998124162499,0.0055856710850767256,0.29489484834532337
1,2,0,Evander Holyfield,14.0,0.031193072088344577,0.011639782948419258,0.00017114964074974213,0.17294843015624176
1,2,1,Joey McIntyre,21.0,0.15690883555009427,0.10542332919774611,0.008116856376151694,0.5714210122166966
1,2,2,John O'Hurley,26.0,0.46246452754263345,0.4464056376538803,0.06367841411051481,0.9190862695005586
1,2,3,Kelly Monaco,17.0,0.06731127777706285,0.03299679310213251,0.0011163128675975161,0.3335687745165786
1,2,4,Rachel Hunter,24.0,0.23076507615074396,0.17175606481707717,0.017353184763873142,0.7106197753855733
1,2,5,Trista Sutter,19.0,0.05135721089112087,0.031179081211600256,0.0022232126631887977,0.22693513451405165
1,3,0,Evander Holyfield,13.0,0.029173857398101615,0.010509170139221886,0.00018724968706582847,0.1631458180747668
1,3,1,Joey McIntyre,22.0,0.19355226177007878,0.1407120450086738,0.01382846133307148,0.6305297073188576
1,3,2,John O'Hurley,24.0,0.26856769019593985,0.21903120539937004,0.024001530202727297,0.7535565746957554
1,3,3,Kelly Monaco,21.0,0.15905650147301004,0.11291458057718767,0.00850375821999264,0.5604057227820414
1,3,4,Rachel Hunter,26.0,0.3496496891628697,0.3052343382067517,0.032672404371146324,0.862055898711116
1,4,1,Joey McIntyre,20.0,0.0732851425577466,0.028523060342421226,0.0007123760071034758,0.40876538793474637
1,4,2,John O'Hurley,21.0,0.08628503136452355,0.041378036605560276,0.0014186966911556623,0.4269841253401519
1,4,3,Kelly Monaco,26.0,0.5658055516284751,0.5927428202725673,0.08925166589137645,0.9464806458723587
1,4,4,Rachel Hunter,25.0,0.27462427444925475,0.2149736537708496,0.02190095889328081,0.798609577422741
1,5,1,Joey McIntyre,22.5,0.10789807391611969,0.050358197365534735,0.001149613605777319,0.5255202918264436
1,5,2,John O'Hurley,27.0,0.726307160203416,0.7961182431698247,0.16575542074002708,0.9927376052563501
1,5,3,Kelly Monaco,23.5,0.16579476588046416,0.10177621408028281,0.003796881239189779,0.6418548223416378
1,6,2,John O'Hurley,27.0,0.14513434425848182,0.07047698919035933,0.0017374674933222595,0.6820462529186642
1,6,3,Kelly Monaco,27.5,0.8548656557415182,0.9295230108096406,0.3179537470813358,0.9982625325066778
2,1,0,Drew Lachey,24.0,0.2517268205601968,0.19936741583168888,0.025244240119022106,0.71601384434653
2,1,1,George Hamilton,18.0,0.045370945639799605,0.02986171055038621,0.002493929372265644,0.17462650534296184
2,1,2,Giselle Fernandez,23.0,0.11847043832800325,0.07921171763466393,0.011443152466531183,0.45615423639145086
2,1,3,Jerry Rice,21.0,0.1611198920707652,0.11931204648754579,0.011543982421279787,0.5290406389832466
2,1,4,Kenny Mayne,13.0,0.009128776989998411,0.004497183716173622,0.00012236268816833592,0.04432106923847138
2,1,5,Lisa Rinna,19.0,0.05606087897387193,0.03451161943705587,0.003594127862462108,0.2449978564898755
2,1,6,Master P,12.0,0.01936076501110444,0.006568402062350491,7.956287235323644e-05,0.10383680884472056
2,1,7,Stacy Keibler,22.0,0.13904609020466457,0.09948428769166354,0.012112674297584284,0.49345664882946116
2,1,8,Tatum O'Neal,23.0,0.13446278505530046,0.09590983174293677,0.01295385737643077,0.45932801400320705
2,1,9,Tia Carrere,20.0,0.06525260716629526,0.04463432562420114,0.005326751235146015,0.253288453239729
2,2,0,Drew Lachey,27.0,0.23645089651337803,0.18213163910717767,0.02087354718390345,0.7136472137814941
2,2,1,George Hamilton,22.0,0.059343654067186495,0.039191131114056,0.002556097728781668,0.23295691851598152
2,2,2,Giselle Fernandez,24.0,0.062433288997588016,0.039488283404328486,0.0043543300667304675,0.26485804903105337
2,2,3,Jerry Rice,23.0,0.12795051380369338,0.08295696186807097,0.004850314236634687,0.47526047052295456
2,2,5,Lisa Rinna,20.0,0.036578801294244664,0.01862126840986167,0.0007550369711410102,0.1874163707000233
2,2,6,Master P,16.0,0.02500670514433687,0.009061776954091733,9.508575048308682e-05,0.13047849003563355
2,2,7,Stacy Keibler,29.0,0.38901554665277355,0.35346447821489324,0.04134899930593783,0.8831788295628844
2,2,8,Tatum O'Neal,17.0,0.012761434688117142,0.006017628552106264,0.00014910267213176298,0.06511896828199082
2,2,9,Tia Carrere,22.0,0.05045915883868187,0.03167795721678252,0.002350168402523251,0.21259648854883412
2,3,0,Drew Lachey,27.0,0.25754835344835725,0.20793452604083587,0.025192971309992762,0.7241421011150639
2,3,1,George Hamilton,22.0,0.06847542467984637,0.04702086536052624,0.004292347660986711,0.26037625072818044
2,3,2,Giselle Fernandez,22.0,0.04211107009776893,0.026532695176999757,0.0028074101691076955,0.17529705543655735
2,3,3,Jerry Rice,19.0,0.06502972275762613,0.029753306795833302,0.001088167516018367,0.3111957266427026
2,3,5,Lisa Rinna,25.0,0.1338243814234456,0.09602875970996447,0.014268285921295983,0.48257939980342307
2,3,6,Master P,14.0,0.021101127783447332,0.0067553516748812045,6.691535359775916e-05,0.11401440907048775
2,3,7,Stacy Keibler,27.0,0.24937590556234351,0.20402881564211664,0.024309898780323785,0.7069383107989542
2,3,9,Tia Carrere,26.0,0.16253401424716488,0.1216801566819235,0.016565853179612375,0.5262476191156936
2,4,0,Drew Lachey,28.0,0.26032839750598125,0.21042899262605227,0.024332933756542198,0.730652784866815
2,4,1,George Hamilton,21.0,0.07190275915759532,0.050210663850076595,0.005277119472048994,0.26433761195722233
2,4,3,Jerry Rice,24.0,0.18933134111767966,0.14405423348571905,0.014318754805442133,0.5911510215993097
2,4,5,Lisa Rinna,26.0,0.1580839774590836,0.11511601134546484,0.01889730105005057,0.5418394857003407
2,4,6,Master P,8.0,0.018566192338122255,0.005921209339596455,6.266659812801408e-05,0.10305673535921943
2,4,7,Stacy Keibler,26.0,0.1776986244828332,0.1342073905657004,0.0158130088425495,0.579841960446901
2,4,9,Tia Carrere,25.0,0.12408870793870473,0.09011380486765105,0.012225283436241855,0.4276508570132665
2,5,0,Drew Lachey,27.0,0.19109986475148552,0.13585232966460048,0.011073721104050797,0.652186897220522
2,5,1,George Hamilton,24.0,0.059791117538327186,0.03591649519319118,0.0012180815542806897,0.2569679104294424
2,5,3,Jerry Rice,23.0,0.07957842660484568,0.034022558550066334,0.0005366013351961782,0.39109249445080063
2,5,5,Lisa Rinna,25.0,0.08152108537377403,0.04757442124349614,0.0023778862510767194,0.3723048427517513
2,5,7,Stacy Keibler,30.0,0.5615653835393847,0.5832319112513729,0.07652845896354415,0.9690289256780003
2,5,9,Tia Carrere,22.0,0.02644412219218293,0.012042034639553924,0.0002241949003980996,0.14360274283474136
2,6,0,Drew Lachey,30.0,0.37985502643544855,0.3499394080363155,0.04041040958723207,0.8675473560219332
2,6,1,George Hamilton,23.0,0.04193278626266468,0.02150201957496335,0.0006610105897360036,0.19779184706145184
2,6,3,Jerry Rice,23.0,0.07800449075424454,0.03197690954196626,0.0007359571122209497,0.38874935539902133
2,6,5,Lisa Rinna,27.0,0.12787444846717871,0.08578969794736668,0.008284209696164443,0.5017469348479578
2,6,7,Stacy Keibler,30.0,0.3723332480804635,0.34166610956229465,0.03825706225951177,0.853207678127427
2,7,0,Drew Lachey,27.5,0.3575961718888922,0.32660385112822526,0.037764675304873846,0.8386555655819274
2,7,3,Jerry Rice,20.5,0.06912412452652478,0.023922045345859063,0.0004330700944258338,0.37886968232904733
2,7,5,Lisa Rinna,26.5,0.22257601096014468,0.17230749234715723,0.022534289877396883,0.6930687289087669
2,7,7,Stacy Keibler,27.5,0.35070369262443835,0.3172964373631823,0.033411946934504,0.8313226749865843
2,8,0,Drew Lachey,28.9998,0.516247879509457,0.5242777892354002,0.06706344291187345,0.9459600786711639
2,8,3,Jerry Rice,26.666600000000003,0.1117724974622175,0.045461983033965425,0.0009616669333244064,0.5382434836837813
2,8,7,Stacy Keibler,28.6665,0.3719796230283255,0.33336384907394057,0.03361285573896569,0.8713651788001657
3,1,0,Emmitt Smith,24.0,0.18525036120053776,0.13938559307394147,0.017225963648139414,0.592868472652408
3,1,1,Harry Hamlin,17.0,0.03206653467944322,0.0154222291203601,0.0007889789408020207,0.16888297251845938
3,1,2,Jerry Springer,16.0,0.024346844930844345,0.01125034874767318,0.0003880599192630078,0.1295842561547753
3,1,3,Joey Lawrence,21.0,0.08170442529113128,0.04962437647120842,0.004520675825594529,0.3512721433872071
3,1,4,Mario Lopez,26.0,0.334794258007658,0.28587007884018834,0.032980890597630236,0.8322570395315313
3,1,5,Monique Coleman,19.0,0.04677869995413985,0.02638787525270126,0.0020949306548968417,0.214372472652502
3,1,6,Sara Evans,15.0,0.022014493108352504,0.009312535353301708,0.00027469664869204344,0.12581449299478098
3,1,7,Shanna Moakler,18.0,0.04129215459023263,0.022153030972734737,0.001332216571290234,0.19889734584283308
3,1,8,Tucker Carlson,12.0,0.011776499143105794,0.003801258715890308,5.020791441134748e-05,0.0725218491705104
3,1,9,Vivica A. Fox,22.0,0.11062905305663163,0.07431300917252015,0.008290948745709554,0.42683225674195063
3,1,10,Willa Ford,22.0,0.10934667603792306,0.07193155496637038,0.007112575781913383,0.41701981406318067
3,2,0,Emmitt Smith,24.0,0.07842322527214603,0.04760371526629538,0.0026183034469289424,0.3347779920443048
3,2,1,Harry Hamlin,21.0,0.02983937665521529,0.012758435329744772,0.0002967328620235467,0.16693034730362405
3,2,2,Jerry Springer,19.0,0.015913937959741657,0.005408574715619467,4.6636965314201144e-05,0.09568571088815499
3,2,3,Joey Lawrence,29.0,0.4820814179626533,0.4650964416964604,0.05626750715494506,0.9503029779956547
3,2,4,Mario Lopez,21.0,0.031130456400687966,0.013550301467687636,0.0002557172364389676,0.16488225893363395
3,2,5,Monique Coleman,26.0,0.15164780311626136,0.1043773386546422,0.011126572357224248,0.5372216412206745
3,2,6,Sara Evans,21.0,0.031432122654293126,0.01408471328653553,0.0003002636716206539,0.17575652913211567
3,2,7,Shanna Moakler,22.0,0.041843705555085826,0.020533028569333277,0.000654216201911967,0.20800670187572876
3,2,9,Vivica A. Fox,24.0,0.07991523085647644,0.04757920309517675,0.0027864010302183404,0.3357267240471204
3,2,10,Willa Ford,23.0,0.057772723567439,0.029767086985844272,0.0011515442733089987,0.27870736786104683
3,3,0,Emmitt Smith,19.0,0.0177302032435165,0.005906426916338544,7.679738444242282e-05,0.10853610910992215
3,3,1,Harry Hamlin,22.0,0.04550609240251993,0.02254305399686307,0.0012045720633831248,0.2306663427181418
3,3,2,Jerry Springer,21.0,0.0312307182324513,0.013426344458783804,0.0004482512206205212,0.172889341557851
3,3,3,Joey Lawrence,22.0,0.045019504122427015,0.021180380608892966,0.0010528320322130073,0.23882836135674626
3,3,4,Mario Lopez,22.0,0.04778470015783408,0.024505040154713248,0.0010837764075646837,0.23660758805382906
3,3,5,Monique Coleman,27.0,0.29880809808805686,0.24185544399033032,0.029364561887977238,0.8013290643078969
3,3,6,Sara Evans,25.0,0.14591269251433212,0.10094892251747317,0.010774730886177615,0.5200544534869372
3,3,9,Vivica A. Fox,27.0,0.3210733050255545,0.27147032039601704,0.03386255389404388,0.8197040798358907
3,3,10,Willa Ford,22.0,0.04693468621330769,0.02252048336954774,0.001044458015007698,0.23736181802878759
3,4,0,Emmitt Smith,24.0,0.06018327699339553,0.03360491244483928,0.0021033654506222646,0.27572547504834943
3,4,2,Jerry Springer,22.0,0.031160484779371906,0.01380025626908454,0.00042507215231634815,0.17177373444104638
3,4,3,Joey Lawrence,27.0,0.163965614303274,0.11369439857602798,0.011635426153782064,0.5842886443650301
3,4,4,Mario Lopez,29.0,0.3649938233667794,0.3232132335533806,0.03900403321783534,0.854425678953903
3,4,5,Monique Coleman,24.0,0.05522973317865827,0.03043565601622191,0.002148779720772596,0.25686531914616784
3,4,6,Sara Evans,20.0,0.019744410074607442,0.006892203245361241,0.00010369512984407175,0.12275581700693951
3,4,9,Vivica A. Fox,24.0,0.06125635496777558,0.033682922274103654,0.001931356348345428,0.28937909304462023
3,4,10,Willa Ford,28.0,0.24346630233613792,0.19576554545731784,0.019787537045562766,0.7078073315176935
3,5,0,Emmitt Smith,27.0,0.22437289959419812,0.1767549053141946,0.02282223248244993,0.6625386522117359
3,5,2,Jerry Springer,24.0,0.02683126236495927,0.010823026881151075,0.00030968002944556556,0.15237840846569753
3,5,3,Joey Lawrence,25.0,0.05248785784464088,0.02531624779232169,0.0014243591981010092,0.2746567532333041
3,5,4,Mario Lopez,27.0,0.23210397907592517,0.17874180106277443,0.021992068760180592,0.6858411638651183
3,5,5,Monique Coleman,27.0,0.21126978876324493,0.1609470652381634,0.02085982858416858,0.6485337246071515
3,5,6,Sara Evans,24.0,0.029961603988099106,0.012159809212035752,0.0003559962377740103,0.17351910650650829
3,5,10,Willa Ford,27.0,0.2229726083689325,0.1750327531761086,0.02079790219527871,0.667575430861777
3,6,0,Emmitt Smith,25.0,0.2016613619891812,0.14855442827429655,0.013618969854367693,0.6473929360233582
3,6,2,Jerry Springer,18.0,0.030140603846224637,0.010655866295453915,0.00015736397347465702,0.17982211347928895
3,6,3,Joey Lawrence,24.0,0.14675831376622622,0.0939920078038583,0.00677009070445506,0.5684369217266279
3,6,4,Mario Lopez,28.0,0.5167167365858123,0.5198558685275305,0.07194686929200805,0.9442506653291566
3,6,5,Monique Coleman,23.0,0.10472298381255557,0.06375841416172218,0.004193204858495207,0.43409246089203923
3,7,0,Emmitt Smith,28.5,0.30175063729799356,0.2613126320392507,0.0322780395524523,0.767998463414378
3,7,2,Jerry Springer,23.0,0.026907953385369412,0.009269771917319973,0.00017017179424540222,0.1616180466255692
3,7,3,Joey Lawrence,28.5,0.2901863303455705,0.24339413096174692,0.02856395619050792,0.783419367243322
3,7,4,Mario Lopez,28.0,0.24437642232882023,0.1924591926081935,0.021946831306190212,0.7159070477114196
3,7,5,Monique Coleman,27.0,0.1367786566422463,0.09036087341305685,0.009456737455439151,0.5075404652338921
3,8,0,Emmitt Smith,27.0,0.11464486162212942,0.061483955169621546,0.0022225036529155105,0.5059531731911114
3,8,3,Joey Lawrence,27.0,0.11203461973546709,0.05789831115037518,0.0019015763208226745,0.5293234521472883
3,8,4,Mario Lopez,28.5,0.7130244745694557,0.7897269218323588,0.1513334648395013,0.9922416540766218
3,8,5,Monique Coleman,26.5,0.060296044072947794,0.025231498842130308,0.0005255842235958593,0.3283991862828193
3,9,0,Emmitt Smith,29.5,0.33387432093457703,0.29211287942138753,0.03397485499708493,0.8134834867101141
3,9,3,Joey Lawrence,29.5,0.3212962771881058,0.27457689708285415,0.02980073237415615,0.8304722351397111
3,9,4,Mario Lopez,29.5,0.3448294018773172,0.30236481270586785,0.03366994927693315,0.8347400080785231
3,10,0,Emmitt Smith,29.666600000000003,0.49275353027066815,0.4883365320906323,0.061946142863208715,0.9401346003780502
3,10,4,Mario Lopez,29.666600000000003,0.5072464697293319,0.5116634679093677,0.059865399621949596,0.938053857136791
4,1,0,Apolo Anton Ohno,21.0,0.1150314830757464,0.07390301649370384,0.007086351165974298,0.4600106175639969
4,1,1,Billy Ray Cyrus,13.0,0.011247333915957062,0.0038717207882480948,4.4188157933007985e-05,0.06669936176617294
4,1,2,Clyde Drexler,16.0,0.024100116524466707,0.011200220060515246,0.00029625801819810034,0.1259285329286563
4,1,3,Heather Mills,18.0,0.04352443477528514,0.024188411974777918,0.0015145288707467397,0.20207472025490958
4,1,4,Ian Ziering,21.0,0.11207894454922392,0.07433126149087216,0.0076818205104510606,0.4423231263520132
4,1,5,Joey Fatone,24.0,0.31117905008866775,0.2582309609000063,0.029795683613563287,0.8213837106604395
4,1,6,John Ratzenberger,17.0,0.030700516301862445,0.015493804801763385,0.0007798085277305584,0.15147005749056683
4,1,7,Laila Ali,23.0,0.2195322729538556,0.16865627597091754,0.02075103582936068,0.6769420269051012
4,1,8,Leeza Gibbons,15.0,0.018756987523970748,0.0076388597310626995,0.00018153199086787405,0.10733071675765031
4,1,9,Paulina Porizkova,19.0,0.05688298020513092,0.03358574103149589,0.0029097794295813795,0.25068478376220726
4,1,10,Shandi Finnessey,19.0,0.05696588008583324,0.034196476927567734,0.0027136266444440747,0.24637884858411346
4,2,0,Apolo Anton Ohno,26.0,0.23304912236071237,0.17986333362685492,0.017771994433219668,0.7113843640024713
4,2,1,Billy Ray Cyrus,21.0,0.0313709737315154,0.01593823471253278,0.0006593881904796629,0.1550182659542004
4,2,2,Clyde Drexler,18.0,0.012233238830971287,0.004126079461376308,3.329295003095474e-05,0.07532009885215864
4,2,3,Heather Mills,24.0,0.1003505740728773,0.06628175572589041,0.0059978558017479075,0.391846353667935
4,2,4,Ian Ziering,22.0,0.04848109188376299,0.025097084531900474,0.0011959648516076372,0.2392126857128743
4,2,5,Joey Fatone,24.0,0.10423182973675382,0.06623064719198779,0.006252604495572155,0.4059255909558323
4,2,6,John Ratzenberger,21.0,0.030427278432861662,0.014843986442883943,0.0006148366655195738,0.14819547423209867
4,2,7,Laila Ali,27.0,0.35403212246532684,0.3094123622371867,0.037123374174393986,0.8631507478286418
4,2,8,Leeza Gibbons,21.0,0.031608542356147365,0.015394015864191016,0.0005787228731860831,0.1617853910559886
4,2,9,Paulina Porizkova,21.0,0.031194544509740088,0.015842238314761094,0.0006722512037067892,0.1589305036303525
4,2,10,Shandi Finnessey,20.0,0.023020681619330834,0.010000902742218641,0.00027463168669921556,0.12495643330780375
4,3,0,Apolo Anton Ohno,23.0,0.11588582293974585,0.07588865802683195,0.008751780745984072,0.45590955583922743
4,3,1,Billy Ray Cyrus,21.0,0.04689512834669766,0.02728843407287846,0.0022628346630024806,0.21245677682779343
4,3,2,Clyde Drexler,16.0,0.008619008029315966,0.0024944904019721754,1.8225743777864394e-05,0.05471046953552938
4,3,3,Heather Mills,24.0,0.1768476916259971,0.1328829088173898,0.015315031395384319,0.58075625151852
4,3,4,Ian Ziering,24.0,0.17694345434117018,0.1305462545942695,0.014310411433550498,0.5891962677963904
4,3,5,Joey Fatone,24.0,0.17814291054496645,0.13107734194288534,0.016966095989314884,0.5687460588905638
4,3,6,John Ratzenberger,20.0,0.03098948163147611,0.015729393626705647,0.0009791784187186433,0.15210539251762314
4,3,7,Laila Ali,21.0,0.05004524329965219,0.02813001982058577,0.002309600657102388,0.2370428044081346
4,3,8,Leeza Gibbons,24.0,0.16833005426552164,0.12501261515573658,0.01541932667350054,0.5558437643396823
4,3,10,Shandi Finnessey,21.0,0.04730120497545682,0.026899634312594137,0.002253762362168888,0.213856855146663
4,4,0,Apolo Anton Ohno,26.0,0.21664475360946225,0.16518185941878782,0.017209673410416675,0.6816380846516886
4,4,1,Billy Ray Cyrus,21.0,0.06380512454107146,0.03784160276790281,0.0028665014539751422,0.2821764771882361
4,4,2,Clyde Drexler,15.0,0.018982272290927305,0.007572528765149863,0.00011532537318539288,0.1086411204038596
4,4,3,Heather Mills,23.0,0.10303992859266232,0.0680284129883462,0.006165155259704409,0.40701087322522284
4,4,4,Ian Ziering,24.0,0.13197096480123569,0.08996831470993812,0.008673592489843769,0.49293908633476996
4,4,5,Joey Fatone,28.0,0.35208100285260924,0.30962343255158875,0.03591350064218287,0.8524588307770836
4,4,6,John Ratzenberger,16.0,0.022571023228043007,0.009032971111838399,0.0002454675283906926,0.12281101362178899
4,4,7,Laila Ali,21.0,0.06779660634747926,0.039456861431604956,0.0029430487761983883,0.30878768064555695
4,4,8,Leeza Gibbons,16.0,0.02310832373650948,0.00940304835435353,0.00023973580611602949,0.1304250518077135
4,5,0,Apolo Anton Ohno,30.0,0.3559311270861426,0.3167076500661278,0.03279152969205514,0.8587394445612563
4,5,1,Billy Ray Cyrus,17.0,0.03207182832924623,0.015346278485320167,0.0005740314255359347,0.17175678753812065
4,5,2,Clyde Drexler,13.0,0.017875547155845453,0.006484745452090095,8.07995564460311e-05,0.10571262353216122
4,5,3,Heather Mills,21.0,0.06461732199979563,0.036936036091689356,0.00240147516952478,0.289334314761362
4,5,4,Ian Ziering,24.0,0.11338952517429551,0.07242345223005175,0.005826383604867332,0.4587639470576324
4,5,5,Joey Fatone,25.0,0.13902730623119522,0.09242534173137401,0.009150331548362091,0.5084579164105181
4,5,6,John Ratzenberger,18.0,0.0367729322242389,0.017509777341746503,0.000773823561849233,0.1794846724871857
4,5,7,Laila Ali,28.0,0.2403144117992404,0.19083967977282584,0.023502118872414955,0.7133819823411051
4,6,0,Apolo Anton Ohno,28.0,0.29073925851195526,0.2413207745559258,0.02546903652236328,0.7797181071966278
4,6,1,Billy Ray Cyrus,21.0,0.03511434196978532,0.01658651801477063,0.0006420097985814757,0.18406239243857173
4,6,3,Heather Mills,23.0,0.06225743308020694,0.03458227495252487,0.002141055467360588,0.29163494232324605
4,6,4,Ian Ziering,24.0,0.08533358693112808,0.04940271145735385,0.0033900968395140377,0.3832584512466722
4,6,5,Joey Fatone,27.0,0.21570369576328105,0.16254350263485878,0.01782009395828679,0.6681003306877724
4,6,6,John Ratzenberger,19.0,0.02123976726076136,0.007410734709904235,0.00016047435495835781,0.12008472538544851
4,6,7,Laila Ali,28.0,0.28961191648288204,0.24127310621119624,0.030005241354711207,0.7753756547554366
4,7,0,Apolo Anton Ohno,27.0,0.15854289969160865,0.108099383274227,0.010147661648954705,0.5771799432570945
4,7,1,Billy Ray Cyrus,19.0,0.023129567031395605,0.008308135532186818,0.00015651396767218207,0.13846551231237958
4,7,4,Ian Ziering,27.0,0.1551568519249404,0.10774094176425737,0.010415553343567254,0.5648970575572988
4,7,5,Joey Fatone,29.5,0.30972400471489775,0.2634122168521663,0.031378764591846825,0.7984586683534495
4,7,6,John Ratzenberger,22.5,0.04762518382177238,0.02294414210643959,0.001245014786381913,0.2294369150089516
4,7,7,Laila Ali,29.5,0.30582149281538523,0.25973465437854,0.03161743980517696,0.804669501851062
4,8,0,Apolo Anton Ohno,29.0,0.4073984416417639,0.38061798946195013,0.042325144643078925,0.88792272028238
4,8,1,Billy Ray Cyrus,19.0,0.02936737509267046,0.01087085191755064,0.0002209043877668841,0.17212031639881772
4,8,4,Ian Ziering,23.5,0.09030317363843486,0.04929674536998535,0.0028137128466849304,0.4259746019405743
4,8,5,Joey Fatone,27.5,0.2716538134755434,0.21688493030653827,0.022675421577956253,0.7667315118241923
4,8,7,Laila Ali,26.5,0.20127719615158737,0.14819034365649394,0.015273525263392335,0.6627862279694963
4,9,0,Apolo Anton Ohno,29.5,0.13278218404609407,0.07767953355828472,0.004710719803797669,0.5747228101439931
4,9,4,Ian Ziering,29.0,0.04764642627697576,0.018072509186387725,0.00038425371079443095,0.29858498032150854
4,9,5,Joey Fatone,30.0,0.41168705397367855,0.38568614964772757,0.045254303972267304,0.8952298305380192
4,9,7,Laila Ali,30.0,0.40788433570325155,0.37860992363268464,0.04644582470207547,0.8897772713723108
4,10,0,Apolo Anton Ohno,29.3332,0.7250537643964818,0.8072584540028472,0.14951923970763317,0.992426257061331
4,10,5,Joey Fatone,28.6665,0.180929546984505,0.10789341136471732,0.00406767084135366,0.7022796454456619
4,10,7,Laila Ali,28.333200000000005,0.09401668861901313,0.03958509554846491,0.0009694505941786525,0.5145902692282055
5,1,0,Albert Reed,21.0,0.042568154608359304,0.024044241643481477,0.0014929409941301817,0.19094227862118135
5,1,1,Cameron Mathison,21.0,0.0407382865178135,0.02250806534852253,0.001507624060652985,0.19608491081879315
5,1,2,Floyd Mayweather Jr. ,18.0,0.01603138384053903,0.006772211811956983,0.00014395881355669854,0.08442647481148172
5,1,3,Helio Castroneves,25.0,0.20144347939706228,0.15368714906582087,0.017954013917569872,0.6216858469302032
5,1,4,Jane Seymour,24.0,0.1257442016059002,0.08850853887124237,0.00960273519715395,0.4526100238547422
5,1,5,Jennie Garth,21.0,0.04251311022493698,0.023331415241155305,0.0014474467955529447,0.20407828939058165
5,1,6,Josie Maran,16.0,0.010257957518303688,0.0032482068100443584,3.03731699010604e-05,0.06544743199906998
5,1,7,Marie Osmond,21.0,0.04541680645979818,0.02462278043385168,0.0017591783307749,0.20880705014085973
5,1,8,Mark Cuban,21.0,0.04044379793250034,0.023818740541794794,0.0017307734145355503,0.18397402348738706
5,1,9,Mel B,24.0,0.1293006392405604,0.09079771696194194,0.009699901052997452,0.4681176292179924
5,1,10,Sabrina Bryan,26.0,0.2843587343859322,0.22932332629404537,0.0269912758310462,0.7786720488274822
5,1,11,Wayne Newton,19.0,0.021183448268293933,0.010063321830584697,0.0003767980892230893,0.10557237118811597
5,2,0,Albert Reed,21.0,0.04431865821339563,0.024542544087200246,0.001404925444704854,0.20004376989977316
5,2,1,Cameron Mathison,21.0,0.04239154122176726,0.023312299832405892,0.0014722777570501133,0.2094362701420217
5,2,2,Floyd Mayweather Jr. ,21.0,0.043094496312589936,0.02401166555573863,0.0013721034699407792,0.19106685954184024
5,2,3,Helio Castroneves,27.0,0.32965741613959276,0.2816699703209463,0.03324612828588227,0.8289492033939719
5,2,4,Jane Seymour,21.0,0.044339989271205534,0.024122466515675907,0.0012430943168947254,0.2061688596966535
5,2,5,Jennie Garth,21.0,0.04387407994044057,0.023957687634885226,0.0014228650100968924,0.20681616384311516
5,2,7,Marie Osmond,24.0,0.11738600196248512,0.08084004681329353,0.008915848986303435,0.4199985720783665
5,2,8,Mark Cuban,18.0,0.018483037733438023,0.008211750069968885,0.0002090117755405344,0.09832288014107345
5,2,9,Mel B,23.0,0.08453930302908666,0.0525886013137242,0.0041553551510916465,0.34622148292438476
5,2,10,Sabrina Bryan,26.0,0.2229724422428148,0.1714710592792655,0.02110601185784843,0.6655358688667735
5,2,11,Wayne Newton,15.0,0.008943033933183726,0.0026965104419407904,2.2880845857151053e-05,0.05548673225681741
5,3,1,Cameron Mathison,23.0,0.046459105301015255,0.026073666765243052,0.0020635176203838996,0.22117626863532394
5,3,2,Floyd Mayweather Jr. ,21.0,0.02625105225763949,0.012712272101234285,0.0005460762049877876,0.13451372577575946
5,3,3,Helio Castroneves,24.0,0.07270335737154304,0.044919717576370546,0.003923558171441937,0.3092055644574033
5,3,4,Jane Seymour,27.0,0.18333517862150275,0.14000137627697878,0.01701237287435318,0.5851214962945906
5,3,5,Jennie Garth,26.0,0.127646120258948,0.08929645225303429,0.010392020312657912,0.46092797370538285
5,3,7,Marie Osmond,26.0,0.1355174975122291,0.09640949745130026,0.012318169093041682,0.46092240714250793
5,3,8,Mark Cuban,20.0,0.01928360057887181,0.008932665036989794,0.00029971901325845287,0.09845541981296604
5,3,9,Mel B,27.0,0.18848693293048532,0.14274951459854768,0.017983043119407613,0.6008861281005036
5,3,10,Sabrina Bryan,27.0,0.18877792386927336,0.14195181306833948,0.018127422254318345,0.5964519187930956
5,3,11,Wayne Newton,18.0,0.011539231298491869,0.004084553539225908,7.691806743995016e-05,0.068702518050554
5,4,1,Cameron Mathison,27.0,0.09928407662730132,0.06348877744509503,0.005357456723859749,0.3996464759357669
5,4,2,Floyd Mayweather Jr. ,23.0,0.019608731796611736,0.007891512041645924,0.00011357951785403491,0.10786272647064422
5,4,3,Helio Castroneves,27.0,0.1128262134616806,0.07503343038444056,0.006243353957568138,0.4486925941282512
5,4,4,Jane Seymour,26.0,0.0669730099871734,0.039076593102114726,0.002053880277661627,0.2984239517138309
5,4,5,Jennie Garth,27.0,0.10371516989684258,0.0659344085832584,0.005381063491459832,0.4083372869552873
5,4,7,Marie Osmond,26.0,0.07019960850199089,0.04210693700258689,0.002772311510205267,0.30007740836564634
5,4,8,Mark Cuban,22.0,0.013567108678363058,0.004716703784858416,4.4819584095952065e-05,0.07852758000076628
5,4,9,Mel B,26.0,0.06966616647902936,0.039972252277303166,0.002391253807006736,0.314737163650867
5,4,10,Sabrina Bryan,30.0,0.444159914571007,0.41424890610546083,0.04518271322766747,0.9347355463859828
5,5,1,Cameron Mathison,26.0,0.11004821448588303,0.07252615095299186,0.006756011121094724,0.43150737934318584
5,5,3,Helio Castroneves,23.0,0.04660748171228833,0.022394203212081,0.0008451880551031858,0.23989089596948882
5,5,4,Jane Seymour,26.0,0.11436932991457166,0.07612769610907301,0.0067202767354682755,0.4250754825577469
5,5,5,Jennie Garth,25.0,0.08121665282962638,0.047378469094505896,0.0035739383920792857,0.35782906569397904
5,5,7,Marie Osmond,21.0,0.02534872044268093,0.009501075597474332,0.0001912085147488784,0.15108650147686717
5,5,8,Mark Cuban,21.0,0.021419357854187263,0.009175511123411025,0.00019784841760827273,0.11563267793635906
5,5,9,Mel B,29.0,0.3552949082587129,0.31274015006739053,0.04018488315157358,0.8534190964103349
5,5,10,Sabrina Bryan,28.0,0.24569533450204956,0.1927469427976198,0.02438442564483619,0.7062811888464284
5,6,1,Cameron Mathison,25.0,0.06311974662507622,0.03422754694705961,0.002024823184275915,0.30139490688258985
5,6,3,Helio Castroneves,28.0,0.22044846559334258,0.1700119757664162,0.015633521719451315,0.6743937977370597
5,6,4,Jane Seymour,22.0,0.024573861500714275,0.009330450943770743,0.00013407298094559718,0.1437822568730047
5,6,5,Jennie Garth,27.0,0.13655842719940067,0.08926363586485317,0.007649347176146797,0.5035321024263685
5,6,7,Marie Osmond,23.0,0.03634448871838999,0.015793980472169303,0.0003950579840288218,0.19666988837993282
5,6,9,Mel B,30.0,0.4540698185789111,0.4343356281831027,0.05342696041854577,0.9277948974442517
5,6,10,Sabrina Bryan,25.0,0.06488519178416506,0.035832746276241986,0.002248575325406515,0.30323132148065246
5,7,1,Cameron Mathison,25.5,0.048937800150823337,0.023642546461024164,0.0008947447185472244,0.26009279173007116
5,7,3,Helio Castroneves,26.0,0.11316799381278297,0.06858752227715054,0.004004871815895434,0.4693894980850252
5,7,4,Jane Seymour,25.0,0.026782539717616204,0.00981041902017385,0.00013031786645705416,0.155106207003372
5,7,5,Jennie Garth,26.5,0.2158601957160296,0.16081427762773892,0.015707663244282806,0.6706898773309954
5,7,7,Marie Osmond,26.0,0.1075615870592212,0.06774691469917674,0.004573310867242198,0.4211729569405441
5,7,9,Mel B,27.0,0.48768988354352666,0.4774235386787464,0.0590216862187214,0.9388284273210292
5,8,1,Cameron Mathison,25.5,0.07416047619168874,0.03857063741403455,0.0019232384039935956,0.35978425528309854
5,8,3,Helio Castroneves,28.5,0.4789640410319271,0.4758941135932565,0.05897289013982316,0.9279504301762036
5,8,5,Jennie Garth,25.0,0.058737997621092566,0.0278057361249279,0.0008906079532555762,0.29960662060587817
5,8,7,Marie Osmond,24.5,0.049440860817210865,0.021482984668672322,0.0005414854340027841,0.27174085824862937
5,8,9,Mel B,28.0,0.3386966243380806,0.2909094766167172,0.028670565990270305,0.8376078293821876
5,9,3,Helio Castroneves,30.0,0.42367996312573436,0.40105076739460865,0.04716603688990396,0.8966502811726155
5,9,5,Jennie Garth,29.0,0.12329006359217967,0.07525882191424886,0.0047438328683349264,0.496752477852421
5,9,7,Marie Osmond,28.0,0.04854496796208975,0.019118642106089975,0.00044485581458650835,0.2817705967394935
5,9,9,Mel B,30.0,0.40448500531999615,0.3710983345281748,0.04003555757028259,0.8877531856642612
5,10,3,Helio Castroneves,27.999900000000004,0.44491809296640533,0.42974570133606615,0.046307696449802274,0.9155706357316639
5,10,7,Marie Osmond,23.0,0.07338637979749589,0.0311205154156999,0.0008631209442805979,0.3998384861554038
5,10,9,Mel B,28.3332,0.48169552723609876,0.47342610695613135,0.05360270280649599,0.9348512885543037
6,1,0,Adam Carolla,15.0,0.0145064347322171,0.0055287350004104945,8.919732517957721e-05,0.08631288061680979
6,1,1,Cristian de la Fuente,21.0,0.061662268042374,0.0379918335177458,0.003014756885272936,0.26720095613702305
6,1,2,Jason Taylor,22.0,0.08179233546430799,0.052574021021393746,0.00514176018037584,0.3159452061653545
6,1,3,Kristi Yamaguchi,27.0,0.34561977605500144,0.29371905886181526,0.033001507343290624,0.8539304098434366
6,1,4,Mario,24.0,0.14191348064247286,0.1029959367351373,0.011721726572604741,0.49663520166623176
6,1,5,Marissa Jaret Winokur,18.0,0.02876250570632851,0.013809118781100905,0.0005651340345556858,0.1481039950803057
6,1,6,Marlee Matlin,22.0,0.07540149426490386,0.0489522821790663,0.005025276192704938,0.30243175016015494
6,1,7,Monica Seles,15.0,0.01412974163715448,0.005269081997443165,9.443794627221692e-05,0.08493707824663153
6,1,8,Penn Jillette,16.0,0.017536782703509085,0.007083091380552036,0.00018865350623192785,0.09978655686031565
6,1,9,Priscilla Presley,24.0,0.13368335319326832,0.09542856921548079,0.01133729092186226,0.4739730757094455
6,1,10,Shannon Elizabeth,21.0,0.05639362514672483,0.034341588681504435,0.002757330163931204,0.2426947671161711
6,1,11,Steve Guttenberg,18.0,0.028598202411737543,0.013946417937737925,0.0004938150033086273,0.148871791270644
6,2,0,Adam Carolla,19.0,0.028908759624576355,0.014309631619211359,0.0006639028560507129,0.14435053921098515
6,2,1,Cristian de la Fuente,20.0,0.03701663791385918,0.02010272394626964,0.0012205466511681583,0.17335433913924894
6,2,2,Jason Taylor,27.0,0.2271230649236604,0.1778623377100486,0.020878149394353968,0.6737525925772574
6,2,3,Kristi Yamaguchi,27.0,0.21978495658914832,0.17129068960984292,0.02198798903218073,0.6652709290491688
6,2,4,Mario,26.0,0.16669496036939482,0.12568346890674506,0.01582669708336767,0.5387856397962614
6,2,5,Marissa Jaret Winokur,21.0,0.04693318487121912,0.025387770412126694,0.002009894041786742,0.21753139493345006
6,2,6,Marlee Matlin,24.0,0.09294604362112667,0.06267653725848901,0.0069055144595630965,0.3523697054689471
6,2,7,Monica Seles,15.0,0.012437161487781598,0.0043814013226760986,7.848992031211409e-05,0.07520220179902529
6,2,8,Penn Jillette,17.0,0.01854926017678147,0.0077824654487172774,0.0002623496462931922,0.10340955910503359
6,2,9,Priscilla Presley,21.0,0.04284748808675101,0.024217856680139975,0.0021424661227933753,0.1986061595862256
6,2,10,Shannon Elizabeth,24.0,0.09092793519967551,0.06138104947416126,0.007056466893729443,0.34459768762324244
6,2,11,Steve Guttenberg,16.0,0.015830547136025525,0.006049061848054538,0.00012176049603046326,0.09365205010024229
6,3,0,Adam Carolla,21.0,0.030851547241138758,0.014586626880844673,0.0004936741943587984,0.16206748863892254
6,3,1,Cristian de la Fuente,25.0,0.14729930070100097,0.10577872368646776,0.011582135166654968,0.52400734891365
6,3,2,Jason Taylor,23.0,0.06596272612064878,0.03959884735549696,0.003042947699281743,0.2866235858826236
6,3,3,Kristi Yamaguchi,27.0,0.3457918214072877,0.3020863922380831,0.03542423376311511,0.8393956336105094
6,3,4,Mario,21.0,0.03122532913084899,0.014854145991667561,0.0005072373524899504,0.16839333872189718
6,3,5,Marissa Jaret Winokur,19.0,0.01595627483216911,0.005824138960263571,8.062912833397157e-05,0.09441890789499476
6,3,6,Marlee Matlin,21.0,0.028812709666020526,0.01397755406472352,0.000592589605276124,0.14902224402113678
6,3,9,Priscilla Presley,26.0,0.21325968167162468,0.16583434462082092,0.02088566211841857,0.6382117946172463
6,3,10,Shannon Elizabeth,24.0,0.0894810612094634,0.05954060766092614,0.005521792043372525,0.35716766924107013
6,3,11,Steve Guttenberg,21.0,0.03135954801979709,0.014454364763935076,0.0004438423662848208,0.16580028396034352
6,4,0,Adam Carolla,19.0,0.014125946253951067,0.004582469930196956,5.5064328758665046e-05,0.0889611690829067
6,4,1,Cristian de la Fuente,26.0,0.0968263779045677,0.06477143202620841,0.006183424382307901,0.3905013003692846
6,4,2,Jason Taylor,29.0,0.26971831836413795,0.2201297435748888,0.026428820911022707,0.7391875770823331
6,4,3,Kristi Yamaguchi,29.0,0.2609744267114757,0.21572521847888276,0.029026833507425583,0.7272974079732936
6,4,4,Mario,24.0,0.05236390510312487,0.02867767508882945,0.0019414115097647169,0.250563749986177
6,4,5,Marissa Jaret Winokur,24.0,0.053218106149327676,0.027984564331782313,0.0019321675684455875,0.2567567006054388
6,4,6,Marlee Matlin,24.0,0.04905682949131178,0.027817455908132123,0.0019325898554532841,0.22928245473889503
6,4,9,Priscilla Presley,22.0,0.02785600716484568,0.012683772539490285,0.0004920884340349222,0.1500373830197605
6,4,10,Shannon Elizabeth,28.0,0.17586008285725754,0.13364446067920763,0.015040275039432756,0.5569612009550444
6,5,1,Cristian de la Fuente,23.0,0.0455562425664261,0.022932054177990505,0.0009081471810919972,0.23244432452184952
6,5,2,Jason Taylor,27.0,0.19373186606419868,0.14448495211627693,0.01573996499042167,0.6140114038448717
6,5,3,Kristi Yamaguchi,29.0,0.41465894292566907,0.38332364801000224,0.04886241668186853,0.8983197374186181
6,5,4,Mario,27.0,0.1888667341373819,0.14347776600514864,0.015407074980781742,0.5961745182977668
6,5,5,Marissa Jaret Winokur,24.0,0.0632898774299963,0.03368766536982448,0.0020204684518933856,0.30095340925129427
6,5,6,Marlee Matlin,22.0,0.03032256811148421,0.013170840592764552,0.0004229992475943638,0.1637835801473128
6,5,9,Priscilla Presley,21.0,0.022344497464405498,0.008410551881615786,0.000170012610596448,0.13113117698989216
6,5,10,Shannon Elizabeth,23.0,0.04122927130043821,0.020645225964527857,0.0008232396513223961,0.2073115316139481
6,6,1,Cristian de la Fuente,27.0,0.14273347727973826,0.10152588217471226,0.009290493527074253,0.5254176714578682
6,6,2,Jason Taylor,24.0,0.052812209641811485,0.02616985584408176,0.0012159112415880181,0.2600378552694274
6,6,3,Kristi Yamaguchi,30.0,0.43237778520516845,0.40634977215465795,0.051096304042472576,0.9135975365359205
6,6,4,Mario,28.0,0.20439777724087,0.15877765283572132,0.017247804201580907,0.6393989866724696
6,6,5,Marissa Jaret Winokur,26.0,0.10069858740625261,0.06084097263493382,0.005055411825850903,0.42384588519263205
6,6,6,Marlee Matlin,21.0,0.019596833546355566,0.006671936341022943,0.00012169377597635819,0.11726287527656883
6,6,10,Shannon Elizabeth,24.0,0.04738332967980362,0.02477632306484325,0.0010678655071262044,0.2357886912903544
6,7,1,Cristian de la Fuente,23.0,0.02318896831190613,0.007394628053342991,9.40140414810764e-05,0.14825914094059975
6,7,2,Jason Taylor,27.5,0.3929622123171825,0.35956114897697333,0.04374599346079144,0.8721694900227502
6,7,3,Kristi Yamaguchi,27.0,0.2659308877468695,0.21864730848708114,0.027080400979253617,0.7440299160953586
6,7,4,Mario,25.5,0.09487006952310383,0.05777514767818394,0.0045073399916960005,0.4021140208331319
6,7,5,Marissa Jaret Winokur,26.0,0.13445155147491566,0.08783222504227142,0.008012328401665086,0.5170456131073439
6,7,10,Shannon Elizabeth,25.5,0.08859631062602238,0.0544317091614282,0.0038338100165612923,0.3732136579700832
6,8,1,Cristian de la Fuente,28.5,0.5399197826057799,0.5502582899498593,0.08529938130890592,0.9559301401646435
6,8,2,Jason Taylor,26.0,0.07714808483746227,0.039543699376937115,0.001727724546909175,0.37771250174178606
6,8,3,Kristi Yamaguchi,27.5,0.23678379059202156,0.18359951710101924,0.015488422191315505,0.7027496700296965
6,8,4,Mario,26.5,0.10812995879181514,0.06618371325228437,0.0034119512890146684,0.4569245665926496
6,8,5,Marissa Jaret Winokur,25.0,0.03801838317292105,0.014640568586740742,0.00023900854586254386,0.2199851738246323
6,9,1,Cristian de la Fuente,28.0,0.29170782706030013,0.2424578821758176,0.026367733746099273,0.7916326746015068
6,9,2,Jason Taylor,27.5,0.17697286521705122,0.12389461564252707,0.01064567391907095,0.6172330772146217
6,9,3,Kristi Yamaguchi,28.5,0.48752311596982556,0.48182265369692795,0.0668013513960661,0.9281585523695626
6,9,5,Marissa Jaret Winokur,26.0,0.043796191752823115,0.016990558393960666,0.00035249796367025797,0.25688684011906987
6,10,1,Cristian de la Fuente,26.0,0.0794152011253564,0.032987683386824396,0.0007996274681137879,0.4327713554676635
6,10,2,Jason Taylor,28.5,0.28224542745104425,0.22367963547545372,0.016763151944885247,0.7884049284943145
6,10,3,Kristi Yamaguchi,30.0,0.6383393714235994,0.6888630993971889,0.12514470649212103,0.9756790328086332
7,1,0,Brooke Burke,24.5,0.3006757393725141,0.2509745392500957,0.027632575573534424,0.7907044877269979
7,1,1,Cloris Leachman,16.0,0.015455240741988691,0.006822797309951104,0.00027015386531266644,0.0831314827079061
7,1,2,Cody Linley,20.5,0.0653555098508824,0.043007383653995236,0.004965096340720469,0.25829414596813827
7,1,3,Jeffrey Ross,12.0,0.0062290160607647044,0.001535082439893501,1.0887372200635664e-05,0.042475429461923196
7,1,4,Kim Kardashian,18.5,0.03675057927274861,0.019787289050430548,0.0012809606959845222,0.1844267805446048
7,1,5,Lance Bass,21.5,0.09692315704787978,0.062404284578381944,0.007396834427935989,0.39680873545704354
7,1,6,Maurice Greene,19.5,0.04985975245061348,0.028671526450643928,0.002699050724721155,0.22835867858091452
7,1,7,Misty May-Treanor,21.0,0.08326732046267622,0.05346486175504249,0.005749590274637238,0.3387275379468434
7,1,8,Rocco DiSpirito,17.5,0.026478401733978234,0.013237327637266634,0.0007855874968733195,0.13504113133452436
7,1,9,Susan Lucci,18.5,0.03587827070078873,0.020269741352465655,0.0013265447833109931,0.17304816089677488
7,1,10,Ted McGinley,18.5,0.03449795477402203,0.018970748152950613,0.001443996155034666,0.1571683245066258
7,1,11,Toni Braxton,22.5,0.14962172059766732,0.10719439790453522,0.011899920605287585,0.5205984221320119
7,1,12,Warren Sapp,21.5,0.0990073369334757,0.06539063094905115,0.00816560110564485,0.3887560951520287
7,2,0,Brooke Burke,24.0,0.23437797303435992,0.1859347972380525,0.021268702351233692,0.6692854595408086
7,2,1,Cloris Leachman,15.0,0.010965394998647697,0.0038644478218797934,7.99119118255705e-05,0.06400485797577438
7,2,2,Cody Linley,21.0,0.07201249547716097,0.04792128424074264,0.005337374827050801,0.2840512459293992
7,2,4,Kim Kardashian,17.0,0.02175573598109955,0.00954361498736737,0.0002947221069134206,0.12449380005421266
7,2,5,Lance Bass,20.0,0.05449611659087285,0.02981791933180239,0.002646006573971661,0.2609555104824149
7,2,6,Maurice Greene,19.0,0.03942423015119591,0.02066351720077472,0.0015258676316407345,0.19248907692847236
7,2,7,Misty May-Treanor,21.0,0.07701128380429381,0.04809592953220696,0.004629813761872959,0.32086075327114183
7,2,8,Rocco DiSpirito,16.0,0.01643320021416051,0.006226907312269355,0.00015965816143494784,0.09869992683259797
7,2,9,Susan Lucci,21.0,0.07639433691462717,0.04875020342112765,0.0047574808472135065,0.3092187690574978
7,2,11,Toni Braxton,23.0,0.16597764485701452,0.12258967655528621,0.01410696233012758,0.5515669189094956
7,2,12,Warren Sapp,24.0,0.23115158797656707,0.18104249693040533,0.022180363498714533,0.6925214006708205
7,3,0,Brooke Burke,28.0,0.44868510117060817,0.4288324317833624,0.04879926910573271,0.9181541999375485
7,3,1,Cloris Leachman,16.0,0.011532250130404018,0.0035796248411967962,3.795265961811552e-05,0.07037710033352296
7,3,2,Cody Linley,21.0,0.04409288991877944,0.024439267557055604,0.0012321782723583587,0.20587483245120938
7,3,5,Lance Bass,22.0,0.06341533737899772,0.034039920943198396,0.0021689351650364666,0.30000744863794404
7,3,6,Maurice Greene,24.0,0.11831505679996922,0.07774388753723271,0.00744583394246488,0.45402946084048534
7,3,8,Rocco DiSpirito,20.0,0.03571635621289113,0.01701827112070658,0.0006635589764455302,0.18898805937189345
7,3,9,Susan Lucci,21.0,0.04702974643866615,0.02537097273183904,0.001205715888549483,0.23139829032846201
7,3,11,Toni Braxton,22.0,0.06678397917611718,0.038199483060654744,0.0023001747939675236,0.30774823904261117
7,3,12,Warren Sapp,25.0,0.16442928277356694,0.11641454574687356,0.01284329873448983,0.5813247317375793
7,4,0,Brooke Burke,26.0,0.3006281614893158,0.25625034965047133,0.029488058455295733,0.7668846288333967
7,4,1,Cloris Leachman,22.0,0.05051854075147973,0.028748427300955413,0.0020887562839501973,0.23254781631774396
7,4,2,Cody Linley,23.0,0.0780904770818955,0.05088742710661577,0.004691797210628835,0.3031662370137663
7,4,5,Lance Bass,26.0,0.28780298702397283,0.23523097183934338,0.028542798259522197,0.7796484269106428
7,4,6,Maurice Greene,20.0,0.027571219103538477,0.01165190596346624,0.00040335422759170175,0.15501603666027
7,4,8,Rocco DiSpirito,18.0,0.014372078105920854,0.004610446577489914,5.69656814036955e-05,0.09286105294630836
7,4,9,Susan Lucci,24.0,0.12561282768679555,0.08601155866730742,0.008655293641382417,0.4692861075347775
7,4,11,Toni Braxton,22.0,0.05878208093352245,0.032424319663911294,0.0020893429429102504,0.27718335113961645
7,4,12,Warren Sapp,22.0,0.056621627823558715,0.03119600977966468,0.0019974751077639547,0.27251232995549385
7,5,0,Brooke Burke,29.0,0.3552944654795523,0.3181478089010616,0.03707854697757695,0.8243914286356929
7,5,1,Cloris Leachman,21.0,0.025676290222511645,0.010868387756432235,0.00038174446974468385,0.1417261037893316
7,5,2,Cody Linley,28.0,0.24116402878451584,0.19308197374017924,0.0262347133738493,0.6932788619228099
7,5,5,Lance Bass,21.0,0.030216029145533514,0.011092185861400903,0.0003146322800287312,0.1804620904174058
7,5,6,Maurice Greene,27.0,0.17787083424582975,0.129789847929487,0.015131805989763596,0.5859436842146942
7,5,9,Susan Lucci,22.0,0.03747234000974631,0.01794448988004456,0.0006839589202334475,0.19672442517755212
7,5,11,Toni Braxton,22.0,0.04001051616857131,0.01829200689411254,0.0007342543999621563,0.2196599427402266
7,5,12,Warren Sapp,25.0,0.09229549594373933,0.057374418683995135,0.004741035555820529,0.38895418359049366
7,6,0,Brooke Burke,26.0,0.24007432752807303,0.19463088517774327,0.02171449808039579,0.6712979096102306
7,6,1,Cloris Leachman,15.0,0.01421252137938339,0.0045743909504464084,7.206016086100924e-05,0.08878863185553583
7,6,2,Cody Linley,23.0,0.09730408731269649,0.06534627256702781,0.006608232004655416,0.36409649706299296
7,6,5,Lance Bass,27.0,0.30463037984174834,0.25615064479484684,0.030379656810886793,0.793695050521867
7,6,6,Maurice Greene,21.0,0.06161304141408157,0.03381466532690035,0.002489780955427566,0.2944626689919782
7,6,9,Susan Lucci,23.0,0.10313656074950565,0.0680045615812615,0.0058029650391216514,0.41392046638955116
7,6,12,Warren Sapp,25.0,0.1790290817745114,0.13093828984592593,0.014669869362124605,0.5953011615708623
7,7,0,Brooke Burke,30.0,0.6174392052569363,0.6634901616990245,0.09518338350271657,0.9778708626209274
7,7,2,Cody Linley,22.0,0.04193389179229679,0.019464514297049047,0.0004230483736076241,0.22025687253319715
7,7,5,Lance Bass,25.0,0.11077791637697726,0.06336224870078508,0.0036039263298665376,0.4794619535309993
7,7,6,Maurice Greene,25.0,0.11332596701339666,0.06710977809157406,0.003944893639870896,0.4657230706267935
7,7,9,Susan Lucci,24.0,0.08165076900155792,0.04402694177710786,0.001779035240705823,0.3783668468550732
7,7,12,Warren Sapp,21.0,0.03487225055883506,0.012951410182754534,0.00018419163695205444,0.21716867975399864
7,8,0,Brooke Burke,27.5,0.47329060820004926,0.46750814081059994,0.0561893335830561,0.9126968377929334
7,8,2,Cody Linley,24.0,0.04828979159098143,0.022900895055634782,0.00072256491669306,0.25134566903800704
7,8,5,Lance Bass,25.0,0.09206826081040247,0.04795742125284025,0.002689554089649352,0.4509580158587263
7,8,6,Maurice Greene,24.0,0.05182323816090596,0.022404817356870416,0.0007969783943949838,0.2884013763356197
7,8,12,Warren Sapp,27.0,0.33452810123766086,0.2840919991580879,0.0329438836473891,0.8370152224375444
7,9,0,Brooke Burke,24.5,0.1254639753074184,0.0684524274580362,0.002178749591729708,0.5447561719720774
7,9,2,Cody Linley,23.0,0.061163282499303334,0.027997172080965638,0.0005076507628471999,0.31412158984665983
7,9,5,Lance Bass,28.5,0.6915690822551179,0.7628100375817437,0.1281719356634877,0.9914052407002792
7,9,12,Warren Sapp,24.5,0.12180365993816034,0.06612251760269222,0.00213462664504004,0.5421991291350786
7,10,0,Brooke Burke,30.0,0.7656295596739461,0.8520867434793151,0.17804945862802923,0.9943297955066585
7,10,5,Lance Bass,27.5,0.11662620233625896,0.05246327826365342,0.0017210242048617253,0.5932453145910785
7,10,12,Warren Sapp,27.5,0.11774423798979489,0.05771447354197255,0.0017215387397091272,0.5842179655120134
8,1,0,Belinda Carlisle,17.0,0.027900986195909232,0.014250540211499234,0.0008408525506824612,0.14622670862578965
8,1,1,Chuck Wicks,20.0,0.06312277016687017,0.039820280579216105,0.0038446284548524557,0.26072694711154765
8,1,2,David Alan Grier,19.0,0.05052851049571225,0.029233817503174414,0.0026930893355524765,0.22997246454187603
8,1,3,Denise Richards,18.0,0.03602590562514821,0.018811626777957405,0.0011881095786211897,0.17828920564991863
8,1,4,Gilles Marini,24.0,0.2550051630242376,0.2011775251843665,0.022110015971425995,0.74180849963022
8,1,5,Holly Madison,18.0,0.03650013953934129,0.019758643762946025,0.0012087388818097168,0.17350980943635927
8,1,6,Lawrence Taylor,16.0,0.018721783702672582,0.008670191818521258,0.0003212287817375334,0.09862120895198373
8,1,7,Lil' Kim,21.0,0.09258879467685985,0.06297604528919065,0.006864004296143286,0.3551061254911416
8,1,8,Melissa Rycroft,23.0,0.18323601162435196,0.13388147167123046,0.01662849615454548,0.607586023373548
8,1,9,Shawn Johnson,23.0,0.18659700452598113,0.1414198417797093,0.01646847101078586,0.5815493644420855
8,1,10,Steve Wozniak,13.0,0.010352627266580006,0.003402160978017912,4.3196048559557774e-05,0.06666977699474116
8,1,11,Steve-O,17.0,0.026989844637575873,0.01333145241848846,0.0006008662610472534,0.13366988867622037
8,1,12,Ty Murray,14.0,0.012430458518759895,0.004653196501013563,9.359578339502396e-05,0.07188437142412049
8,2,0,Belinda Carlisle,18.0,0.024009872577573185,0.011396671750693359,0.0004774596216098185,0.12724821636068442
8,2,1,Chuck Wicks,20.0,0.03691616669296558,0.02039771785984392,0.0012026397263816238,0.17020687801037274
8,2,2,David Alan Grier,17.0,0.019836125401686323,0.008190357737736045,0.0002599170202787197,0.11121874794998719
8,2,3,Denise Richards,21.0,0.049956375528440955,0.027584978061358893,0.002092573885091738,0.23262476056817064
8,2,4,Gilles Marini,27.0,0.30296942574400865,0.24810603267106052,0.02694482379204966,0.8201327225891847
8,2,5,Holly Madison,18.0,0.02345771479700739,0.011028572420619047,0.00037330886499255467,0.12206255197168296
8,2,6,Lawrence Taylor,20.0,0.034508473583130174,0.01880891772888748,0.0011581089738392533,0.15550496834880062
8,2,7,Lil' Kim,23.0,0.09004991322215379,0.06037441188634345,0.006180539885793257,0.3481172470835372
8,2,8,Melissa Rycroft,26.0,0.2250530546108599,0.17040885672705036,0.020395588580696736,0.6917147936756126
8,2,9,Shawn Johnson,24.0,0.1257845006003929,0.08829875621127534,0.00973293868169257,0.4539938745241191
8,2,10,Steve Wozniak,17.0,0.019104295242710224,0.008131245796935764,0.0002099308025642561,0.10989379437801296
8,2,11,Steve-O,14.0,0.009843154458748749,0.0029047699535054714,2.8587475615117852e-05,0.06153450294681552
8,2,12,Ty Murray,20.0,0.03851092754032223,0.020744546258129277,0.0013458170416938,0.18663251047523757
8,3,1,Chuck Wicks,23.0,0.07176918621494076,0.04737117186606307,0.00512855254832136,0.28428687264975966
8,3,2,David Alan Grier,24.0,0.09501361305476623,0.0635493546060211,0.007976007661772316,0.3596345681238736
8,3,3,Denise Richards,16.0,0.021387717551601782,0.009362420926395445,0.00041683680763468224,0.11665508353847176
8,3,4,Gilles Marini,27.0,0.17508105161603044,0.12855517903012495,0.015496765995509492,0.5723637425508015
8,3,5,Holly Madison,17.0,0.024967875612048787,0.012406752570840625,0.0006272108964836616,0.1264251039929168
8,3,6,Lawrence Taylor,20.0,0.037784930847135474,0.021812115783359655,0.001771871398980193,0.1660598375345092
8,3,7,Lil' Kim,25.0,0.1146848826945106,0.08238470249385701,0.009613489146376565,0.4121095730709829
8,3,8,Melissa Rycroft,27.0,0.1765841867724369,0.12910175976656102,0.01683746613602608,0.5891549486478007
8,3,9,Shawn Johnson,27.0,0.18053574003702721,0.13567021613232333,0.016547676602994058,0.5681017950063141
8,3,10,Steve Wozniak,10.0,0.008956806345034707,0.0026519334107216047,3.2881757014206284e-05,0.059981215521284825
8,3,11,Steve-O,15.0,0.018106075493819568,0.007700862189744877,0.0002479467274676822,0.100322050897944
8,3,12,Ty Murray,23.0,0.07512793376064762,0.04753346665605215,0.005650297678585031,0.32599414717580266
8,4,1,Chuck Wicks,22.0,0.05278507022392175,0.031656060545608565,0.0024851199948202137,0.22766542281098595
8,4,2,David Alan Grier,22.0,0.057486583166232175,0.03360135387773257,0.0032288302158388136,0.2570116025555499
8,4,4,Gilles Marini,30.0,0.25696349864629825,0.2043988697261432,0.023230798328813838,0.737548899628742
8,4,5,Holly Madison,16.0,0.02079824931548163,0.009298537813588095,0.00029343008882128275,0.1132878954794627
8,4,6,Lawrence Taylor,19.0,0.029865293774238345,0.015536912955749157,0.0008597599415128622,0.14518095992330288
8,4,7,Lil' Kim,27.0,0.1420482009011907,0.10550924923726637,0.012222234423789658,0.4855792605620018
8,4,8,Melissa Rycroft,29.0,0.21227989360893912,0.1600478053398946,0.020318617704110576,0.6601599898715743
8,4,9,Shawn Johnson,25.0,0.1016926213474,0.06792135466613002,0.0072730110003742885,0.39207625964739434
8,4,10,Steve Wozniak,12.0,0.012342670764088003,0.004070069473612291,6.090525150172135e-05,0.0796631589647311
8,4,11,Steve-O,15.0,0.018238502800491448,0.007126173497556132,0.00018459497189694815,0.10444078831415453
8,4,12,Ty Murray,25.0,0.09549941545171858,0.061564741773349405,0.007249982971209738,0.39931945059246865
8,5,1,Chuck Wicks,23.0,0.056377391091963824,0.03286026268411854,0.002002022525210797,0.24676399943200578
8,5,2,David Alan Grier,22.0,0.04664624755540663,0.024122657506405853,0.0013907299288637921,0.2301636503952616
8,5,4,Gilles Marini,29.0,0.4018871800595216,0.369695875684533,0.03942407609242494,0.8963284929141605
8,5,6,Lawrence Taylor,20.0,0.023631186519743316,0.010170209499037318,0.0002634020660494797,0.12909990362762877
8,5,7,Lil' Kim,26.0,0.15110145669874253,0.10930961446332566,0.011362789262232385,0.5182078618799603
8,5,8,Melissa Rycroft,25.0,0.11267334947390896,0.07406341567072736,0.00614528876452876,0.4300159846912961
8,5,9,Shawn Johnson,26.0,0.15731219141249458,0.11366461439652122,0.011089292159611934,0.531944174125168
8,5,11,Steve-O,18.0,0.016477025991506095,0.005254869847376524,6.742450823278153e-05,0.10196164701332112
8,5,12,Ty Murray,21.0,0.03389397119671246,0.015877313950534613,0.0006057130777207667,0.1809636237548809
8,6,1,Chuck Wicks,23.0,0.0726552968217051,0.04542759274751146,0.003658782525620217,0.29800710665260244
8,6,4,Gilles Marini,26.0,0.1643661398656911,0.12042452811742026,0.014075351795394373,0.5415345403828772
8,6,6,Lawrence Taylor,22.0,0.05371771973257771,0.030544002363710653,0.0021970402829890293,0.23815482836466817
8,6,7,Lil' Kim,28.0,0.28075305483021107,0.23694777395778777,0.026447385171529204,0.7535259122145768
8,6,8,Melissa Rycroft,27.0,0.21506920704666035,0.16574584974143225,0.020343707519117515,0.6669147274106619
8,6,9,Shawn Johnson,26.0,0.17059731306069917,0.12563955626440831,0.013658431312792095,0.5551257211952856
8,6,11,Steve-O,16.0,0.017727965874566445,0.005731154824877661,9.906041734693974e-05,0.10942784142003606
8,6,12,Ty Murray,18.0,0.025113302767889048,0.010270939038749394,0.0003370437592796295,0.14368724220227355
8,7,1,Chuck Wicks,27.0,0.13609168940107289,0.09667387770131142,0.010349657511632132,0.48044181203559444
8,7,4,Gilles Marini,27.0,0.14566737797420393,0.10011310097222284,0.011121942490660458,0.5111200651799367
8,7,6,Lawrence Taylor,21.0,0.015388515064474534,0.004957157394882426,7.365557055672323e-05,0.09625713354407045
8,7,7,Lil' Kim,26.0,0.09605368518367,0.063116688158867,0.005473446184642099,0.3858743700706836
8,7,8,Melissa Rycroft,29.0,0.3352824595192419,0.28767931401464475,0.03652171474147136,0.8221375000169484
8,7,9,Shawn Johnson,28.0,0.2266886987145566,0.17972659719155792,0.021243005642568882,0.6601461982621691
8,7,12,Ty Murray,24.0,0.044827574142780116,0.02237524389306051,0.0011773131213704058,0.2331917687565212
8,8,1,Chuck Wicks,25.5,0.07737164533973828,0.04657418501179417,0.0026504109033967343,0.337277622906448
8,8,4,Gilles Marini,27.5,0.280934899031881,0.23567726673357448,0.02577633132850289,0.7497242386214823
8,8,7,Lil' Kim,28.0,0.39154687114463327,0.3619972500159964,0.0422697722675609,0.8747112541513846
8,8,8,Melissa Rycroft,23.0,0.02388647765145117,0.00783733593135208,9.960118917078822e-05,0.14556547880389348
8,8,9,Shawn Johnson,26.0,0.11799119408990097,0.07241514706724683,0.005678972367509329,0.4758526541330722
8,8,12,Ty Murray,26.0,0.10826891274239525,0.06694107149221999,0.0055574930202951355,0.4553276437371827
8,9,4,Gilles Marini,28.0,0.2635241690763923,0.20965326534907439,0.02476818198062687,0.7338768343536965
8,9,7,Lil' Kim,26.0,0.09951659898550377,0.06120789270094576,0.004666269599441302,0.4193857623706554
8,9,8,Melissa Rycroft,28.5,0.3382630865962213,0.2957967260001557,0.03721685547106698,0.8232090569689056
8,9,9,Shawn Johnson,28.0,0.2706832961012148,0.2246575988907193,0.026128888088364294,0.7380796510194743
8,9,12,Ty Murray,23.0,0.0280128492406679,0.009881024388562216,0.00020844639754174889,0.1739936709488839
8,10,4,Gilles Marini,30.0,0.5436674378344347,0.5571439979809732,0.07410976150751095,0.9572964983614908
8,10,8,Melissa Rycroft,27.5,0.1822348293617605,0.12570211959942648,0.00830866841207577,0.635380328851092
8,10,9,Shawn Johnson,28.0,0.2310624037840568,0.17472747450272963,0.014362714080652294,0.7161760481833779
8,10,12,Ty Murray,24.0,0.043035329019747964,0.01634710746257264,0.0003397276854668236,0.25137924948235707
8,11,4,Gilles Marini,29.0,0.17076995885171012,0.10387972581607756,0.004276121303548206,0.6673452586450855
8,11,8,Melissa Rycroft,28.5,0.08894719326731096,0.04050010838247786,0.0007674819287933607,0.4730026206587872
8,11,9,Shawn Johnson,30.0,0.740282847880979,0.8153058753650653,0.1787855512267082,0.9921767730734324
9,1,0,Aaron Carter,31.999899999999997,0.13969637916576205,0.10035433436111957,0.012857945154764626,0.4822342965514122
9,1,1,Ashley Hamiliton,18.9999,0.011627720740680025,0.004955359352434241,0.00012931292400571645,0.06230920115646501
9,1,2,Chuck Liddell,22.0,0.019193428273759812,0.009148559659172979,0.000439171712155253,0.09917609778823105
9,1,3,Debi Mazar,22.0,0.019767673799108137,0.009470631343292062,0.00045014384253956385,0.10071281359476585
9,1,4,Donny Osmond,29.999899999999997,0.09369207918415517,0.06278510753186556,0.008201773429884445,0.3452098270212064
9,1,5,Joanna Krupa,33.9999,0.21351868250850117,0.1645481396421113,0.019370506802372293,0.652446150704457
9,1,6,Kathy Ireland,19.9999,0.014352033003566068,0.006243646176597433,0.0001969773565167535,0.07889568928055726
9,1,7,Kelly Osbourne,30.9998,0.125404840316217,0.08510138288608428,0.009764295980109127,0.47068877413768384
9,1,8,Louie Vito,26.9998,0.04809407257130178,0.029663371485399173,0.0027837949991740083,0.21291284565776114
9,1,9,Macy Gray,18.9999,0.013082070312195786,0.005128573711975046,0.00012299720334640117,0.07716669593368237
9,1,10,Mark Dacascos,28.9998,0.07647981663526583,0.049155605020290524,0.005340905450191018,0.31677828464396185
9,1,11,Melissa Joan Hart,24.0,0.026186234485854165,0.014456985232831466,0.0009506432792560109,0.12407327973492843
9,1,12,Michael Irvin,19.0,0.012441139699591817,0.004905956301653694,0.00010370091228089041,0.07183027220841669
9,1,13,Mya,30.999899999999997,0.12349250541269917,0.08754959610859345,0.0104151821658773,0.4376113102069277
9,1,14,Natalie Coughlin,26.9998,0.04966007439584811,0.03092991429363751,0.00307716628113595,0.20525763054377685
9,1,15,Tom DeLay,19.9999,0.013311249495493916,0.0056380915439154045,0.00017146818553572058,0.07650601997721336
9,2,0,Aaron Carter,27.0,0.2825517410576091,0.2285097556765255,0.02516420490277361,0.7782583800583531
9,2,2,Chuck Liddell,19.0,0.019446083424334355,0.00848695832309948,0.00017563325849657472,0.1067410778688908
9,2,3,Debi Mazar,21.0,0.03612652472183047,0.018711235565790352,0.0009284014775579864,0.17589044721511038
9,2,4,Donny Osmond,25.0,0.13810366923651043,0.09652419504070059,0.011119961698233729,0.48872903667733697
9,2,5,Joanna Krupa,20.0,0.025335387979302598,0.011692980058866667,0.0004285859833543429,0.13011294892151198
9,2,6,Kathy Ireland,18.0,0.01541491100417812,0.0061079648426507005,9.625822514465745e-05,0.08966650805005957
9,2,7,Kelly Osbourne,19.0,0.02323934205021092,0.009338418886462543,0.00017595528779390814,0.13313332925780846
9,2,8,Louie Vito,19.0,0.019101261247845433,0.008408922404445577,0.00016384229774486032,0.10240442489183345
9,2,10,Mark Dacascos,21.0,0.038413893704146745,0.018369183625157364,0.0007596988245600739,0.20018788959124034
9,2,11,Melissa Joan Hart,19.0,0.018785863588749587,0.008397589219159252,0.0001917111342881464,0.10116234277661254
9,2,12,Michael Irvin,20.0,0.02757957604170086,0.012801738943307087,0.0003586521267403872,0.14883126749001957
9,2,13,Mya,27.0,0.30555517902292223,0.2554849990606684,0.02876843350613923,0.8018306362424857
9,2,14,Natalie Coughlin,21.0,0.03554307911129327,0.01964545909051888,0.0008652776935982338,0.17086986162342022
9,2,15,Tom DeLay,18.0,0.014803487809365867,0.005594348206840117,8.238251208679528e-05,0.09069325791232741
9,3,0,Aaron Carter,21.0,0.05464919326097746,0.032831691228304156,0.002394003491334093,0.23763234462886398
9,3,2,Chuck Liddell,17.0,0.020748814024254308,0.009151842224580157,0.00023401047899412772,0.11364878305253982
9,3,3,Debi Mazar,17.0,0.021423652662622947,0.009524217801871772,0.00023951408434982524,0.11709426383109059
9,3,4,Donny Osmond,21.0,0.05649273524379894,0.03313647738443805,0.0028666613575170762,0.2551082633070856
9,3,5,Joanna Krupa,23.0,0.09243802812616614,0.062023627149347435,0.006265479191271669,0.3629776498094404
9,3,7,Kelly Osbourne,20.0,0.04955137508088576,0.026331907909093115,0.001239748859348483,0.24568347530146073
9,3,8,Louie Vito,20.0,0.042020880317340976,0.02371883263534459,0.00130268628535821,0.1954566458394887
9,3,10,Mark Dacascos,18.0,0.02872129418416054,0.012867827659038659,0.00041487353058831987,0.1498155818428635
9,3,11,Melissa Joan Hart,19.0,0.03214980401300176,0.017177095099400963,0.000724803977039981,0.15567414850541786
9,3,12,Michael Irvin,14.0,0.011677745902200545,0.003776067414023293,3.3426796401392955e-05,0.07684572391704313
9,3,13,Mya,27.0,0.3381075439513764,0.28856409421823814,0.03378587805095693,0.8447008454045292
9,3,14,Natalie Coughlin,26.0,0.23887952155959452,0.1886834930434498,0.022792629998315907,0.7006292677039747
9,3,15,Tom DeLay,15.0,0.013139411673619752,0.00489100366147609,6.747886346927902e-05,0.0807022396493442
9,4,0,Aaron Carter,18.0,0.02259769910452657,0.010925419129094699,0.00041916057970287903,0.11995046526194279
9,4,2,Chuck Liddell,17.0,0.01899252492366744,0.00820078788909244,0.00023579672197875155,0.10703015579311376
9,4,4,Donny Osmond,24.0,0.08738676555490796,0.05658662283469833,0.007401927766647151,0.34569376315240524
9,4,5,Joanna Krupa,26.0,0.1349589735057562,0.098778449820255,0.011775043156724022,0.453980100984971
9,4,7,Kelly Osbourne,23.0,0.07744083184205588,0.04605586530455401,0.003677013141572858,0.3417012256595101
9,4,8,Louie Vito,16.0,0.015253563723037713,0.006284458083476752,0.00011487498923439423,0.08362357044435378
9,4,10,Mark Dacascos,22.0,0.057492691205379975,0.03241034537941426,0.0025327630775792823,0.26197340496440574
9,4,11,Melissa Joan Hart,28.0,0.2259051980873571,0.17406419562838488,0.02168174070195387,0.6742631423798457
9,4,12,Michael Irvin,16.0,0.017094784026057602,0.006561309861610657,0.00012195703133571397,0.10258117686149536
9,4,13,Mya,28.0,0.2547451370689449,0.20512985231454883,0.02346557812906735,0.7225483894933967
9,4,14,Natalie Coughlin,24.0,0.08813183095830872,0.05872756296695118,0.00628022177940634,0.33823571735156743
9,5,0,Aaron Carter,24.0,0.049198684829991735,0.02687093986253964,0.0011115090398894358,0.23344045704656555
9,5,4,Donny Osmond,29.0,0.4413006609412171,0.4152003563534603,0.04862693783890224,0.9307567323981133
9,5,5,Joanna Krupa,24.0,0.04820327289219288,0.02616868315341772,0.0011717045749074842,0.22750250778302805
9,5,7,Kelly Osbourne,24.0,0.05721836691617711,0.029061899020714706,0.001148977454625282,0.27958749682123857
9,5,8,Louie Vito,22.0,0.02297311370033975,0.010121304885554117,0.00014984362911332123,0.12691383020269204
9,5,10,Mark Dacascos,26.0,0.11791038557195943,0.07551811517155306,0.006310077749747552,0.46944462199029624
9,5,11,Melissa Joan Hart,23.0,0.03243179187499081,0.01600623704142456,0.0004118471177401636,0.16521454214215395
9,5,12,Michael Irvin,21.0,0.01801130952905964,0.006323079632520842,6.141474231168368e-05,0.10737431766592846
9,5,13,Mya,27.0,0.1891931154018682,0.14401076913477678,0.01536624269218255,0.603772466846378
9,5,14,Natalie Coughlin,22.0,0.023559298342203334,0.01090482523296194,0.00019148676950938846,0.12915009741785022
9,6,0,Aaron Carter,32.9998,0.1603177245779619,0.11749325609296254,0.014666141518153087,0.5481443590875563
9,6,4,Donny Osmond,30.999899999999997,0.10860592154328425,0.07101870461602652,0.008263681787912274,0.4297308384925045
9,6,5,Joanna Krupa,35.9999,0.30960397782264554,0.2651122736029533,0.033191380818015336,0.7826945183869889
9,6,7,Kelly Osbourne,24.9998,0.037693953029438225,0.017216977007643512,0.0005966407136798318,0.2082042318155723
9,6,8,Louie Vito,24.0,0.02604349017943519,0.01199680833242919,0.0003608162956864381,0.13811543625095496
9,6,10,Mark Dacascos,32.0,0.1346246328274153,0.09248822931351272,0.009550753843102016,0.487344520095287
9,6,11,Melissa Joan Hart,23.9999,0.025840061132669356,0.011779344600892331,0.0004303508066682188,0.13744728668924214
9,6,12,Michael Irvin,21.9998,0.020206108416578567,0.007769736872336112,0.0001463094007202793,0.12041062000626722
9,6,13,Mya,33.0,0.17706413047057173,0.13341963259634923,0.01585949875974908,0.5723386105992779
9,7,0,Aaron Carter,26.5,0.1956347470083263,0.14947711662363472,0.019158141024164237,0.6022319228107397
9,7,4,Donny Osmond,26.0,0.15722610411269072,0.11125710273332626,0.012349373215137648,0.5595508978636975
9,7,5,Joanna Krupa,27.5,0.33902993599804737,0.29786700457539794,0.03742441735726283,0.8132250746791049
9,7,7,Kelly Osbourne,26.0,0.16725584307751049,0.11842967046892391,0.011748818060666997,0.5870432071646601
9,7,10,Mark Dacascos,21.5,0.020415260849537077,0.006274053943348408,9.65357539807224e-05,0.12505230455854094
9,7,12,Michael Irvin,23.5,0.044481230533296896,0.022075087087655137,0.0009328542070109536,0.2293087449373904
9,7,13,Mya,24.5,0.07595687842059114,0.043766924997515555,0.0033734533123692197,0.3387608243311795
9,8,0,Aaron Carter,25.0,0.05658768904089657,0.02670899939990463,0.00042395607203539443,0.2936741938315633
9,8,4,Donny Osmond,25.0,0.06090868603765208,0.025304373692407005,0.0005824914942024975,0.3447170695377427
9,8,5,Joanna Krupa,26.0,0.09395915982030871,0.04919599242785069,0.001582798661257404,0.441222645256291
9,8,7,Kelly Osbourne,25.5,0.08572713886607172,0.04031287677123052,0.0008077566409212052,0.4421411639650624
9,8,13,Mya,29.5,0.7028173262350709,0.7785635906222672,0.12196268788136305,0.9937641130405841
9,9,4,Donny Osmond,24.666600000000003,0.05407679575237418,0.020317118689496576,0.00047214577648342166,0.3218136012882261
9,9,5,Joanna Krupa,27.0,0.17773380208641537,0.12026924902467445,0.00782770519775631,0.6404766276050388
9,9,7,Kelly Osbourne,25.9998,0.11742691446933799,0.06395535727064058,0.002094189646961347,0.5440938507736133
9,9,13,Mya,28.9999,0.6507624876918723,0.7068429706592299,0.1071115685448987,0.9825591603005185
9,10,4,Donny Osmond,28.9998,0.5353106516403553,0.5496565450444907,0.07673484362003115,0.9466546596091243
9,10,7,Kelly Osbourne,25.2222,0.07957392598600735,0.03169236311587949,0.000692736684943233,0.44754034759613764
9,10,13,Mya,28.3332,0.3851154223736373,0.3557094446970397,0.03629326580880987,0.8729950781050547
10,1,0,Aiden Turner,15.0,0.017636186611389788,0.0067642583811304904,0.00013010616196985114,0.10459985527940174
10,1,1,Buzz Aldrin,14.0,0.014410335039199527,0.0047878032298734495,6.221737093166328e-05,0.08576395557617214
10,1,2,Chad Ochocinco,18.0,0.03828966997274134,0.020607197589541038,0.0011225107171298585,0.17736099189033938
10,1,3,Erin Andrews,21.0,0.10069519515938351,0.06506276252093958,0.0062946422907730875,0.40609883891214715
10,1,4,Evan Lysacek,23.0,0.19439081192040283,0.1435787905537315,0.016097548324842125,0.6502051535904091
10,1,5,Jake Pavelka,20.0,0.06777484180285526,0.04117746339711803,0.0030092113182232766,0.2879112588349026
10,1,6,Kate Gosselin,16.0,0.021521886532868198,0.009329137583469767,0.0002748362211103192,0.11933063482099604
10,1,7,Nicole Scherzinger,25.0,0.37917220618953357,0.3392515398504604,0.037023314578516826,0.8730182366406007
10,1,8,Niecy Nash,18.0,0.038165738649490584,0.020037934949190293,0.0009467816891023861,0.18929572701028607
10,1,9,Pamela Anderson,21.0,0.09354517466856964,0.05879283531391727,0.005783052914721388,0.3822753132744559
10,1,10,Shannen Doherty,18.0,0.0343979534535657,0.018478412826363623,0.001058341277581193,0.17271232903517877
10,2,0,Aiden Turner,19.0,0.0425344215171745,0.023119394763229162,0.0012877031570479901,0.20949724762663946
10,2,1,Buzz Aldrin,12.0,0.011498481201016639,0.003414228598094849,3.265731831840098e-05,0.07044127489884143
10,2,2,Chad Ochocinco,16.0,0.02282985572861374,0.010276764073662816,0.0003238063727714766,0.11724428018437363
10,2,3,Erin Andrews,23.0,0.113059137960469,0.07556571994266491,0.007619322452142351,0.4336251980724678
10,2,4,Evan Lysacek,24.0,0.1451916199629293,0.09995640643180431,0.010901537031173587,0.5365020906609579
10,2,5,Jake Pavelka,20.0,0.05155082912312113,0.029027433884059678,0.0018665837331505765,0.23193824676306452
10,2,6,Kate Gosselin,15.0,0.01795417228813016,0.007276531514847528,0.0001777878331057282,0.10311896725047849
10,2,7,Nicole Scherzinger,28.0,0.39890704447360525,0.36259633123689783,0.038389994973902275,0.890181188776801
10,2,8,Niecy Nash,21.0,0.06631186103181896,0.039345808560101767,0.003116647390658557,0.2868864199671643
10,2,9,Pamela Anderson,22.0,0.08267006717187662,0.05110226595418223,0.004712175808689183,0.3473438645696919
10,2,10,Shannen Doherty,20.0,0.047492509541244704,0.027559624623586357,0.002125740779735284,0.2174694354513246
10,3,0,Aiden Turner,20.0,0.0575934769990274,0.033469085263963465,0.0027850141773060003,0.2655935754146622
10,3,1,Buzz Aldrin,13.0,0.011760065788737133,0.0035145986134644206,3.408383635741418e-05,0.0735589792669218
10,3,2,Chad Ochocinco,20.0,0.056703425264854494,0.034494104489052706,0.002917229308526485,0.24385010023745485
10,3,3,Erin Andrews,23.0,0.14210583169372407,0.09846997427913376,0.010817931468377343,0.5110055114835537
10,3,4,Evan Lysacek,26.0,0.34926209197423375,0.29696761717034165,0.0336635054137524,0.8729998716739471
10,3,5,Jake Pavelka,21.0,0.07353099107756256,0.046139532921106105,0.003697626025758624,0.29704553513652293
10,3,6,Kate Gosselin,15.0,0.016239016954089507,0.006316429826386179,0.00013666129957959884,0.09324188255294685
10,3,7,Nicole Scherzinger,23.0,0.144232683763804,0.10240408271022561,0.009976789621917791,0.5072038923115444
10,3,8,Niecy Nash,21.0,0.07461815951147852,0.04637121757967082,0.003939652819760154,0.3081734349866421
10,3,9,Pamela Anderson,21.0,0.07395425697248857,0.04464169664764327,0.00440749267025974,0.31127449616190805
10,4,0,Aiden Turner,16.5,0.023266187675211703,0.009221398976991348,0.0002228520291013165,0.1369925706118511
10,4,2,Chad Ochocinco,22.0,0.09503383040039771,0.0634396668553096,0.006025737517091121,0.3734815989997398
10,4,3,Erin Andrews,19.5,0.05144152159846681,0.026635088795441117,0.0014407734603900239,0.2510074148534612
10,4,4,Evan Lysacek,26.0,0.3388462861876793,0.2903158961032543,0.03544754110315564,0.8462871507750735
10,4,5,Jake Pavelka,19.0,0.041767177883900615,0.020729882408282746,0.0009582540726456812,0.20998244257849255
10,4,6,Kate Gosselin,16.0,0.01950389722121474,0.007391824059886945,0.0001526511318028296,0.11338617282538611
10,4,7,Nicole Scherzinger,25.0,0.2517059277556047,0.2001619778577325,0.022074290132075822,0.722056239842448
10,4,8,Niecy Nash,18.0,0.03216378356745493,0.015182390972794474,0.0005054432759739958,0.16797324904105518
10,4,9,Pamela Anderson,23.5,0.1462713877100695,0.1008935683392055,0.011819405566107371,0.5275765024342856
10,5,2,Chad Ochocinco,18.0,0.034720437785197254,0.016341969241746107,0.0005906353357641405,0.17249636797295853
10,5,3,Erin Andrews,22.0,0.08299386694300366,0.048410734480816106,0.003442642827239874,0.3620389361774437
10,5,4,Evan Lysacek,27.0,0.25768841684328675,0.2019616294787293,0.023139936986885455,0.7549577349517969
10,5,5,Jake Pavelka,23.0,0.09513442620259285,0.05930733117472363,0.004442126957916942,0.38177917650050375
10,5,6,Kate Gosselin,15.0,0.019463744149501815,0.0067545899078159275,0.0001091877333803204,0.11832102878878324
10,5,7,Nicole Scherzinger,29.0,0.41395121773391413,0.38573543284299283,0.04347068015813765,0.891610902957764
10,5,8,Niecy Nash,18.0,0.03413255243113855,0.015718810632442955,0.00046508370453989933,0.1807274012548538
10,5,9,Pamela Anderson,21.0,0.061915337911364866,0.03341948220505471,0.001965419219986791,0.2874781265154214
10,6,2,Chad Ochocinco,30.999899999999997,0.11090288832007235,0.07316962936683799,0.006363276693583236,0.41818064608808225
10,6,3,Erin Andrews,34.0,0.2570355543313774,0.2036244713201193,0.02072950044418448,0.740574813542401
10,6,4,Evan Lysacek,27.0,0.045003707538719746,0.020667852382861736,0.0008223753394105048,0.22764247821747965
10,6,5,Jake Pavelka,24.999899999999997,0.0279073887095692,0.010442511890555208,0.00022783461839731865,0.16344445605610353
10,6,7,Nicole Scherzinger,35.9999,0.4400794404499676,0.4153401619630868,0.05083338867999415,0.9024859712234622
10,6,8,Niecy Nash,25.9998,0.03381129216159357,0.014964072011325519,0.00039726270204072173,0.17621378999287082
10,6,9,Pamela Anderson,29.9998,0.08525972848870017,0.04987202812428672,0.0033515340435557183,0.37881385708063603
10,7,2,Chad Ochocinco,26.0,0.11154431295636937,0.07226160240751327,0.006043224477366459,0.4357350811449802
10,7,3,Erin Andrews,25.5,0.07151634169338654,0.03659222096531187,0.001923159221147147,0.34306286123916346
10,7,4,Evan Lysacek,27.0,0.361537424465391,0.31813755009897293,0.03880933811888437,0.8623019380812853
10,7,7,Nicole Scherzinger,27.0,0.36459140422543024,0.3240362114239167,0.036578306808645614,0.8478120864939527
10,7,8,Niecy Nash,24.5,0.025733707686049354,0.009411165509361314,0.00014614299660079612,0.1530069607151422
10,7,9,Pamela Anderson,25.5,0.06507680897337353,0.03352632682211705,0.0018648584372056055,0.3099320626500936
10,8,2,Chad Ochocinco,22.5,0.053123160663005334,0.0245299709621093,0.0008736704220452153,0.2654263231143597
10,8,3,Erin Andrews,26.5,0.19146957112025056,0.13610403295290763,0.011772355288213233,0.650199589047736
10,8,4,Evan Lysacek,26.5,0.19064720057693285,0.13653507549567867,0.012014307937965147,0.6630473871926729
10,8,7,Nicole Scherzinger,29.5,0.524992032383173,0.5294750743327926,0.07175531097904173,0.9450849849752395
10,8,8,Niecy Nash,21.5,0.0397680352566382,0.016242438443528774,0.0003542160407379119,0.22304085263752038
10,9,2,Chad Ochocinco,26.0,0.0439984295743137,0.01672339494932466,0.00043711418679825026,0.2455004884870921
10,9,3,Erin Andrews,28.0,0.14997862788626296,0.09330533555952349,0.00672236774044544,0.5818632794009524
10,9,4,Evan Lysacek,29.5,0.40121908153498637,0.36480672704456474,0.04467919303951198,0.8947739399151532
10,9,7,Nicole Scherzinger,29.5,0.40480386100443705,0.37439702625334104,0.04290011327959973,0.8802005934799789
10,10,3,Erin Andrews,26.9998,0.12606658290918493,0.0643823239816628,0.002104794497094202,0.5849271202648456
10,10,4,Evan Lysacek,26.888699999999996,0.1112649554323098,0.05373333892596699,0.0016652358459114656,0.5456789444800036
10,10,7,Nicole Scherzinger,28.7777,0.7626684616585053,0.843127412456725,0.1745499774165562,0.9940640358863057
11,1,0,Audrina Patridge,19.0,0.04980176516135175,0.02951836157888859,0.002319619088520166,0.21930270688983003
11,1,1,Brandy,23.0,0.18132290845278964,0.13875565000575468,0.018493908657982113,0.5705577710528317
11,1,2,Bristol Palin,18.0,0.035953458663953476,0.01901740035555919,0.0013055689027796967,0.17230333630397995
11,1,3,David Hasselhoff,15.0,0.01693503568281022,0.006724032292871672,0.0001635329098159256,0.10251683218095689
11,1,4,Florence Henderson,18.0,0.03588055104186288,0.019368778767288337,0.0012161860017729964,0.1730217591771436
11,1,5,Jennifer Grey,24.0,0.2711785567601857,0.22217734995198177,0.027110550556454487,0.7407910099801034
11,1,6,Kurt Warner,19.0,0.047673856535206234,0.02753127191268693,0.002036637864298184,0.225129039847447
11,1,7,Kyle Massey,23.0,0.1814971897378138,0.1345235275163357,0.01690136956825158,0.5886846738559163
11,1,8,Margaret Cho,15.0,0.017057287479036943,0.006841711881592825,0.0001617093715023231,0.09992217561708035
11,1,9,Michael Bolton,16.0,0.022285186591821677,0.01000434662453945,0.00039599730247101843,0.12371331232861876
11,1,10,Rick Fox,22.0,0.12323365836359339,0.0849426682871095,0.010185314120617198,0.4492524073651342
11,1,11,The Situation,15.0,0.01718054552957424,0.006716713602573795,0.0001561594385594319,0.10177854138613456
11,2,0,Audrina Patridge,23.0,0.16815746164927026,0.12695344728714458,0.01518449248306608,0.5480480902833867
11,2,1,Brandy,21.0,0.08128006433207104,0.055233997323637776,0.0067229651178986665,0.3045081682516409
11,2,2,Bristol Palin,22.0,0.11262874433988555,0.07925643043348546,0.009991011484020299,0.3989917952994705
11,2,4,Florence Henderson,19.0,0.0417763668226309,0.024271372553225444,0.0020027249963500164,0.1877785929084354
11,2,5,Jennifer Grey,24.0,0.24871929042019333,0.2001154075083838,0.024603785151256517,0.708382244919515
11,2,6,Kurt Warner,21.0,0.07965651892602053,0.05157641481484326,0.005792832082208148,0.33095550517817274
11,2,7,Kyle Massey,22.0,0.11551144886799981,0.08076156908110668,0.009971826091583067,0.41890613233885865
11,2,8,Margaret Cho,18.0,0.03296657285985735,0.016988542186999828,0.0010304883814913248,0.16269309694153652
11,2,9,Michael Bolton,12.0,0.0075297338622624934,0.001847733068915854,1.6745616987916486e-05,0.053913296172123065
11,2,10,Rick Fox,21.0,0.07856375039385444,0.04929281904836569,0.006164783687820325,0.3229731438294345
11,2,11,The Situation,18.0,0.03321004752595432,0.017204930384124087,0.001068613748479684,0.1726334220213198
11,3,0,Audrina Patridge,26.0,0.3279327638718802,0.28165777219223875,0.03135207857486353,0.8242132385380716
11,3,1,Brandy,24.0,0.13267784508400363,0.09687300261851764,0.012169265151101047,0.45166556084386456
11,3,2,Bristol Palin,19.0,0.020358995433421345,0.008067592296648673,0.00024733243455323656,0.11909296281219398
11,3,4,Florence Henderson,20.0,0.02748889559091796,0.013223088135593315,0.000592990783803614,0.1387773585168946
11,3,5,Jennifer Grey,24.0,0.1431521009921252,0.10259239804451895,0.011515060475184965,0.4960703552305609
11,3,6,Kurt Warner,23.0,0.08603365242030891,0.05577885339874501,0.0053841926505079326,0.35567869836987764
11,3,7,Kyle Massey,23.0,0.08821350218399206,0.05854247120460254,0.005453686741227873,0.34775431481430946
11,3,8,Margaret Cho,18.0,0.01555753484516798,0.005499963695314523,9.415634930344142e-05,0.09759098413849199
11,3,10,Rick Fox,24.0,0.12872598789243764,0.08788667971285574,0.011046657116535573,0.47776127868386425
11,3,11,The Situation,20.0,0.029858721685745007,0.013723922637360702,0.0005322900441816688,0.1676698026537297
11,4,0,Audrina Patridge,23.0,0.13068295294085763,0.09057212349219138,0.007699567371537387,0.4853877342388739
11,4,1,Brandy,24.0,0.1647051753207781,0.12112468107100302,0.0129754216967619,0.5477036565250128
11,4,2,Bristol Palin,16.0,0.02715920942873941,0.010925015071987489,0.000281070621982147,0.1589076766849927
11,4,4,Florence Henderson,17.5,0.035887773343088,0.01769551934381186,0.0005762763362784338,0.1843606946663877
11,4,5,Jennifer Grey,28.0,0.47144821767758166,0.45649773792167586,0.05992478024702549,0.9349118207136575
11,4,6,Kurt Warner,17.0,0.032269652632701006,0.015071654207230691,0.00038637151410537984,0.17585729131463282
11,4,7,Kyle Massey,20.0,0.06374803493546563,0.03702724435413437,0.001823569807134649,0.2851802908659908
11,4,10,Rick Fox,19.5,0.054543716700104196,0.028988046551390693,0.0015240077074482501,0.26171700984443974
11,4,11,The Situation,14.0,0.01955526702068436,0.006593962527523712,7.870024936951189e-05,0.12408829716248526
11,5,0,Audrina Patridge,23.0,0.08599985968175533,0.054071480440023814,0.004593522101891433,0.34217213560429105
11,5,1,Brandy,27.0,0.39437645412794453,0.3625064932863393,0.0486575196018011,0.8728174638336925
11,5,2,Bristol Palin,18.0,0.017758407870572517,0.0056733459673933475,9.888004664380998e-05,0.1149521083915559
11,5,4,Florence Henderson,21.0,0.041952570498671564,0.02125295251642857,0.0009980944614729624,0.20800515148957852
11,5,5,Jennifer Grey,25.0,0.19140471195573633,0.14578044909678353,0.016014243151588562,0.6010639590433071
11,5,6,Kurt Warner,24.0,0.11968631913033553,0.08049876422581947,0.007640369868401342,0.460912322754376
11,5,7,Kyle Massey,20.0,0.0317742359439699,0.014465942970539387,0.00041715923959172646,0.16768630933494275
11,5,10,Rick Fox,24.0,0.11704744079101433,0.07861593311740514,0.008148662116968958,0.4439726958876918
11,6,0,Audrina Patridge,31.9998,0.16617544568847678,0.12119958362150668,0.012251819235335103,0.5575569813650837
11,6,1,Brandy,35.9999,0.4763320776218394,0.46564876050642645,0.06516537446335996,0.9305294497621583
11,6,2,Bristol Palin,27.9998,0.060583831314402814,0.032045112351284516,0.0017797174794565468,0.2805351368391153
11,6,5,Jennifer Grey,29.0,0.08525111661019405,0.04903442454473014,0.002804309399677536,0.36997152563761126
11,6,6,Kurt Warner,21.9999,0.017332783989041405,0.005561640012988544,5.077869179228391e-05,0.11409293491994796
11,6,7,Kyle Massey,29.999899999999997,0.0995199940049109,0.062266419633098764,0.004274791791403739,0.3981700940551755
11,6,10,Rick Fox,30.0,0.09480475077113475,0.059009103533976426,0.004643432344573824,0.3898530715276413
11,7,1,Brandy,36.5,0.3507829727226968,0.3109548396697722,0.042368604763984775,0.8267165942086856
11,7,2,Bristol Palin,32.5,0.028389235758342155,0.009672874741461814,0.0002152647996332159,0.17875425282526633
11,7,5,Jennifer Grey,36.5,0.36643848908436427,0.33142230019402213,0.04457082725866908,0.8327717376534902
11,7,6,Kurt Warner,35.0,0.11943809638958862,0.07868873371440685,0.006106934043890653,0.46584260051011367
11,7,7,Kyle Massey,33.5,0.049193324847600535,0.023636136919362533,0.0007947749659169124,0.2506902824719247
11,7,10,Rick Fox,34.5,0.08575788119740761,0.05018930478387872,0.0037656609665283783,0.3855146205616562
11,8,1,Brandy,28.5,0.3203681017036407,0.2805090809921981,0.037025057869679016,0.7941705029619355
11,8,2,Bristol Palin,23.5,0.041217913633792715,0.016116310380508436,0.0005776151753785821,0.2412463069438828
11,8,5,Jennifer Grey,28.5,0.33687579441760157,0.29667016772763155,0.03772990551061363,0.8051694304123592
11,8,6,Kurt Warner,24.0,0.04732905950331515,0.02197460612696262,0.0007520656933490943,0.252904607387418
11,8,7,Kyle Massey,28.0,0.2542091307416498,0.2073114827776638,0.023181229741756293,0.7186666511072483
11,9,1,Brandy,28.5,0.1674128932124092,0.11576551129459711,0.009038098521683705,0.5836224694321382
11,9,2,Bristol Palin,26.5,0.043937848659148016,0.01582195594410505,0.0003753589908432715,0.26670657541662546
11,9,5,Jennifer Grey,30.0,0.5454445539712718,0.55472551685201,0.08937814086124367,0.9479849894527598
11,9,7,Kyle Massey,29.0,0.2432047041571711,0.19041618980448766,0.016691730990699635,0.7260045696305918
11,10,2,Bristol Palin,25.666600000000003,0.08323168895773755,0.03525004716224048,0.0008664901732531768,0.45274682963727075
11,10,5,Jennifer Grey,30.0,0.7334479631411572,0.8038117676604783,0.17593306828713104,0.9915362846345435
11,10,7,Kyle Massey,27.3332,0.18332034790110513,0.12152966454572459,0.005025058612332511,0.6740273159167552
12,1,0,Chelsea Kane,21.0,0.11133975117296203,0.0739062854143015,0.00688146269493518,0.4195430346459213
12,1,1,Chris Jericho,19.0,0.06264843877650184,0.03539694265998733,0.0026568476665724647,0.2924204868542833
12,1,2,Hines Ward,21.0,0.10814933309855312,0.07143352358622507,0.0069355913676063165,0.4209193842383759
12,1,3,Kendra Wilkinson,18.0,0.040001750365991795,0.022616398472431007,0.0014342159849725833,0.18270911130255008
12,1,4,Kirstie Alley,23.0,0.21711987316059236,0.16794299671401602,0.02244489036579078,0.6712944460092017
12,1,5,Mike Catherwood,13.0,0.011817429763557001,0.0038004625795165013,4.925490273121769e-05,0.07567949255206245
12,1,6,Petra Nemcova,18.0,0.04253226895764218,0.023165214936192308,0.0015640903480082125,0.20045636843004289
12,1,7,Ralph Macchio,24.0,0.3020565516400241,0.24933333831531782,0.0266709826960867,0.8026895333949473
12,1,8,Romeo,19.0,0.056815620951483244,0.03303007231460041,0.002855520435550807,0.2624918900402496
12,1,9,Sugar Ray Leonard,17.0,0.03343346012062965,0.016544930383234194,0.0007420240809084966,0.1741955330969316
12,1,10,Wendy Williams,14.0,0.014085521992062726,0.005256297169787842,9.675387515592645e-05,0.0823452833488674
12,2,0,Chelsea Kane,18.0,0.02997567466010967,0.013634052262463128,0.00043721932983385237,0.16294653576473123
12,2,1,Chris Jericho,23.0,0.23656112959987563,0.18679672343967613,0.02233935875474338,0.6977409460169202
12,2,2,Hines Ward,23.0,0.22621657760343286,0.1737262066561623,0.018895723169004782,0.6934273727501173
12,2,3,Kendra Wilkinson,19.0,0.037887048696384096,0.020818458599482628,0.0011800376231741456,0.17699705393070303
12,2,4,Kirstie Alley,20.0,0.06369561659249023,0.036457410837551454,0.0029707124996200783,0.30013307509016274
12,2,5,Mike Catherwood,17.0,0.019892283844385263,0.007810862826997618,0.00019470549188727021,0.11582210040565637
12,2,6,Petra Nemcova,18.0,0.02784849040137024,0.012911823453399248,0.0005140962239381691,0.14299471072733225
12,2,7,Ralph Macchio,21.0,0.09386517884354689,0.06089351461813458,0.005879303717967873,0.37081145811966193
12,2,8,Romeo,23.0,0.22494992950973566,0.17179014559675138,0.019178869980179095,0.6794837420812936
12,2,9,Sugar Ray Leonard,17.0,0.020513577110821822,0.00803700750023688,0.00018946043271016375,0.12030878247473621
12,2,10,Wendy Williams,17.0,0.018594493137847622,0.007640905247577005,0.0001899484916019747,0.10687695648411474
12,3,0,Chelsea Kane,23.0,0.11896365122014717,0.08057983872498586,0.007786561128218365,0.438238403585943
12,3,1,Chris Jericho,21.0,0.06044889935754012,0.03325746227677197,0.0026418805283304984,0.28759472864902846
12,3,2,Hines Ward,25.0,0.2532698217354055,0.20045402511598892,0.021824943671690272,0.7374533084133795
12,3,3,Kendra Wilkinson,23.0,0.1101866237610542,0.07566919189681492,0.009009899960298932,0.39550701703167823
12,3,4,Kirstie Alley,21.0,0.05858690275808254,0.03320662694886501,0.0026853956806186774,0.2715242553538485
12,3,6,Petra Nemcova,25.0,0.25332842713369147,0.20499060312291384,0.022943047964422147,0.7237377304815751
12,3,7,Ralph Macchio,21.0,0.055897675762473446,0.03299114281501866,0.0024189346573732728,0.24770159274861836
12,3,8,Romeo,20.0,0.03904711338197564,0.020365090847075263,0.0012359042477986836,0.19965294909536557
12,3,9,Sugar Ray Leonard,20.0,0.04161755995531294,0.021095527138252593,0.0010497614328547533,0.21519294625262245
12,3,10,Wendy Williams,15.0,0.008653324934316975,0.0023338187142164036,1.8027138026457077e-05,0.05587929369998139
12,4,0,Chelsea Kane,26.0,0.3017371569801132,0.2567638223838582,0.029478207632189012,0.7792891995290688
12,4,1,Chris Jericho,23.0,0.0800073648297877,0.047547282077617076,0.0044375951941293176,0.3509143862393498
12,4,2,Hines Ward,25.0,0.18620523118226764,0.13296400496657695,0.015390812518516239,0.6199118979426602
12,4,3,Kendra Wilkinson,18.0,0.010698937067084647,0.00330246319882125,3.9252269888776044e-05,0.070248655824273
12,4,4,Kirstie Alley,22.0,0.05164653034297586,0.02751971317378387,0.002025071895830546,0.25733253842017917
12,4,6,Petra Nemcova,23.0,0.0734535315945825,0.04525939628940839,0.003926806827544249,0.31057613322264055
12,4,7,Ralph Macchio,25.0,0.18888901530973498,0.14120389584006798,0.014767786703483509,0.61225315103839
12,4,8,Romeo,23.0,0.07343885545274861,0.043967316401378825,0.004049194862779603,0.31944448070357223
12,4,9,Sugar Ray Leonard,21.0,0.03392337724070483,0.01593818882168794,0.0007129429337791784,0.1796438173692595
12,5,0,Chelsea Kane,26.0,0.18806039505245398,0.13886599250867185,0.01435843853062512,0.6083085455825764
12,5,1,Chris Jericho,26.0,0.19204594990185947,0.14310675132326267,0.01654026963130256,0.6148748846879224
12,5,2,Hines Ward,27.0,0.30734746408139135,0.2557376248027609,0.027714280222018436,0.8065025454391758
12,5,3,Kendra Wilkinson,22.0,0.02652699064030516,0.012057716043614379,0.0003909880763745159,0.14434984550431446
12,5,4,Kirstie Alley,23.0,0.04671366080741539,0.02259728401382019,0.0011418002114296554,0.2553323256733822
12,5,6,Petra Nemcova,22.0,0.028546074996450052,0.012093129836950017,0.0004168865515666621,0.1530052340542157
12,5,7,Ralph Macchio,22.0,0.028710784832691703,0.012414933836668873,0.0004129426754822965,0.15623278885612524
12,5,8,Romeo,26.0,0.18204867968743293,0.13213137456793594,0.01453238349040646,0.6059455985660825
12,6,0,Chelsea Kane,28.0,0.29623131674903186,0.251296543806903,0.028641760756704816,0.7747473598628406
12,6,1,Chris Jericho,22.0,0.022335277082459543,0.006552727115378617,0.0001260641912032255,0.14157848501294235
12,6,2,Hines Ward,27.0,0.1743860736414833,0.12525058674256556,0.013022405407225214,0.595032323881977
12,6,3,Kendra Wilkinson,25.0,0.062265605211108514,0.035713580541572185,0.002652901527069195,0.2795620815478468
12,6,4,Kirstie Alley,26.0,0.11114613271358086,0.07043126823367299,0.006865542689606279,0.4382506810761589
12,6,7,Ralph Macchio,24.0,0.043097926254057395,0.021069550495374328,0.0009962468910686285,0.22235940147678793
12,6,8,Romeo,28.0,0.29053766834827854,0.24014068659898938,0.025786219061394815,0.7801774384460635
12,7,0,Chelsea Kane,32.0,0.16608441281239117,0.11430886916621516,0.009376651043853738,0.584900678647887
12,7,2,Hines Ward,33.0,0.34408758271992823,0.29321455899687543,0.03428057570211202,0.8385006127458352
12,7,3,Kendra Wilkinson,30.5,0.05178814715422074,0.026295127605661855,0.001053458744152018,0.27028940211720515
12,7,4,Kirstie Alley,30.0,0.04366534412162196,0.017564373106874434,0.0005125259385408187,0.24909067067058763
12,7,7,Ralph Macchio,33.0,0.35409581331503015,0.3113531593089943,0.03414475856508071,0.851616823722371
12,7,8,Romeo,30.0,0.04027869987680775,0.0166845409263656,0.0005037993280401354,0.23807852957356798
12,8,0,Chelsea Kane,27.5,0.3710210927241705,0.33907160913794593,0.038118710908264325,0.8407819415014195
12,8,2,Hines Ward,27.0,0.2634317200789694,0.21047056231036643,0.022366304914421056,0.7484061068752784
12,8,4,Kirstie Alley,26.5,0.19941438907499814,0.14723304635136064,0.016861241308869537,0.6487409733968391
12,8,7,Ralph Macchio,23.0,0.027149306243099004,0.009567316705674005,0.00020801933720889778,0.16886798796818756
12,8,8,Romeo,26.0,0.13898349187876297,0.09195855374839387,0.00805709058177917,0.5338659487546276
12,9,0,Chelsea Kane,36.5,0.6622512284226234,0.7216692436229198,0.11719777613605917,0.982164069780938
12,9,2,Hines Ward,30.0,0.1757588468214856,0.11389329371364271,0.006824532233923071,0.6564248274898106
12,9,4,Kirstie Alley,27.0,0.10482760472346016,0.05326228427787506,0.0021751825169251345,0.5062499344116524
12,9,7,Ralph Macchio,24.0,0.057162320032430755,0.024177819546068704,0.0005492011727564565,0.31857852907221546
12,10,0,Chelsea Kane,29.666600000000003,0.46821241114592127,0.45869396315655586,0.04665897474778642,0.9163351721925322
12,10,2,Hines Ward,29.666600000000003,0.45444737085373943,0.4316336565640011,0.04957564438672312,0.9272161994539475
12,10,4,Kirstie Alley,27.999899999999997,0.07734021800033941,0.03027915392363848,0.0008964280055362235,0.4762167820007985
13,1,0,Carson Kressley,17.0,0.0325727994510403,0.017232272401470874,0.0009356033528395344,0.16153234625841933
13,1,1,Chaz Bono,17.0,0.031001462120504496,0.01646821877343018,0.0008165498228207501,0.1423737192658539
13,1,2,Chynna Phillips,22.0,0.24306730555455097,0.1949357014324321,0.022458182828066397,0.7034907079272997
13,1,3,David Arquette,18.0,0.0440167549027363,0.02507253871212143,0.001845810862449012,0.19784787684066496
13,1,4,Elisabetta Canalis,15.0,0.015047913770343573,0.006274404962112257,0.00014264048873796866,0.08436097896102929
13,1,5,Hope Solo,21.0,0.15052956394073816,0.10659578241597863,0.013378772316269787,0.5227328305654053
13,1,6,J.R. Martinez,22.0,0.24480965811521863,0.19971789736637108,0.02263823611516459,0.701582124983804
13,1,7,Kristin Cavallari,19.0,0.06779136939175293,0.04285823590497821,0.003821408628143679,0.27672572208185264
13,1,8,Metta World Peace (Ron),14.0,0.011442628366053201,0.0040692910511716356,6.850928908829385e-05,0.06655080645708837
13,1,9,Nancy Grace,16.0,0.023432366924445985,0.010589143434573876,0.0004512486677658947,0.13012816577232952
13,1,10,Ricki Lake,20.0,0.10975336995135265,0.0760361823962683,0.008090109026399086,0.4179624859230462
13,1,11,Rob Kardashian,16.0,0.026534807511262793,0.011187115518934742,0.00038298699885627794,0.14585359946741336
13,2,0,Carson Kressley,18.0,0.0186683499426715,0.007861188920397826,0.00023215594443045656,0.10580274004079457
13,2,1,Chaz Bono,17.0,0.011692835116466377,0.004022260779795889,6.354194917486801e-05,0.06747742748116345
13,2,2,Chynna Phillips,21.0,0.08354348989557552,0.05582328261664408,0.0058704519384484705,0.3232595750205017
13,2,3,David Arquette,18.0,0.0173994970262276,0.007452463406477199,0.0002041384945556248,0.0958518648024303
13,2,4,Elisabetta Canalis,21.0,0.07563694590100505,0.04880229494930531,0.005515202944912241,0.3070166825788928
13,2,5,Hope Solo,19.0,0.02846652935684732,0.014109158788251787,0.0007740988570475807,0.1398731482853844
13,2,6,J.R. Martinez,22.0,0.15430951627020167,0.11294460308286838,0.013265509746631031,0.5236382701812832
13,2,7,Kristin Cavallari,22.0,0.1473811816028918,0.10748173489618311,0.01167638941339642,0.5029376052272553
13,2,9,Nancy Grace,21.0,0.08501516906963053,0.05451799074730865,0.00612859527646916,0.3567738730774263
13,2,10,Ricki Lake,23.0,0.28717534777950066,0.23260238241975256,0.026703905864288512,0.7795482452986288
13,2,11,Rob Kardashian,21.0,0.09071113803898206,0.05723228113563569,0.005481988274584414,0.3666303011298886
13,3,0,Carson Kressley,23.0,0.048368829496453276,0.02794166861732833,0.00218910202266826,0.21727866524019862
13,3,1,Chaz Bono,18.0,0.008859712503208793,0.0025470329673351853,2.4222294954542062e-05,0.05471990320337338
13,3,2,Chynna Phillips,26.0,0.1719277216471276,0.12956483848921888,0.015937689165149448,0.5517091032221599
13,3,3,David Arquette,24.0,0.06841925590183437,0.04262841160365678,0.00402826129498026,0.2898539904626582
13,3,5,Hope Solo,24.0,0.06978049803416322,0.042960388997800414,0.004864011540666775,0.2934535678067293
13,3,6,J.R. Martinez,26.0,0.1758048170192788,0.132216532535809,0.015347050273730069,0.5840640044214831
13,3,7,Kristin Cavallari,24.0,0.07126178675651276,0.04602596574203392,0.003990997689045424,0.2867006246713839
13,3,9,Nancy Grace,21.0,0.023783195426798475,0.010482589753130326,0.0004541414600984209,0.1330729193304294
13,3,10,Ricki Lake,27.0,0.28252880899187294,0.23234988245867633,0.026638041594305172,0.7700238641429714
13,3,11,Rob Kardashian,24.0,0.07926537422274978,0.04780007246168484,0.0040689638094443415,0.34107523539681256
13,4,0,Carson Kressley,20.0,0.021600513288715158,0.008072326761639752,9.473300089477118e-05,0.12530135859149405
13,4,1,Chaz Bono,21.0,0.027590520292266173,0.011864587582900873,0.0002273675240261056,0.1454370304130281
13,4,2,Chynna Phillips,21.0,0.02931641551008489,0.01271459317452129,0.0002655166261109379,0.154732366831798
13,4,3,David Arquette,23.0,0.051082192323216986,0.02783036442634637,0.0009466979103922682,0.24327437794859472
13,4,5,Hope Solo,24.0,0.07474507097100426,0.0424991721662384,0.002591909048586689,0.33310579011933356
13,4,6,J.R. Martinez,26.0,0.1653192734430262,0.11681268732201153,0.009605186681123042,0.5764576207699902
13,4,9,Nancy Grace,21.0,0.02928508000026743,0.012126796644958427,0.00025872602667413564,0.16526241144831402
13,4,10,Ricki Lake,29.0,0.5166393031598177,0.5110771168708956,0.05828501646085075,0.962953807585861
13,4,11,Rob Kardashian,24.0,0.08442163101160122,0.04870029189261276,0.002267523652866571,0.37303252601161885
13,5,0,Carson Kressley,19.0,0.017282016492205843,0.0056737076127221665,6.881646952519275e-05,0.10491135071522219
13,5,1,Chaz Bono,21.0,0.030146897656969304,0.01364964409285986,0.00035802162911808074,0.15548729765725772
13,5,3,David Arquette,25.0,0.12593078986230158,0.08746982643957822,0.007783663688382997,0.4629211098013185
13,5,5,Hope Solo,24.0,0.08721191054638724,0.05334401154361261,0.0046102244604668404,0.36994417089853915
13,5,6,J.R. Martinez,28.0,0.4548598973527644,0.4385142173924135,0.05354329626217307,0.9191795187311483
13,5,9,Nancy Grace,22.0,0.04437057505082464,0.021622742904214683,0.0009844205312627126,0.2264427445158118
13,5,10,Ricki Lake,24.0,0.09701601978751816,0.061244835448574786,0.004263076902862273,0.3997160878740621
13,5,11,Rob Kardashian,25.0,0.14318189325102884,0.09740353463125592,0.008481500261691952,0.5164324182045537
13,6,1,Chaz Bono,19.0,0.026287043018160827,0.010113357231882768,0.0001953514786926384,0.1463547473342325
13,6,3,David Arquette,23.0,0.06418423282622855,0.03682320309343031,0.0019021251063870614,0.29412838929682417
13,6,5,Hope Solo,20.0,0.03308172872546608,0.014035593541842452,0.0003793565047510622,0.17804807194393169
13,6,6,J.R. Martinez,29.0,0.356459219499189,0.323109537065675,0.038708174057935474,0.8417802196642149
13,6,9,Nancy Grace,24.0,0.09005585583280293,0.052880076458341634,0.0039149729185477735,0.38828921377395836
13,6,10,Ricki Lake,29.0,0.3695756312050284,0.3284542274451836,0.03797241334219154,0.859485144917596
13,6,11,Rob Kardashian,22.0,0.06035628889312429,0.029768840752661,0.0012027245093565626,0.3002428297878225
13,7,3,David Arquette,23.5,0.0542075017477981,0.028353636783505734,0.0010465364987781824,0.27034139097926413
13,7,5,Hope Solo,25.0,0.14689100168102134,0.09889002897658583,0.01031017852767056,0.5325438346612003
13,7,6,J.R. Martinez,24.0,0.08512306897063689,0.04521459986810104,0.002448044216769299,0.3987244565639829
13,7,9,Nancy Grace,22.0,0.025267648002569476,0.00857768377627583,0.00014476140451934348,0.15515196338494977
13,7,10,Ricki Lake,26.5,0.45912050248771946,0.4394240702467785,0.05460321641536098,0.9230978913089145
13,7,11,Rob Kardashian,25.5,0.22939027711025475,0.17651569735554168,0.0166170906375532,0.7082527834446172
13,8,5,Hope Solo,26.0,0.12147302952382971,0.07452844036727255,0.004964921425224227,0.4885131480224075
13,8,6,J.R. Martinez,30.0,0.5966188182393627,0.6328789648045168,0.09512968676332201,0.9713791064931063
13,8,9,Nancy Grace,22.0,0.033141462129631545,0.01161142610111771,0.00017689495890629468,0.20235198546052538
13,8,10,Ricki Lake,26.0,0.13440539252204134,0.08692299902469075,0.005042300326466663,0.5284155195424179
13,8,11,Rob Kardashian,25.5,0.11436129758513477,0.06617512356138902,0.0032064630768023124,0.49498405675919976
13,9,5,Hope Solo,24.4998,0.04609712465657031,0.018065967111049255,0.00043146447188196346,0.2646878365893238
13,9,6,J.R. Martinez,28.0,0.11444370143114002,0.061636817078244414,0.0032223862826989027,0.5060288038006087
13,9,10,Ricki Lake,33.4999,0.47623303547299434,0.466250532970097,0.05610533117259993,0.9295172094232923
13,9,11,Rob Kardashian,32.4998,0.36322613843929535,0.3230542992151317,0.031577970359260764,0.8578079282543857
13,10,6,J.R. Martinez,28.1665,0.22570541927337606,0.154747463756019,0.009771726985216724,0.7410316414783175
13,10,10,Ricki Lake,27.999899999999997,0.08046237277995857,0.03534481001178047,0.0007598773688484289,0.4287061265267587
13,10,11,Rob Kardashian,28.3332,0.6938322079466653,0.7576101731395399,0.1337805333786588,0.9848958675858701
14,1,0,Donald Driver,21.0,0.02812432879950919,0.011853817260956016,0.00039695859676279786,0.1642117378860515
14,1,1,Gavin DeGraw,20.0,0.016826596249970727,0.0063779499569119776,0.00013166016529226354,0.10034944028552159
14,1,2,Gladys Knight,23.0,0.06210060268528443,0.03517084689287252,0.0032149124517687894,0.28398218944639564
14,1,3,Jack Wagner,23.0,0.06193648617989988,0.03603994181221414,0.0027386483311085223,0.27555208386468977
14,1,4,Jaleel White,26.0,0.27357474817169297,0.21948067907080793,0.02539852296205867,0.7711559873727065
14,1,5,Katherine Jenkins,26.0,0.289714297415459,0.23412307418479744,0.02699931147241817,0.787875958112798
14,1,6,Maria Menounos,21.0,0.022041697209453745,0.01036877293416219,0.00032429440413802576,0.12132810962996557
14,1,7,Martina Navratilova,20.0,0.015026847093454098,0.0062620655787412926,0.00010087487607615952,0.08664965899903296
14,1,8,Melissa Gilbert,20.0,0.01661783289030726,0.006474178507815398,0.00010981105693650917,0.09890380994322863
14,1,9,Roshon Fegan,23.0,0.05521414258506686,0.03119648522568031,0.002225872594729115,0.2566286741695568
14,1,10,Sherri Sheperd,23.0,0.05617164930428448,0.034691754182155754,0.002524894617015889,0.24110646765933402
14,1,11,William Levy,24.0,0.10265077141561733,0.06861532690996984,0.006848652029417223,0.39581310901476496
14,2,0,Donald Driver,24.0,0.10293485652748241,0.06646198700617714,0.007517225225594146,0.4051432327929696
14,2,1,Gavin DeGraw,21.0,0.032403037021238076,0.016596525787433015,0.0010822821752673277,0.15959300781449812
14,2,2,Gladys Knight,19.0,0.018592791827523575,0.007235716910965692,0.00022930436844313117,0.11109235144143931
14,2,3,Jack Wagner,21.0,0.033001325872754395,0.017174724235426105,0.0010624066464951225,0.16244967773893124
14,2,4,Jaleel White,22.0,0.04374368582669768,0.024751797914571542,0.0019043630069218516,0.20231568204642109
14,2,5,Katherine Jenkins,26.0,0.21553750538751773,0.16212133480081825,0.02090560027958383,0.678114869694447
14,2,6,Maria Menounos,25.0,0.12698149768965122,0.08868103211540962,0.009722288619553876,0.46284855471240227
14,2,7,Martina Navratilova,17.0,0.008837995016702157,0.0030432786299839235,3.531653947989608e-05,0.054476408620325156
14,2,8,Melissa Gilbert,20.0,0.023360248944805616,0.011009895465378377,0.0004284920403495846,0.1249506665146587
14,2,9,Roshon Fegan,26.0,0.1885942181631322,0.13803683403672234,0.017211528682736985,0.6146426075929751
14,2,10,Sherri Sheperd,23.0,0.06067790934506111,0.0386027969487815,0.0037337250059404884,0.25454180604061316
14,2,11,William Levy,25.0,0.14533492837743386,0.10487790055764476,0.012034342337051357,0.5065346259421095
14,3,0,Donald Driver,26.0,0.07235175361114014,0.040281691601599806,0.002529456174938763,0.33453414155621003
14,3,1,Gavin DeGraw,24.0,0.02346534618305608,0.009602996690210629,0.00021562546293944876,0.13086598303360183
14,3,2,Gladys Knight,24.0,0.024944582870790294,0.0098707079768913,0.00022574954350450084,0.1454311378811432
14,3,3,Jack Wagner,24.0,0.023837459343500452,0.010265265734887735,0.00019976511956347083,0.13406015508124758
14,3,4,Jaleel White,25.0,0.03705699962149087,0.01857381977917269,0.0006740002156554924,0.18579603590864147
14,3,5,Katherine Jenkins,29.0,0.40752540168258267,0.36550204364415717,0.04428464061765848,0.9052272631280407
14,3,6,Maria Menounos,27.0,0.10597977698934327,0.0691153099154843,0.006122909487673829,0.4238060892124391
14,3,8,Melissa Gilbert,24.0,0.02319246116825676,0.009734420615535894,0.0001909969094181235,0.13237314011221685
14,3,9,Roshon Fegan,25.0,0.03521808906020903,0.016945774832080096,0.0006004997089594316,0.18625325939853682
14,3,10,Sherri Sheperd,24.0,0.021331120536200735,0.009734278048986727,0.00019633210917127344,0.1143056535677678
14,3,11,William Levy,28.0,0.22509700893342968,0.1744706136336851,0.017059323959575396,0.6828218712236098
14,4,0,Donald Driver,27.0,0.34868970654620923,0.30031577552102295,0.03636266828254736,0.8562532258097884
14,4,1,Gavin DeGraw,23.0,0.052455867063930454,0.027906178165233657,0.0018131408788243548,0.2525275157811453
14,4,2,Gladys Knight,20.0,0.017921075805648924,0.0060700965219342585,9.27186911085619e-05,0.11179553261141925
14,4,4,Jaleel White,22.0,0.033499078126111255,0.016375931863215246,0.0005623286108669211,0.16985066723256664
14,4,5,Katherine Jenkins,24.0,0.08477627285977338,0.05053445163054483,0.004115612930602949,0.3711505421008786
14,4,6,Maria Menounos,26.0,0.18600634106173153,0.13594643622909983,0.01431959444406597,0.6072133199350623
14,4,8,Melissa Gilbert,22.0,0.03484455497292627,0.01740002128692537,0.0005476320457387754,0.18316206092481335
14,4,9,Roshon Fegan,26.0,0.18419312032156604,0.13312832266398755,0.015848107641762896,0.6222738584004931
14,4,10,Sherri Sheperd,21.0,0.02168615331940924,0.009880319111020105,0.00024049798911162797,0.11653845283533194
14,4,11,William Levy,22.0,0.03592782992269365,0.01822840045592696,0.0007224251573895133,0.1910465823942015
14,5,0,Donald Driver,27.0,0.14370251790568,0.09806518903168304,0.011058155859877626,0.5240337724406274
14,5,1,Gavin DeGraw,19.0,0.015836281965488034,0.005250934423668443,9.431186796490528e-05,0.09754218922809577
14,5,2,Gladys Knight,22.0,0.03376181707333075,0.015056423832343138,0.0007227024453805154,0.18937154710646642
14,5,4,Jaleel White,24.0,0.052518859627256075,0.02950340807291412,0.0019166421702219874,0.23785849848697485
14,5,5,Katherine Jenkins,29.0,0.25815594122276564,0.20338640247932194,0.0250735968170893,0.7440055647325376
14,5,6,Maria Menounos,27.0,0.12042175098377157,0.0820620034141058,0.008804859414089457,0.45549422849336585
14,5,8,Melissa Gilbert,21.0,0.02488496347851914,0.010845885708119108,0.00031691408838552525,0.14053665182832756
14,5,9,Roshon Fegan,26.0,0.08841630657725273,0.0548432387263617,0.0055432729863030515,0.3706732331965933
14,5,11,William Levy,29.0,0.2623015611659361,0.21076145852169337,0.023471205451521208,0.7347337706474665
14,6,0,Donald Driver,33.9999,0.12065057581906974,0.07894898931246516,0.007469826469138477,0.47040015114388994
14,6,2,Gladys Knight,24.0,0.01898638834845892,0.005970407877806692,9.815401749096771e-05,0.12481108904012829
14,6,4,Jaleel White,36.9998,0.2085037959772331,0.1582348682814411,0.017588603253086237,0.6504951548111757
14,6,5,Katherine Jenkins,38.9999,0.3450023089381958,0.29772778334398764,0.037857842065676724,0.8417696311298302
14,6,6,Maria Menounos,29.999899999999997,0.044863629215582734,0.023415174382075063,0.0012722137786911965,0.2231009523570925
14,6,8,Melissa Gilbert,30.0,0.04997160214735361,0.026030878460603882,0.001335740165922719,0.24631907943253492
14,6,9,Roshon Fegan,27.9998,0.03192297177321139,0.014113219452006978,0.00048673918960425095,0.1838718413848906
14,6,11,William Levy,36.0,0.18009872778089475,0.13207196675014732,0.013602645868194443,0.5946188577458845
14,7,0,Donald Driver,26.5,0.12355050628154342,0.07716431305852031,0.005931322248450246,0.49281643129845976
14,7,4,Jaleel White,25.5,0.05624315076797931,0.029964684508237374,0.0012606540398396677,0.25995190415999886
14,7,5,Katherine Jenkins,27.0,0.16741265853579626,0.1187157189667303,0.010129328333441757,0.6075817255129686
14,7,6,Maria Menounos,28.5,0.44379491458744014,0.4211833184500001,0.04463713387619174,0.9307627947998621
14,7,8,Melissa Gilbert,23.5,0.01856040949727188,0.005940423054847457,4.292548931418727e-05,0.12216734281342354
14,7,9,Roshon Fegan,26.0,0.073363070192882,0.041325980572679985,0.0024088131647464193,0.33954582436190495
14,7,11,William Levy,26.5,0.1170752901370869,0.07789483842802106,0.005686259093961175,0.46179406959290514
14,8,0,Donald Driver,27.5,0.15396236850021128,0.10151614724721447,0.009373862773269783,0.5649224303293181
14,8,5,Katherine Jenkins,27.5,0.14814345985743602,0.0986441683420026,0.008968619834044844,0.566460978863895
14,8,6,Maria Menounos,26.5,0.04951874590626046,0.02488577893900388,0.0010890862156352626,0.2461560720336764
14,8,8,Melissa Gilbert,25.5,0.024368371738394186,0.008634916862810618,0.00011912686723264519,0.15217366925574094
14,8,9,Roshon Fegan,28.0,0.21182283453212764,0.1571734012827376,0.01859141641624455,0.6560229789071153
14,8,11,William Levy,28.5,0.4121842194655705,0.3810933281999317,0.046239775834954526,0.8887603005983221
14,9,0,Donald Driver,28.5,0.1245143741236991,0.06823819384523473,0.0030826872029529884,0.556815866479238
14,9,5,Katherine Jenkins,28.0,0.0588005700052864,0.021709257223053516,0.0004044365017227144,0.34935921724717506
14,9,6,Maria Menounos,29.5,0.5528326891022273,0.5752874290434109,0.07494593954841039,0.9606742728923799
14,9,11,William Levy,29.0,0.2638523667687872,0.21173838339096573,0.01648863062829987,0.7547251338654094
14,10,0,Donald Driver,29.666600000000003,0.12528435642881708,0.061721784592705706,0.0015604859437755739,0.5984333661359749
14,10,5,Katherine Jenkins,30.0,0.7549195723271821,0.8342281762554892,0.1835750070656699,0.9949740734142274
14,10,11,William Levy,29.666600000000003,0.11979607124400087,0.06167778794197335,0.0014997782182635516,0.5618410364281686
15,1,0,Apolo Anton Ohno,22.0,0.06979530529948631,0.044953342181293404,0.003729142022890465,0.2889031717752589
15,1,1,Bristol Palin,19.5,0.018801557804925588,0.00868347422156467,0.0002574072908287096,0.10138061755728532
15,1,2,Drew Lachey,21.5,0.051420683063009225,0.030236672397777255,0.0022664235710470057,0.22353469793908404
15,1,3,Emmitt Smith,24.5,0.28998608779366214,0.2342810077914052,0.02649888354933468,0.8095844043773041
15,1,4,Gilles Marini,24.0,0.20982973855471002,0.15753947853003425,0.018678855732904957,0.6655909585643283
15,1,5,Helio Castroneves,21.5,0.05434799062312729,0.03171946879913831,0.0025502322635607786,0.2318705926562963
15,1,6,Joey Fatone,20.5,0.02991198860840935,0.016008576571264935,0.0008537089071644386,0.14793278717455324
15,1,7,Kelly Monaco,21.5,0.053025864716250405,0.029894271980544757,0.002504359719008004,0.24069217706341625
15,1,8,Kirstie Alley,19.0,0.014893833948591615,0.006678050530868669,0.00014272644151526277,0.07954375112501601
15,1,9,Melissa Rycroft,21.0,0.046013919793288435,0.024772376191785246,0.0019791866332016152,0.21888614712018173
15,1,10,Pamela Anderson,17.0,0.007367752482574184,0.002061523230572019,1.4907641278218924e-05,0.04770242954727703
15,1,11,Sabrina Bryan,22.5,0.08620921596080695,0.054469852388938075,0.005500233479197678,0.3511064387347777
15,1,12,Shawn Johnson,22.0,0.0683960613511585,0.04360275599792977,0.0037402075029179817,0.27940175048026084
15,2,0,Apolo Anton Ohno,24.5,0.11401427549301092,0.07975834868091056,0.008920182198179454,0.4180728615657026
15,2,1,Bristol Palin,18.0,0.0067549485863764806,0.0018397704893310849,1.2289609323268318e-05,0.04297411729960559
15,2,2,Drew Lachey,22.5,0.04082336226937827,0.022931040201415134,0.0016458543304971823,0.18018356595008525
15,2,3,Emmitt Smith,22.5,0.04265244861038351,0.02386829034253467,0.0019340875251031332,0.2000616645951563
15,2,4,Gilles Marini,25.5,0.18682258572479282,0.13824458249723043,0.01759725023687544,0.6056974428363371
15,2,5,Helio Castroneves,23.0,0.054902803157378784,0.032414485410973234,0.0028540537562521968,0.23037825889599714
15,2,6,Joey Fatone,22.5,0.03951986087948439,0.02196181477106847,0.0017332445091952401,0.18187301865948186
15,2,7,Kelly Monaco,22.0,0.034010495939007374,0.01677296107898027,0.0010446789042506293,0.17461107228884232
15,2,8,Kirstie Alley,21.0,0.020259055053157518,0.00980973129912901,0.00037704292982304984,0.10001802868650882
15,2,9,Melissa Rycroft,23.5,0.07582134485167798,0.0470838906369193,0.0051218809757813556,0.31576232283447564
15,2,11,Sabrina Bryan,26.0,0.23919422193868423,0.18527219728660377,0.02017460540580381,0.7138790549024465
15,2,12,Shawn Johnson,25.0,0.1452245974966677,0.10516650368788134,0.012692044244280913,0.5036481794063261
15,3,0,Apolo Anton Ohno,25.5,0.06844355138909604,0.04328638339156687,0.003604843920192614,0.29274330552883326
15,3,1,Bristol Palin,22.5,0.008656579505487648,0.002619111955923929,2.4455230315086134e-05,0.05420313368971595
15,3,2,Drew Lachey,24.0,0.021924138288939625,0.010029068578965069,0.000348458586231346,0.11491929353788431
15,3,3,Emmitt Smith,25.0,0.04630404191565004,0.025707793244868812,0.0020678705235543573,0.21187640926584672
15,3,4,Gilles Marini,25.5,0.06500250709477588,0.039849804460169995,0.003897960508222646,0.27147690835467253
15,3,5,Helio Castroneves,25.5,0.06948226788287593,0.04190153229308535,0.0039095856454774034,0.2916160547483965
15,3,7,Kelly Monaco,27.0,0.2299263799689238,0.17287773952268826,0.01909339395224668,0.7017141384464317
15,3,8,Kirstie Alley,24.0,0.021179138672972227,0.010116141687982291,0.0003139009015516508,0.10611285009780452
15,3,9,Melissa Rycroft,27.0,0.2538246999057424,0.2030142883328414,0.02671996360085666,0.7355926444485252
15,3,11,Sabrina Bryan,25.5,0.06432558754848222,0.03711469321785935,0.00360938385597552,0.2839921107968959
15,3,12,Shawn Johnson,26.5,0.15093110782705416,0.10836264827049215,0.01216088892256584,0.5100144841802292
15,4,0,Apolo Anton Ohno,34.5,0.04909328887064105,0.02735904352434229,0.0016314136342340869,0.2290444713429833
15,4,1,Bristol Palin,32.0,0.021739651777155675,0.009410823554831003,0.0002726658191113798,0.11960677270928108
15,4,3,Emmitt Smith,36.0,0.07886583126132651,0.04772813192946284,0.0049679811428671485,0.3288167681750691
15,4,4,Gilles Marini,39.5,0.260021358543967,0.20861571559274783,0.026826521541387486,0.7313537595869145
15,4,7,Kelly Monaco,37.5,0.12932311768185237,0.08649966064803565,0.009306945623880299,0.484141106767789
15,4,8,Kirstie Alley,30.0,0.01235202349804003,0.0045035618913318014,5.650738539064438e-05,0.07110803175506754
15,4,9,Melissa Rycroft,37.0,0.12161112546140308,0.08097756208422524,0.009415631055632675,0.46287956801160857
15,4,11,Sabrina Bryan,35.5,0.0637671717883154,0.03568066590420592,0.003169352885685181,0.29249714943925437
15,4,12,Shawn Johnson,39.5,0.2632264311172989,0.21369794039117623,0.02569232206641519,0.7249941098322683
15,5,0,Apolo Anton Ohno,28.25,0.13086784668583315,0.09129682657479671,0.009851966874988741,0.47582621800914554
15,5,3,Emmitt Smith,28.0,0.10324258287068552,0.06779973684447778,0.007149741867017332,0.40524152033825933
15,5,4,Gilles Marini,28.25,0.12623419052412566,0.08749356668949351,0.01011333149865555,0.45990640691712553
15,5,7,Kelly Monaco,25.75,0.017188344046732553,0.005323940411284254,9.368360736575707e-05,0.10743819965771509
15,5,8,Kirstie Alley,26.25,0.021661667958240684,0.009746740191375279,0.0002435532045313368,0.11416076447917711
15,5,9,Melissa Rycroft,28.25,0.14368709932827217,0.09947909615746475,0.011511320239734044,0.5109492643876845
15,5,11,Sabrina Bryan,29.25,0.3279574838119084,0.279720429365262,0.03166145959720172,0.827478142445589
15,5,12,Shawn Johnson,28.25,0.12916078477420187,0.09090803782305765,0.009169508006010237,0.4611825550757438
15,6,0,Apolo Anton Ohno,30.0,0.29900511637172517,0.2529900390552128,0.02908143863651216,0.7850755810085197
15,6,3,Emmitt Smith,26.5,0.02360688098715524,0.008859472745628164,0.00019226042289459896,0.1397083246375247
15,6,4,Gilles Marini,27.5,0.043143733271325216,0.021648888821733464,0.0009005629036901745,0.21958123040419314
15,6,7,Kelly Monaco,27.0,0.032473640716701606,0.01310515709316747,0.00040970528195472867,0.1819726744884172
15,6,8,Kirstie Alley,27.5,0.041032299550313726,0.02122646343212855,0.0008848503935465833,0.1943544026640439
15,6,9,Melissa Rycroft,29.5,0.2175638963970596,0.16740986003002875,0.018768929605589083,0.6636733989937087
15,6,11,Sabrina Bryan,30.0,0.2797117218311994,0.23212185008544334,0.02676236249886427,0.7590597276932781
15,6,12,Shawn Johnson,28.0,0.06346271087452009,0.035629827451909485,0.0019119157426391714,0.2903587571646239
15,7,0,Apolo Anton Ohno,33.0,0.06033908381688515,0.032702228960817,0.0017458730237221887,0.2939986888627071
15,7,3,Emmitt Smith,34.4999,0.0893679002354647,0.054654949213880075,0.004592747489989602,0.36987731763822557
15,7,4,Gilles Marini,33.4998,0.0652851838819209,0.03676126734038477,0.0022733630155873487,0.2957101460288628
15,7,7,Kelly Monaco,36.0,0.13780461432195729,0.09096586341441976,0.008400665266154782,0.5121988802482353
15,7,8,Kirstie Alley,27.999899999999997,0.015558854390786764,0.005514463959592754,6.12605108461296e-05,0.09048053295197095
15,7,9,Melissa Rycroft,38.9999,0.3785978689423856,0.34134606697957415,0.04592688360502449,0.8710712826560657
15,7,12,Shawn Johnson,37.9998,0.2530464944105996,0.20406515641120287,0.022411017893358257,0.7094229364324902
15,8,0,Apolo Anton Ohno,29.2777,0.18029285893143263,0.13444395069824333,0.014144862995994649,0.5973095924032876
15,8,3,Emmitt Smith,29.0554,0.14999968482012588,0.1045608709438583,0.011886451357091333,0.5218073659915051
15,8,4,Gilles Marini,29.2777,0.17102258693953987,0.12403317807525388,0.015035544060483819,0.5709283242734523
15,8,7,Kelly Monaco,28.3333,0.0871943951108136,0.05142912136964449,0.004469295775235241,0.37756419022777893
15,8,8,Kirstie Alley,25.5,0.013612929939601537,0.00460149615846055,4.927537380250898e-05,0.08054173808658709
15,8,9,Melissa Rycroft,30.0,0.3352175429278652,0.2918676171256274,0.039127656290591555,0.8135943146651641
15,8,12,Shawn Johnson,27.8333,0.06266000133062126,0.03501526081523566,0.001994977398982151,0.28638464418587883
15,9,0,Apolo Anton Ohno,28.611,0.1937251080374381,0.1405401759199948,0.012789480376482813,0.643909259985657
15,9,3,Emmitt Smith,27.0,0.04396536572119225,0.01830794919518223,0.0005721334766830087,0.2484126810327715
15,9,7,Kelly Monaco,27.110999999999997,0.04875551025706446,0.019966110573693695,0.0006101717667081517,0.27819493543240725
15,9,9,Melissa Rycroft,28.7777,0.24796573587388457,0.19431321974500898,0.021418342569288134,0.7320781250881225
15,9,12,Shawn Johnson,29.5,0.46558828011042064,0.4570536855357511,0.06005625014055209,0.9112893927913557
15,10,7,Kelly Monaco,29.1109,0.18915439137253354,0.12050219196019549,0.005551260481575896,0.6978649800245305
15,10,9,Melissa Rycroft,29.3331,0.7289865814117504,0.8007858634926112,0.17693357275266886,0.9912124864278493
15,10,12,Shawn Johnson,28.9443,0.08185902721571603,0.03452704186653402,0.0005270861899652822,0.43750659491183397
16,1,0,Alexandra Raisman,21.0,0.09961743743462775,0.06915788589213852,0.008075605937169779,0.3632277799461266
16,1,1,Andy Dick,17.0,0.025808031292968086,0.012752897549443181,0.0005673698674532351,0.13530232362942443
16,1,2,D. L. Hughley,12.0,0.007113028177281652,0.0017910755926043998,9.184365102315543e-06,0.0496005380567371
16,1,3,Dorothy Hamill,21.0,0.11039388660179002,0.07273529958760691,0.008522896679953373,0.4227014942864474
16,1,4,Ingo Rademacher,20.0,0.0699189308610703,0.04499137868793279,0.0044129793762473874,0.2917894030040032
16,1,5,Jacoby Jones,20.0,0.07389095931828045,0.0456894516237411,0.0044404121984382115,0.3138798230074568
16,1,6,Kellie Pickler,21.0,0.10797133100124652,0.07502435473669838,0.00785198644478937,0.3966058424269294
16,1,7,Lisa Vanderpump,18.0,0.03649508460447263,0.020037068534375927,0.001103730855736329,0.17364466345801358
16,1,8,Sean Lowe,19.0,0.04818242434349478,0.02806074254265447,0.0024468459681777246,0.22123645537794018
16,1,9,Victor Ortiz,18.0,0.03505259243525566,0.019505303006657822,0.0012279468001012732,0.16262247973311048
16,1,10,Wynonna Judd,18.0,0.03775480509730423,0.019378050375808434,0.0012129018054071272,0.18759699876257632
16,1,11,Zendaya,24.0,0.3478014888322079,0.2985471028136978,0.03311485284117851,0.8554120571745257
16,2,0,Alexandra Raisman,24.0,0.13260267367908166,0.09470573423119795,0.011493242428728661,0.4610709664857484
16,2,1,Andy Dick,20.0,0.04300802978944233,0.024480305962202936,0.001738469854592089,0.19867580094368106
16,2,2,D. L. Hughley,16.0,0.01737692149091505,0.006917739178102756,0.00013798861597196156,0.10215783601483315
16,2,3,Dorothy Hamill,15.0,0.013852181735642635,0.004787206016444048,7.243868956865009e-05,0.0844637125588698
16,2,4,Ingo Rademacher,20.0,0.04177807810073856,0.02383090949944148,0.0014976296944481935,0.19188257877301113
16,2,5,Jacoby Jones,23.0,0.10423897581941374,0.06860869022557516,0.0076200939138002235,0.4052355912817925
16,2,6,Kellie Pickler,26.0,0.26510634045975506,0.21435986418686703,0.027077254405254207,0.7408502956825759
16,2,7,Lisa Vanderpump,18.0,0.02646749825859286,0.012690681211544014,0.00046169952341302574,0.13779572714643773
16,2,8,Sean Lowe,20.0,0.04136690981482867,0.022890012373488672,0.001671983660085385,0.19325588488249865
16,2,9,Victor Ortiz,18.0,0.02523365006713179,0.012349769904532633,0.0004859684257679481,0.1289222609401975
16,2,10,Wynonna Judd,18.0,0.027639792476944324,0.012385649534465564,0.0005344709423087275,0.15103640372568763
16,2,11,Zendaya,26.0,0.26132894830751335,0.20922748672693686,0.025428209833162612,0.7422167867612113
16,3,0,Alexandra Raisman,23.0,0.08543066275351748,0.057553249839302496,0.007096871183304191,0.318439982545465
16,3,1,Andy Dick,18.0,0.023820423267081444,0.010851970292739219,0.0005037474282100692,0.12999185343801814
16,3,2,D. L. Hughley,16.0,0.016313116628341274,0.006378514513046125,0.0001325203541673046,0.09473728328440399
16,3,4,Ingo Rademacher,21.0,0.049392848346581184,0.02949538342425373,0.0022737446066093117,0.21550861903693017
16,3,5,Jacoby Jones,25.9998,0.22709118975610998,0.17580426911194447,0.022503873371161626,0.6768444247874499
16,3,6,Kellie Pickler,25.0,0.1680725286238634,0.12470337373118029,0.016744725633929213,0.5520812930252994
16,3,7,Lisa Vanderpump,21.0,0.05256246410666268,0.030820994745303393,0.00246294911895714,0.2351953036624366
16,3,8,Sean Lowe,21.0,0.048592190495458126,0.028226243940885746,0.0024617757363118056,0.21879682054902574
16,3,9,Victor Ortiz,23.0,0.08986246948383472,0.059693454533467194,0.006321063833623005,0.3510042862926597
16,3,10,Wynonna Judd,15.0,0.013469120463621701,0.004259022888873667,7.0874239867655e-05,0.08711784080267837
16,3,11,Zendaya,25.9998,0.225392986074928,0.1774404249150677,0.021697718609816077,0.6874872305586808
16,4,0,Alexandra Raisman,27.0,0.2745625779116204,0.22499151755963465,0.02671818654038044,0.7536134776674994
16,4,1,Andy Dick,21.0,0.03979923870082091,0.021200926882024684,0.0012761641791289606,0.19637924892285796
16,4,2,D. L. Hughley,21.0,0.04230240580831134,0.022501431357762152,0.001175962361156279,0.20054445471787546
16,4,4,Ingo Rademacher,23.0,0.07106770724944657,0.044619826171795315,0.0036924881336253446,0.30378260972356996
16,4,5,Jacoby Jones,24.0,0.10324433927990043,0.06743789617043143,0.007215067227959816,0.40480321970078365
16,4,6,Kellie Pickler,26.0,0.20456940308008958,0.15754178458017562,0.020633331149738515,0.6198566805426241
16,4,7,Lisa Vanderpump,18.0,0.018140707405533064,0.007049986413722498,0.0001383529229140537,0.10577604546695432
16,4,8,Sean Lowe,20.0,0.028558436659324577,0.01387669550329898,0.0006079045595692644,0.14856962727467934
16,4,9,Victor Ortiz,18.0,0.01708458470139824,0.006902462454965478,0.00015291988701499542,0.09737226781814871
16,4,11,Zendaya,26.0,0.2006705992035549,0.1548394884422479,0.019057224709543782,0.6302553179785684
16,5,0,Alexandra Raisman,25.0,0.10465046605880077,0.07041995365639105,0.008210895650069362,0.38632817619203724
16,5,1,Andy Dick,18.0,0.019853928865158722,0.007463355372233466,0.00017924058333677176,0.1191576122369891
16,5,2,D. L. Hughley,18.0,0.021456840470432073,0.008312832880684436,0.00017187140747221746,0.12535420002814227
16,5,4,Ingo Rademacher,21.0,0.037252780793651366,0.019701853045541742,0.0009203845543911297,0.1780205272864714
16,5,5,Jacoby Jones,26.0,0.14834609934557577,0.10450856550446574,0.012064509493376369,0.5233398027993481
16,5,6,Kellie Pickler,27.0,0.19900225882517822,0.1545667520296764,0.018052389218289555,0.6218415964897284
16,5,8,Sean Lowe,24.0,0.07982050963925383,0.049660238307078775,0.004969203605240436,0.3322981445246157
16,5,9,Victor Ortiz,21.0,0.03813475419994812,0.019907499286696946,0.0010301120130059654,0.18849429436548845
16,5,11,Zendaya,29.0,0.3514823618020011,0.3106797886071271,0.037189526888356396,0.8438913320261083
16,6,0,Alexandra Raisman,26.0,0.22176467401297145,0.1723192795415518,0.020753415712409767,0.6632888066099852
16,6,1,Andy Dick,21.5,0.033332522110330776,0.015162866946810934,0.0005529113756776654,0.17980031227924725
16,6,4,Ingo Rademacher,23.0,0.05809222579609808,0.03332376738224188,0.0018980505316771833,0.2673579766084924
16,6,5,Jacoby Jones,22.5,0.05110649202393446,0.026126555767076932,0.001286791768069319,0.25865126211486883
16,6,6,Kellie Pickler,27.0,0.3763793655946698,0.33869808624815123,0.045660163044447505,0.8562293153142949
16,6,8,Sean Lowe,23.0,0.05779954387503806,0.031811153079505175,0.0020413081817098142,0.2646551256624881
16,6,9,Victor Ortiz,20.0,0.01870522339479255,0.007181268876618404,0.00011097748987915947,0.10884419637076709
16,6,11,Zendaya,25.5,0.18281995319216485,0.1352817150185009,0.016291858128056596,0.6092364669509799
16,7,0,Alexandra Raisman,32.0,0.3392807463328105,0.2964020111537277,0.035586753673702294,0.8257358030205411
16,7,1,Andy Dick,17.0,0.017299135162694556,0.005366524584504607,8.548037144976529e-05,0.11392278942407387
16,7,4,Ingo Rademacher,25.0,0.07088746352846689,0.042830548475988134,0.002888091230794898,0.3105722619632168
16,7,5,Jacoby Jones,27.0,0.11482367785383464,0.07463931965305844,0.007180197851108103,0.4594933171680607
16,7,6,Kellie Pickler,29.0,0.17985837652726364,0.1356143173657235,0.015604426409739912,0.5764432555658846
16,7,8,Sean Lowe,24.0,0.0573814066137555,0.03194737702236326,0.0021191595832039576,0.2664767973438617
16,7,11,Zendaya,30.0,0.22046919398117418,0.17257460133861843,0.021416820696772386,0.6693636729439555
16,8,0,Alexandra Raisman,28.0,0.23480305055898598,0.18779289402405502,0.022309621477951846,0.680022579816625
16,8,4,Ingo Rademacher,24.0,0.05590734039788176,0.030216603208700808,0.0015991865976089932,0.26331360053337444
16,8,5,Jacoby Jones,26.0,0.11899880362691377,0.07542252044195244,0.0067250656008563045,0.48522483204364525
16,8,6,Kellie Pickler,27.5,0.2073931721022569,0.16092251232197094,0.017724738841635085,0.6316130776575867
16,8,8,Sean Lowe,21.0,0.022785971807019755,0.00789145537450246,0.0001560510599970458,0.13942001401165294
16,8,11,Zendaya,29.0,0.3601116615069418,0.32414573454835305,0.04185265992773534,0.8425063847712835
16,9,0,Alexandra Raisman,29.5,0.31348610104034,0.2700845754253768,0.03329121374212153,0.7927802878760822
16,9,4,Ingo Rademacher,25.5,0.028938479296415666,0.01117444725577061,0.00019810494265152154,0.16677949846154924
16,9,5,Jacoby Jones,29.5,0.3268736003296955,0.27945640675462025,0.03434652405638135,0.8056603285600514
16,9,6,Kellie Pickler,29.0,0.2384171143871446,0.18985076311283047,0.022035717584749363,0.687095609826
16,9,11,Zendaya,27.5,0.09228470494640434,0.052361115460346844,0.004048981355136704,0.41928298519341145
16,10,0,Alexandra Raisman,29.0,0.12244880007503174,0.07655407233806205,0.00596504855714341,0.4812360460410503
16,10,5,Jacoby Jones,27.999899999999997,0.04906680912374327,0.019123130230395594,0.0004247167246648815,0.29544570110294976
16,10,6,Kellie Pickler,30.0,0.41788329371480126,0.39565456699426926,0.0490760046629007,0.880509037189658
16,10,11,Zendaya,30.0,0.41060109708642384,0.3829496413612033,0.04885384135213802,0.8858136466196828
17,1,0,Amber Riley,27.0,0.3294551843856667,0.27749568191981155,0.0315339246341316,0.8402415566351183
17,1,1,Bill Engvall,18.0,0.02172478309454214,0.008979983602624192,0.0003193434251425172,0.11630699551393825
17,1,2,Bill Nye,14.0,0.00859402319791627,0.0022648608666769655,1.9993422353421642e-05,0.05759642994117907
17,1,3,Brant Daugherty,22.0,0.0613569753957957,0.038077917654520496,0.0035784692533775892,0.2591433891828176
17,1,4,Christina Milian,22.0,0.05658361410727333,0.033919143729785384,0.0032696164565461086,0.24510103731408084
17,1,5,Corbin Bleu,24.0,0.12639651341165048,0.08700055310417647,0.009299827575663024,0.44855507884317397
17,1,6,Elizabeth Berkley Lauren,24.0,0.11181815295871493,0.07600228030620584,0.008262176244446699,0.40067851197738186
17,1,7,Jack Osbourne,23.0,0.0914956375920924,0.06106978343360407,0.006069863502132782,0.34077951784353616
17,1,8,Keyshawn Johnson,17.0,0.016042339952402788,0.006313290806080195,0.00015583585802891414,0.09426916844123794
17,1,9,Leah Remini,21.0,0.044969234512746925,0.02567031091719429,0.002074916725756792,0.2011425145362299
17,1,10,"Nicole ""Snooki"" Polizzi",23.0,0.08454968060113813,0.05487185298454966,0.005760833167901998,0.34361916143178883
17,1,11,Valerie Harper,21.0,0.04701386079006029,0.02589574131214427,0.001936832134669915,0.2181641487485588
17,2,0,Amber Riley,24.0,0.10682765621929662,0.07181836029809018,0.00814213816539183,0.3992909088187381
17,2,1,Bill Engvall,21.0,0.03656340912619323,0.018957957798888134,0.0013023022235201603,0.17539805189239027
17,2,2,Bill Nye,17.0,0.011484892405221067,0.0037326830529586675,6.649497034767732e-05,0.07186523159374505
17,2,3,Brant Daugherty,23.0,0.06849774990149868,0.043747116100648714,0.004864161027735654,0.2815989157042656
17,2,4,Christina Milian,25.0,0.13370248228857787,0.09456163046443905,0.012756592222680403,0.4784593714064702
17,2,5,Corbin Bleu,26.0,0.23475361751569146,0.18594285685595238,0.020823759041046174,0.6879801943393891
17,2,6,Elizabeth Berkley Lauren,25.0,0.14137067389602226,0.09845660894547915,0.012345041010979435,0.4791217345945205
17,2,7,Jack Osbourne,24.0,0.10846809281179512,0.07681214415727546,0.008759344886020608,0.3800687921288209
17,2,8,Keyshawn Johnson,18.0,0.014314224644952137,0.005532420245889396,0.00013729244507396262,0.08579898150007123
17,2,9,Leah Remini,24.0,0.09820010671201768,0.06863214148047052,0.007882620239474702,0.36989551457645475
17,2,10,"Nicole ""Snooki"" Polizzi",20.0,0.0260154009178978,0.012827375638119426,0.0006759049270612527,0.1376221663815893
17,2,11,Valerie Harper,19.0,0.019801693560836116,0.008302071406829353,0.0003044722056090851,0.11508696330875894
17,3,0,Amber Riley,24.0,0.08410864358513322,0.053898526920183376,0.005792756605853339,0.33873288115892497
17,3,1,Bill Engvall,24.0,0.08026504178455993,0.05194303433053156,0.006152734660003309,0.32110496571320596
17,3,2,Bill Nye,16.0,0.011255158889654312,0.003554827579300054,6.278652955206473e-05,0.06921821045899572
17,3,3,Brant Daugherty,27.0,0.19319614207409266,0.1484554834680168,0.020949677378458896,0.6070771980079291
17,3,4,Christina Milian,26.0,0.1311917245919459,0.09278194366531042,0.012715309678246807,0.4646515190867882
17,3,5,Corbin Bleu,26.0,0.15619028017449188,0.11535402137787777,0.013288323069926868,0.5082184175400631
17,3,6,Elizabeth Berkley Lauren,25.0,0.10172760221439389,0.06759191096457509,0.00854378590755731,0.36723587281180103
17,3,7,Jack Osbourne,22.0,0.0488994882729985,0.028460024934581937,0.0023049454797100075,0.20516027297253867
17,3,9,Leah Remini,24.0,0.07647646162425364,0.050084463740767055,0.005657579148556679,0.3030110593505548
17,3,10,"Nicole ""Snooki"" Polizzi",25.0,0.10548597545764746,0.07217206119545737,0.009018090602090401,0.39072230941721353
17,3,11,Valerie Harper,16.0,0.011203481330828663,0.0035513927236766594,5.965333317834464e-05,0.0725234982155333
17,4,0,Amber Riley,27.0,0.22451434554169653,0.1741245608005499,0.021971306848820645,0.6679865547630396
17,4,1,Bill Engvall,21.0,0.027216546410974568,0.011618316130644572,0.00047509169170588454,0.1454497520758782
17,4,3,Brant Daugherty,21.0,0.026116997822471653,0.011960891616593637,0.00044953374872860495,0.14919656069655027
17,4,4,Christina Milian,24.0,0.06284604313590848,0.03770969525497481,0.003838799346530191,0.27110738500495934
17,4,5,Corbin Bleu,27.0,0.23051789914537038,0.18278889383313582,0.02054114447767905,0.6772265236244053
17,4,6,Elizabeth Berkley Lauren,27.0,0.20584816831554364,0.15617932658368605,0.018840383543980377,0.6381279084845175
17,4,7,Jack Osbourne,24.0,0.07511409416757904,0.047250929379434155,0.003883455661603067,0.3028144614634637
17,4,9,Leah Remini,24.0,0.06737591773024255,0.04151105250806062,0.003993909007186037,0.27989785023221525
17,4,10,"Nicole ""Snooki"" Polizzi",24.0,0.06878067412070944,0.04213803772734598,0.0040717306129541804,0.29676462425025135
17,4,11,Valerie Harper,18.0,0.011669313609503707,0.0033652853694252456,4.2925692148484204e-05,0.07826687057831849
17,5,0,Amber Riley,26.0,0.07545723233840457,0.04580511735615965,0.004007554997968737,0.32172112662140046
17,5,1,Bill Engvall,24.0,0.027130138176228547,0.011595077683425794,0.00046895542752575033,0.1457974592506027
17,5,3,Brant Daugherty,27.0,0.12125105837219166,0.08431374869465547,0.01077697081967755,0.4347747314819791
17,5,4,Christina Milian,28.0,0.2026972277730591,0.15614789891266773,0.020190844095021348,0.6341765062085388
17,5,5,Corbin Bleu,28.0,0.2401582967113837,0.19219756763846968,0.02204927087943427,0.6848273071848211
17,5,6,Elizabeth Berkley Lauren,26.0,0.06653507114621858,0.04077305471925684,0.003720565350482265,0.26079356123128367
17,5,7,Jack Osbourne,27.0,0.133087441534008,0.09524027031198369,0.010677662412712592,0.4559278279811038
17,5,9,Leah Remini,22.0,0.01113146828363489,0.0031805663660274246,4.742098582103747e-05,0.06945948585124119
17,5,10,"Nicole ""Snooki"" Polizzi",27.0,0.12255206566487095,0.08614033754295689,0.009608403858224476,0.45015317899414026
17,6,0,Amber Riley,31.999899999999997,0.28080599471562595,0.231659731857683,0.028966923230957457,0.757839944612289
17,6,1,Bill Engvall,23.9999,0.017436654260776854,0.0052709753644947285,8.413655804084931e-05,0.10600297474182713
17,6,3,Brant Daugherty,31.0,0.1766961800940539,0.1314039205181921,0.01577095934982731,0.5802333573886567
17,6,5,Corbin Bleu,26.999899999999997,0.04549020754874386,0.02166939159486394,0.001039632389881679,0.2277617839074174
17,6,6,Elizabeth Berkley Lauren,31.9998,0.25787697590576475,0.20830895028930527,0.02396668396702892,0.7273470304224289
17,6,7,Jack Osbourne,26.9998,0.045091794212696004,0.022857151008312593,0.0011159868133098782,0.22396844635853383
17,6,9,Leah Remini,27.999899999999997,0.0560572314285956,0.030765347117381367,0.002429594510868167,0.2521949953504456
17,6,10,"Nicole ""Snooki"" Polizzi",30.0,0.12054496183374308,0.08127582748983908,0.008846201678508463,0.4559257610642728
17,7,0,Amber Riley,29.5,0.2848258228773321,0.23410925709267782,0.028982413781722546,0.7552997526047727
17,7,1,Bill Engvall,25.0,0.016998140742886823,0.005112291182563393,8.211374543018488e-05,0.10250018617693255
17,7,3,Brant Daugherty,28.5,0.13103994625708662,0.09107813759057642,0.010300776564955191,0.4735475638043681
17,7,5,Corbin Bleu,29.5,0.2924781291513674,0.24647713852738912,0.02908525034334754,0.7769636313627236
17,7,6,Elizabeth Berkley Lauren,27.0,0.046070833900807996,0.024667543151376647,0.001323396841301947,0.21224156060652363
17,7,7,Jack Osbourne,28.5,0.14344185144014696,0.10133131219322075,0.010025600201332472,0.4888836535291317
17,7,9,Leah Remini,26.5,0.03569328516165302,0.016823338261908027,0.0007956335668384198,0.17700094120358154
17,7,10,"Nicole ""Snooki"" Polizzi",27.0,0.049451990468719,0.026054896201803214,0.001634408260936579,0.24225664277043338
17,8,0,Amber Riley,28.0,0.1202868529109919,0.07803901657835816,0.006642417372944575,0.47190421731563664
17,8,1,Bill Engvall,24.0,0.022875491245807213,0.007537607326370274,0.0001421146368360504,0.13540616804122788
17,8,3,Brant Daugherty,27.0,0.07165128316918225,0.04140815115624255,0.002767637648355978,0.321094661439397
17,8,5,Corbin Bleu,30.0,0.32322537078838365,0.2774631218397675,0.03150777083562897,0.8086581527680735
17,8,6,Elizabeth Berkley Lauren,25.0,0.02933581552496726,0.012635110795464064,0.00036990537395156493,0.15494600289509716
17,8,7,Jack Osbourne,30.0,0.3213298366301446,0.2813107511459437,0.03358676305806586,0.8085934472485187
17,8,9,Leah Remini,28.0,0.11129534973052321,0.07378523624704547,0.006207073647588433,0.4338151328074731
17,9,0,Amber Riley,25.5,0.09041341768203616,0.05335645238554169,0.0038852209439874017,0.3905202193504458
17,9,1,Bill Engvall,21.0,0.02110538088909269,0.006084823487852504,9.602603753975099e-05,0.13178676190821614
17,9,5,Corbin Bleu,29.0,0.361961585082351,0.3256105198677757,0.038047420219275284,0.8446621269226401
17,9,6,Elizabeth Berkley Lauren,28.0,0.215968877758277,0.16650955865263156,0.019448279698695742,0.6486102888880748
17,9,7,Jack Osbourne,27.0,0.16276211549686437,0.1182056326891046,0.011306815227561396,0.5480167224424247
17,9,9,Leah Remini,27.0,0.14778862309137883,0.10462521866214389,0.010531855082311007,0.5244578527209289
17,10,0,Amber Riley,39.5,0.4738449418028014,0.4627753530933649,0.06228036887839636,0.9228880633584122
17,10,1,Bill Engvall,30.0,0.03701914807815693,0.012930385060432325,0.0002641899886170932,0.21788598605072718
17,10,5,Corbin Bleu,37.5,0.27296601630422973,0.21990648033712468,0.021670386116620588,0.7602091208494299
17,10,7,Jack Osbourne,35.5,0.1537146923977399,0.10269334431826435,0.007433631999635837,0.5588412533089316
17,10,9,Leah Remini,32.5,0.062455201417072025,0.03039050550685441,0.0013635842894775072,0.3039430613778205
17,11,0,Amber Riley,31.3332,0.5504736650680687,0.5673402583690166,0.08310207185454815,0.9544830711200942
17,11,1,Bill Engvall,25.499899999999997,0.04825600634428733,0.01752209142353299,0.000363345278687679,0.28438965067402977
17,11,5,Corbin Bleu,29.6664,0.2695904473014743,0.21129537275171037,0.01893558716391218,0.7628145725276274
17,11,7,Jack Osbourne,27.999899999999997,0.13167988128616967,0.07954682121598838,0.004212005350960792,0.5410565528610213
18,1,0,Amy Purdy,24.0,0.10795147718211968,0.07422533100900108,0.007269247983705001,0.39701309857565226
18,1,1,Billy Dee Williams,15.0,0.008637427358385557,0.002291225072023973,1.669191612105267e-05,0.058589410103360814
18,1,2,Candace Cameron Bure,25.0,0.1561094817990926,0.11258890290179388,0.013544153049745511,0.5351685894261536
18,1,3,Charlie White,27.0,0.2950431109557354,0.243137815798664,0.02791064358087704,0.8016336468141176
18,1,4,Cody Simpson,22.0,0.054168358098456264,0.03250368125942234,0.002767927980104661,0.2362385942643803
18,1,5,Danica McKellar,24.0,0.10473010586793544,0.07001368947080275,0.008418643553030392,0.3909528514646638
18,1,6,Diana Nyad,18.0,0.01654866823666851,0.007093714271389435,0.0001755344574608518,0.0921529597790209
18,1,7,Drew Carey,21.0,0.041168973761248985,0.02186841614938799,0.0015623331901403205,0.19948233737823926
18,1,8,James Maslow,21.0,0.0402459857498226,0.022632336894930365,0.0014192706514260679,0.1847017501084245
18,1,9,Meryl Davis,24.0,0.10852883356334707,0.07228191874963386,0.00806362177611868,0.39882939642943316
18,1,10,NeNe Leakes,21.0,0.03808051512117812,0.021325530686926414,0.0014892539405376047,0.17078977200609102
18,1,11,Sean Avery,20.0,0.028787062306009813,0.015094396235642321,0.0007162090329599001,0.14098550680972166
18,2,0,Amy Purdy,24.0,0.12279058714937638,0.0872569320201422,0.009271918368856937,0.4307393108499339
18,2,1,Billy Dee Williams,15.0,0.007533385242593519,0.0017600085982333786,1.2291276480743578e-05,0.0538367073405668
18,2,2,Candace Cameron Bure,21.0,0.043485922423712166,0.023025215158589196,0.001751214346362657,0.2187440325336402
18,2,3,Charlie White,25.0,0.17090413543198135,0.12500242082878393,0.01586745788790915,0.5588526307442503
18,2,4,Cody Simpson,22.0,0.05606552449822993,0.034157750565270026,0.0033267325901598413,0.2432782647101828
18,2,5,Danica McKellar,24.0,0.11829564197627367,0.08299930746481322,0.010826834886126202,0.42533489744220887
18,2,7,Drew Carey,21.0,0.04131614599046007,0.022082336890002035,0.001797171200432972,0.20051141552054
18,2,8,James Maslow,25.0,0.1793387417759941,0.13414895108951114,0.01648825649544948,0.5842603429965979
18,2,9,Meryl Davis,25.0,0.18246618972196946,0.1373259622795222,0.0170044057076992,0.584269469413337
18,2,10,NeNe Leakes,21.0,0.038618139182743316,0.021368498888718238,0.0016694341272511899,0.1762146543839845
18,2,11,Sean Avery,21.0,0.03918558660666604,0.022267944785387926,0.0017652181409501227,0.18246713143346932
18,3,0,Amy Purdy,36.0,0.12103817544684814,0.0815253069371639,0.007297034215117049,0.44471655998801557
18,3,2,Candace Cameron Bure,32.0,0.03290021916145809,0.013838776585647798,0.00047757841238731244,0.19079916685410658
18,3,3,Charlie White,36.0,0.11170986782848327,0.07355027420818205,0.00796379783925798,0.42221774411032337
18,3,4,Cody Simpson,35.0,0.07975578040923129,0.050312711427533595,0.004181209858127168,0.33159857337940674
18,3,5,Danica McKellar,36.0,0.11579807901931655,0.07716912303057977,0.008639957409487043,0.4278456537449842
18,3,7,Drew Carey,30.0,0.01705001530885177,0.005734703010051845,9.400789828541516e-05,0.10981066196781215
18,3,8,James Maslow,36.0,0.11771408384093145,0.08015630033590454,0.008569383330396979,0.4452281590697973
18,3,9,Meryl Davis,39.0,0.38265503555214114,0.3374164554221504,0.041454837297297466,0.8829400722248392
18,3,10,NeNe Leakes,31.0,0.02137874343273824,0.008453491902273944,0.00020932727940790012,0.11802182977681315
18,4,0,Amy Purdy,34.0,0.08941409872100364,0.053524244569182186,0.0028269085381406396,0.3661956132327115
18,4,2,Candace Cameron Bure,28.0,0.01664959295085401,0.004446134473084493,2.905053058034434e-05,0.11906143358506555
18,4,3,Charlie White,33.0,0.05909013781126206,0.032475166296157876,0.001409613012458899,0.26842980075541917
18,4,4,Cody Simpson,31.0,0.03281407417479516,0.014695771610293638,0.00033302163229827827,0.17868895477026275
18,4,5,Danica McKellar,32.0,0.044841218796041624,0.02240610796817337,0.0006697410604192708,0.22167184988297559
18,4,7,Drew Carey,33.0,0.06330400803462048,0.03372816439762058,0.0015301659278279852,0.29669623257076
18,4,8,James Maslow,35.0,0.12289798954858404,0.08030445049736468,0.006072915239769249,0.47658650197168057
18,4,9,Meryl Davis,39.0,0.5275911738350191,0.5306377923273176,0.06590968190281728,0.9680128292529403
18,4,10,NeNe Leakes,32.0,0.043397706127819825,0.02151253463252341,0.0007310426227941971,0.22020538726011296
18,5,0,Amy Purdy,37.0,0.11179102757260614,0.07703471696327419,0.006995292226967527,0.4022173416073239
18,5,2,Candace Cameron Bure,35.0,0.06316715146846476,0.03623635184205596,0.002558121960500954,0.29729480230991495
18,5,3,Charlie White,37.0,0.10470904527535678,0.07074145223062261,0.007119725023978109,0.386770145582676
18,5,4,Cody Simpson,34.0,0.043257057508411335,0.023764763703569156,0.0015732507133946756,0.20620831379186874
18,5,5,Danica McKellar,39.0,0.20875485506359545,0.16043237102214414,0.020390009113282693,0.6419995989821372
18,5,7,Drew Carey,28.0,0.01031062671534408,0.002710441585396268,2.7529937172836077e-05,0.06971480085005483
18,5,8,James Maslow,40.0,0.2989271704074127,0.2532205792352258,0.028673190006206335,0.7948770121559049
18,5,9,Meryl Davis,36.0,0.08245973679177754,0.051130077222129575,0.004684363691146772,0.33734018887583916
18,5,10,NeNe Leakes,36.0,0.07662332919703123,0.048899110602006336,0.004640830158954323,0.30927796368754573
18,6,0,Amy Purdy,38.0,0.20946570513751817,0.1577278929764931,0.014593610324584708,0.6652144301902309
18,6,2,Candace Cameron Bure,32.0,0.028838648374137493,0.010341182146462412,0.00019310009559639444,0.1864247284078031
18,6,3,Charlie White,36.0,0.09070477030768133,0.05527674434602714,0.00436719297904832,0.37362746628918136
18,6,5,Danica McKellar,36.0,0.0943596467400255,0.0582941708025403,0.004673640251313496,0.3905324095948986
18,6,7,Drew Carey,32.0,0.026115252245604504,0.009925122152847028,0.0002065001256433318,0.15869568104371323
18,6,8,James Maslow,35.0,0.06790862751825677,0.03742240134679263,0.002201940379470668,0.3044984231036724
18,6,9,Meryl Davis,40.0,0.449025823193631,0.4213038873088526,0.051268730581331634,0.9265470323300782
18,6,10,NeNe Leakes,33.0,0.03358152648314528,0.015029339604440757,0.0004536074228827253,0.1793275914517478
18,7,0,Amy Purdy,37.5,0.19216852591728562,0.1405646132189846,0.012471415990204545,0.6263157482457273
18,7,2,Candace Cameron Bure,37.0,0.1472447224400235,0.09876228568710096,0.008859629652972606,0.5487429456937273
18,7,3,Charlie White,35.5,0.05944117342588342,0.03256015781686382,0.0017202503224491318,0.27851075503521294
18,7,5,Danica McKellar,36.0,0.08059843004700357,0.0468558229899544,0.003200582149885185,0.34568661962581965
18,7,8,James Maslow,35.0,0.0497084285099433,0.024330777520364832,0.0009848906600105946,0.2489724238390222
18,7,9,Meryl Davis,39.0,0.45159327615444744,0.42743062779706964,0.05150585820886361,0.9268554347719788
18,7,10,NeNe Leakes,33.0,0.019245443505413098,0.006270101689412373,8.276157241231437e-05,0.1155000758152579
18,8,0,Amy Purdy,40.0,0.3781086546453991,0.3441975574193463,0.0365186261601664,0.8514483873556805
18,8,2,Candace Cameron Bure,36.0,0.04976127259590471,0.021566819123073264,0.0006304702184777575,0.2879253227588082
18,8,3,Charlie White,40.0,0.3569459716716715,0.3154290105429095,0.04310437426357002,0.8535135317862834
18,8,5,Danica McKellar,38.0,0.1211955510772014,0.0777640673980963,0.0062639855166787975,0.48806322311392886
18,8,8,James Maslow,36.0,0.04626060141866027,0.02084056545610965,0.0006647715558057259,0.24571641045071915
18,8,9,Meryl Davis,36.0,0.047727948591163014,0.02043211935734389,0.0005879572506796566,0.2546221361524068
18,9,0,Amy Purdy,39.0,0.24061842270058215,0.18617036891909275,0.01573996570683516,0.7174047959869827
18,9,2,Candace Cameron Bure,36.0,0.03601534539948302,0.011618044105502353,0.00018490400384523574,0.23952782700298855
18,9,3,Charlie White,38.0,0.10717850101615457,0.06420305518032,0.004428446637174405,0.44523392796508665
18,9,8,James Maslow,38.0,0.11439362028971935,0.06913355036562016,0.004678193259558857,0.47073390131276355
18,9,9,Meryl Davis,40.0,0.5017941105940609,0.49932823614010313,0.06807367912274263,0.9418758701040844
18,10,0,Amy Purdy,29.666600000000003,0.3322026967709305,0.2862344080731038,0.028937570845793854,0.8234122801821749
18,10,2,Candace Cameron Bure,25.9998,0.04577279578976341,0.01599299010593666,0.00035841642432970865,0.2942512566976338
18,10,8,James Maslow,29.0,0.21489688169379223,0.15808302050220488,0.017316177236941396,0.7032124752558061
18,10,9,Meryl Davis,30.0,0.40712762574551387,0.3768389738608554,0.04527190631176149,0.8838699427468975
19,1,0,Alfonso Ribeiro,36.0,0.2986916840865418,0.24670649161787234,0.027566202620602276,0.7969722123807204
19,1,1,Antonio Sabato Jr.,25.0,0.022351624529909055,0.010370123663043443,0.0004257441226604486,0.12250492860865426
19,1,2,Bethany Mota,32.0,0.09694777083626156,0.06615210012737321,0.007744155841915904,0.36972619863312656
19,1,3,Betsey Johnson,20.0,0.007662922686055946,0.002531280040990568,2.8850650400017606e-05,0.04786103075469762
19,1,4,Janel Parrish,29.0,0.050440697197402316,0.029451541448878106,0.0029697620458550835,0.22627004846049084
19,1,5,Jonathan Bennett,30.0,0.0615266272381466,0.03874957559751936,0.0037069050096625793,0.2533619034544001
19,1,6,Lea Thompson,32.0,0.10350718294795709,0.06884633401352297,0.008154444462696057,0.3971416009006819
19,1,7,Lolo Jones,22.0,0.011418613991009982,0.004448369961672052,0.00010352634976082303,0.06682971519513325
19,1,8,Michael Waltrip,25.0,0.021853876371861054,0.009949042115175492,0.0004115484315401297,0.12052908510925008
19,1,9,Randy Couture,31.0,0.08240482476160622,0.05264262032037532,0.0064773516898889655,0.33294780854557643
19,1,10,Sadie Robertson,34.0,0.16176440490033994,0.1174608006337804,0.012370308287371543,0.555915662972307
19,1,11,Tavis Smiley,29.0,0.04868014464855198,0.028066154586831087,0.002932901616751114,0.22003641335921878
19,1,12,Tommy Chong,27.0,0.03274962580435648,0.01750965315522069,0.0012054196482015292,0.15918899818250967
19,2,0,Alfonso Ribeiro,32.0,0.10342611893182616,0.06631514955931761,0.007466065371978782,0.4037071260643889
19,2,1,Antonio Sabato Jr.,31.0,0.06702669055835758,0.04127066083547674,0.0038434717533915035,0.2818700467983129
19,2,2,Bethany Mota,33.0,0.12698753092941728,0.09184704271068347,0.010491081799721975,0.435907078608364
19,2,3,Betsey Johnson,28.0,0.022541111960555003,0.011117063892523062,0.0004565926360297951,0.1157598485357779
19,2,4,Janel Parrish,34.0,0.1963487107573723,0.14484004164394423,0.01711516316629627,0.6259349229708254
19,2,5,Jonathan Bennett,30.0,0.04636017587931452,0.02705389433340579,0.0020829371577305122,0.20826382301240054
19,2,6,Lea Thompson,35.0,0.28644710416544844,0.23527636212049896,0.026122870768747357,0.7833931763151802
19,2,8,Michael Waltrip,24.0,0.009013784522310064,0.0024591942274305714,2.2725734525706924e-05,0.05767588083454219
19,2,9,Randy Couture,28.0,0.02696840414915717,0.01280331573974166,0.0005216573855172296,0.13427289611562898
19,2,10,Sadie Robertson,31.0,0.06428017822055823,0.040252315820232865,0.0029101177849466613,0.2673079045563576
19,2,11,Tavis Smiley,28.0,0.024879948273384443,0.011631670463343737,0.0005632457814739376,0.13354439330923815
19,2,12,Tommy Chong,28.0,0.025720241652298796,0.012315788537036042,0.0005511931898783676,0.13252405313051344
19,3,0,Alfonso Ribeiro,32.0,0.055921742042425795,0.029025779715678365,0.0013851207505465675,0.26368175498701757
19,3,1,Antonio Sabato Jr.,29.0,0.027178049570498776,0.011659967893103288,0.0002976801483904529,0.152649721907303
19,3,2,Bethany Mota,40.0,0.3137604754985924,0.269033127485896,0.029454111034260478,0.809143234606627
19,3,3,Betsey Johnson,29.0,0.023192213819451614,0.010432063741044495,0.00023670751901483427,0.12160355400940913
19,3,4,Janel Parrish,40.0,0.3282693877139088,0.2749675506094902,0.031563270874160394,0.8307236296883992
19,3,5,Jonathan Bennett,32.0,0.04824622297067129,0.02670171142364717,0.001202001185692988,0.23008746994714413
19,3,6,Lea Thompson,31.0,0.04129453369607081,0.020533403343174196,0.0007213311193515136,0.21281986962434757
19,3,8,Michael Waltrip,28.0,0.021998601188783166,0.008438495331938016,0.000159460666576046,0.12836195921039348
19,3,9,Randy Couture,26.0,0.015918555687441206,0.00555939485630308,5.5042863327171904e-05,0.0885802786139249
19,3,10,Sadie Robertson,32.0,0.04804130078996501,0.02659889469079346,0.000996308450034559,0.22628472219197052
19,3,12,Tommy Chong,34.0,0.07617891702219111,0.04584378828508243,0.003322228542469995,0.3263639329490648
19,4,0,Alfonso Ribeiro,40.0,0.29671863893515976,0.24630039568204837,0.028960344171962395,0.773099631588557
19,4,1,Antonio Sabato Jr.,29.0,0.03648405748002504,0.018085512035956205,0.0009589354630780375,0.1878644620381203
19,4,2,Bethany Mota,33.0,0.06703648874620109,0.04179893095950871,0.00403710537242091,0.28105038123930565
19,4,3,Betsey Johnson,29.0,0.03170226983097717,0.016414405269590086,0.0008144413989049774,0.15456601622175803
19,4,4,Janel Parrish,36.0,0.12579428971280993,0.08507813302055857,0.010010216237987243,0.4612970744230002
19,4,5,Jonathan Bennett,24.0,0.016819655080239415,0.006275051742266013,0.00011983743464488409,0.0965270265579412
19,4,6,Lea Thompson,39.0,0.22813964058226865,0.17833591037837193,0.021729554939131767,0.6813270218055525
19,4,8,Michael Waltrip,25.0,0.01951443957961987,0.0073739391405079555,0.00017882548296309985,0.11947462758694692
19,4,10,Sadie Robertson,37.0,0.1474168905309919,0.10604281337171381,0.010759063276858605,0.5149562627293589
19,4,12,Tommy Chong,28.0,0.030373629521707187,0.014526330001362438,0.0007107986902833744,0.1558841577064412
19,5,0,Alfonso Ribeiro,34.0,0.19107774496229543,0.1414982355494543,0.016966158411113538,0.600869136296346
19,5,1,Antonio Sabato Jr.,28.0,0.05671295819839031,0.03231698092883595,0.00259056872267497,0.25902079757338714
19,5,2,Bethany Mota,32.0,0.11109619467259226,0.07716586860708888,0.008869856071456222,0.40300136948611115
19,5,4,Janel Parrish,33.0,0.14413789627741042,0.10101120958196075,0.012176247290264626,0.5076515253815349
19,5,5,Jonathan Bennett,24.0,0.0285065829619812,0.013349683439657156,0.0005691238212694831,0.14891723219616407
19,5,6,Lea Thompson,34.0,0.17649548015767214,0.1300653741273665,0.01706659406625658,0.5730905176278632
19,5,8,Michael Waltrip,20.0,0.016007961151491727,0.005310911042259682,0.00011151382335699863,0.10147565588863666
19,5,10,Sadie Robertson,36.0,0.25140055144347645,0.20072141152152523,0.02165283762019708,0.7175828647171788
19,5,12,Tommy Chong,23.0,0.02456463017469007,0.010740474230355162,0.0004278804705961959,0.13407171747551833
19,6,0,Alfonso Ribeiro,39.0,0.45716909076248435,0.4404050453541687,0.05083838809258918,0.9253923609224581
19,6,1,Antonio Sabato Jr.,28.0,0.020860130434195403,0.007697539233259784,0.00012876979230702819,0.12933514517332953
19,6,2,Bethany Mota,36.0,0.16301780575239977,0.11847608002951313,0.012944139542951025,0.5460865190148433
19,6,4,Janel Parrish,33.0,0.0716102943979745,0.04119138152721025,0.0031555782851669075,0.31560342183254175
19,6,5,Jonathan Bennett,32.0,0.053280536448555724,0.02948409603531764,0.0015760986744472463,0.24699022012659705
19,6,6,Lea Thompson,32.0,0.056058122846444965,0.03001149460716533,0.0015638630019928579,0.2707063517467273
19,6,8,Michael Waltrip,30.0,0.032770088073232395,0.014408423228636016,0.00042471866414662423,0.18653466553667047
19,6,10,Sadie Robertson,35.0,0.12498879877429837,0.0836900231551787,0.006714801021638575,0.46895558176592683
19,6,12,Tommy Chong,28.0,0.02024513251041451,0.007836883766004856,0.00012922350475730006,0.1187818468057082
19,7,0,Alfonso Ribeiro,34.0,0.14232724910594585,0.09515014351083881,0.00820790340126395,0.5208034678501554
19,7,1,Antonio Sabato Jr.,29.5,0.03306665123838891,0.014206061245239295,0.00041691034830555534,0.19039883154543233
19,7,2,Bethany Mota,37.5,0.42278788992665783,0.39356638266362054,0.04324111178764665,0.9147597395716348
19,7,4,Janel Parrish,33.5,0.10908644277579307,0.06995765273032137,0.006421934211096784,0.4284345855806708
19,7,6,Lea Thompson,35.0,0.184864920270945,0.13666869195279782,0.014508150264415157,0.6036346493826495
19,7,8,Michael Waltrip,28.0,0.02192046832650695,0.007702708728146244,0.00012204876206755398,0.1345687881756366
19,7,10,Sadie Robertson,31.0,0.04907342111730873,0.025914537665004976,0.0008501444613430094,0.24161832480536105
19,7,12,Tommy Chong,30.0,0.036872957238453664,0.01743844179910669,0.000558370000686828,0.19178009369481572
19,8,0,Alfonso Ribeiro,41.0,0.2469943664202511,0.1932608141917752,0.021227002794898652,0.7007295723018513
19,8,2,Bethany Mota,40.0,0.18280193958357355,0.13955188349604253,0.01590570212530954,0.5924831348374384
19,8,4,Janel Parrish,43.0,0.3192187785827289,0.2666705078303167,0.0333045314209923,0.8092010159918616
19,8,6,Lea Thompson,32.0,0.05731654478463695,0.02979878837331052,0.0016722145314919242,0.2778963416233895
19,8,8,Michael Waltrip,25.0,0.022078062166457624,0.007474924699543384,0.0001433909774867308,0.14175464312745467
19,8,10,Sadie Robertson,38.0,0.13518105443626605,0.0933552330576742,0.007917008549243555,0.48854926005114563
19,8,12,Tommy Chong,29.0,0.036409254026085844,0.016744820257337343,0.0005995139718677055,0.1892174329916967
19,9,0,Alfonso Ribeiro,38.5,0.2964553343278402,0.24652937001082126,0.02850399276715268,0.7670651233013687
19,9,2,Bethany Mota,37.0,0.1645982118298182,0.12277142175364324,0.014250821856479542,0.5513458421797447
19,9,4,Janel Parrish,38.5,0.2753428854205916,0.223369101033476,0.02702386409509962,0.750135162937943
19,9,6,Lea Thompson,35.0,0.09858213738979865,0.06065261387692176,0.005631072996629102,0.41230228137285796
19,9,10,Sadie Robertson,36.5,0.14574348162040668,0.10257008388448421,0.009145012163274567,0.5191047278781579
19,9,12,Tommy Chong,28.5,0.0192779494115446,0.00625237397706481,8.861129305053879e-05,0.1250636896127521
19,10,0,Alfonso Ribeiro,37.5,0.22335037725000012,0.1680718250999962,0.0174918411250766,0.6822799028271449
19,10,2,Bethany Mota,38.0,0.23207763446454657,0.18641082577745666,0.021151931536835287,0.6771230683946776
19,10,4,Janel Parrish,39.0,0.35057317505256996,0.3065897087382866,0.03999623783143851,0.8373936878494134
19,10,10,Sadie Robertson,37.0,0.1670579475491734,0.11837269533476956,0.009979708664017841,0.5712421055439884
19,10,12,Tommy Chong,31.0,0.026940865683709913,0.009271221005924243,0.0001552061946202124,0.1665889428528993
19,11,0,Alfonso Ribeiro,40.0,0.5883929414541242,0.6163113939412667,0.0946110561078053,0.96371211863377
19,11,2,Bethany Mota,38.0,0.04300557223752898,0.016265922491338177,0.0003589238711963691,0.25924736641645535
19,11,4,Janel Parrish,38.99980000000001,0.14650644937988114,0.09238104014435045,0.006547984763944849,0.5920418356815373
19,11,10,Sadie Robertson,39.333200000000005,0.2220950369284656,0.1627937164813509,0.012414399580157803,0.6995454539653243
20,1,0,Charlotte McKinney,22.0,0.013394606529301715,0.004740587677234429,6.613034623459042e-05,0.07953528137204138
20,1,1,Chris Soules,26.0,0.042547214097797506,0.021234112099147228,0.0013466440556141994,0.2236851361042582
20,1,2,Michael Sam,26.0,0.036353309076079775,0.02067363667932188,0.0012181454956419694,0.16199139602509743
20,1,3,Nastia Liukin,30.0,0.1487409111072853,0.1035613368674149,0.01234445658788703,0.5198265506818089
20,1,4,Noah Galloway,26.0,0.04093614991642474,0.021125253412806216,0.0011319702090985557,0.19957660408942413
20,1,5,Patti LaBelle,25.0,0.030544166800814596,0.015010613609444163,0.0005936763479969713,0.15986268377300436
20,1,6,Redfoo,22.0,0.012643578932768788,0.004615179886471166,6.666190130375336e-05,0.07519452889897023
20,1,7,Riker Lynch,31.0,0.2280356918295165,0.1747426562335464,0.020904796224417325,0.6888193142594388
20,1,8,Robert Herjavec,28.0,0.07509312047218185,0.046044359396117854,0.00412213647959452,0.3231276946782006
20,1,9,Rumer Willis,32.0,0.31336871356952534,0.262817904686354,0.028947131814289793,0.8001349038231499
20,1,10,Suzanne Somers,25.0,0.028582231172917166,0.014960829625534251,0.0006124480717207747,0.13792046007933398
20,1,11,Willow Shields,25.0,0.029760306495386708,0.014076326934724399,0.0006537747609363297,0.15450308113415276
20,2,0,Charlotte McKinney,26.0,0.023490783781035373,0.011032653797441975,0.0004469693233242415,0.11770576818567458
20,2,1,Chris Soules,21.0,0.008687718185759526,0.0019333314693927104,1.4934789887857816e-05,0.06358446890032181
20,2,2,Michael Sam,28.0,0.036539379065351256,0.021375784297012673,0.0016527635282713113,0.15993274678921982
20,2,3,Nastia Liukin,34.0,0.26521882675784214,0.21287943740239043,0.02484319866032772,0.7506211193660765
20,2,4,Noah Galloway,27.0,0.031790960069129216,0.015650067874991354,0.0008022058152827329,0.16470526045090633
20,2,5,Patti LaBelle,28.0,0.04127741023290956,0.023040603419389787,0.0015739599316011862,0.19556914226719027
20,2,6,Redfoo,31.0,0.09443187266316506,0.06413957129873177,0.007965377490576986,0.3693009018899622
20,2,7,Riker Lynch,32.0,0.1459090211516982,0.10437386418024065,0.012858263966142617,0.505706445320638
20,2,8,Robert Herjavec,28.0,0.04071459198366873,0.021794314917191995,0.0015204980271056807,0.20232047785195334
20,2,9,Rumer Willis,32.0,0.13933546157826165,0.1011000347894912,0.011403830713385852,0.4838975591324784
20,2,10,Suzanne Somers,28.0,0.03862552301664127,0.022575627984797793,0.0016215563638119883,0.17540407475522915
20,2,11,Willow Shields,32.0,0.13397845151453802,0.09701570767132436,0.010944859390696372,0.4628390111834365
20,3,0,Charlotte McKinney,22.0,0.015233869519328085,0.005807089776865915,0.00011593746313870531,0.08688491833900903
20,3,1,Chris Soules,28.0,0.05251398459637931,0.02861892917794935,0.0025541624847217636,0.25581955564756653
20,3,2,Michael Sam,24.0,0.01957544464787962,0.009672693139560526,0.0003397740204367257,0.0973960858230643
20,3,3,Nastia Liukin,34.0,0.21051145352987735,0.16216000820308576,0.01948484450048999,0.6475162028977623
20,3,4,Noah Galloway,30.0,0.07962908430244196,0.04934048774975991,0.004789774291369484,0.3207008266289115
20,3,5,Patti LaBelle,22.0,0.015410082444038353,0.0059202572847681205,0.00011755926884235786,0.09123066414973995
20,3,7,Riker Lynch,34.0,0.22546376353355,0.1744801310513231,0.021628310474030715,0.673775847338342
20,3,8,Robert Herjavec,29.0,0.06259288326481749,0.03725793500041126,0.003306407813873412,0.2767012001251179
20,3,9,Rumer Willis,33.0,0.16766250196267254,0.1241519692772569,0.014638733972374356,0.5465747530279981
20,3,10,Suzanne Somers,25.0,0.025603482039846425,0.013014641280586155,0.0005574940853809904,0.13010079360244206
20,3,11,Willow Shields,32.0,0.12580345015916883,0.08932656894194947,0.010165712013857528,0.4494226281408943
20,4,1,Chris Soules,27.0,0.017716658652309602,0.005599820365710179,8.227688686049094e-05,0.11622487008158931
20,4,2,Michael Sam,30.0,0.028122415474123516,0.014430757899586998,0.0005429410631607793,0.13690764661775529
20,4,3,Nastia Liukin,36.0,0.15738205740903605,0.11014686320902703,0.012929669693375157,0.5423094176012975
20,4,4,Noah Galloway,32.0,0.053039267830587836,0.028235698439216507,0.0015485349936926183,0.25173412340187445
20,4,5,Patti LaBelle,30.0,0.03163080119877973,0.015329183123917452,0.0005206666992967848,0.16632441664143546
20,4,7,Riker Lynch,34.0,0.09551323011848421,0.060730589686143394,0.005691736390160538,0.3920766022329606
20,4,8,Robert Herjavec,34.0,0.0887141832287476,0.05583598163022249,0.004769244113237056,0.3712393765279464
20,4,9,Rumer Willis,35.0,0.12117753642376795,0.08342294186796814,0.007893973271341873,0.45041226949721025
20,4,10,Suzanne Somers,28.0,0.018774939171472504,0.00794039285280294,0.0001550997306173851,0.10596362498811449
20,4,11,Willow Shields,39.0,0.38792891049269096,0.3551690086888204,0.038298564809876416,0.8818908263755156
20,5,1,Chris Soules,27.0,0.03385359686767074,0.014207088762589103,0.000592853458414138,0.20056166736053418
20,5,3,Nastia Liukin,38.0,0.2220203139779816,0.17236883740923842,0.02117922354777112,0.6669826696759785
20,5,4,Noah Galloway,28.0,0.038162950533110876,0.017803239666486934,0.0007372047125108527,0.20672069118042255
20,5,5,Patti LaBelle,27.0,0.03199077119120427,0.014760195551807735,0.0005216481911323353,0.17305321513888353
20,5,7,Riker Lynch,38.0,0.23759688574742938,0.18583603314771902,0.023625427301121556,0.7006507889109461
20,5,8,Robert Herjavec,24.0,0.020568875321371666,0.007495468787724468,0.00015122513493072686,0.12401976657093625
20,5,9,Rumer Willis,39.0,0.2789555414401072,0.23039849157219333,0.026254052018462377,0.7443608666976731
20,5,10,Suzanne Somers,28.0,0.034909388411056584,0.01805578613344935,0.0007758043384080681,0.17419492902351472
20,5,11,Willow Shields,34.0,0.10194167651006768,0.0671013475190969,0.006776739615663064,0.3926138428738866
20,6,1,Chris Soules,35.0,0.05893905851373356,0.029342513653348473,0.0014673052379177356,0.30193108283518544
20,6,3,Nastia Liukin,36.5,0.1505068929334766,0.10269983481973044,0.010066820004484753,0.5331149857772236
20,6,4,Noah Galloway,34.0,0.03273895095499224,0.01310821728209623,0.0002838991981453549,0.18733737881217927
20,6,5,Patti LaBelle,34.0,0.031869822085507885,0.013887624904496437,0.00030562671899253655,0.18314299476622323
20,6,7,Riker Lynch,38.0,0.4714762085513773,0.459337213633046,0.05514836627362538,0.9351799668733471
20,6,8,Robert Herjavec,33.5,0.024434031822914384,0.008730243845688724,0.00012242032519086708,0.14595426570765416
20,6,9,Rumer Willis,35.5,0.0794297944217135,0.04738093001739037,0.0028001381873376096,0.3433397138991615
20,6,11,Willow Shields,36.5,0.15060524071628456,0.10740318138403193,0.009207354331005734,0.5303869219657542
20,7,1,Chris Soules,31.0,0.02780805443802492,0.00962387578156385,0.00024366996931446017,0.17816607065056778
20,7,3,Nastia Liukin,41.0,0.36180029909813355,0.31772929238497305,0.04099075853366406,0.8567606849750518
20,7,4,Noah Galloway,38.0,0.15139196139554,0.10305497907808109,0.01031548697386084,0.5350407252968367
20,7,7,Riker Lynch,37.0,0.12002485153560756,0.07876971735483554,0.008225187894762712,0.46336554056422646
20,7,8,Robert Herjavec,31.0,0.025856029674460868,0.009805243462851795,0.00022720263269873205,0.15241229836340014
20,7,9,Rumer Willis,37.0,0.11585905285867527,0.07715946549215152,0.0070833084031229135,0.44261320183270786
20,7,11,Willow Shields,39.0,0.19725975099955778,0.1527592244067395,0.016773044951301615,0.6124619371665069
20,8,1,Chris Soules,32.0,0.05122227476581124,0.022104901878087137,0.0009711373025002597,0.28472562984305644
20,8,3,Nastia Liukin,38.0,0.20789894926992333,0.15158537087253415,0.017396544370466286,0.6529150192941793
20,8,4,Noah Galloway,31.5,0.04490049354378846,0.018997390500479466,0.0006035085930633767,0.25837420449561993
20,8,7,Riker Lynch,39.0,0.28957869680173004,0.237676116087368,0.02980563181857935,0.7810808210748417
20,8,8,Robert Herjavec,31.0,0.03903952951246194,0.016382856396592385,0.00048548023918235344,0.22208779221626035
20,8,9,Rumer Willis,40.0,0.367360056106285,0.33035293991869774,0.03865082399638619,0.8386927340836541
20,9,3,Nastia Liukin,40.0,0.39671722035027157,0.3630067875843206,0.043320498240975815,0.8743575038571121
20,9,4,Noah Galloway,38.0,0.050177358688410875,0.017439532967035286,0.0003791306486011284,0.3153648380262266
20,9,7,Riker Lynch,40.0,0.4218289215242328,0.40057821581626774,0.04976607237063493,0.8912628953771666
20,9,9,Rumer Willis,39.0,0.13127649943708483,0.08092253240295344,0.00494193116633381,0.5346479582560126
20,10,4,Noah Galloway,36.0,0.07259565264594851,0.02875601605593528,0.0007158840059238623,0.42386570764490866
20,10,7,Riker Lynch,40.0,0.47000655840067557,0.4581988283740375,0.05769267570272441,0.9252126778177159
20,10,9,Rumer Willis,40.0,0.45739778895337585,0.44617849773228535,0.052264765172032795,0.9099452733220365
21,1,0,Alek Skarlatos,22.0,0.0971249144969573,0.06554842165829394,0.007837982220297404,0.3720050188780998
21,1,1,Alexa PenaVega,22.0,0.0986361604390658,0.06505468427190794,0.009089556595077033,0.38184640021166943
21,1,2,Andy Grammer,21.0,0.07271087730418664,0.04608833431935733,0.005453504688236732,0.30986489194143063
21,1,3,Bindi Irwin,24.0,0.17465600336874199,0.13030323967814278,0.016351375449456904,0.5726568121736517
21,1,4,Carlos PenaVega,23.0,0.11770787590803972,0.08136678590052324,0.009895113667878262,0.4305198057050617
21,1,5,Chaka Khan,13.0,0.012401082062213025,0.004967402823061094,0.00014328278909521365,0.06923035399509217
21,1,6,Gary Busey,15.0,0.02082494327644493,0.00952901511307085,0.0003899104845742647,0.11283699593426831
21,1,7,Hayes Grier,21.0,0.07004153487060723,0.04563567849454925,0.005440684488336102,0.2804277643319439
21,1,8,Kim Zolciak-Biermann,12.0,0.012009202429743003,0.004036307882127868,7.600452432220426e-05,0.07369616160861532
21,1,9,Nick Carter,24.0,0.16586756329455718,0.11943114351962125,0.014805597475139464,0.5691312572282446
21,1,10,Paula Deen,15.0,0.019554067668068737,0.008402376762609123,0.0004491185589883568,0.10895069838857024
21,1,11,Tamar Braxton,23.0,0.119113365328734,0.08323324699112192,0.009138181485449075,0.424509218282724
21,1,12,Victor Espinoza,15.0,0.019352409552640414,0.008381305217340897,0.0004442817552297245,0.11031943053476721
21,2,0,Alek Skarlatos,22.5,0.09174548271584364,0.06132599132191567,0.007259432238160869,0.35815242290373156
21,2,1,Alexa PenaVega,23.0,0.11267221340732832,0.07462859327426605,0.010874174150101768,0.41902399477367314
21,2,2,Andy Grammer,22.0,0.07318229306106686,0.0465191630249521,0.005600700723020052,0.31008643615024517
21,2,3,Bindi Irwin,24.0,0.1749282158135793,0.13209020240736102,0.016204814762214366,0.5639889205452286
21,2,4,Carlos PenaVega,22.5,0.08539217472345903,0.0572404249383864,0.007043959661903197,0.33363988300974107
21,2,5,Chaka Khan,15.0,0.008179425979449702,0.0027481263035591917,4.093691707820213e-05,0.04998024119831997
21,2,6,Gary Busey,16.5,0.01391300515832145,0.0054526241335086465,0.00013134846023160022,0.0815366284543672
21,2,7,Hayes Grier,22.5,0.0858039060423002,0.05739898819397253,0.007251948168005164,0.3308296085365625
21,2,8,Kim Zolciak-Biermann,18.5,0.024493811616622594,0.011609700483824505,0.0005605519946675135,0.12850164749512888
21,2,9,Nick Carter,22.5,0.09389260210498823,0.061070776061562554,0.007519340706213063,0.37643526733297283
21,2,10,Paula Deen,18.5,0.023187717855374233,0.010773310870184384,0.0006754342672943654,0.12322356465750256
21,2,11,Tamar Braxton,24.5,0.1896396865684726,0.14153551009153778,0.016173702774683364,0.6026119579083837
21,2,12,Victor Espinoza,18.5,0.022969464953193883,0.010643284018180765,0.0006734540332666573,0.12718738928062379
21,3,0,Alek Skarlatos,33.0,0.1158925665883783,0.07895581223861302,0.008413318048682882,0.42423534941459146
21,3,1,Alexa PenaVega,36.0,0.23550540844753648,0.17922804414673826,0.02498262012376183,0.7007274578361844
21,3,2,Andy Grammer,29.0,0.046373448542542696,0.025746165494045806,0.001871489213371298,0.21711857186490927
21,3,3,Bindi Irwin,32.0,0.09977102292984587,0.06615779961495971,0.0068365917806070065,0.4002673796120559
21,3,4,Carlos PenaVega,31.0,0.06795424013523069,0.04332403993636564,0.00412716865391074,0.28127192491495984
21,3,6,Gary Busey,25.0,0.023878771260912035,0.010389958952293442,0.0003331884475502194,0.13334782099219203
21,3,7,Hayes Grier,30.0,0.055542272232553036,0.0331055484134078,0.0028129767095485055,0.24355636600977948
21,3,9,Nick Carter,36.0,0.2357023605516239,0.18293934003087886,0.022697056213342302,0.7101195818049909
21,3,10,Paula Deen,20.0,0.009913499107983847,0.0026116889400895943,3.208582125962443e-05,0.06504605205377072
21,3,11,Tamar Braxton,33.0,0.10946641020339314,0.07434539737065635,0.007794847495249825,0.41071946566591955
21,4,0,Alek Skarlatos,24.0,0.07366815136713316,0.045162598851996985,0.004552588697542033,0.3266488638311536
21,4,1,Alexa PenaVega,21.0,0.03602917598313367,0.017721353248784502,0.0011747136704640141,0.189397163177231
21,4,2,Andy Grammer,23.0,0.054129612779779075,0.03110124722453461,0.002840422509767996,0.24738410373960856
21,4,3,Bindi Irwin,28.0,0.23453459906092572,0.18740112801411155,0.022912160578134264,0.68404533680913
21,4,4,Carlos PenaVega,25.0,0.08817009278423737,0.05914675532029581,0.006694878975554333,0.34458330281276744
21,4,6,Gary Busey,16.0,0.013040223182016092,0.004185586999268191,5.9513023486554604e-05,0.08047379189663297
21,4,7,Hayes Grier,27.0,0.1559341553671703,0.11251859523941378,0.014187053681659883,0.5315118267646745
21,4,9,Nick Carter,27.0,0.16818554451327555,0.12185064397389403,0.014870617172045256,0.5740775405778257
21,4,10,Paula Deen,18.0,0.01820364759312607,0.0067583111746045525,0.00023313587560366941,0.10722591004631839
21,4,11,Tamar Braxton,27.0,0.15810479736920297,0.11486713472970844,0.012785865343539465,0.5374748952391031
21,5,0,Alek Skarlatos,29.0,0.030534164206325726,0.013407974652573505,0.00044963467609584443,0.17454831068119703
21,5,1,Alexa PenaVega,40.0,0.29521125383067875,0.2437184029136605,0.03244597688808571,0.7798017914725015
21,5,2,Andy Grammer,36.0,0.11538010010185017,0.07684372772996956,0.007897171375735729,0.4619412003402872
21,5,3,Bindi Irwin,37.0,0.1587458251270586,0.11523148428685473,0.012909854325745264,0.5465034668844682
21,5,4,Carlos PenaVega,39.0,0.22040303015510745,0.1680792005893127,0.020363968781123207,0.6716695113253892
21,5,7,Hayes Grier,30.0,0.03308341313750693,0.01656293034561052,0.000721386822466446,0.16861266513401374
21,5,9,Nick Carter,35.0,0.0994849656181551,0.062421092026312075,0.005616032789204956,0.40464889412923316
21,5,10,Paula Deen,26.0,0.018021592246341117,0.00587740072997427,0.000131508564291909,0.11227820977881332
21,5,11,Tamar Braxton,29.0,0.029135655576976126,0.01248482601427144,0.0004620846492042541,0.15910854040083136
21,6,0,Alek Skarlatos,30.0,0.03383209888151874,0.016070722923894692,0.0007668676879848071,0.18755395063844088
21,6,1,Alexa PenaVega,30.0,0.034190976514983235,0.015913183171332286,0.0009027076336879495,0.18752918185574968
21,6,2,Andy Grammer,40.0,0.18966900528468675,0.13999660810809605,0.017247744887736376,0.629226022572244
21,6,3,Bindi Irwin,40.0,0.20948674902861547,0.16300290622340158,0.020107804311482905,0.6461035406370043
21,6,4,Carlos PenaVega,38.0,0.12495565171193379,0.08697505009419984,0.009809287281216487,0.45715430681722596
21,6,7,Hayes Grier,32.0,0.042359658296451,0.023006233400025222,0.0016258095956202703,0.19898610736436903
21,6,9,Nick Carter,39.0,0.16494649536727518,0.11807307427414263,0.014868926742073093,0.5737312672233509
21,6,10,Paula Deen,24.0,0.01403119462212109,0.00412585559467038,8.247822757691958e-05,0.08828778890246858
21,6,11,Tamar Braxton,40.0,0.1865281702924147,0.13935702456075855,0.015812844373131244,0.5869758545463608
21,7,0,Alek Skarlatos,26.5,0.02121941779771815,0.00698881925392132,7.763317393571055e-05,0.13996775564928984
21,7,1,Alexa PenaVega,27.5,0.06438726758535886,0.03453914842637174,0.0018931649756943959,0.317890538946803
21,7,2,Andy Grammer,28.0,0.11490017869938103,0.07241330491132841,0.006258825375768009,0.45993187271773045
21,7,3,Bindi Irwin,29.0,0.505519340427324,0.5046364525254466,0.06866011118693532,0.9479131976134789
21,7,4,Carlos PenaVega,28.0,0.11053110431796546,0.07427897850173762,0.006009132009307171,0.4297402890164812
21,7,7,Hayes Grier,28.0,0.11173401085258568,0.07337995654520205,0.006006228842708004,0.42296516327836575
21,7,9,Nick Carter,27.0,0.0374603238702308,0.015806355730698503,0.0003852718012023881,0.21177894776848646
21,7,11,Tamar Braxton,27.0,0.034248356449435906,0.014516767570579098,0.000377292243930238,0.18561638500322225
21,8,0,Alek Skarlatos,25.0,0.0355474517626311,0.014356374573015186,0.00024184678566052407,0.20892211330705168
21,8,1,Alexa PenaVega,26.9998,0.06620192030381827,0.034703958199912746,0.001323564841768314,0.3258732813658973
21,8,2,Andy Grammer,23.9998,0.024278997888735842,0.00909892090077382,8.919305912743993e-05,0.14099383523420067
21,8,3,Bindi Irwin,28.0,0.10005733010664747,0.057477904145643174,0.0027634381628677783,0.43330165467824605
21,8,4,Carlos PenaVega,28.9998,0.12011688691030252,0.07856789833286432,0.005038711135569234,0.4668025785460637
21,8,9,Nick Carter,33.0,0.5671229529542443,0.5853520341316076,0.08275050242726426,0.9725310460898889
21,8,11,Tamar Braxton,28.0,0.08667446007362044,0.05003587598742247,0.00248154865216438,0.38210993581553954
21,9,0,Alek Skarlatos,25.5,0.04634344829815181,0.02086693429239539,0.0006411972825132005,0.25873729619203273
21,9,1,Alexa PenaVega,30.0,0.35702716084567576,0.3152614584128718,0.04224512680012341,0.8519709653041972
21,9,3,Bindi Irwin,30.0,0.37730461338627774,0.34220552468898163,0.040796318153978176,0.8562380830454781
21,9,4,Carlos PenaVega,27.0,0.07784069313493162,0.04642081776546019,0.0028865819129606117,0.3419347046868594
21,9,9,Nick Carter,27.5,0.11145287187630556,0.06707004813706799,0.004636952466666919,0.46551281712559284
21,9,11,Tamar Braxton,24.5,0.03003121245865767,0.010837812449048394,0.0002158273773975293,0.18098868163562945
21,10,0,Alek Skarlatos,28.5,0.10100066647473387,0.05475933177428694,0.0025325758103176823,0.47229701371732513
21,10,3,Bindi Irwin,31.5,0.4448505312671119,0.43069295637254207,0.05413393930662045,0.9044432531816345
21,10,4,Carlos PenaVega,31.5,0.396712564769029,0.36361997382940325,0.046849272988491626,0.8762204124134072
21,10,9,Nick Carter,27.0,0.0574362374891253,0.021956191129609684,0.0005245517883752254,0.3404479185461389
21,11,0,Alek Skarlatos,27.999899999999997,0.04176109118716149,0.01496867728441045,0.0003370830379300736,0.2682105725862775
21,11,3,Bindi Irwin,30.0,0.3363649902188721,0.2929031379522703,0.034316081336399545,0.8183923413239537
21,11,4,Carlos PenaVega,30.0,0.2987274631977433,0.2537335171712142,0.02714423568341051,0.7777259518282341
21,11,9,Nick Carter,30.0,0.3231464553962231,0.27677851822525557,0.03197301355752605,0.8141228348523968
22,1,0,Antonio Brown,21.0,0.08136804909361157,0.054508469374291754,0.006418506878725061,0.3233244150190733
22,1,1,Doug Flutie,15.0,0.014658344395210273,0.0057329342511817614,0.00014410761556944436,0.08653113361208987
22,1,2,Geraldo Rivera,13.0,0.009146750903666344,0.002640077820528944,3.2900917835170795e-05,0.05982376184788873
22,1,3,Ginger Zee,23.0,0.16925738179074995,0.12726679686283454,0.015894033302095278,0.5413400639486466
22,1,4,Jodie Sweetin,20.0,0.05460356623137597,0.03278747173941551,0.004066686141600364,0.23668790054159977
22,1,5,Kim Fields,20.0,0.0593924880566727,0.039163518294727,0.0042133968731844565,0.24305601533530669
22,1,6,Marla Maples,21.0,0.08313491156129804,0.05485728393707982,0.006464791446538922,0.31705115002396633
22,1,7,Mischa Barton,16.0,0.01831414881170054,0.007964655108503606,0.0003245222522037416,0.10306994359070358
22,1,8,Nyle DiMarco,23.0,0.17637978147661218,0.13042067845050614,0.016576094000677458,0.5660994885933759
22,1,9,Paige VanZant,21.0,0.0921941938141086,0.058761826682654325,0.007279242205869294,0.36337578808550686
22,1,10,Von Miller,21.0,0.08193461036713519,0.05520896051981524,0.006682521596603853,0.3019891405515415
22,1,11,Wanya Morris,23.0,0.15961577349785863,0.11373781346258355,0.014442114394491978,0.5477570234162122
22,2,0,Antonio Brown,19.0,0.04107240786966135,0.023420002894853374,0.001637071921418785,0.19212308704763645
22,2,1,Doug Flutie,20.0,0.05871830870089549,0.03671278414372363,0.0028690504672764963,0.25831895569459634
22,2,2,Geraldo Rivera,13.0,0.008419588424806407,0.0022707793168523453,1.713805771252317e-05,0.05495156671985485
22,2,3,Ginger Zee,21.0,0.08418306908023117,0.055016309590912756,0.005655723858763835,0.33224821909103697
22,2,4,Jodie Sweetin,21.0,0.07538560803714407,0.04699425634249239,0.005911768964983955,0.31667930330335287
22,2,5,Kim Fields,19.0,0.041715823194852765,0.025318093946961003,0.0017196960489748107,0.1842409702659998
22,2,6,Marla Maples,20.0,0.058622582821685254,0.035633223441565005,0.003200818953099863,0.2528660102015377
22,2,7,Mischa Barton,15.0,0.013254077618229847,0.004927041395913127,9.073627734799095e-05,0.0811990548890947
22,2,8,Nyle DiMarco,20.0,0.060917544852397976,0.03764206930790841,0.0033670249035671683,0.254672784494187
22,2,9,Paige VanZant,24.0,0.26429028691305034,0.21131418467774266,0.02624004556673996,0.7533346008997993
22,2,10,Von Miller,20.0,0.057603080591731456,0.03566195920991877,0.0032132525709689403,0.23593948038507792
22,2,11,Wanya Morris,24.0,0.2358176218953138,0.17842257979522075,0.019515603945612494,0.7225115540816507
22,3,0,Antonio Brown,20.0,0.025763091504039867,0.01175912000345524,0.00041585006550916623,0.1431600176686496
22,3,1,Doug Flutie,20.0,0.02652294340450861,0.012439004909947388,0.00035957482013390055,0.1379832933833384
22,3,3,Ginger Zee,21.0,0.04304947255889377,0.02199863393841571,0.0011874150976857302,0.2081004805599774
22,3,4,Jodie Sweetin,23.0,0.1021708932585736,0.066873281399933,0.008143765233207383,0.40468355688683105
22,3,5,Kim Fields,22.0,0.06629041872589667,0.04269313900210622,0.0035311441315381124,0.275788415404549
22,3,6,Marla Maples,21.0,0.041320278059440683,0.02162032133449393,0.0011906800517014972,0.20081891696333484
22,3,7,Mischa Barton,18.0,0.011848375328750665,0.00375405400784068,3.684953244213428e-05,0.076732290106422
22,3,8,Nyle DiMarco,25.0,0.35088349961439935,0.3003854124102693,0.035425690728438715,0.8581453697232833
22,3,9,Paige VanZant,23.0,0.12237603844737324,0.08194389087410345,0.009054170488298048,0.4580668402076939
22,3,10,Von Miller,20.0,0.025745445673829442,0.012029903230006009,0.00040362872643348363,0.13270073017232728
22,3,11,Wanya Morris,24.0,0.184029543424294,0.13384892646529828,0.014986661247416063,0.6159637882081039
22,4,0,Antonio Brown,35.0,0.1448113611471167,0.10333982914574542,0.0125918148971625,0.5058041823239007
22,4,1,Doug Flutie,24.0,0.012179032158869459,0.0038026066060954187,5.348198081348005e-05,0.07753873281269288
22,4,3,Ginger Zee,36.0,0.1969020997693873,0.15094937646525208,0.019935092758551678,0.6090821606094168
22,4,4,Jodie Sweetin,27.0,0.019319791952516107,0.008239243247530252,0.00033763367797708446,0.1102196738987441
22,4,5,Kim Fields,32.0,0.06646077633972297,0.04397410386803391,0.004246442486870711,0.2682202964893479
22,4,6,Marla Maples,28.0,0.02641616138412237,0.01209488502685866,0.0005501265120383174,0.13992576090518413
22,4,8,Nyle DiMarco,34.0,0.11782331416315968,0.08066658645502045,0.009275064131890068,0.432527016089783
22,4,9,Paige VanZant,36.0,0.2101883586001806,0.15940829612308544,0.021234187550960917,0.6517887846494456
22,4,10,Von Miller,32.0,0.0653135925685569,0.04115658447438308,0.004270741037043422,0.2602487288895675
22,4,11,Wanya Morris,35.0,0.14058551191636787,0.09836350614664423,0.011931944859045947,0.5043983803537593
22,5,0,Antonio Brown,26.0,0.018890421052203815,0.006737116649887396,8.270204688495642e-05,0.11731465132019984
22,5,1,Doug Flutie,28.0,0.03148521726332673,0.01408250930650215,0.0002900433217911166,0.16992646445560497
22,5,3,Ginger Zee,32.0,0.09482435768923028,0.05756868350576376,0.0042444489289569926,0.3947660824244789
22,5,4,Jodie Sweetin,35.0,0.21171244301308437,0.16008958130638473,0.01913107672548678,0.6648139217344629
22,5,5,Kim Fields,28.0,0.030209847620563328,0.014872972910877667,0.00036942716051495677,0.15844084068317868
22,5,8,Nyle DiMarco,37.0,0.44700660351038946,0.42116496943934467,0.049978735884756306,0.9201895021855405
22,5,9,Paige VanZant,31.0,0.0772651065267471,0.043261202458719394,0.0024676384749240383,0.35729107753388534
22,5,10,Von Miller,29.0,0.03977836722275629,0.01947238166398902,0.0006185145025003103,0.19387760271185192
22,5,11,Wanya Morris,30.0,0.04882763610169863,0.02602069692283447,0.0010303682385505953,0.22787515730411068
22,6,0,Antonio Brown,27.0,0.1424611429265188,0.10058146051145501,0.010109469306225189,0.5111404115359034
22,6,1,Doug Flutie,21.0,0.014746184073930491,0.004625246520587829,4.513019936611782e-05,0.09322317715205827
22,6,3,Ginger Zee,24.0,0.043331747485012534,0.020909039784441336,0.0009062109089380366,0.21739611610164475
22,6,4,Jodie Sweetin,25.0,0.05597565178040812,0.0310528398445778,0.0023827816107273117,0.2667615277149754
22,6,5,Kim Fields,24.0,0.04058953914792291,0.021820177172138387,0.0009569036069147069,0.19280644997954077
22,6,8,Nyle DiMarco,25.0,0.06395003821271533,0.03662458863309392,0.002383177975227586,0.2842196510603893
22,6,9,Paige VanZant,28.0,0.24892584892394487,0.19886693309227327,0.02389825052590029,0.712588203028705
22,6,10,Von Miller,24.0,0.04009650985526402,0.020839796977528684,0.0009019743986384065,0.1890198846988723
22,6,11,Wanya Morris,29.0,0.34992333759428296,0.29615169406821346,0.034734132871634495,0.8666380229851156
22,7,0,Antonio Brown,26.0,0.03506872375130143,0.016602339206743408,0.0006748120446792181,0.18997538832506763
22,7,3,Ginger Zee,27.5,0.1795964654518661,0.13354710928883579,0.015539584556618432,0.5810790068794943
22,7,4,Jodie Sweetin,25.5,0.020623265510173055,0.007889920555421308,0.00020791351826770802,0.12128327303832
22,7,5,Kim Fields,26.0,0.03529830234251547,0.01796889656055937,0.0007431812217237815,0.17997601480711883
22,7,8,Nyle DiMarco,28.0,0.33382874534450924,0.28611369820970856,0.0347140187358649,0.8222300435355512
22,7,9,Paige VanZant,27.5,0.19172112109494963,0.14127121530623274,0.017526345440148545,0.6221398902536835
22,7,10,Von Miller,26.0,0.03523435519140904,0.016597418784133282,0.0006810524209962879,0.1775689272012832
22,7,11,Wanya Morris,27.5,0.16862902131327603,0.12098628105596719,0.013203731998966139,0.5824585003691183
22,8,0,Antonio Brown,27.0,0.05944676210951974,0.03191026316697036,0.001614722502556333,0.2932063053674656
22,8,3,Ginger Zee,30.0,0.32115115873474215,0.28123484499875495,0.03535291418694785,0.7997917578741816
22,8,4,Jodie Sweetin,30.0,0.29673081452097216,0.24712325208203598,0.0327645926853143,0.7734273328747672
22,8,8,Nyle DiMarco,29.0,0.18704831558432236,0.13586062548259328,0.01497567372279085,0.6166095481991006
22,8,9,Paige VanZant,28.0,0.11375217126237164,0.06895733221762002,0.005414218181256955,0.47324155261309553
22,8,11,Wanya Morris,25.0,0.021870777788071945,0.008181209941111286,0.00011850909191334635,0.12713902847941813
22,9,0,Antonio Brown,27.5,0.04047043394750742,0.016228786677331214,0.0003457709146658866,0.2270473949828702
22,9,3,Ginger Zee,28.0,0.06775603129724513,0.03176918783023741,0.0011015142377182108,0.3368823923470622
22,9,8,Nyle DiMarco,28.5,0.10778076908652579,0.06426720473239717,0.0036489159120548864,0.4553218309197304
22,9,9,Paige VanZant,29.5,0.3124919441029679,0.2649652408843518,0.02846926745161298,0.8046885134004891
22,9,11,Wanya Morris,30.0,0.47150082156575374,0.4549852094926887,0.055631703885316956,0.9344469026767406
22,10,3,Ginger Zee,28.3332,0.0808539489126665,0.0322389861114389,0.0008029764011665989,0.4412355559461552
22,10,8,Nyle DiMarco,28.9998,0.22126391349746122,0.15570144795130736,0.009933379600724362,0.7345270572988013
22,10,9,Paige VanZant,29.666600000000003,0.6978821375898723,0.7632760283760174,0.1556947836154278,0.9860736391292753
23,1,0,Amber Rose,24.0,0.028755963683931275,0.013828165859735172,0.0006509025321862703,0.14731107616517117
23,1,1,Babyface,26.0,0.051816031979464244,0.029547252750350646,0.0021432384471668656,0.2444823204288407
23,1,2,Calvin Johnson Jr.,26.0,0.055214211645212494,0.033394719530236525,0.002418865023284906,0.2510170492592906
23,1,3,Jake T. Austin,22.0,0.016712114400104554,0.006540852295232474,0.0001288084306291784,0.09857390609884797
23,1,4,James Hinchcliffe,31.0,0.28588305121969637,0.2397546495649257,0.023142256371610142,0.7661746203933251
23,1,5,Jana Kramer,27.0,0.06848803923491611,0.042589334444537774,0.003322918546552649,0.284476337003397
23,1,6,Laurie Hernandez,31.0,0.29868747234458676,0.24631004734480166,0.029476419055156272,0.7908539701738969
23,1,7,Marilu Henner,27.0,0.06908838793643195,0.04277801739282076,0.003827926555300674,0.29608069752123284
23,1,8,Maureen McCormick,22.0,0.015777770340538285,0.006537715453969544,0.00015631851455344978,0.09039119269611218
23,1,9,Rick Perry,20.0,0.009761883517970185,0.003162629192306919,3.595408316442288e-05,0.060155611572953134
23,1,10,Ryan Lochte,24.0,0.026064439308714576,0.013107118100397748,0.0006144569081716476,0.13408075640573705
23,1,11,Terra Jole,25.0,0.035161675943197385,0.018570531507660276,0.0010399906912870642,0.1773259800579354
23,1,12,Vanilla Ice,25.0,0.038588958445235855,0.01987027674716969,0.0010192800775412438,0.18575766415696177
23,2,0,Amber Rose,24.0,0.018029150455144007,0.007502992994440063,0.0002555476070077475,0.10041265249727184
23,2,1,Babyface,30.0,0.12758713364133858,0.0895989094606463,0.011519780461519979,0.4577671873461397
23,2,2,Calvin Johnson Jr.,28.0,0.06630147405156586,0.04227354504891731,0.0041235625320130715,0.2803348525411384
23,2,3,Jake T. Austin,24.0,0.018151817737347812,0.0075563992421397155,0.00022637123577488318,0.10391085652656072
23,2,4,James Hinchcliffe,29.0,0.08886082894043072,0.05877160018201119,0.00588777695199316,0.3506469891944561
23,2,5,Jana Kramer,29.0,0.08406811936463689,0.05556876827198886,0.005402336091303677,0.3229913344227389
23,2,6,Laurie Hernandez,32.0,0.28673174600452633,0.22996651571375148,0.027962732336466067,0.7716344407487402
23,2,7,Marilu Henner,27.0,0.04301723548642823,0.024100840677429937,0.0019607138881851385,0.20121693718255565
23,2,8,Maureen McCormick,26.0,0.03139375780501723,0.016711313971097697,0.001170610333632948,0.1562071216877801
23,2,9,Rick Perry,22.0,0.01018600009241451,0.0035123460352585226,5.652743646441641e-05,0.061229066106548685
23,2,10,Ryan Lochte,24.0,0.01621146645874822,0.007149040719404382,0.0002451473752006709,0.08737212973787045
23,2,11,Terra Jole,31.0,0.17670542738841186,0.12727102809070204,0.014683617575596032,0.6002265280748805
23,2,12,Vanilla Ice,26.0,0.03275584257398975,0.016427150789318765,0.0009137721508723078,0.16913909637960053
23,3,0,Amber Rose,25.0,0.025183517547995617,0.011478023173875904,0.0005036723958172044,0.13552432133887435
23,3,1,Babyface,25.0,0.02574969460864321,0.01133921169069659,0.00040448155926381104,0.14464930970714787
23,3,2,Calvin Johnson Jr.,32.0,0.3089055371709016,0.26162259875520355,0.03148607887104288,0.8030525243504437
23,3,4,James Hinchcliffe,29.0,0.09386230005006925,0.061898391491067586,0.006233211531503001,0.37371450043326965
23,3,5,Jana Kramer,26.0,0.03312615603442525,0.016860245254270677,0.0007974481608500049,0.1633766081309998
23,3,6,Laurie Hernandez,31.0,0.20603626795988958,0.15831067099985932,0.0196739991089201,0.6352508066953675
23,3,7,Marilu Henner,28.0,0.06398580768471458,0.038402543160987956,0.0034304238287658686,0.2797218561609811
23,3,8,Maureen McCormick,28.0,0.0645395514141289,0.03915830131209837,0.004126481606035635,0.28016387775250207
23,3,9,Rick Perry,23.0,0.01391541940491152,0.005245775115730407,0.00011036613747169984,0.07859495434085548
23,3,10,Ryan Lochte,25.0,0.02304238192153068,0.01089887479277317,0.00048184934527237326,0.12018200974181464
23,3,11,Terra Jole,30.0,0.1265739384240548,0.0869692954846048,0.010699074272181888,0.47155768615769716
23,3,12,Vanilla Ice,23.0,0.015079427778735083,0.005135872507204868,9.108419522569241e-05,0.09496228437332628
23,4,0,Amber Rose,24.0,0.05508518221135391,0.030350913406225994,0.001979574548525995,0.2586516761446167
23,4,1,Babyface,18.0,0.011473073542955733,0.00312329552024602,2.0856657067170067e-05,0.076117682930221
23,4,2,Calvin Johnson Jr.,23.0,0.04335083307292239,0.022969703210900787,0.0009412664065680914,0.22040515070220879
23,4,4,James Hinchcliffe,28.0,0.20504096511986142,0.15853866018582402,0.015717610170123648,0.6365466950731834
23,4,5,Jana Kramer,23.0,0.039621561959798726,0.02027749252849392,0.0007741432733873423,0.1928019462904624
23,4,6,Laurie Hernandez,30.0,0.4309151449365924,0.40839265538210034,0.045126487458278165,0.9113026507721627
23,4,7,Marilu Henner,21.0,0.022166813947529923,0.009592957098810823,0.00022108510941459174,0.12650384852773636
23,4,8,Maureen McCormick,24.0,0.05322925701657911,0.03051986738702667,0.0019894361018573292,0.2458831523698778
23,4,10,Ryan Lochte,22.0,0.02796035717158689,0.013539521458451251,0.00045881067811593404,0.1482707986756973
23,4,11,Terra Jole,25.0,0.06988938902013872,0.04171169231998384,0.0031542444325982754,0.31459925683704615
23,4,12,Vanilla Ice,23.0,0.04126742200068079,0.020306440225977086,0.0008407736920003264,0.20266230655711578
23,5,0,Amber Rose,24.0,0.02927992555596945,0.011993910963190035,0.0002890112160968257,0.16767136672539962
23,5,2,Calvin Johnson Jr.,24.0,0.030687736327952117,0.01335124157745955,0.0002806024680214419,0.17588980004244095
23,5,4,James Hinchcliffe,29.0,0.482422256587791,0.47485847015136784,0.0502180115779334,0.9423087609081168
23,5,5,Jana Kramer,26.0,0.07957041873121144,0.0466189293282903,0.002520992857747377,0.3500068229492002
23,5,6,Laurie Hernandez,25.0,0.04974241278285927,0.025076029757909957,0.0011081824399597304,0.24299562265172187
23,5,7,Marilu Henner,27.0,0.1386481408018068,0.0939799618527495,0.00952227083687387,0.5233571080831587
23,5,8,Maureen McCormick,24.0,0.02771653848464509,0.01188329018088972,0.0002769880960369112,0.1531722281495223
23,5,10,Ryan Lochte,24.0,0.026462483757107382,0.011230191239162104,0.00028252961396503604,0.14803086680031494
23,5,11,Terra Jole,27.0,0.13547008697065746,0.08897833755198242,0.008777459112403466,0.5173393102227203
23,6,0,Amber Rose,28.0,0.019207032420889905,0.007319180270920901,0.00018548159830784783,0.11509493089031397
23,6,2,Calvin Johnson Jr.,37.0,0.15849707400945975,0.11677152783115663,0.014197128535655959,0.5224089092356796
23,6,4,James Hinchcliffe,38.0,0.1964894077651997,0.14958413703937246,0.01606559692138813,0.6180474222237093
23,6,5,Jana Kramer,40.0,0.31595721916337016,0.2676620609959244,0.03348557780320676,0.8028956533304311
23,6,6,Laurie Hernandez,37.0,0.15513910824395627,0.11073232593426927,0.014255442625907161,0.5303870662610499
23,6,7,Marilu Henner,34.0,0.0676617659811402,0.04034004244877968,0.003664665754375171,0.296863345368245
23,6,8,Maureen McCormick,31.0,0.03459958356776686,0.01672219815304924,0.0009458609514161319,0.18277626288973417
23,6,10,Ryan Lochte,30.0,0.026221783424657856,0.011997697737861471,0.0005322845863796927,0.13749493733633036
23,6,11,Terra Jole,30.0,0.02622702542355933,0.012001900588467916,0.0004330654211215285,0.14273095588996407
23,7,2,Calvin Johnson Jr.,37.0,0.3571067309419769,0.3200902894745886,0.03823017292811634,0.8360853614254238
23,7,4,James Hinchcliffe,37.0,0.33354157963080433,0.2942912301826821,0.03281467803872387,0.8219598925085015
23,7,5,Jana Kramer,34.5,0.07400981145922986,0.0428681086849624,0.002488656422786284,0.3221722308281315
23,7,6,Laurie Hernandez,34.5,0.07917824317941854,0.046034315175460284,0.0034888083527445397,0.34620676682856344
23,7,7,Marilu Henner,32.0,0.020531373388793368,0.007713043618022182,0.00012860484618137485,0.12016183458161597
23,7,8,Maureen McCormick,33.0,0.03354093461968627,0.015021979744112506,0.0005446125390244536,0.18280278214723442
23,7,10,Ryan Lochte,33.0,0.032171681854922134,0.014368634369312773,0.000518767861095567,0.17758703540738938
23,7,11,Terra Jole,34.5,0.06991964492516844,0.040212347773296644,0.00297080350676812,0.3287236699419594
23,8,2,Calvin Johnson Jr.,30.0,0.12583791947169815,0.08679067071945809,0.007531161653597994,0.4828075822999186
23,8,4,James Hinchcliffe,34.9998,0.40399945668827164,0.37993673443706166,0.04137248556582804,0.8779666862529057
23,8,5,Jana Kramer,30.0,0.11498977605042476,0.07388328304924577,0.005482461241792125,0.4472222104260413
23,8,6,Laurie Hernandez,33.0,0.25441880138161294,0.2029957031758407,0.026334539629652154,0.7190679303059045
23,8,7,Marilu Henner,23.0,0.02561326718232232,0.010274144154828371,0.0002449015699137553,0.14614629464844878
23,8,10,Ryan Lochte,26.0,0.045353767706809725,0.022730147126696305,0.0011292389870697817,0.22699336759187136
23,8,11,Terra Jole,24.0,0.029787011518860575,0.01281128398058174,0.0003519226788847568,0.16939473170617714
23,9,2,Calvin Johnson Jr.,37.0,0.06980452913276484,0.03787938783774728,0.0018713488767257275,0.33684254691725735
23,9,4,James Hinchcliffe,36.0,0.042383021456177304,0.01642100448365336,0.000466772062233785,0.2542549631936073
23,9,5,Jana Kramer,40.0,0.354844230638802,0.31839336108168426,0.0374475506407824,0.8311548787247215
23,9,6,Laurie Hernandez,40.0,0.38882340596169185,0.35103592140885453,0.046395921097550925,0.8661336523649892
23,9,7,Marilu Henner,36.0,0.03808364134912947,0.01642516569600648,0.0005056309086070565,0.21563789027005262
23,9,11,Terra Jole,38.0,0.10606117146143451,0.06498442706915801,0.005255197634083084,0.4499526492763139
23,10,2,Calvin Johnson Jr.,28.0,0.03358604630145862,0.011900296629540149,0.00023390545660398636,0.20494141195472854
23,10,4,James Hinchcliffe,29.5,0.17973701473892495,0.13046142956406978,0.0110226551763795,0.6081681556149883
23,10,5,Jana Kramer,29.0,0.09298268061572032,0.053083427905730035,0.00318600056878994,0.40512715024135393
23,10,6,Laurie Hernandez,30.0,0.36377662137718564,0.32854740381700176,0.040767893317668516,0.8347784327135752
23,10,11,Terra Jole,30.0,0.3299176369667105,0.2873386904923065,0.03236532535484929,0.8256940505738035
23,11,2,Calvin Johnson Jr.,38.3331,0.22179846789869986,0.17125452256954982,0.01585263219978588,0.6833593595452583
23,11,4,James Hinchcliffe,38.9998,0.3212444231076282,0.2830100263624906,0.02960419382665541,0.8011979537542911
23,11,5,Jana Kramer,35.5,0.04084654584693104,0.014558809036291424,0.0003399051835113509,0.23485613824649162
23,11,6,Laurie Hernandez,39.333200000000005,0.41611056314674094,0.3913608905743706,0.05324487591332378,0.8776996202833911
24,1,0,Bonner Bolton,22.0,0.02564886831169401,0.01230967188115795,0.0005204059851833366,0.13217285730932415
24,1,1,Charo,21.0,0.021130506338913887,0.009596683091219265,0.00031066933825621017,0.11087327530565771
24,1,2,Chris Kattan,17.0,0.00986845720279237,0.003191025361539912,4.132421867061764e-05,0.06021203302105672
24,1,3,David Ross,28.0,0.0961338291353767,0.06511497140221523,0.007048418686456305,0.3628765843344039
24,1,4,Erika Jayne,24.0,0.040665328235844816,0.021414559626741752,0.0011739146710055212,0.1989390707279471
24,1,5,Heather Morris,28.0,0.09220654533501514,0.05994729535242791,0.006383237998379631,0.37857281577618684
24,1,6,Mr. T,20.0,0.018169553015933832,0.007801035803858958,0.00020859719180192705,0.10223423914330262
24,1,7,Nancy Kerrigan,28.0,0.09682730247054716,0.06444611430708796,0.0066043855668682615,0.36875078415585844
24,1,8,Nick Viall,24.0,0.037789501601606844,0.02129258503162762,0.0012077509320154401,0.17468975775287687
24,1,9,Normani,27.0,0.08528465274427824,0.05447230717142717,0.0053173412426808,0.3438832114204963
24,1,10,Rashad Jennings,31.0,0.22252745199719673,0.16888489797711195,0.019202712959009705,0.6894781447740161
24,1,11,Simone Biles,32.0,0.2537480036108003,0.19442770564799777,0.02218479646144768,0.7400279156382311
24,2,0,Bonner Bolton,28.0,0.06121450333251102,0.0370912230371256,0.003121771766859182,0.26084333380607494
24,2,1,Charo,25.0,0.02513402162795646,0.01222513535623004,0.0004853942564051271,0.12983832444277915
24,2,2,Chris Kattan,22.0,0.011266988288535137,0.003838407994829267,5.811118752946552e-05,0.06904901406291045
24,2,3,David Ross,27.0,0.04397398958097987,0.025879819611668166,0.0019060237469697584,0.19058141188085442
24,2,4,Erika Jayne,28.0,0.06237429686283752,0.03672909592705376,0.0026698201859870732,0.270841407575043
24,2,5,Heather Morris,30.0,0.11059848307978135,0.0735754727884988,0.008386843615839058,0.43267170489629575
24,2,6,Mr. T,22.0,0.01197388500973443,0.004375603092168443,6.184667287061435e-05,0.07201730069566284
24,2,7,Nancy Kerrigan,28.0,0.06117810365850111,0.036138164274158044,0.0032254776724357716,0.2621231156968154
24,2,8,Nick Viall,25.0,0.024077700665504933,0.012021779965324678,0.00041774952365573415,0.11891270637193917
24,2,9,Normani,32.0,0.2556912901780909,0.20536284346847836,0.023580552895736368,0.7339638475280192
24,2,10,Rashad Jennings,32.0,0.2535479740119447,0.19571232514896988,0.022268522105728352,0.7448128874456844
24,2,11,Simone Biles,29.0,0.07896876370362264,0.04970861783726675,0.005052748533906214,0.3369427411717485
24,3,0,Bonner Bolton,24.0,0.01842692021184218,0.007564578789250414,0.00022701663785298728,0.10151460377416294
24,3,1,Charo,24.0,0.01842385719589505,0.007777426671697011,0.0002004098328464453,0.10508667237665371
24,3,3,David Ross,31.0,0.10057240109876088,0.06869393949934571,0.007577437313925165,0.3848058694091191
24,3,4,Erika Jayne,26.0,0.03024629783800093,0.014060715799000537,0.0005968145109037862,0.15827059437925686
24,3,5,Heather Morris,33.0,0.16976626696025504,0.12384028098890637,0.01492449762486405,0.560489711370304
24,3,6,Mr. T,24.0,0.019283837214902694,0.008121647024074245,0.0002184823360363073,0.11030628468577243
24,3,7,Nancy Kerrigan,33.0,0.17696491580835363,0.1317212565126191,0.015219135441930983,0.5690277134220597
24,3,8,Nick Viall,26.0,0.02786930715658576,0.014038100977032321,0.000587520574156679,0.13587336860627824
24,3,9,Normani,34.0,0.2599947648840849,0.2133648837657371,0.02529602028600795,0.7141777094352434
24,3,10,Rashad Jennings,28.0,0.05133194961649589,0.028236413355194112,0.00199120497167814,0.2383084304290755
24,3,11,Simone Biles,32.0,0.12711948201482307,0.08700709531791309,0.010572592254017974,0.4766540668259666
24,4,0,Bonner Bolton,32.0,0.045913944966935925,0.023966000061399467,0.0008691278557833519,0.22125194262662437
24,4,3,David Ross,31.0,0.03437684976430852,0.016997228107263188,0.0004926503970247691,0.17469749439418678
24,4,4,Erika Jayne,30.0,0.027799635570883517,0.011285541508841423,0.00017660660744845018,0.16113509733781742
24,4,5,Heather Morris,35.0,0.11028846603213842,0.06963518943919746,0.0055021311679295535,0.4459188222290956
24,4,6,Mr. T,28.0,0.01622584054380989,0.005777275594481545,4.962434040923734e-05,0.09870966462220966
24,4,7,Nancy Kerrigan,33.0,0.06242097476111677,0.03461220137525682,0.0018111856059146083,0.28739973943548786
24,4,8,Nick Viall,30.0,0.024782595103969227,0.0113427082373611,0.00017412007588527592,0.13517010138378457
24,4,9,Normani,32.0,0.052168559367557675,0.02708401272435273,0.0009198669120862275,0.26161131706761137
24,4,10,Rashad Jennings,39.0,0.4725366643923237,0.4490137814942468,0.05259163163664535,0.9470959107172223
24,4,11,Simone Biles,36.0,0.1534864694969563,0.10613869671948989,0.009229510063801492,0.5614723692099899
24,5,0,Bonner Bolton,30.0,0.023112377514190346,0.009369216812726514,0.00022914771520102565,0.1240326002273571
24,5,3,David Ross,29.0,0.0181794603953743,0.006743966432545431,0.00010625622318037078,0.10548266692269272
24,5,4,Erika Jayne,32.0,0.04135753480792988,0.019806088117339204,0.0006935056870522378,0.2184224902289195
24,5,5,Heather Morris,34.0,0.06614038411799994,0.0385964018565634,0.002768845232777255,0.3046226756429624
24,5,7,Nancy Kerrigan,36.0,0.12871280354151288,0.0876555327392973,0.008984754507616696,0.47745121162926707
24,5,8,Nick Viall,34.0,0.06830007519217865,0.0411154635239825,0.0026044212398102437,0.29572768508638925
24,5,9,Normani,39.0,0.37489897443810605,0.33624015062083784,0.04104353530868081,0.8559024756850562
24,5,10,Rashad Jennings,32.0,0.04389690778493019,0.021168984705209323,0.0008770876896750392,0.2294537485920974
24,5,11,Simone Biles,38.0,0.23540148220777773,0.18510095296988302,0.021373265762675644,0.7114426817381198
24,6,0,Bonner Bolton,31.5,0.03307990598002213,0.014808603416720991,0.0005359693422320024,0.17401157804386533
24,6,3,David Ross,31.0,0.027334338170677826,0.012016697304643649,0.00031161964695368053,0.15199472097919395
24,6,5,Heather Morris,37.0,0.33981325782002547,0.2908040453847642,0.03516349424893722,0.8358535227360955
24,6,7,Nancy Kerrigan,33.5,0.07365869384443607,0.042700756652655436,0.0030704020691018725,0.32912947828460354
24,6,8,Nick Viall,30.5,0.021701692302450434,0.009029735805130352,0.0001743344116740597,0.11984315562314767
24,6,9,Normani,36.0,0.2450195084641595,0.19623366400893008,0.02216966166578098,0.7019710203908884
24,6,10,Rashad Jennings,35.0,0.15361072177016397,0.10779362569256848,0.010309150214825025,0.5447207557390563
24,6,11,Simone Biles,34.5,0.10578188164806461,0.06838771969208582,0.006812342289237076,0.4289540369472329
24,7,0,Bonner Bolton,31.0,0.026220056996900293,0.00993402953396964,0.00020048402369370562,0.14481926173455686
24,7,3,David Ross,32.0,0.032115038359327476,0.013821757145056485,0.0003452064947056439,0.17394991860516681
24,7,7,Nancy Kerrigan,36.0,0.08286424386023683,0.04818424673182879,0.0032093099272864586,0.36579525998680396
24,7,8,Nick Viall,34.0,0.04896494853695109,0.025459299162425664,0.0009635903993786595,0.23893340000382843
24,7,9,Normani,42.0,0.4442863320225537,0.42484567536622386,0.0550613025982883,0.9143076441237692
24,7,10,Rashad Jennings,39.0,0.19608279692328318,0.14421373091867026,0.01372108225341328,0.6537201739971704
24,7,11,Simone Biles,39.0,0.16946658330074743,0.11948810155638019,0.012357858468318474,0.5978621914881751
24,8,0,Bonner Bolton,29.0,0.033403878699653576,0.01205826722340533,0.00023198441842414133,0.1999451456347025
24,8,3,David Ross,32.5,0.07013008653287829,0.03731865623039958,0.0017517809376749532,0.33474389818342803
24,8,9,Normani,39.5,0.4651662703913841,0.45634985110761495,0.0600495410349002,0.917563807317015
24,8,10,Rashad Jennings,37.5,0.27254186333660096,0.21875588559175774,0.021579580681107834,0.775176010913969
24,8,11,Simone Biles,36.0,0.1587579010394831,0.10827823120330562,0.009744307069691678,0.5781147701169667
24,9,3,David Ross,35.0,0.043933719706635455,0.016865216916874468,0.00030033172757840994,0.2451458563775883
24,9,9,Normani,38.0,0.19990690014752358,0.14173519235948115,0.010715390820773614,0.6583643139853935
24,9,10,Rashad Jennings,38.5,0.2560472922225864,0.20044539816671647,0.017466078250256766,0.7678911343586768
24,9,11,Simone Biles,40.0,0.5001120879232546,0.49871406536814655,0.06670450445707525,0.9413678430625586
24,10,3,David Ross,36.3333,0.06682862777509704,0.028267112867020917,0.0007404037520210005,0.35669584898399787
24,10,9,Normani,39.333200000000005,0.4231402506664712,0.39863944179577676,0.04027915045388498,0.9002713819744845
24,10,10,Rashad Jennings,39.6666,0.5100311215584318,0.5148396916961214,0.06354379828211774,0.9451327805422176
25,1,0,Barbara Corcoran,14.0,0.009913720002221177,0.0030873130303482794,3.213553719601752e-05,0.06610638701732677
25,1,1,Debbie Gibson,17.0,0.025271083690873265,0.01231107591661919,0.000546383567595451,0.1297720472844036
25,1,2,Derek Fisher,18.0,0.041141343329894456,0.022359584813038097,0.0016362897860396806,0.19986655179938437
25,1,3,Drew Scott,16.0,0.0193813920816054,0.008448188043679524,0.00023093049860396404,0.10709957345865614
25,1,4,Frankie Muniz,19.0,0.05815353026426708,0.03530828025359091,0.003325790565990318,0.2488009236283921
25,1,5,Jordan Fisher,22.0,0.24193491809646014,0.18990306208112454,0.022099334095972645,0.7093968939113926
25,1,6,Lindsey Stirling,22.0,0.23207831277276272,0.18259223366049787,0.02146125321378546,0.6998178026030124
25,1,7,Nick Lachey,18.0,0.039860445080940006,0.022709410721856838,0.0016325933351450475,0.18738711375543624
25,1,8,Nikki Bella,20.0,0.08344658124145553,0.05541880519539792,0.006179857776750824,0.3140646327579343
25,1,9,Sasha Pieterse,18.0,0.041727532619508796,0.022523485373620915,0.0015223636242665782,0.1980561499057537
25,1,10,Terrell Owens,15.0,0.012336058202375747,0.00491493568195216,9.835597930679175e-05,0.06784164381857827
25,1,11,Vanessa Lachey,21.0,0.13871066062796814,0.09979570513674893,0.012462796080873704,0.49154894735812615
25,1,12,Victoria Arlen,19.0,0.056044421989667526,0.03358436263241972,0.003339549811402484,0.25354589683345263
25,2,0,Barbara Corcoran,17.0,0.009412420475873071,0.002863311920708627,3.140962746909015e-05,0.06271963551932322
25,2,1,Debbie Gibson,20.5,0.03452206707248322,0.018114432529776202,0.001164450057961127,0.16908610968004728
25,2,2,Derek Fisher,19.0,0.020727027137986843,0.00883456596689774,0.000320659974394603,0.11896784419312138
25,2,3,Drew Scott,20.5,0.03756607650181647,0.020213808587766828,0.001238583021311747,0.17548161973100296
25,2,4,Frankie Muniz,24.0,0.2022243006215206,0.15205228609837113,0.019252734138224092,0.6537978913577914
25,2,5,Jordan Fisher,24.0,0.2167427771556664,0.16658928413863544,0.019804502684181303,0.6634599537954078
25,2,6,Lindsey Stirling,22.5,0.09574900059478125,0.06230783064030948,0.007265642010394005,0.374226043784077
25,2,7,Nick Lachey,19.0,0.01952456117405022,0.008948166366318136,0.00031093710875670374,0.10770814882709906
25,2,8,Nikki Bella,19.5,0.02132161042467753,0.010464823999478637,0.0005452494854860126,0.10983511768994594
25,2,9,Sasha Pieterse,22.5,0.09791610944813572,0.06521005435552821,0.007595728322848577,0.38980659780434473
25,2,10,Terrell Owens,19.5,0.02221376408000315,0.011192895223521052,0.0005237506081304874,0.11168315010167243
25,2,11,Vanessa Lachey,23.5,0.1526699655201575,0.11287354607097613,0.01428997173626993,0.5129586158271024
25,2,12,Victoria Arlen,22.0,0.06941031979284804,0.04348251636713849,0.004850211131513641,0.2982763031906053
25,3,2,Derek Fisher,21.0,0.03081273114255252,0.01343430722742157,0.000299096100966899,0.17159973863328376
25,3,3,Drew Scott,23.0,0.0699404955561617,0.040363880706956304,0.002108152664259829,0.31485378631777994
25,3,4,Frankie Muniz,21.0,0.028698734775045094,0.013167618930271699,0.00027078627295087037,0.15569682049742356
25,3,5,Jordan Fisher,25.0,0.18889908536367675,0.1352138068463301,0.013081151505694773,0.6248062308303873
25,3,6,Lindsey Stirling,27.0,0.47653300836338025,0.46417802262186314,0.05007604287286322,0.9517429544377924
25,3,7,Nick Lachey,21.0,0.029546024977415833,0.013849564089462307,0.0003079411366570134,0.15882930125744715
25,3,8,Nikki Bella,21.0,0.026677624081435956,0.01214689459778503,0.00029222778081684726,0.14219943133819174
25,3,9,Sasha Pieterse,19.0,0.01493960927418648,0.0045802197627329184,3.130216869080383e-05,0.09161846145657118
25,3,10,Terrell Owens,21.0,0.027312508213726935,0.012917525715299697,0.0002727067495858747,0.14347556988449825
25,3,11,Vanessa Lachey,23.0,0.06492359243483177,0.03822579901541723,0.002316850501561397,0.2909022945810969
25,3,12,Victoria Arlen,22.0,0.04171658581758677,0.02151929752438724,0.00081782603819106,0.21012652345913754
25,4,2,Derek Fisher,23.0,0.024097181015893625,0.009114472296799979,0.0001332564940909436,0.14752678081832624
25,4,3,Drew Scott,24.0,0.035393539695441255,0.01717897405449363,0.0003987073350683254,0.18512443620063948
25,4,4,Frankie Muniz,24.0,0.03376807850044363,0.0161793885506126,0.0004081602466146649,0.17608926542638376
25,4,5,Jordan Fisher,29.0,0.5102783243901327,0.5027587121528581,0.057963956564356676,0.9579659138730585
25,4,6,Lindsey Stirling,26.0,0.09599801544010682,0.0580437650752781,0.00404937195563433,0.4046321382378755
25,4,7,Nick Lachey,22.0,0.014623747566217324,0.005000313749690483,3.5852923871208575e-05,0.08947446424271678
25,4,8,Nikki Bella,24.0,0.03100169487820833,0.01527068728053189,0.0004473996266390587,0.1618068362138164
25,4,9,Sasha Pieterse,24.0,0.03689167785162152,0.01674168504240245,0.0004880152845085485,0.19387800394295399
25,4,10,Terrell Owens,24.0,0.032585605218867095,0.015682848579974568,0.0004301009080443595,0.16878132652039932
25,4,11,Vanessa Lachey,24.0,0.033058896966167914,0.015958296651794414,0.0004398706063808401,0.17230277991325718
25,4,12,Victoria Arlen,27.0,0.15230323847689975,0.10467840126281691,0.010275695149014203,0.5569416223509854
25,5,3,Drew Scott,25.0,0.040399208067489284,0.02098950381048316,0.0009117332500346848,0.20390696075815676
25,5,4,Frankie Muniz,29.0,0.20694163180705547,0.15979948636631341,0.019194683641596166,0.6464720830407618
25,5,5,Jordan Fisher,30.0,0.3466166999818053,0.3036460657578329,0.03671080503244328,0.8467725366167818
25,5,6,Lindsey Stirling,28.0,0.13818660359124302,0.09427053405508183,0.009943394607959651,0.5059880381738143
25,5,7,Nick Lachey,22.0,0.014038524309689625,0.00485805140342231,6.118140456312506e-05,0.08528110378448832
25,5,8,Nikki Bella,27.0,0.07891598186574125,0.050820386180101526,0.004965351321044643,0.3189680538058276
25,5,9,Sasha Pieterse,24.0,0.029216272536840733,0.012456589527311239,0.00040222329184587836,0.15617033484466208
25,5,10,Terrell Owens,25.0,0.03726681883368297,0.019381514746727405,0.0009350590964968677,0.18211044081097216
25,5,11,Vanessa Lachey,24.0,0.025826633250802655,0.011973799037360766,0.00041942974791334326,0.13620767007529122
25,5,12,Victoria Arlen,27.0,0.08259162575564977,0.05201228682623005,0.004999842754281478,0.35042193198914673
25,6,3,Drew Scott,30.0,0.03191733312621284,0.014642378373481812,0.0004889528638923784,0.17028311994470016
25,6,4,Frankie Muniz,31.0,0.03708955749376968,0.018678013370696224,0.0008902777702199547,0.1863653576438376
25,6,5,Jordan Fisher,39.0,0.24090547902833506,0.19178811426390746,0.02358937580565106,0.7059426484380054
25,6,6,Lindsey Stirling,40.0,0.29548479024282964,0.24657066190714258,0.029555294451097655,0.7798389814852075
25,6,7,Nick Lachey,26.0,0.015108433283819929,0.005264135628700729,7.376130974950793e-05,0.09378595774272008
25,6,8,Nikki Bella,36.0,0.10211380379030822,0.06846340490574335,0.0073180599051171575,0.3828896262715265
25,6,10,Terrell Owens,37.0,0.13536406265850426,0.09554960688627723,0.010447368653615549,0.4903655321134783
25,6,11,Vanessa Lachey,36.0,0.10639162402674625,0.07235209586701537,0.008479326989120774,0.4244167766052192
25,6,12,Victoria Arlen,31.0,0.03562491634947404,0.017350401308331563,0.000886586483706951,0.18473203168481275
25,7,3,Drew Scott,28.5,0.18270413667971155,0.13428291684211408,0.013269082255632657,0.6123301770557837
25,7,4,Frankie Muniz,30.0,0.3911074095841151,0.3513449717386774,0.043971067302985785,0.8963697792799298
25,7,5,Jordan Fisher,27.0,0.08879487633882634,0.0536666368417579,0.003711344491379418,0.3798019160243644
25,7,6,Lindsey Stirling,25.5,0.04367649081955839,0.019704744049602724,0.0007769462777891404,0.2332376503283843
25,7,8,Nikki Bella,24.0,0.02013755754488779,0.007488424949861051,0.00013375445035630437,0.12042305918745654
25,7,10,Terrell Owens,24.5,0.025553045231061975,0.010785733088523725,0.00024159893567993765,0.14101409213060273
25,7,11,Vanessa Lachey,27.0,0.07912135631124877,0.04888135398177045,0.0039387910697445926,0.32764037609500407
25,7,12,Victoria Arlen,28.5,0.16890512749059008,0.12394009547851174,0.013778542167907241,0.5589931510954665
25,8,3,Drew Scott,23.5,0.03623277830251018,0.014174439907737254,0.00019409910464099526,0.21404109825983123
25,8,4,Frankie Muniz,26.5,0.11323144861153797,0.07013557182461087,0.0036551750178945974,0.4795356646587613
25,8,5,Jordan Fisher,30.0,0.5900312221415882,0.616334918024209,0.09016542398965385,0.973659221544007
25,8,6,Lindsey Stirling,27.0,0.1481967111317477,0.09473386279923132,0.006448068234631775,0.5690684629498387
25,8,10,Terrell Owens,25.5,0.07226923323738152,0.03878945001751237,0.0015384519593132308,0.3477458847684992
25,8,12,Victoria Arlen,24.0,0.04003860657523439,0.016244062717473716,0.0003329466813644595,0.22883804513945133
25,9,3,Drew Scott,24.0,0.0357643510688519,0.013654719410277613,0.0002774302045808177,0.21412493133142887
25,9,4,Frankie Muniz,25.5,0.06474087857810346,0.03259538387567092,0.00158668439701128,0.32499976545514947
25,9,5,Jordan Fisher,29.0,0.39435976194725336,0.3645161985980119,0.04595411686033747,0.8712710511364511
25,9,6,Lindsey Stirling,28.5,0.29376492064528714,0.24425071229375092,0.026383221950395424,0.7865748935482365
25,9,12,Victoria Arlen,28.0,0.21137008776050414,0.15922937274024954,0.01739018080886103,0.6739322716732427
25,10,3,Drew Scott,37.5,0.04655205861905691,0.017731761305061412,0.000340021818347323,0.2790311586246152
25,10,4,Frankie Muniz,38.8887,0.13730772403022845,0.08848841634615393,0.006534940437210726,0.5461580049694206
25,10,5,Jordan Fisher,40.0,0.4150300325830059,0.38989938838781923,0.04802485135846704,0.8895666047249973
25,10,6,Lindsey Stirling,40.0,0.40111018476770877,0.37550031043117627,0.04171242526747367,0.8838771690654575
26,1,0,Adam Rippon,24.0,0.2442027902741631,0.19806234778648962,0.02307709300493627,0.6959433368859514
26,1,1,Arike Ogunbowale,20.0,0.04017856752258422,0.021700064824852185,0.0012296593671373703,0.19306617633211018
26,1,2,Chris Mazdzer,21.0,0.06384400415779155,0.03729403361396731,0.0032571065424800765,0.2885380144014059
26,1,3,Jamie Anderson,19.0,0.027285306584807684,0.012932230501667596,0.0005186108989397055,0.13785564216336144
26,1,4,Jennie Finch Daigle,21.0,0.06430762237705273,0.0371899646274146,0.0032434938440760695,0.28794592965661936
26,1,5,Johnny Damon,18.0,0.019804383467923695,0.007931484089024197,0.00019292028192583198,0.10989095552177183
26,1,6,Josh Norman,24.0,0.23772271858843566,0.18901597992010474,0.022780803866115275,0.6945084577512138
26,1,7,Kareem Abdul-Jabbar,17.0,0.014967756245569355,0.005207303412811829,8.53320951963762e-05,0.09797717570344637
26,1,8,Mirai Nagasu,23.0,0.13677292885516248,0.09768617621454997,0.011925710956323634,0.48786016418306266
26,1,9,Tonya Harding,23.0,0.15091392192650951,0.10861392134312575,0.012735686245483286,0.518121882050732
26,2,0,Adam Rippon,37.0,0.3321246253602437,0.290706236287593,0.03301854981263832,0.8227357090941141
26,2,1,Arike Ogunbowale,35.0,0.13837595155233962,0.09488278816700507,0.009005479840846806,0.5064502141457226
26,2,2,Chris Mazdzer,33.0,0.06653529024266219,0.03692834599442423,0.002319080525109734,0.31585601626068593
26,2,4,Jennie Finch Daigle,31.5,0.03939015016050409,0.018318821549115044,0.0006307563750823555,0.21179591602000386
26,2,6,Josh Norman,31.5,0.040686620974810954,0.018497990254037224,0.0005732270610471291,0.22262336045922504
26,2,7,Kareem Abdul-Jabbar,29.5,0.02116337009793254,0.007324549262984932,0.00010591560810742988,0.1362843447969949
26,2,8,Mirai Nagasu,37.0,0.2952568395210589,0.24803172498732567,0.03168975311600684,0.7812321862485044
26,2,9,Tonya Harding,33.0,0.06646715209044803,0.03611715074553475,0.002346731176277165,0.3212975999853081
26,3,0,Adam Rippon,41.0,0.5003870308107171,0.501818451282869,0.06119808265944061,0.9421152427318598
26,3,2,Chris Mazdzer,33.0,0.06313103171633049,0.031571445552936075,0.0012365965527522823,0.3198432535420326
26,3,4,Jennie Finch Daigle,29.0,0.026769662074107567,0.009112575543730135,0.00011189869924023875,0.1687816624760237
26,3,6,Josh Norman,38.0,0.21792993261449817,0.16711513681694826,0.01510170618778879,0.6779096760396204
26,3,8,Mirai Nagasu,35.0,0.09120935748635567,0.05445852672717309,0.003405895444065846,0.39793319952969486
26,3,9,Tonya Harding,35.0,0.10057298529799105,0.061091661510826165,0.003802326704171269,0.43112188983173544
26,4,0,Adam Rippon,29.0,0.6950906019910918,0.7662671257321205,0.13436698594591318,0.9871697988592735
26,4,6,Josh Norman,28.5,0.2246633232484872,0.1549677953694595,0.008214300041084996,0.7572690774239283
26,4,9,Tonya Harding,28.0,0.08024607476042098,0.03462210306831384,0.0006642474863664947,0.4479818500611423
27,1,0,Alexis Ren,22.0,0.1424907160668252,0.0998767469273395,0.013211617377486157,0.5122309698389539
27,1,1,Bobby Bones,20.0,0.05591482972566983,0.03389179104451427,0.003131081657018491,0.24139877631553663
27,1,2,Danelle Umstead,18.0,0.024528729712736876,0.012529019013076284,0.0006503567582480263,0.1222290495419642
27,1,3,DeMarcus Ware,23.0,0.2074543191049486,0.154805289474858,0.02180857233453511,0.6454433438097175
27,1,4,Evanna Lynch,18.0,0.02726022305233027,0.013250383353605663,0.0005871637699224554,0.141689719709996
27,1,5,Joe Amabile,14.0,0.0072162092190542065,0.0019219598464599711,1.5888822787848502e-05,0.04762897473118969
27,1,6,John Schneider,18.0,0.02501914868883446,0.012591532627907515,0.0006656726632523153,0.13089206583317164
27,1,7,Juan Pablo Di Pace,22.0,0.12895287286873577,0.08748856494918972,0.010547815940355402,0.4757113811128775
27,1,8,Mary Lou Retton,20.0,0.056484190794422164,0.033405645784535726,0.003388049956729158,0.2510412651626381
27,1,9,Milo Manheim,20.0,0.0579013504647787,0.033855687058915104,0.0031887584967579237,0.25397376416489115
27,1,10,Nancy McKeon,19.5,0.04323453108646162,0.025965003034300854,0.0021453303545954663,0.18943563912200823
27,1,11,Nikki Glaser,17.5,0.02195510245249224,0.01049491223585966,0.0004289500216688293,0.1182045582995993
27,1,12,Tinashe,23.0,0.20158777676271009,0.15647604452590191,0.021102244957522866,0.6263994302900127
27,2,0,Alexis Ren,24.5,0.113049595166934,0.07677870514627044,0.009591828982512506,0.4322408553803414
27,2,1,Bobby Bones,19.5,0.02021661387463625,0.008735943590518458,0.00033767246749907696,0.11056290401583367
27,2,2,Danelle Umstead,18.5,0.014120911655651578,0.005723801078347034,0.00013871764401963803,0.07917990743424035
27,2,3,DeMarcus Ware,23.5,0.07264129929952262,0.045345104415651635,0.005142064310751941,0.3066067614017083
27,2,4,Evanna Lynch,24.0,0.09023992049797817,0.060121749668926826,0.006471568179334643,0.3483450204369421
27,2,5,Joe Amabile,17.5,0.011549772427736428,0.003942202564339735,6.714607020797527e-05,0.07077534821532583
27,2,6,John Schneider,21.5,0.03548837931336993,0.0195854170806705,0.0014022294203089396,0.17345838113789158
27,2,7,Juan Pablo Di Pace,26.0,0.18367715362369863,0.13372871893122723,0.015834854698194498,0.6145559843307283
27,2,8,Mary Lou Retton,23.0,0.061992496685998454,0.03645344613284003,0.003985439748948672,0.2745644308962812
27,2,9,Milo Manheim,26.0,0.1919677982877573,0.1415254423184587,0.017351636375741025,0.6126191955799705
27,2,10,Nancy McKeon,20.5,0.025463143468684668,0.01270702882853202,0.0007052876618789465,0.12909823751143365
27,2,12,Tinashe,26.0,0.17959291569803196,0.1360613784639996,0.018958898561230317,0.5714125288648636
27,3,0,Alexis Ren,26.0,0.09275085172914643,0.060408102575288045,0.006055304223299325,0.37454432522064995
27,3,1,Bobby Bones,23.0,0.035637908447961386,0.018109164351716642,0.001056444289680815,0.1753585898629139
27,3,3,DeMarcus Ware,26.0,0.08586346846918075,0.05397068645696902,0.00612031467392205,0.3539552490249483
27,3,4,Evanna Lynch,27.0,0.12311931238237717,0.0863108423553188,0.009158366705373257,0.44363523031703594
27,3,5,Joe Amabile,18.0,0.010262812973432922,0.003091908869197217,2.9422355523961982e-05,0.06558729125388535
27,3,6,John Schneider,21.0,0.02007363470041042,0.008830722264364418,0.0002729616199666412,0.11172761110719026
27,3,7,Juan Pablo Di Pace,30.0,0.32172707176351195,0.2663036567944673,0.02858639834720717,0.8473701072472027
27,3,8,Mary Lou Retton,24.0,0.04780159624753825,0.025964165693415312,0.0017984510167866957,0.22008184018945437
27,3,9,Milo Manheim,27.0,0.12310337397526971,0.08379161345538375,0.008561048902145159,0.460043744519607
27,3,10,Nancy McKeon,22.0,0.025667542660037287,0.012357526646129702,0.0005275800503514815,0.13144444213855286
27,3,12,Tinashe,27.0,0.11399242665113371,0.08083158191934955,0.009019896293999092,0.40597882312744704
27,4,0,Alexis Ren,25.0,0.11108504532978436,0.07398640097555179,0.008145003776267541,0.41865560228404847
27,4,1,Bobby Bones,20.0,0.028978265570590207,0.0135399991551967,0.000547028557638155,0.15228682956987577
27,4,3,DeMarcus Ware,22.0,0.0467663723121773,0.02561766089721354,0.0016265849963914105,0.2156231462595073
27,4,4,Evanna Lynch,24.0,0.08168629789599252,0.05209179627302083,0.004514841366882309,0.33323072579342383
27,4,5,Joe Amabile,15.0,0.01005340845804714,0.002847024819054511,2.4324929894356764e-05,0.06553916858571592
27,4,6,John Schneider,21.0,0.03497859821259948,0.018485638403360035,0.0009668000215105724,0.17842781582739875
27,4,7,Juan Pablo Di Pace,24.0,0.07625361481479569,0.04620617040375613,0.004264795841361267,0.33934592618212783
27,4,8,Mary Lou Retton,26.0,0.13919745102066466,0.09534042080578475,0.012252648729808267,0.512732868988359
27,4,9,Milo Manheim,29.0,0.3398240398641587,0.29105885377892793,0.03335928341955922,0.8496423571462276
27,4,12,Tinashe,26.0,0.13117690652119,0.09463191404980431,0.011311106522867629,0.4502479925608415
27,5,0,Alexis Ren,29.0,0.2672419145814838,0.21358325123027905,0.02775562968564233,0.7560431944150316
27,5,1,Bobby Bones,21.0,0.02897266741424519,0.012870142481817526,0.0004885802624585353,0.15727750755138553
27,5,3,DeMarcus Ware,26.0,0.10317293897178301,0.0675266275001737,0.0074874375767123745,0.4061332776193768
27,5,4,Evanna Lynch,24.0,0.06292483897210271,0.03662795319491843,0.0024903947998650756,0.2903381002670034
27,5,5,Joe Amabile,17.0,0.012186017990742929,0.003577191958408107,4.023696957851399e-05,0.07893727117810007
27,5,6,John Schneider,24.0,0.05839269313508422,0.0337945269575868,0.0026526401198716117,0.2604824488240093
27,5,7,Juan Pablo Di Pace,29.0,0.2448166553519163,0.18829632468884344,0.021959530268112034,0.7199525432963153
27,5,8,Mary Lou Retton,25.0,0.07950733049781813,0.048183808468569046,0.004378553323526481,0.3365438337467849
27,5,9,Milo Manheim,27.0,0.14278494308482376,0.10002504712749834,0.01073576485169192,0.5214473702708103
27,6,0,Alexis Ren,27.0,0.11170229914458335,0.07505567955964229,0.00815695466711224,0.4287811828299035
27,6,1,Bobby Bones,22.0,0.03021439110538557,0.013508631624447313,0.0005636701850397105,0.1628224069222752
27,6,3,DeMarcus Ware,26.0,0.07923462587886719,0.048233603415004954,0.004783166145460571,0.3296699225893353
27,6,4,Evanna Lynch,29.0,0.19016124770290815,0.14462168316949572,0.017108979176792685,0.597595887943248
27,6,5,Joe Amabile,22.0,0.029995112290765027,0.013748519912967097,0.0005640154687502944,0.16656581179511804
27,6,6,John Schneider,19.0,0.015175067268801606,0.005302047679096609,9.274561245883334e-05,0.09382155832180693
27,6,7,Juan Pablo Di Pace,30.0,0.2414901550531492,0.18789785660003477,0.021623195864805125,0.7150675702858613
27,6,8,Mary Lou Retton,24.0,0.04869683029706459,0.025399766246972266,0.0016825055552741033,0.23365304617266233
27,6,9,Milo Manheim,30.0,0.2533302712584753,0.20066017389097546,0.02400096618754043,0.7282224881796173
27,7,0,Alexis Ren,27.5,0.10250817807645407,0.06734123326013366,0.006623248729665354,0.40771032362106646
27,7,1,Bobby Bones,26.5,0.05616190341598377,0.030384475046841226,0.0020061231758613765,0.2658521936629274
27,7,3,DeMarcus Ware,26.5,0.05498375412685879,0.030589871725432573,0.002004381312908903,0.2575235974857224
27,7,4,Evanna Lynch,29.5,0.33351624402500196,0.2894112165488256,0.0354171422121196,0.8156605618718982
27,7,5,Joe Amabile,23.5,0.013544398716643624,0.004031778668651009,4.5429274405365504e-05,0.08793930339982045
27,7,6,John Schneider,27.0,0.07073841397546564,0.042179304848291854,0.0035896415138794453,0.30625405681635287
27,7,7,Juan Pablo Di Pace,28.0,0.12540538331930876,0.08326119209118427,0.008769779635226236,0.4915956732755301
27,7,9,Milo Manheim,29.0,0.24314172434428338,0.18938132055434234,0.023317356767786943,0.7042892036458409
27,8,0,Alexis Ren,29.0,0.24201911929714365,0.19426767284948587,0.022694943051148005,0.7040634784726307
27,8,1,Bobby Bones,22.5,0.03203421809291237,0.011944963276763233,0.0003315833619425418,0.19412231376223918
27,8,4,Evanna Lynch,29.0,0.23456885591743204,0.18785405727814572,0.021127797499899466,0.6821781849225483
27,8,5,Joe Amabile,23.0,0.03586520198340661,0.014804417732753764,0.0005040344210605109,0.2075939664236332
27,8,7,Juan Pablo Di Pace,30.0,0.313829373456846,0.2670848615637269,0.030611935964378025,0.8019177802127138
27,8,9,Milo Manheim,27.5,0.14168323125225935,0.09467130488877704,0.008810829338195469,0.5327387916662704
27,9,0,Alexis Ren,28.5,0.13427659289104923,0.08430194234159111,0.005693668030371884,0.5374454515736298
27,9,1,Bobby Bones,27.0,0.04748366519461592,0.018164513963584795,0.0004256734368339903,0.2882767720989386
27,9,4,Evanna Lynch,30.0,0.4122084432165272,0.38716677298906443,0.05068474321882317,0.8816073516885367
27,9,9,Milo Manheim,30.0,0.40603129869780763,0.3766558478951668,0.04802074020694478,0.8842757179803002
28,1,0,Ally Brooke,16.0,0.0457048441098426,0.02773432702371793,0.00168929448457799,0.20630165713888013
28,1,1,Hannah Brown,20.0,0.229025514262891,0.18531367930715775,0.02467135372718796,0.649276965263813
28,1,2,James Van Der Beek,21.0,0.27580615682608545,0.22055461634900064,0.03073743903200118,0.7801662944499986
28,1,3,Karamo Brown,17.0,0.040463279290102655,0.026663634409595453,0.0028384949480785193,0.15829543900400103
28,1,4,Kate Flannery,15.0,0.024013985386144885,0.014218231848008085,0.0008930016587775634,0.10432941873366827
28,1,5,Kel Mitchell,16.0,0.050035478806455674,0.03024420568787305,0.0020992299265313644,0.22228778112003092
28,1,6,Lamar Odom,11.0,0.006399924041418637,0.0026678304225097016,3.242170560972046e-05,0.03389193061727538
28,1,7,Lauren Alaina,19.0,0.17121742839115353,0.13174139883473385,0.015032911140520726,0.5354135651277836
28,1,8,Mary Wilson,17.0,0.06054811643008993,0.03732141914507331,0.0034749697820240046,0.2530371002641211
28,1,9,Ray Lewis,15.0,0.02799369408255467,0.014107563780804045,0.000801453604186217,0.14319588757952284
28,1,10,Sailor Brinkley-Cook,18.0,0.04589713128435038,0.025030957570627267,0.0033622144794603044,0.2260293512647144
28,1,11,Sean Spicer,12.0,0.022894447088910606,0.006452207856324102,8.532134786667795e-05,0.12365904473409338
28,2,0,Ally Brooke,20.0,0.08827033487927767,0.05881989818047606,0.0059516114445798685,0.3338995271188268
28,2,1,Hannah Brown,24.0,0.40607887121717956,0.3684601688691185,0.06015110208819752,0.881033183979712
28,2,2,James Van Der Beek,20.0,0.0782452350862338,0.054420865915963845,0.006217444301732462,0.28972699802403684
28,2,3,Karamo Brown,19.0,0.0400256438091822,0.025951112263327244,0.0025295093652068874,0.16258441585892885
28,2,4,Kate Flannery,21.0,0.10207635703751682,0.07021555436414316,0.008691639440621613,0.37122949679715894
28,2,5,Kel Mitchell,20.0,0.09734850293809483,0.06579390401020033,0.00687906317959137,0.36500857194763636
28,2,6,Lamar Odom,12.0,0.005629574647914591,0.002281633433559279,2.0494209916696974e-05,0.030975643618137233
28,2,7,Lauren Alaina,19.0,0.08402123190368652,0.054113764801610315,0.0037820140370025566,0.32858314967389396
28,2,8,Mary Wilson,15.0,0.018924576843196438,0.007892608240298776,0.00023765368893552774,0.11214065596570151
28,2,9,Ray Lewis,15.0,0.01674716808243245,0.006975304385944079,0.00020241545368723435,0.09721038434304403
28,2,10,Sailor Brinkley-Cook,18.0,0.0214267330812111,0.011107185915717348,0.0009679664437576641,0.11415666315652595
28,2,11,Sean Spicer,16.0,0.04120577047407407,0.0165612262036645,0.0004898253444488467,0.1876262517844606
28,3,0,Ally Brooke,24.0,0.21833947081328964,0.1726012909261393,0.022752449881933503,0.648351893715838
28,3,1,Hannah Brown,21.0,0.11558386066251682,0.08448169899891322,0.008384740106384644,0.41418184357435395
28,3,2,James Van Der Beek,23.0,0.14900545011996552,0.11248333257618376,0.01799277636742966,0.4743886073837378
28,3,3,Karamo Brown,16.0,0.016964499831137403,0.009583922748532935,0.0005055302938844078,0.0727625558649333
28,3,4,Kate Flannery,24.0,0.1862202180859881,0.13543525377834748,0.018118749405834023,0.59693812040357
28,3,5,Kel Mitchell,20.0,0.08189591026457273,0.05352074613471662,0.005617721517052698,0.330675846929656
28,3,6,Lamar Odom,12.0,0.007991900139203763,0.0035294195262869105,5.4105877149504294e-05,0.04198804113269563
28,3,7,Lauren Alaina,20.0,0.09823261831807706,0.06574336916604555,0.005658329415910737,0.37293424229053385
28,3,10,Sailor Brinkley-Cook,23.0,0.08673111763676028,0.048145758265537755,0.007272929607563582,0.38741437249000665
28,3,11,Sean Spicer,15.0,0.03903495412848871,0.013512741238934324,0.0003509752155579698,0.19251538051436712
28,4,0,Ally Brooke,32.0,0.17037700797781288,0.12975670086018548,0.01645971272977156,0.5533493090715609
28,4,1,Hannah Brown,32.0,0.1974424297523216,0.15898695161825566,0.021652411373048065,0.5916242257113843
28,4,2,James Van Der Beek,28.0,0.05546818459188752,0.03709697090437939,0.004416665079686388,0.21055030926051058
28,4,3,Karamo Brown,28.0,0.040046476308268956,0.02663113183931671,0.003076290108562856,0.153797149762398
28,4,4,Kate Flannery,26.0,0.030568266430885838,0.018947871619183834,0.0015805025155744197,0.12440360296401286
28,4,5,Kel Mitchell,32.0,0.18737665208615628,0.14147376861274952,0.0210316340435446,0.586155302741283
28,4,6,Lamar Odom,20.0,0.008166786926754297,0.0036699972040568937,6.720478197970122e-05,0.04311285643703033
28,4,7,Lauren Alaina,32.0,0.21553723893843757,0.17333741637790806,0.021647713242162882,0.6081236642736852
28,4,10,Sailor Brinkley-Cook,31.0,0.06875416480705482,0.03756496202330761,0.005536373400951662,0.3191446305868118
28,4,11,Sean Spicer,21.0,0.02626279218042021,0.00751374515988415,0.00014388166261821824,0.1403139094787397
28,5,0,Ally Brooke,27.0,0.28795731755460624,0.2418715923197972,0.03233867222345455,0.7551886608586138
28,5,1,Hannah Brown,25.0,0.13994305015790456,0.1046757467756422,0.010981226290054357,0.47600893442772757
28,5,2,James Van Der Beek,26.0,0.1665454712412963,0.12561440589955514,0.019003995160330207,0.530997063230836
28,5,3,Karamo Brown,21.0,0.014421311069682892,0.00761997658060694,0.00029449642355125244,0.06340512757278767
28,5,4,Kate Flannery,24.0,0.05964091960511105,0.04075349281671477,0.00420189549004301,0.22975589229439558
28,5,5,Kel Mitchell,26.0,0.20139804853461313,0.1555014328268165,0.022584739033547935,0.6146661959239431
28,5,7,Lauren Alaina,23.0,0.07040242930778055,0.04003620011455217,0.0025712456471569563,0.3075508109356553
28,5,10,Sailor Brinkley-Cook,24.0,0.036587697825489714,0.02001208608542588,0.002667737584701051,0.18316331697840477
28,5,11,Sean Spicer,19.0,0.023103754703515608,0.005250218276355533,5.627866238338064e-05,0.1281316675348905
28,6,0,Ally Brooke,25.0,0.0721879833564515,0.04828722836690365,0.0035740561731449467,0.29744060022203606
28,6,1,Hannah Brown,24.0,0.05461807940153605,0.02964680035315216,0.0014191640912722962,0.24727287915456156
28,6,2,James Van Der Beek,27.0,0.20316277974875382,0.1614451382964477,0.02611622696624509,0.5887697059606957
28,6,3,Karamo Brown,25.0,0.04506859161706403,0.02925646664570391,0.0031758250914258857,0.17501953858440936
28,6,4,Kate Flannery,27.0,0.18917675096733896,0.1413062783461923,0.01831224135699625,0.5832166092291684
28,6,5,Kel Mitchell,26.0,0.13572808092501812,0.09992003223515027,0.012603600439868207,0.46286438026218907
28,6,7,Lauren Alaina,26.0,0.1603980433740194,0.12195140265856019,0.012458017644717816,0.5101132958052493
28,6,10,Sailor Brinkley-Cook,27.0,0.11911610591884973,0.06938879439198177,0.00997899842148927,0.515415785103675
28,6,11,Sean Spicer,21.0,0.020543584690968453,0.0042011101175263,3.287082837170357e-05,0.12174163124767907
28,7,0,Ally Brooke,27.0,0.21069715779175044,0.16675304736819635,0.020781404231010686,0.6359649955693215
28,7,1,Hannah Brown,26.0,0.14281198109690013,0.10692517864936193,0.011983569122728731,0.4838867739657948
28,7,2,James Van Der Beek,27.0,0.1938631877523481,0.14932274693969036,0.022773500571509554,0.6076343733889323
28,7,3,Karamo Brown,24.5,0.03386610190319039,0.021779138688882746,0.0019651325892920623,0.134403060641619
28,7,4,Kate Flannery,24.0,0.03202625766018623,0.019484733851904933,0.0014263032909453124,0.13508638672370557
28,7,5,Kel Mitchell,25.5,0.10169374408955716,0.06839516809258125,0.007980449530062435,0.38899660366150407
28,7,7,Lauren Alaina,27.0,0.2639045303531809,0.22143538034009602,0.030215814736695833,0.7041149469190453
28,7,11,Sean Spicer,21.0,0.02113703935288667,0.004789504515903931,5.126586955642225e-05,0.12058300729196238
28,8,0,Ally Brooke,30.0,0.16778006403973714,0.12629612262332118,0.014909262402198588,0.5430896240684112
28,8,1,Hannah Brown,30.9998,0.25164059474317174,0.21123473049966057,0.0288656351418,0.683643967357973
28,8,2,James Van Der Beek,31.9998,0.2650016575663791,0.21491820708453996,0.031860197739406786,0.7332090434164645
28,8,4,Kate Flannery,25.9998,0.04661973136856911,0.030661468170476637,0.002661493061531075,0.1886942914041805
28,8,5,Kel Mitchell,29.9998,0.18409380308707668,0.139854158938258,0.01928232154472175,0.5774104461304371
28,8,7,Lauren Alaina,24.0,0.05460894864146982,0.027077126016730214,0.0012040661486967955,0.26256638715314773
28,8,11,Sean Spicer,20.0,0.03025520055359642,0.008112491371260667,0.0001141698943475574,0.16598394169630942
28,9,0,Ally Brooke,40.0,0.35336946505582456,0.3112616822403535,0.04264114512706591,0.8362809539897544
28,9,1,Hannah Brown,35.5,0.1491233376399607,0.1110498975203024,0.010994626516423304,0.5031232164093291
28,9,2,James Van Der Beek,36.0,0.1263228339412777,0.0910258243772942,0.012310266067024624,0.43567695432094
28,9,5,Kel Mitchell,37.0,0.1952664803804136,0.14678281633450485,0.020275902247758753,0.615613351383042
28,9,7,Lauren Alaina,35.0,0.14693669809234913,0.10400759450727656,0.009286097050200679,0.5006701457705983
28,9,11,Sean Spicer,25.0,0.028981184890174365,0.007462504143870459,9.091276115155381e-05,0.16189145660159324
28,10,0,Ally Brooke,29.5,0.4967596348107245,0.49018864095645986,0.07062538940988787,0.9381782954808819
28,10,1,Hannah Brown,27.0,0.10199344989930786,0.061409847065411804,0.0026204791626565837,0.4239856767666151
28,10,2,James Van Der Beek,25.5,0.026817888157810114,0.012229238046806132,0.00027076389084919534,0.13475947194922572
28,10,5,Kel Mitchell,28.5,0.26255381787408205,0.2094585873421727,0.024243347920821716,0.749273580989396
28,10,7,Lauren Alaina,27.0,0.11187520925807547,0.06536797089386595,0.0030306765060717873,0.4632518296388171
28,11,0,Ally Brooke,30.0,0.5575855344123787,0.5735132911279617,0.08971825523099576,0.9608426838649479
28,11,1,Hannah Brown,29.0,0.12152994206570832,0.07429573960624364,0.0029388555883160254,0.4992852507713226
28,11,5,Kel Mitchell,29.5,0.25558625415981345,0.1994689229369398,0.020065439556507223,0.7453520934151541
28,11,7,Lauren Alaina,28.5,0.06529826936209958,0.026166763604353015,0.0005209565593947259,0.35611370338287907
29,1,0,AJ McLean,18.0,0.04150901239877828,0.027892054582551853,0.0034142555007091106,0.15543828647936322
29,1,1,Anne Heche,18.0,0.030088665059468528,0.021752455148207908,0.0031813557299481742,0.11100812559907627
29,1,2,Carole Baskin,11.0,0.004443621335943602,0.002014681747927864,2.9921853528713233e-05,0.023063148518705046
29,1,3,Charles Oakley,12.0,0.004510209946567817,0.0021614008315672915,5.343106087859047e-05,0.021269609917762604
29,1,4,Chrishell Stause,13.0,0.007134680239669383,0.0033515305406520745,0.000109719531948679,0.036535741697038646
29,1,5,Jeannie Mai,18.0,0.058681721942467006,0.0389324723259202,0.0037814643761013835,0.23077213969323965
29,1,6,Jesse Metcalfe,18.0,0.04073604070955506,0.027873337743181476,0.0035037320419412936,0.15333410029726283
29,1,7,Johnny Weir,18.0,0.03979904195216888,0.026780921799487503,0.0034784144083944073,0.14596247561267378
29,1,8,Justina Machado,21.0,0.18162775604528777,0.13948981159429993,0.020929630634233257,0.5680980697181237
29,1,9,Kaitlyn Bristowe,20.0,0.11193734311478232,0.07832708502674003,0.010907001848458988,0.4026082358209212
29,1,10,Monica Aldama,19.0,0.07390193222945761,0.050622179958086294,0.006144857330722425,0.2939359624629977
29,1,11,Nelly,16.0,0.06399654446235863,0.03599899209691318,0.0015663315797396344,0.2648856362915486
29,1,12,Nev Schulman,20.0,0.11339744041366248,0.07968958569319216,0.011782186314656237,0.4032620060985437
29,1,13,Skai Jackson,21.0,0.20152761144218947,0.15944115416270171,0.026693389433366854,0.6117033484747758
29,1,14,Veron Davis,17.0,0.026708378707643192,0.017484277719259884,0.0021241719947811205,0.10817764843240492
29,2,0,AJ McLean,19.0,0.04383901792102106,0.029185947163145175,0.0030397273588654923,0.16603019679325698
29,2,1,Anne Heche,18.0,0.01905154076371728,0.012649215374131518,0.0011729387603656397,0.07350608739469427
29,2,2,Carole Baskin,16.0,0.010360234917803291,0.00574336860472379,0.0001706057095847695,0.04656556876167718
29,2,3,Charles Oakley,15.0,0.005268005886050974,0.002492032767317235,4.7971170761919747e-05,0.02639647424598388
29,2,4,Chrishell Stause,18.0,0.023243362518435853,0.014215586978455002,0.0011436161759701558,0.1000883085324156
29,2,5,Jeannie Mai,18.0,0.038526573767062325,0.022891344885532967,0.0014666232355416853,0.1668246178572276
29,2,6,Jesse Metcalfe,20.0,0.07540018253095378,0.050852547824202815,0.007724406187574067,0.27996588981120946
29,2,7,Johnny Weir,18.0,0.025522989118387907,0.01615998512291808,0.0011398599709973312,0.10076090704602557
29,2,8,Justina Machado,21.0,0.18196962490503077,0.13997676528441166,0.01880845063047819,0.57046111442887
29,2,9,Kaitlyn Bristowe,22.0,0.27917632062510456,0.2290785933964134,0.029386926284637006,0.7656610615945381
29,2,10,Monica Aldama,16.0,0.015040624193939787,0.00650104228388387,0.00013719268924934926,0.0786998688868461
29,2,11,Nelly,18.0,0.08149736363147067,0.04738329227217106,0.0018633231578789233,0.33157208694273016
29,2,12,Nev Schulman,21.0,0.1643985389366731,0.12039072217950218,0.016461964148743784,0.550255663360457
29,2,13,Skai Jackson,15.0,0.012723177507646155,0.0053532079569101115,5.875884862619431e-05,0.06417308267559416
29,2,14,Veron Davis,18.0,0.023982442776702556,0.015654388201187603,0.0014258079500439314,0.09628845952533834
29,3,0,AJ McLean,21.0,0.05224329127210133,0.035589100913862505,0.004462190009961048,0.19366122876365602
29,3,1,Anne Heche,15.0,0.006188107649365778,0.0033032851418679015,0.00010825288821298224,0.028270734463721685
29,3,2,Carole Baskin,12.0,0.0040016747970053465,0.0016382655441173025,1.526484537121934e-05,0.021775032699379547
29,3,4,Chrishell Stause,22.0,0.06521424476426048,0.04463207525852066,0.006369658022343895,0.2434825872830815
29,3,5,Jeannie Mai,22.0,0.09940744896875227,0.0706155625889002,0.009582400354226693,0.35183984858496087
29,3,6,Jesse Metcalfe,20.0,0.036164163799960534,0.024835673045954992,0.00301699057325148,0.1385494179831716
29,3,7,Johnny Weir,24.0,0.14708068322078735,0.10456209453847769,0.01530809600698668,0.5134113471417316
29,3,8,Justina Machado,19.0,0.04408059755947819,0.024415289203387994,0.001964604090270549,0.21352716460261775
29,3,9,Kaitlyn Bristowe,23.0,0.1285326271297822,0.09314929972454367,0.013237116163580783,0.44837955526886697
29,3,10,Monica Aldama,21.0,0.0644448754003298,0.04399105606421937,0.004844180990175555,0.25885247710534337
29,3,11,Nelly,18.0,0.0638571372430582,0.033773094881519646,0.0012762571014957123,0.27546589082611656
29,3,12,Nev Schulman,24.0,0.18504611574291696,0.13802938441158408,0.021380946997334217,0.595512106744461
29,3,13,Skai Jackson,18.0,0.033748379036972705,0.021915816571558548,0.0010124583613666375,0.13344852561028472
29,3,14,Veron Davis,22.0,0.06999065341522885,0.04773274678374618,0.007358973783215315,0.26897527996963133
29,4,0,AJ McLean,24.0,0.04219668602607354,0.026760162565026682,0.0015963528207544409,0.1679376719035201
29,4,1,Anne Heche,21.0,0.007540559839962355,0.003785969286095311,4.79025535078043e-05,0.035762883323176536
29,4,4,Chrishell Stause,22.0,0.014385135581578421,0.0073807295442739375,0.00017040362811676996,0.0712500635732453
29,4,5,Jeannie Mai,21.0,0.016376578230352115,0.006752467388116547,6.459468539296589e-05,0.09077556757935894
29,4,6,Jesse Metcalfe,21.0,0.00974924401373715,0.00502335280575355,5.829975021060858e-05,0.04562556206535303
29,4,7,Johnny Weir,24.0,0.041328457799841525,0.02605746386660427,0.0014799824985625566,0.17326123459215198
29,4,8,Justina Machado,24.0,0.06559233884309401,0.0391963633999073,0.0018900217095796082,0.29223391167990787
29,4,9,Kaitlyn Bristowe,25.0,0.0934229501267312,0.05976936317985396,0.0045570363486523,0.379828628284151
29,4,10,Monica Aldama,24.0,0.054561854901133126,0.0333393495988724,0.001533853039419304,0.23888610648930078
29,4,11,Nelly,21.0,0.03742123506284877,0.012828959438284953,8.610016518703917e-05,0.19122997817819185
29,4,12,Nev Schulman,24.0,0.05678724012844225,0.033271112023074964,0.0016708922588327664,0.2609635083005184
29,4,13,Skai Jackson,28.0,0.5458533985105279,0.5479262233179543,0.09942413748411029,0.9686350489875726
29,4,14,Veron Davis,22.0,0.014784320935677551,0.007910952756686015,0.00020507971152562305,0.07174112709215928
29,5,0,AJ McLean,24.0,0.039307800854281004,0.025581989249175055,0.0023063322315672657,0.1520638516013138
29,5,4,Chrishell Stause,19.0,0.006774823995060307,0.0030208066971739844,4.8252067835740095e-05,0.03563310589753969
29,5,5,Jeannie Mai,24.0,0.05514878080201746,0.03544250933616965,0.003041932051777112,0.23031897747624205
29,5,6,Jesse Metcalfe,19.0,0.007210834956022604,0.003636316214275361,6.093371243882429e-05,0.03404233155478876
29,5,7,Johnny Weir,29.0,0.2800254033389354,0.21491929078863584,0.025612410079841705,0.8220627613553257
29,5,8,Justina Machado,24.0,0.06059663263634556,0.03678149379829794,0.0030824199076796904,0.27164483639813064
29,5,9,Kaitlyn Bristowe,27.0,0.15411368071399364,0.11320681522639833,0.014654749663153308,0.5191978779612761
29,5,10,Monica Aldama,26.0,0.1019006827530672,0.07339461379038437,0.007944482706055477,0.3893130048609702
29,5,11,Nelly,24.0,0.1122800578658451,0.07729690864094038,0.0038453090423268502,0.41091436395948966
29,5,12,Nev Schulman,26.0,0.10681350540780964,0.07349444516554716,0.01008317654669715,0.38766252271887247
29,5,13,Skai Jackson,24.0,0.06337488298045721,0.04577324377859021,0.003095179341564082,0.22669950423534768
29,5,14,Veron Davis,21.0,0.012452913696164894,0.007154121258933348,0.00030868963049891676,0.0546888693353292
29,6,0,AJ McLean,27.0,0.13292826390900117,0.09431712092411672,0.012965196448841528,0.48185407403537867
29,6,4,Chrishell Stause,24.0,0.03460544956719532,0.021804630459378964,0.0025942803692047744,0.14181858574746256
29,6,5,Jeannie Mai,25.0,0.07992001110122778,0.054365120940768494,0.006124281773440347,0.2999411686965585
29,6,7,Johnny Weir,22.0,0.01823955203546696,0.011071874876846306,0.0006774440006188691,0.07558446875763429
29,6,8,Justina Machado,27.0,0.17874980003065236,0.13496060701011559,0.02064497995487845,0.558224146608244
29,6,9,Kaitlyn Bristowe,27.0,0.15907852864653285,0.11909842861761405,0.017293391751222995,0.5227461016722424
29,6,10,Monica Aldama,27.0,0.15316698325053657,0.11739959661675295,0.01550197635640107,0.5123842292952598
29,6,11,Nelly,24.0,0.11192413946592056,0.07570740476808066,0.004543865015447373,0.40699745288669315
29,6,12,Nev Schulman,26.0,0.10919212184979236,0.07531102912903946,0.010685074105178752,0.39317298752521884
29,6,13,Skai Jackson,18.0,0.01018469448656767,0.003750799619306005,3.904417952792706e-05,0.05493870157777554
29,6,14,Veron Davis,21.0,0.01201045565710642,0.006896170029865699,0.00038883034326070843,0.05192099751885479
29,7,0,AJ McLean,26.0,0.03979320556588394,0.025442804135562193,0.00168734055844238,0.16110939501892552
29,7,4,Chrishell Stause,26.0,0.03516971944125529,0.021831389535313946,0.0015249822020351304,0.15249639886574906
29,7,5,Jeannie Mai,25.0,0.03585661723328481,0.01920460212062442,0.0007603726178573208,0.17599984301406238
29,7,7,Johnny Weir,27.0,0.06456038775471315,0.043713486531464535,0.004309043203239971,0.25188795540689224
29,7,8,Justina Machado,26.0,0.06214923346544025,0.03617908307673268,0.0021210505745680973,0.28074978358179914
29,7,9,Kaitlyn Bristowe,24.0,0.022498226756688645,0.009572840249915655,0.00019215232410661073,0.1286098311452673
29,7,10,Monica Aldama,22.0,0.009768897554742905,0.0030259141576686735,1.671478288880065e-05,0.05855516394956887
29,7,11,Nelly,27.0,0.18181568205040236,0.13798365148173747,0.007548313337519707,0.5737586651204172
29,7,12,Nev Schulman,30.0,0.44135755431286827,0.4108883224456513,0.048216597736516036,0.9400682717251959
29,7,13,Skai Jackson,27.0,0.10703047586472036,0.07991518736187272,0.00609490983380952,0.3766602934524882
29,8,0,AJ McLean,27.0,0.04212800786011685,0.026498866301915065,0.001827062836118506,0.1713060425621299
29,8,4,Chrishell Stause,27.0,0.03672529110583208,0.022747258483029692,0.0017825310992712813,0.15405933676705608
29,8,7,Johnny Weir,30.0,0.23891231529256,0.18580173801685695,0.02543146639327275,0.7147378049846207
29,8,8,Justina Machado,28.9998,0.18544328022387926,0.14093713064175123,0.018219307375294397,0.5884772036349167
29,8,9,Kaitlyn Bristowe,28.0,0.09537004382825412,0.06138987983800666,0.005978811602300987,0.37668752234573694
29,8,11,Nelly,24.0,0.03653975819325672,0.010516176570629126,8.777687380651652e-05,0.2045421436433323
29,8,12,Nev Schulman,30.0,0.29599199995437864,0.24397654729652685,0.03721401637113211,0.7789427271249396
29,8,13,Skai Jackson,26.9998,0.06888930354172232,0.04659738325889168,0.002407817153876951,0.2547813171788704
29,9,0,AJ McLean,24.9998,0.02322573848736031,0.012761510385195799,0.0005174294216342317,0.10114461847017214
29,9,7,Johnny Weir,30.0,0.21734777593239066,0.1645259257535744,0.024528533296552173,0.6818063786965382
29,9,8,Justina Machado,25.9998,0.0575588757770138,0.029805050894948445,0.001671749274913066,0.28536352546557797
29,9,9,Kaitlyn Bristowe,30.0,0.26682145687148484,0.2163097440777993,0.031213094631310338,0.7323375701238178
29,9,11,Nelly,24.0,0.05577168128632185,0.020594432661310266,0.00031211022481427136,0.2849156769125168
29,9,12,Nev Schulman,28.9998,0.17052684090423154,0.1260667225992076,0.017010323754558743,0.5625481882348851
29,9,13,Skai Jackson,28.9998,0.20874763074119698,0.17454420273268623,0.020710824009882823,0.601425230277627
29,10,7,Johnny Weir,28.5,0.036564864181336525,0.02174084327394783,0.0010083458048551458,0.15334186112701328
29,10,8,Justina Machado,29.0,0.11044800349005728,0.06990506713494313,0.004928748154101819,0.4541631880869233
29,10,9,Kaitlyn Bristowe,30.0,0.3565400896353361,0.31771292714268945,0.04186767185664778,0.8399528468333984
29,10,11,Nelly,28.0,0.07122385696542495,0.02810510547748685,0.0003953792216038581,0.35119627208412
29,10,12,Nev Schulman,30.0,0.3617792086847246,0.31985197364503437,0.04339593896295113,0.855558385365175
29,10,13,Skai Jackson,28.5,0.0634439770431205,0.039267927286784535,0.0013747658362586327,0.25339435443510794
29,11,8,Justina Machado,30.0,0.3290477189423547,0.28781439698490463,0.038461608337599214,0.7984132268183165
29,11,9,Kaitlyn Bristowe,30.0,0.29387798106183194,0.2489985966703304,0.031914999893297366,0.7639967437874816
29,11,11,Nelly,28.5,0.08103880217639936,0.03184970532489681,0.0005750707009925741,0.39515477518393693
29,11,12,Nev Schulman,30.0,0.296035497819414,0.24393334663525082,0.030233905141242284,0.7678375069772306
30,1,0,Amanda Kloots,28.0,0.14989690764212052,0.10854210589144125,0.01763987958033811,0.5193140911622924
30,1,1,Brian Austin Green,24.0,0.03740099220403121,0.026266331454485595,0.002483421186620235,0.13723337363684324
30,1,2,Christine Chiu,25.0,0.02065020312297553,0.014506511777830744,0.002291280801372337,0.0771160758508864
30,1,3,Cody Rigsby,24.0,0.09721183298502649,0.06938239646423142,0.004237497446902165,0.3496923503976998
30,1,4,Iman Shumpert,21.0,0.04525636212053371,0.023257901626439068,0.0006633710374088171,0.19954399359125757
30,1,5,Jimmie Allen,22.0,0.023472757115312583,0.014966585020250115,0.0008739667600198303,0.09231365153332989
30,1,6,JoJo Siwa,29.0,0.19061860815636353,0.13921867248057235,0.017082269767195467,0.6062793619296359
30,1,7,Kenya Moore,26.0,0.06979031601376656,0.05107112188271043,0.0067643801627679575,0.23654988043976574
30,1,8,Martin Kove,13.0,0.002500954769608982,0.0007038545814577806,2.868420786657081e-06,0.01593483623418083
30,1,9,Matt James,24.0,0.036137412469454684,0.027145420913423195,0.002947289308927411,0.12613403402661774
30,1,10,Melanie C,27.0,0.04911054388110046,0.030007796361827634,0.004488050289641785,0.21087783228081494
30,1,11,Melora Hardin,26.0,0.06580182578579964,0.04558597404902656,0.005650059393842123,0.24808261928187764
30,1,12,"Mike ""The Miz"" Mizanin",24.0,0.0408776422466093,0.027639043944906294,0.003003783681335992,0.15581975580368723
30,1,13,Olivia Jade,25.0,0.04553627475266025,0.03148323083167061,0.0035816640938091796,0.17144304562597337
30,1,14,Suni Lee,28.0,0.1257373667346366,0.09163948207486389,0.013531523170731643,0.4287307557469797
30,2,0,Amanda Kloots,32.0,0.2598414513122081,0.20435986458786132,0.030323948104121045,0.7428849636620714
30,2,1,Brian Austin Green,23.0,0.019348178451773387,0.011639663503821738,0.000529713714850235,0.08204490103264063
30,2,2,Christine Chiu,24.0,0.009594227379011978,0.00637664260087544,0.000560732294896698,0.03583748783014388
30,2,3,Cody Rigsby,24.0,0.06732392721144678,0.04229072289041001,0.0015022826873232,0.2697172159673202
30,2,4,Iman Shumpert,25.0,0.077583703787131,0.04922423610745917,0.002161856778711029,0.2969866805296756
30,2,5,Jimmie Allen,27.0,0.05782669876097577,0.04152410169031984,0.00391571036964575,0.20831410059068134
30,2,6,JoJo Siwa,31.0,0.18296747301670552,0.13350911719081193,0.016251866494997453,0.5861617473825836
30,2,7,Kenya Moore,24.0,0.025469846648846637,0.01599468100612174,0.0010792852035806134,0.1072210321210705
30,2,8,Martin Kove,15.0,0.0031309339312987276,0.000989309186782311,4.4922117776706525e-06,0.018994733856909432
30,2,9,Matt James,22.0,0.014931300433561685,0.009025695317880262,0.00036822325732734215,0.06161175339372638
30,2,10,Melanie C,30.0,0.0687562934056133,0.04105111928146968,0.005575978670765486,0.29698748076379994
30,2,11,Melora Hardin,27.0,0.05151810952702594,0.03487597229792444,0.003771439369353884,0.20457506874062686
30,2,12,"Mike ""The Miz"" Mizanin",26.0,0.044531571622216964,0.029964614741378855,0.0030934967824455812,0.1729764604732677
30,2,13,Olivia Jade,27.0,0.04859127042631213,0.03329424965367339,0.0034849026612886087,0.1783801218151094
30,2,14,Suni Lee,28.0,0.06858501408587206,0.04825110956565816,0.0064426147074627856,0.2551228194411477
30,3,0,Amanda Kloots,24.0,0.22251996670308438,0.17398241629268635,0.026357723012541474,0.6690243121524754
30,3,1,Brian Austin Green,19.0,0.01324334826866094,0.006587286731803119,0.00014794834659245264,0.06308136371449222
30,3,2,Christine Chiu,21.0,0.013499809961303193,0.008964363937017293,0.0008790946536389079,0.05125114709016784
30,3,3,Cody Rigsby,18.0,0.026503692502530644,0.009614844570677985,6.792013918995099e-05,0.14405889081735834
30,3,4,Iman Shumpert,19.0,0.03718232761051088,0.014877856992200728,0.00018801486957496408,0.18035961532656097
30,3,5,Jimmie Allen,20.0,0.02260600545263186,0.01337540837770411,0.00047205202554151453,0.09495456654375278
30,3,6,JoJo Siwa,24.0,0.20556077451287372,0.15562165028760544,0.020569522934662826,0.6286962443535514
30,3,7,Kenya Moore,21.0,0.03543757137864649,0.022664971024696546,0.0016743849269902661,0.14555705397055174
30,3,9,Matt James,20.0,0.020268202416413417,0.012562384426490124,0.0005332010471521796,0.08026104453761285
30,3,10,Melanie C,22.0,0.028898440057346615,0.018185113371369,0.002432720082226681,0.12276035783209926
30,3,11,Melora Hardin,23.0,0.1010414049235649,0.07099215380909615,0.009203701662277831,0.36619670601713655
30,3,12,"Mike ""The Miz"" Mizanin",22.0,0.06433980574207689,0.04438709416503035,0.004586938181337572,0.24037680610066417
30,3,13,Olivia Jade,24.0,0.1754513465153283,0.13319778864656012,0.017369810894860963,0.5629608501579855
30,3,14,Suni Lee,21.0,0.03344730395502777,0.02085937500495516,0.0016277465241458572,0.14293162576696475
30,4,0,Amanda Kloots,34.0,0.10771492428654746,0.07311684696293318,0.01027009149836212,0.43921476626886274
30,4,1,Brian Austin Green,26.0,0.006762544353988322,0.0026089965034056424,2.6215301644658225e-05,0.03553481217401066
30,4,3,Cody Rigsby,29.0,0.0450653275987758,0.023665291803572255,0.00046406590765528383,0.20586614230103387
30,4,4,Iman Shumpert,31.5,0.08631501527172523,0.05682050683742164,0.002559845012321986,0.33153767917781113
30,4,5,Jimmie Allen,32.5,0.05395847618613386,0.038215446787914734,0.00353787834931483,0.19867021703812604
30,4,6,JoJo Siwa,35.0,0.1419882339896514,0.10021971361501583,0.01333430771451691,0.4864483133021296
30,4,7,Kenya Moore,29.5,0.019007338735489907,0.010800806142491112,0.0004884442063698847,0.08510769623121665
30,4,9,Matt James,28.5,0.013223078958561674,0.007311526721851064,0.00021301370690006378,0.0551180067638508
30,4,10,Melanie C,33.0,0.030328571071509453,0.01873079171954445,0.00261908722784576,0.1310673028682337
30,4,11,Melora Hardin,36.5,0.2345764150941314,0.1755331166578396,0.022654990738310104,0.7072077560719741
30,4,12,"Mike ""The Miz"" Mizanin",32.5,0.054799247764349635,0.03835207100681104,0.0038866129982870405,0.20680791480133012
30,4,13,Olivia Jade,35.0,0.11928303589325591,0.08809716695501976,0.012986554038499748,0.40851833572957913
30,4,14,Suni Lee,34.0,0.08697779079587992,0.06176223732855472,0.008357286906392505,0.31269881109492825
30,5,0,Amanda Kloots,39.0,0.23403914642135695,0.18468392954232543,0.027981321099907506,0.700577235307391
30,5,3,Cody Rigsby,32.0,0.05994399894614531,0.03185122645036859,0.0005621788849345852,0.270548534960709
30,5,4,Iman Shumpert,28.0,0.02322185426069336,0.006105167742856472,2.9240158290444985e-05,0.13303377106148379
30,5,5,Jimmie Allen,34.0,0.04090029799726717,0.026469207642953047,0.001463603380576824,0.15883152221788022
30,5,6,JoJo Siwa,40.0,0.307782742982626,0.25361058972493183,0.031058626558676243,0.8030207238020489
30,5,7,Kenya Moore,36.0,0.07345465939414904,0.05161895501598489,0.0053609901090468075,0.26677902860072117
30,5,10,Melanie C,36.0,0.03525775211131978,0.022485847547434802,0.0028384113599608466,0.1528095728946783
30,5,11,Melora Hardin,36.0,0.06817146588729465,0.04655594611856498,0.0047969513965986105,0.2635502840889195
30,5,12,"Mike ""The Miz"" Mizanin",32.0,0.023137206063471884,0.012568558758143781,0.00046685004679178783,0.10102750537471696
30,5,13,Olivia Jade,36.0,0.06467760471417851,0.04435079478832256,0.004305515982234794,0.23404753732795297
30,5,14,Suni Lee,36.0,0.06941327122149735,0.04842018294710304,0.005483765150492448,0.2625487538058624
30,6,0,Amanda Kloots,38.0,0.10034373352551965,0.06590853386330467,0.008361341856157938,0.41374799910023224
30,6,3,Cody Rigsby,36.0,0.09121272065479398,0.06118327805564561,0.002376241248975106,0.3494002103844952
30,6,4,Iman Shumpert,40.0,0.38498073956635576,0.35872241806864136,0.06323007232140339,0.818062983988613
30,6,5,Jimmie Allen,38.0,0.08918105950082227,0.06395830526134433,0.007019493413513583,0.32921878437674706
30,6,6,JoJo Siwa,40.0,0.22756249492821878,0.1685406240751717,0.017555094292441602,0.7143659960713598
30,6,7,Kenya Moore,32.0,0.00874372014005551,0.0035960782191325107,5.0621946619185736e-05,0.04906670306964766
30,6,11,Melora Hardin,34.0,0.015436154711044817,0.008011559236834428,0.0002949809523530269,0.07499815382289331
30,6,12,"Mike ""The Miz"" Mizanin",34.0,0.017442061943267185,0.00958014864257185,0.00036297821830177284,0.07993765271955493
30,6,13,Olivia Jade,36.0,0.031223291413775087,0.0191408146483733,0.0014302223274508712,0.12945973409278905
30,6,14,Suni Lee,36.0,0.03387402361614701,0.021309713182281094,0.0016783459058914072,0.1488877659985955
30,7,0,Amanda Kloots,34.0,0.03447118335536307,0.01664421189547581,0.00043721469773141405,0.18461754120308502
30,7,3,Cody Rigsby,36.0,0.12329403404050374,0.08782670447188956,0.002805093958217665,0.437229730449009
30,7,4,Iman Shumpert,34.0,0.06579080603928984,0.034602180093521354,0.0005588250648486196,0.2822905132868345
30,7,5,Jimmie Allen,38.0,0.10395764582641204,0.0762992893692559,0.006889468642302453,0.3593456240556129
30,7,6,JoJo Siwa,39.0,0.1493128949225457,0.10616445256677526,0.012016067977101872,0.5093866047684521
30,7,11,Melora Hardin,38.0,0.09123792872770527,0.06446564120359989,0.006498227713049554,0.33558274609745986
30,7,12,"Mike ""The Miz"" Mizanin",32.0,0.015487145738396714,0.00747455920804138,0.00010657013796019961,0.07784320430654997
30,7,13,Olivia Jade,42.0,0.3917059070709768,0.3468194904902861,0.04366440235300967,0.9117940046153719
30,7,14,Suni Lee,34.0,0.024742454278806742,0.01403707080801795,0.0004357841637458082,0.11726940925875375
30,8,0,Amanda Kloots,42.0,0.22133956726322102,0.16947823843683185,0.027241924233337485,0.6649022775934209
30,8,3,Cody Rigsby,38.0,0.14233903763751177,0.10618130243867144,0.005979330799655072,0.47172279947177226
30,8,4,Iman Shumpert,35.0,0.06584935875138069,0.03340754792647207,0.0008755802131666748,0.28934976092050335
30,8,5,Jimmie Allen,32.0,0.013239002758775128,0.005962763980351182,9.578667251027077e-05,0.06904528065175532
30,8,6,JoJo Siwa,41.0,0.1516453964896189,0.10821280402932112,0.014067944649746356,0.5142777867120737
30,8,11,Melora Hardin,42.0,0.18621179266895135,0.14115896359937172,0.017290987983571017,0.6065577334545639
30,8,13,Olivia Jade,36.0,0.02954984919611688,0.017199710612457952,0.0010765881360371677,0.12858840050191236
30,8,14,Suni Lee,42.0,0.1898259952344243,0.1437929463812181,0.01970725202581464,0.5911359330488541
30,9,0,Amanda Kloots,39.5,0.2954114460382507,0.24651729384310792,0.03485731529376476,0.7871233303473948
30,9,3,Cody Rigsby,35.5,0.06472912681269052,0.031580578821681575,0.0003862868340656197,0.3186183046843163
30,9,4,Iman Shumpert,37.5,0.16228823677312273,0.11314604627092853,0.00505496321479991,0.5426148206266569
30,9,6,JoJo Siwa,40.0,0.38143050313329063,0.34124805474315234,0.03840822551906412,0.8849144649087373
30,9,11,Melora Hardin,36.0,0.028047402665835712,0.01457940753959763,0.00046863928811543225,0.13796389723566266
30,9,14,Suni Lee,37.5,0.06809328457680967,0.04440681874533095,0.003735788910630125,0.26684280362208823
30,10,0,Amanda Kloots,39.0,0.09661008999365346,0.058904430970355644,0.00456176834469195,0.4259059447355498
30,10,3,Cody Rigsby,38.0,0.06993858948190093,0.03452605385862892,0.0004742616883255958,0.3484867039449782
30,10,4,Iman Shumpert,40.0,0.5240825101733951,0.5367140826366776,0.09597916083450758,0.9115679636092084
30,10,6,JoJo Siwa,40.0,0.30936881035105046,0.25136399999370235,0.026993732197892195,0.8304622761095877
31,1,0,Charli D'Amelio,32.0,0.2821085337419849,0.2293436001362882,0.027212796466534964,0.790229150354382
31,1,1,Cheryl Ladd,21.0,0.013283844544092755,0.00786556953072232,0.00036687732807592774,0.05505597806513139
31,1,2,Daniel Durant,27.0,0.06495388800116618,0.04669496367774492,0.0056793158183938925,0.23472768156931983
31,1,3,Gabby Windey,28.0,0.10288292935964315,0.07502715914538668,0.008953633315457319,0.3491917017693725
31,1,4,Heidi D'Amelio,24.0,0.02615897579889477,0.017434374192516144,0.0014663031334055643,0.1000721748628747
31,1,5,Jason Lewis,18.0,0.0050154243377403445,0.0026881647069370703,5.8144691442566923e-05,0.022702842875840384
31,1,6,Jessie James Decker,20.0,0.009927181136356008,0.005934452707134852,0.0002663616898353467,0.04182908331090144
31,1,7,Jordin Sparks,26.0,0.04138035839997899,0.027697534397136396,0.0035558536853119295,0.15852363924486665
31,1,8,Joseph Baena,23.0,0.03712761241395712,0.020486708148749866,0.001090029800417017,0.17657339028098898
31,1,9,Sam Champion,20.0,0.012303652001500801,0.007225196977688314,0.00029314478909276895,0.05203015551253769
31,1,10,Selma Blair,28.0,0.0997731813776154,0.06770537486069034,0.008354583740345554,0.39340273401071957
31,1,11,Shangela,28.0,0.11196127483287967,0.08032163923288364,0.008766349196502973,0.39608388794846733
31,1,12,Teresa Giudice,20.0,0.008595960575297407,0.0050629349288658105,0.00020894959852232753,0.03778538345084977
31,1,13,Trevor Donovan,21.0,0.026026567929166643,0.013768866694995318,0.0005742409536932185,0.12320009756639085
31,1,14,Vinny Guadagnino,17.0,0.018998891285314463,0.007255699122235537,6.787496259930695e-05,0.09323682472798171
31,1,15,Wayne Brady,29.0,0.13950172426441132,0.10385284849386425,0.013252787113936553,0.45800821695122507
31,2,0,Charli D'Amelio,32.0,0.18059138266439978,0.13484031567294275,0.015906410987956452,0.5962855304616959
31,2,1,Cheryl Ladd,21.0,0.004354909706048663,0.001737355261554016,2.1325632437479987e-05,0.021930833545730853
31,2,2,Daniel Durant,29.0,0.05262773919947223,0.03739952289222978,0.004551795396916803,0.19735501635635902
31,2,3,Gabby Windey,32.0,0.18540557338036315,0.1446814810170019,0.02012624104862707,0.5723156454099215
31,2,4,Heidi D'Amelio,28.0,0.031532920310952436,0.021957274498881848,0.002354227941661286,0.11639335797366435
31,2,6,Jessie James Decker,25.0,0.011490923767990076,0.007170169662969588,0.00044214129333244124,0.04627472064678076
31,2,7,Jordin Sparks,27.0,0.02155895188770382,0.01430757642994578,0.0013280536867530362,0.08601616041347647
31,2,8,Joseph Baena,24.0,0.017866445878939922,0.007856069479229334,0.00018982718897237716,0.09829701542625606
31,2,9,Sam Champion,26.0,0.019188784505845307,0.012895143153342465,0.0008623007602301151,0.07439734622094704
31,2,10,Selma Blair,28.0,0.046159068976164765,0.0278485580447081,0.0027847856949713696,0.20643614514509653
31,2,11,Shangela,28.0,0.05324310710006466,0.03279304368475617,0.002736090770850858,0.23581658194404087
31,2,12,Teresa Giudice,23.0,0.005653491094346188,0.0030250041856229194,8.705068074395601e-05,0.02583954669540322
31,2,13,Trevor Donovan,30.0,0.11109824273155688,0.08541530781076975,0.012094854716670204,0.36746295830426023
31,2,14,Vinny Guadagnino,27.0,0.06393605793252259,0.04346294030759848,0.0019390429875349288,0.2289953235182969
31,2,15,Wayne Brady,32.0,0.19529240086362948,0.15502906671040687,0.020754991234105815,0.5996048232529371
31,3,0,Charli D'Amelio,33.0,0.17631040867711417,0.13160845522309628,0.016906709637942004,0.5832315710239097
31,3,1,Cheryl Ladd,24.0,0.007824408744677833,0.003881429673158923,0.00010114330785170301,0.03534882681189319
31,3,2,Daniel Durant,31.0,0.07521384929043293,0.05468312720291276,0.007691676250312218,0.2602060405579032
31,3,3,Gabby Windey,33.0,0.18141634058389863,0.14261806935806143,0.020157872330789802,0.5627136413808439
31,3,4,Heidi D'Amelio,32.0,0.09331541382647765,0.0677190782674893,0.010311920423488167,0.3268402337292437
31,3,6,Jessie James Decker,26.0,0.01222660252977922,0.0077340960599843606,0.0004693222475858172,0.04884193389004714
31,3,7,Jordin Sparks,29.0,0.03124134838414105,0.020971876542778302,0.0024146731036318505,0.12191075897048498
31,3,8,Joseph Baena,29.0,0.05681602384959912,0.034720653161818535,0.0027094285308797476,0.24383225926833585
31,3,9,Sam Champion,25.0,0.01148939582177052,0.0066254579364441405,0.0002542567759234158,0.04819006318742365
31,3,10,Selma Blair,28.0,0.03542233490988485,0.019779725117160713,0.0015560646218976525,0.16605352090531708
31,3,11,Shangela,30.0,0.07461059587189431,0.04932026717113337,0.004753210538210177,0.29630698845918224
31,3,13,Trevor Donovan,27.0,0.03388284330664504,0.019627070674708584,0.0012076657506029291,0.14977137853686984
31,3,14,Vinny Guadagnino,23.0,0.019233661464443653,0.007343005013425148,7.053425948689913e-05,0.09430859398059356
31,3,15,Wayne Brady,33.0,0.19099677273924104,0.15042756587604528,0.020968847519849686,0.5822291080497698
31,4,0,Charli D'Amelio,36.0,0.19073861463407105,0.1447333197210538,0.017516307230715816,0.6195575570084567
31,4,2,Daniel Durant,29.0,0.018905268236696526,0.011096475145477035,0.0005658517034008694,0.08583325700614437
31,4,3,Gabby Windey,36.0,0.1965377481498464,0.15859434594904454,0.02129035149069607,0.5939513529935125
31,4,4,Heidi D'Amelio,34.0,0.07263632795101704,0.05274823834162213,0.007599940138268719,0.2489346410900231
31,4,6,Jessie James Decker,31.0,0.026290961140090108,0.01795358224467916,0.0020027032684954505,0.09729183521361896
31,4,7,Jordin Sparks,34.0,0.07103822509710309,0.04944175797636337,0.0071703283948683924,0.2658094478555282
31,4,8,Joseph Baena,28.0,0.022688199985786167,0.010400845107173678,0.00027403078364523093,0.12089759889491916
31,4,9,Sam Champion,25.0,0.006508575693705594,0.002894398427927716,4.6216470157237516e-05,0.03178855760115502
31,4,10,Selma Blair,32.0,0.05458075017118699,0.03330611397073221,0.0033299951331811693,0.24218976533762443
31,4,11,Shangela,32.0,0.06302174407040631,0.039400664884480394,0.0032696635554277853,0.2713398860763984
31,4,13,Trevor Donovan,28.0,0.023746445435522522,0.011797302562914459,0.00043110961696255136,0.11602727378442632
31,4,14,Vinny Guadagnino,29.0,0.04617691875641685,0.02662240555246822,0.0007113428017657316,0.18021191517734184
31,4,15,Wayne Brady,36.0,0.20713022067815137,0.16501645386252417,0.022554370805712473,0.6156701010222058
31,5,0,Charli D'Amelio,42.0,0.23531570059624207,0.18647704399562096,0.02303423189321872,0.702620960567474
31,5,2,Daniel Durant,33.5,0.013722731370572344,0.007152148153768306,0.00021940880397262977,0.06786650116756202
31,5,3,Gabby Windey,41.0,0.17236792577846707,0.13580567483887004,0.018255992591149704,0.5421750362807771
31,5,4,Heidi D'Amelio,39.0,0.06131389575276259,0.04375516333395939,0.005818860512281231,0.2150326754563804
31,5,6,Jessie James Decker,36.0,0.021616140023820653,0.014241370868128059,0.001326873664155036,0.08555081522631477
31,5,7,Jordin Sparks,35.5,0.01854223562105071,0.011615162662178078,0.000807542277798233,0.07657070121060207
31,5,8,Joseph Baena,35.0,0.03136262437784329,0.0156388498179484,0.0006075462912455675,0.15618578296971003
31,5,10,Selma Blair,40.0,0.1192101159859694,0.0827725707865405,0.010315221994035555,0.4452280161136495
31,5,11,Shangela,38.5,0.08310252403870422,0.05584165433202707,0.005205306807590192,0.32881699469812153
31,5,13,Trevor Donovan,36.0,0.0433342851059944,0.02627184641757091,0.0017640200759797833,0.18066764902839427
31,5,14,Vinny Guadagnino,31.0,0.018871779417335397,0.006569763697632356,5.052670136742087e-05,0.09632490036295195
31,5,15,Wayne Brady,41.0,0.18124004193123788,0.1416736806526057,0.01923086754427635,0.5676745807748326
31,6,0,Charli D'Amelio,40.0,0.41923890896204347,0.38069256406733526,0.04454722466045586,0.916571171129833
31,6,2,Daniel Durant,34.0,0.04352713459406396,0.028741109140937242,0.0015495906916609058,0.1749896100613621
31,6,3,Gabby Windey,37.0,0.1493349428961494,0.11352563935665295,0.011641455154764769,0.4773638277417025
31,6,4,Heidi D'Amelio,36.0,0.07364330163450424,0.052184210724442626,0.00565954964152919,0.260745027376298
31,6,6,Jessie James Decker,32.0,0.017667311907580734,0.011002639775569482,0.0005043063715996644,0.07149995252017269
31,6,7,Jordin Sparks,34.0,0.03445981102432936,0.022276329603358187,0.001676351466953346,0.13871081059660575
31,6,11,Shangela,36.0,0.116336128322029,0.08285064980172463,0.006152449992234036,0.4143851869816492
31,6,13,Trevor Donovan,34.0,0.0676106857451749,0.04228750967539359,0.0026830798208679193,0.27017310139382383
31,6,14,Vinny Guadagnino,28.0,0.02032202292355077,0.006399450386762684,2.879494652405453e-05,0.10924919750709793
31,6,15,Wayne Brady,34.0,0.05785975199057415,0.035197651957964676,0.0020991431016650526,0.24898505904026533
31,7,0,Charli D'Amelio,39.0,0.24900898519256556,0.2038463186481249,0.022651566306780283,0.6988549436011195
31,7,2,Daniel Durant,36.5,0.06460821066486104,0.044477307304481836,0.004396149341306102,0.25119639251182746
31,7,3,Gabby Windey,35.5,0.05228278292299688,0.03094898688566399,0.002050826673562834,0.22379539465948906
31,7,4,Heidi D'Amelio,35.0,0.027224427825065952,0.017184184145414318,0.0010842459883256064,0.10908273250469634
31,7,7,Jordin Sparks,34.5,0.020519916766913386,0.012592835769599709,0.0008100555573059671,0.0910429967503672
31,7,11,Shangela,36.5,0.08761636857281695,0.05788024397960695,0.00481176407711169,0.35525786107080193
31,7,13,Trevor Donovan,39.0,0.3108387615939273,0.27453336736519457,0.04491370044065395,0.7531660250302757
31,7,14,Vinny Guadagnino,31.5,0.022525813333706506,0.007872300669466713,5.0678122933809154e-05,0.112538073349861
31,7,15,Wayne Brady,38.0,0.1653747331271464,0.12754212005275722,0.016739121171478372,0.5291293222425935
31,8,0,Charli D'Amelio,45.0,0.2631303568502662,0.2170066713589349,0.026196732919881078,0.7248770913500424
31,8,2,Daniel Durant,39.0,0.061281232345329194,0.0416936273761956,0.004107721273495789,0.2410491585800931
31,8,3,Gabby Windey,40.0,0.09385720347441723,0.06465054076959857,0.006398598841638251,0.3436120543183587
31,8,4,Heidi D'Amelio,35.0,0.022972163390667388,0.013797643183649597,0.0007210443617253159,0.09749407465198635
31,8,11,Shangela,42.0,0.1543871205823277,0.11375578321091895,0.013016157375854414,0.5078220448532226
31,8,13,Trevor Donovan,39.0,0.09240925767180445,0.0649621458707221,0.006589705273803902,0.33390465716034684
31,8,14,Vinny Guadagnino,29.0,0.02556973735820343,0.009043221567396023,7.116881332987756e-05,0.13066682950496256
31,8,15,Wayne Brady,45.0,0.28639292832698443,0.24481888538277896,0.03332099560775761,0.7586552449206657
31,9,0,Charli D'Amelio,40.0,0.34767126199239345,0.30580179507098604,0.03879099012450611,0.8404927871848096
31,9,2,Daniel Durant,34.5,0.03931148328918427,0.023264759732000068,0.0009688038027257515,0.17296385653865495
31,9,3,Gabby Windey,40.0,0.3643951340791354,0.33315529037981795,0.045003434127042656,0.824024914457154
31,9,11,Shangela,36.5,0.10974822632196281,0.0725366758889879,0.004505431147919476,0.4245570948610249
31,9,13,Trevor Donovan,32.5,0.03459467396781831,0.014595430123764332,0.00028469955667194754,0.1941707164886212
31,9,15,Wayne Brady,36.5,0.10427922034950572,0.0676522823840452,0.005411143750851218,0.4045241807404582
31,10,0,Charli D'Amelio,40.0,0.4133711436205283,0.38528293274860714,0.05304858885926293,0.8900581292581169
31,10,3,Gabby Windey,40.0,0.43780906762406446,0.4238393897008811,0.05669061117316053,0.8847015146658604
31,10,11,Shangela,38.0,0.0772039858436043,0.038033084093116024,0.0010887920655673164,0.38165548261618537
31,10,15,Wayne Brady,38.0,0.07161580291180292,0.03638821499412675,0.0013393989150201218,0.3592131134880923
32,1,0,Adrian Peterson,18.0,0.03795947289174756,0.023723804174634627,0.0030078703009107795,0.155690434497286
32,1,1,Alyson Hannigan,13.0,0.03327043572318329,0.016235063090098863,0.000354268511097517,0.16021728394410534
32,1,2,Ariana Madix,21.0,0.19853608007584544,0.15363690052328843,0.021926599004567296,0.6119551997811032
32,1,3,Barry Williams,16.0,0.03647169469424619,0.020241355465187745,0.0011612507828856697,0.15770904510163733
32,1,4,Charity Lawson,22.0,0.2571662190611155,0.2130914407961005,0.026814785379724454,0.7136844164608017
32,1,5,Harry Jowsey,12.0,0.029379547874981274,0.010060841411729561,0.00014182973860603433,0.1516425720751209
32,1,6,Jamie Lynn Spears,15.0,0.011173832893886867,0.006930488069018597,0.0005033633284591895,0.04855093040835785
32,1,7,Jason Mraz,21.0,0.19946462549730684,0.15102247228608545,0.02163857256579794,0.6079067291699656
32,1,8,Lele Pons,19.0,0.059537756410647624,0.03705036267206083,0.005002311006831975,0.25382928642434294
32,1,9,Matt Walsh,12.0,0.005788771789883407,0.0030426012851842263,7.610881601643865e-05,0.02804144055718507
32,1,10,Mauricio Umansky,15.0,0.024319292483778964,0.01433457623272951,0.0006810470535527473,0.10702673505158221
32,1,11,Mira Sorvino,17.0,0.028409404207471758,0.019573659505112133,0.001977448038642479,0.11322149893367045
32,1,12,Tyson Beckford,12.0,0.008223743814735346,0.004097891803271424,9.087610830429757e-05,0.03931068580009936
32,1,13,Xochitl Gomez,18.0,0.07029912258116998,0.04464818477818898,0.0040069301291756395,0.2793488682862761
32,2,0,Adrian Peterson,15.0,0.0093120488008501,0.0048713871461346665,0.0001648627201871981,0.04379678860913763
32,2,1,Alyson Hannigan,19.0,0.0981437278776524,0.07096039094389636,0.004523689888891492,0.33938101863716774
32,2,2,Ariana Madix,20.0,0.08175425554827359,0.05366459247139194,0.005289944525832938,0.340158674933255
32,2,3,Barry Williams,15.0,0.018432382842953326,0.007818881539285281,0.0001918160267296146,0.09127105847914033
32,2,4,Charity Lawson,21.0,0.10056765822272379,0.06769280846852646,0.007486944935338314,0.3683200605985383
32,2,5,Harry Jowsey,15.0,0.039047739702563686,0.01630266762404351,0.0003155945620867646,0.17982021687103025
32,2,6,Jamie Lynn Spears,16.0,0.009127459992599523,0.00543662009082841,0.00029287193326469236,0.040898970115896716
32,2,7,Jason Mraz,24.0,0.27758982488382045,0.22607937739186676,0.02994998588036368,0.7767281136364202
32,2,8,Lele Pons,21.0,0.06142002469800676,0.03861531419587949,0.005194899270724979,0.26843998375149253
32,2,10,Mauricio Umansky,12.0,0.007920240419579234,0.0029314215522234927,2.9233128964433712e-05,0.04171674439047929
32,2,11,Mira Sorvino,18.0,0.02230436639334733,0.015016334079810751,0.0012338918840342752,0.09013363724920805
32,2,12,Tyson Beckford,18.0,0.026183542652556794,0.017613289264758126,0.0012456483446439326,0.10052389128643932
32,2,13,Xochitl Gomez,24.0,0.24819672796507303,0.198996812694565,0.024081837355679127,0.7166264279247185
32,3,0,Adrian Peterson,22.0,0.008647240238967025,0.004420882787082778,0.00013895224261178648,0.041788669507906724
32,3,1,Alyson Hannigan,24.0,0.04773875748446602,0.02720896302781862,0.0008544446354321172,0.20606406028815002
32,3,2,Ariana Madix,34.0,0.24969425780647939,0.20090118345382302,0.02739596121076833,0.7097257983389392
32,3,3,Barry Williams,25.0,0.029402076536981903,0.015189839953536243,0.0006508036174624628,0.13434601148755548
32,3,4,Charity Lawson,32.0,0.1455386133744944,0.10691001021287586,0.013311642144304622,0.49342929705909544
32,3,5,Harry Jowsey,24.0,0.05106118342107978,0.024688731526813702,0.0006999202485748571,0.2222011605220397
32,3,7,Jason Mraz,34.0,0.2523443465522351,0.1988642351661835,0.027007303165496675,0.732143871370641
32,3,8,Lele Pons,27.0,0.027768426369619167,0.016326359230951604,0.00138718347700919,0.1303106427540279
32,3,10,Mauricio Umansky,23.0,0.017413558016205005,0.009144188065194193,0.0002924997687732091,0.07868671826190557
32,3,11,Mira Sorvino,26.0,0.020329942937739175,0.013489485060107633,0.0010495664940927093,0.08265025662898545
32,3,12,Tyson Beckford,20.0,0.0074378638565048335,0.003557705896939439,6.270345792119041e-05,0.03743119037580092
32,3,13,Xochitl Gomez,32.0,0.14262373340522821,0.10276651930099606,0.011807596358629687,0.47230917522708754
32,4,0,Adrian Peterson,21.0,0.019961652652166234,0.01186906868163224,0.0007599121547817963,0.08439407042021303
32,4,1,Alyson Hannigan,18.0,0.029181715116846686,0.012986360574348597,0.0001401823097733476,0.14965300905285947
32,4,2,Ariana Madix,25.0,0.18555547045998674,0.1394800293639404,0.016858994573545776,0.6013100373323875
32,4,3,Barry Williams,18.0,0.014852088702471369,0.0054649578880894365,7.800693736820667e-05,0.07880950535205633
32,4,4,Charity Lawson,24.0,0.11735113462126302,0.08104982754080539,0.008230124524929492,0.4278644048582051
32,4,5,Harry Jowsey,21.0,0.0743075535076205,0.04212222431303751,0.0014339332136610377,0.30272220619270707
32,4,7,Jason Mraz,24.0,0.12518497308659085,0.085907278141016,0.010225976320312446,0.4474966311076238
32,4,8,Lele Pons,22.0,0.032568650360038386,0.0191872052033787,0.001656203995794755,0.1533266350131358
32,4,10,Mauricio Umansky,19.0,0.016664566898418803,0.008540448426685587,0.00020607599527718506,0.07836638789925655
32,4,11,Mira Sorvino,21.0,0.020909911473245172,0.013456378562860673,0.0008482725768936823,0.08675739184644779
32,4,13,Xochitl Gomez,27.0,0.3634622831213523,0.31883116256642896,0.035276384921151836,0.8755133824962592
32,5,1,Alyson Hannigan,21.0,0.045309895195398256,0.024600396396675207,0.0006106681257543228,0.20852511804020327
32,5,2,Ariana Madix,24.0,0.06929754335536821,0.04262982375397299,0.0035636366542009163,0.3016190808254392
32,5,3,Barry Williams,24.0,0.057602662445141846,0.035057477376596875,0.0026946962898608457,0.2338889197372424
32,5,4,Charity Lawson,28.0,0.25680966415183926,0.2123571853783875,0.026650600916981525,0.7152351601159365
32,5,5,Harry Jowsey,18.0,0.023503998890522106,0.0064280461693110875,4.9527842897998986e-05,0.12641506905905664
32,5,7,Jason Mraz,27.0,0.19317607795901637,0.1440173685420563,0.018977108942324475,0.6166588615423997
32,5,8,Lele Pons,24.0,0.0370196547670085,0.022089087399755836,0.0022325644408045455,0.165265494818361
32,5,10,Mauricio Umansky,24.0,0.0507109286143156,0.03393558513993553,0.0029349806717274955,0.2053949386602868
32,5,11,Mira Sorvino,22.0,0.017089725706259846,0.011034220968426562,0.0006920544179317975,0.07314070691620979
32,5,13,Xochitl Gomez,28.0,0.24947984891513003,0.20189832862750892,0.024923431049362493,0.7100861297762441
32,6,1,Alyson Hannigan,31.0,0.04499061589728912,0.023639536901431397,0.0005242622714368537,0.20997411377864142
32,6,2,Ariana Madix,41.0,0.2509434272477927,0.20298199275669404,0.026742923464694895,0.71351677265742
32,6,3,Barry Williams,32.0,0.027819428720946844,0.01332373181753458,0.0004476446432039146,0.13374972692741835
32,6,4,Charity Lawson,38.0,0.1133141578746234,0.07736903567512181,0.008493672316192786,0.41674179172119524
32,6,5,Harry Jowsey,29.0,0.03452876937456909,0.012027324426150027,0.0001642856239757107,0.17230531897768406
32,6,7,Jason Mraz,39.0,0.15420646190767082,0.10794840898361578,0.013876276180550968,0.5208976817390506
32,6,8,Lele Pons,37.0,0.05290878208521795,0.033024132691559384,0.003894895799391169,0.23607710045381408
32,6,10,Mauricio Umansky,33.0,0.029136352405821006,0.01749116734211259,0.00082693640698202,0.1252997497087646
32,6,13,Xochitl Gomez,42.0,0.2921520044860691,0.2489829343722086,0.028287986775429257,0.787694522369412
32,7,1,Alyson Hannigan,35.0,0.12326522524414883,0.09408130244377738,0.006951925616092025,0.3973284843197334
32,7,2,Ariana Madix,37.0,0.24093274345891394,0.19590073308330164,0.02777993708876821,0.6887963889477268
32,7,3,Barry Williams,32.5,0.019059435719080173,0.007760169375024384,0.00019710129507140604,0.09830514476912171
32,7,4,Charity Lawson,36.0,0.125046012322324,0.0884128752220055,0.010544691961686748,0.44659850311324073
32,7,5,Harry Jowsey,32.0,0.03338387217460891,0.011556596948183168,0.00017729989997076494,0.16913854031285444
32,7,7,Jason Mraz,36.0,0.133966309700301,0.09299485851862481,0.011928248584429734,0.46498925899779775
32,7,8,Lele Pons,36.5,0.1049151259920808,0.07081642091376866,0.009855392398778525,0.41041160191859805
32,7,13,Xochitl Gomez,37.0,0.21943127538854235,0.17354678187806433,0.021078217528307613,0.6565493024517001
32,8,1,Alyson Hannigan,36.0,0.1385553277068498,0.10610158950614842,0.007493994579576173,0.43668011659079364
32,8,2,Ariana Madix,42.0,0.3617223050101502,0.31963205868397526,0.04578472133100815,0.8612343415746776
32,8,3,Barry Williams,35.0,0.057352591915789404,0.035295613752857016,0.0022756364625997534,0.24162856259463492
32,8,4,Charity Lawson,39.0,0.16246225410310353,0.12039670689065626,0.014368429054121572,0.5393471979679831
32,8,5,Harry Jowsey,28.0,0.0322672192618862,0.010511357487690616,0.00010943745335135342,0.16478703784688828
32,8,7,Jason Mraz,33.0,0.0439110911149168,0.024063597639521695,0.0013518217660085973,0.20794484840609131
32,8,13,Xochitl Gomez,40.0,0.2037292108873041,0.15794550712944647,0.017151360125378098,0.6210919474980754
32,9,1,Alyson Hannigan,32.0,0.0661894032426156,0.03663879042510963,0.0008797107759425532,0.2974835386060278
32,9,2,Ariana Madix,37.0,0.10902255521640745,0.07169473145793692,0.005983595463099247,0.44410767497406534
32,9,4,Charity Lawson,38.0,0.12420832381980257,0.08413803752567003,0.007770854429094049,0.45896443348251675
32,9,5,Harry Jowsey,30.0,0.05015948183010122,0.019207340579085012,0.0002700012444944098,0.24322849859833162
32,9,7,Jason Mraz,43.0,0.41298953599353827,0.3827287111242872,0.05393799993486206,0.9055492863302472
32,9,13,Xochitl Gomez,41.0,0.23743069989753485,0.18867636346798125,0.021660711118535222,0.6747794986812119
32,10,1,Alyson Hannigan,25.5,0.046887905885907535,0.019011730911684177,0.0002660167325705959,0.24630197096873466
32,10,2,Ariana Madix,29.0,0.202281995121306,0.15263050069646944,0.018205980965340228,0.6363140569360084
32,10,4,Charity Lawson,29.5,0.25793891858588924,0.21216081690100747,0.025274454763114462,0.7138954515887118
32,10,7,Jason Mraz,28.5,0.14376660910013261,0.1001615100951638,0.011207400722124394,0.4998094273384619
32,10,13,Xochitl Gomez,30.0,0.3491245713067646,0.31185111971450186,0.038359225648139844,0.8345085060422011
32,11,1,Alyson Hannigan,26.5,0.04488642314089705,0.01777637895224521,0.0002646259891028752,0.23817384913863995
32,11,2,Ariana Madix,29.5,0.20208614890065454,0.15425269820726045,0.01900381401672819,0.6323924840453259
32,11,4,Charity Lawson,29.5,0.18654871664556247,0.14102304228746343,0.01689983644798784,0.6030898248779281
32,11,7,Jason Mraz,30.0,0.2962712155427623,0.24871382130389635,0.035249153651808696,0.7736499533928127
32,11,13,Xochitl Gomez,30.0,0.2702074957701236,0.21955278764664418,0.026709943399233375,0.728453259274215
33,1,0,Anna Delvey,18.0,0.012708944775435325,0.007628289472743185,0.00045660103464996454,0.056520429506371456
33,1,1,Brooks Nader,18.0,0.01503813047410841,0.008190790774826926,0.00047289929125307053,0.07196074264494226
33,1,2,Chandler Kinney,23.0,0.30140348755424345,0.24447497774949115,0.03314956348730476,0.8079002955112684
33,1,3,Danny Amendola,20.0,0.0789166417759677,0.05061783236724282,0.004663604407473733,0.2950453910292496
33,1,4,Dwight Howard ,22.0,0.21853724062252824,0.181615722133045,0.02419543375974677,0.6292958155893627
33,1,5,Eric Roberts,15.0,0.00710793641590192,0.002940453510238897,3.32221649941604e-05,0.0356649677565735
33,1,6,Ilona Maher,18.0,0.04533703531776686,0.020580700401539927,0.0008257353501435258,0.22834991502488858
33,1,7,Jenn Tran,19.0,0.02921040588483677,0.017027382630698647,0.0015353261914396916,0.14160188417659944
33,1,8,Joey Graziadei,21.0,0.10798889412255619,0.074597607969318,0.009258214864746959,0.40277038738649185
33,1,9,Phaedra Parks,19.0,0.032288056599333696,0.0223745474457323,0.0017742810755471728,0.12216603900574283
33,1,10,Reginald VelJohnson,16.0,0.01585881662735504,0.006629978608401188,0.00010799342044957725,0.07777095135348748
33,1,11,Stephen Nedoroscik,21.0,0.12732409109718995,0.09374337733826744,0.009395616625321675,0.43696758044589135
33,1,12,Tori Spelling,17.0,0.008280318732776426,0.004476762763990545,0.00020320220382183683,0.039010853007634884
33,2,0,Anna Delvey,17.0,0.007483376922063946,0.004194962615905396,0.00017630625022869436,0.035718606072083506
33,2,1,Brooks Nader,20.0,0.027412384367291785,0.016286617514694464,0.001901959586945823,0.12472982120631111
33,2,2,Chandler Kinney,24.0,0.274686728310499,0.21663121167160426,0.029118126067480692,0.776738766101284
33,2,3,Danny Amendola,21.0,0.08613113781389681,0.05726914681464143,0.006227402593280387,0.31032584140503305
33,2,4,Dwight Howard ,22.0,0.14071113640212055,0.10888009699315282,0.012900225881598077,0.4463573072821662
33,2,5,Eric Roberts,15.0,0.007151262326433659,0.0031685970593939147,4.88418410233951e-05,0.03565208162252595
33,2,6,Ilona Maher,21.0,0.10558941522358799,0.0684123852284672,0.00748995918845563,0.4050653422680658
33,2,7,Jenn Tran,19.0,0.023171865039744242,0.013463304698829604,0.0011671050849716346,0.1121905926994451
33,2,8,Joey Graziadei,22.0,0.11171502660981042,0.07848226531673165,0.010470975167787475,0.4095241037177009
33,2,9,Phaedra Parks,21.0,0.05785724463593038,0.04074429614823334,0.005337057090991915,0.21063555073451656
33,2,10,Reginald VelJohnson,15.0,0.011337998712474946,0.004094755074332865,5.383570651127478e-05,0.06116699539636657
33,2,11,Stephen Nedoroscik,22.0,0.1310566144560607,0.09826436397295543,0.011196000086787464,0.44591107303586225
33,2,12,Tori Spelling,19.0,0.015695809180085632,0.009898235321493169,0.001017417740898645,0.06314120994015694
33,3,1,Brooks Nader,30.5,0.04653868284471402,0.028941334819791317,0.0037514197363749196,0.20451053688846854
33,3,2,Chandler Kinney,34.5,0.24750589593266883,0.19643260576028443,0.0258987285946844,0.71244945233719
33,3,3,Danny Amendola,30.0,0.08668469317803572,0.05477506671750207,0.005436466645269038,0.3209503578361965
33,3,4,Dwight Howard ,26.0,0.03826077980762184,0.021548223869701177,0.0008003890361852399,0.1584415433076514
33,3,5,Eric Roberts,23.0,0.011861418006478086,0.005987156489530148,0.00013060495712810297,0.05490679138945292
33,3,6,Ilona Maher,28.0,0.06923394723172106,0.037161342443681245,0.00221861498362097,0.3133713016733933
33,3,7,Jenn Tran,31.0,0.06626000984522214,0.04181228625868247,0.005941169093672388,0.28322043879383374
33,3,8,Joey Graziadei,35.0,0.27379836178468514,0.2221619472294584,0.03104525891046034,0.7540762599831897
33,3,9,Phaedra Parks,28.0,0.03386118953443216,0.02371878509456425,0.0018502231609197157,0.12876271533221642
33,3,10,Reginald VelJohnson,21.0,0.012727910949681297,0.0044175866600904565,4.954146777209155e-05,0.06905034714569977
33,3,11,Stephen Nedoroscik,31.0,0.11326711088473972,0.08058323930673542,0.007295720656989698,0.39477264742087925
33,4,1,Brooks Nader,32.0,0.02370588151387472,0.013053858205652032,0.0008022396288351663,0.11012059060019827
33,4,2,Chandler Kinney,32.0,0.04672049126566497,0.02482475606433768,0.0014296436797342996,0.24090387856661055
33,4,3,Danny Amendola,36.0,0.3630140221167785,0.32597881786009586,0.04467173079232097,0.854807477753413
33,4,4,Dwight Howard ,29.0,0.0179805136361908,0.006321525595937067,5.0593926326932276e-05,0.09610700524754956
33,4,6,Ilona Maher,32.0,0.06865648567242763,0.03421531170196482,0.0012485102486376662,0.3192546658627081
33,4,7,Jenn Tran,32.0,0.029846419728041067,0.016421603500186732,0.0010185313034177272,0.1487711759745912
33,4,8,Joey Graziadei,36.0,0.32916208999205343,0.27802553151232756,0.0346008198434988,0.8224797461921876
33,4,9,Phaedra Parks,32.0,0.033028305738670986,0.021712209336278925,0.0012263406656479858,0.1310842244226407
33,4,11,Stephen Nedoroscik,33.0,0.08788579033629779,0.05623592244582247,0.0029878615494748077,0.35026759463152485
33,5,2,Chandler Kinney,27.0,0.41196428151314635,0.38071044098946005,0.04700713578657653,0.9033156142839471
33,5,3,Danny Amendola,25.5,0.10392582923509186,0.06695762091659169,0.005591460231637748,0.3832348456595999
33,5,4,Dwight Howard ,24.0,0.03197373173243888,0.01535096985221121,0.00028072727125936326,0.14421347832809683
33,5,6,Ilona Maher,26.0,0.19729406263290736,0.14585079391180514,0.01475947004659327,0.6270555593468561
33,5,7,Jenn Tran,25.5,0.06149651364734473,0.036985704468713174,0.004309173360798275,0.27474652297813007
33,5,8,Joey Graziadei,26.0,0.14416756779736245,0.10265832095276864,0.011257236488076576,0.510678929138175
33,5,9,Phaedra Parks,24.0,0.017228282295321203,0.009394623819339872,0.00022039915961452123,0.07894453374678234
33,5,11,Stephen Nedoroscik,24.0,0.03194973114638718,0.013319634647930158,0.00022191589751075516,0.1608062334828969
33,6,2,Chandler Kinney,32.0,0.2557905376721753,0.20521441580498273,0.028919125782519095,0.7117959478219684
33,6,3,Danny Amendola,28.0,0.06675549494348555,0.0363525121140542,0.0025312142278072877,0.31106401663672295
33,6,4,Dwight Howard ,31.0,0.211232288208366,0.17630630403881226,0.019983107325647585,0.5964776109582396
33,6,6,Ilona Maher,24.0,0.02747936171532828,0.007632928614943529,8.55386511997613e-05,0.16956875441294464
33,6,7,Jenn Tran,31.0,0.12059559605168112,0.08245330733595548,0.012160908779756605,0.4646160223329625
33,6,8,Joey Graziadei,32.0,0.24892497483022366,0.20324967448680362,0.02705914586841901,0.7110099746211658
33,6,11,Stephen Nedoroscik,28.0,0.06922174657874006,0.03960790217549535,0.00208570013640048,0.29043643710855943
33,7,2,Chandler Kinney,30.0,0.5484598148185267,0.565869526378413,0.0801291245460543,0.9731272030028806
33,7,3,Danny Amendola,25.5,0.06034853248952176,0.029486120392560492,0.0008449775010117636,0.30500580607775135
33,7,4,Dwight Howard ,24.0,0.033110359168485294,0.014338804828905047,0.00013102666153095834,0.1604212481854082
33,7,6,Ilona Maher,26.0,0.09562507387113789,0.04887768339113692,0.0015438848904882109,0.43692168668065695
33,7,8,Joey Graziadei,27.5,0.1356144023288362,0.09248672440450856,0.00717789126019431,0.5053669654026575
33,7,11,Stephen Nedoroscik,27.0,0.1268418173234921,0.08542182905068788,0.0037296402837497093,0.470167480459979
33,8,2,Chandler Kinney,29.0,0.3261902143802229,0.2777340637380725,0.03548379061143563,0.8189644445164769
33,8,3,Danny Amendola,27.0,0.059494867680294404,0.028309265355143966,0.001180241010570967,0.3194293329532029
33,8,6,Ilona Maher,28.5,0.2569012541237716,0.20370061092753877,0.02298128795890675,0.7236437977670607
33,8,8,Joey Graziadei,29.0,0.31526920857625035,0.2702915664992134,0.035689621750460185,0.8077955568601638
33,8,11,Stephen Nedoroscik,26.5,0.042144455239460775,0.017400153939374607,0.00035421359527554986,0.2144600008119615
33,9,2,Chandler Kinney,30.0,0.430084678240836,0.404661283738184,0.055214242802157504,0.908988780835921
33,9,3,Danny Amendola,28.0,0.039226696408424015,0.014815946311772455,0.0003142003260341767,0.2393272880116584
33,9,6,Ilona Maher,28.5,0.08561762154861048,0.0402378411990814,0.0015234417917689407,0.4129204428268685
33,9,8,Joey Graziadei,29.5,0.20532425478495941,0.15571568974777056,0.01734068538518688,0.6553215323469112
33,9,11,Stephen Nedoroscik,29.5,0.23974674901717014,0.1957785167025634,0.018960125442669347,0.6786042818606274
34,1,0,Alix Earle,13.0,0.10177509133697563,0.071320087394828,0.007770562292399624,0.37651891281449423
34,1,1,Andy Richter,9.0,0.032715887265342705,0.013605418809522539,0.0001574764245694207,0.1490774215190149
34,1,2,Baron Davis,10.0,0.009031243611144112,0.005814063148716381,0.0002248962019961674,0.03588879735810221
34,1,3,Corey Feldman,9.0,0.013133931180020732,0.005692408690524943,9.275837413265107e-05,0.065181882443307
34,1,4,Danielle Fishel,12.0,0.04423013586697749,0.031074519122582002,0.002857406868297108,0.16057571723608077
34,1,5,Dylan Efron,10.0,0.033467911405978566,0.012975217373841094,0.0004031264350056555,0.18675444588256382
34,1,6,Elaine Hendrix,12.0,0.08320683322408562,0.05583125747766718,0.0034884759553242156,0.3085568153733016
34,1,7,Hilaria Baldwin,14.0,0.06802550084411917,0.04392405235662438,0.006745203323800396,0.2777566352695352
34,1,8,Jen Affleck,12.0,0.03582673953160729,0.02473150453481241,0.0024397646518897875,0.1374709661611823
34,1,9,Jordan Chiles,10.0,0.025491035081041332,0.011460624111469581,0.00033980553384491797,0.13145006604226564
34,1,10,Lauren Jauregui,13.0,0.06253422923302249,0.0430870488317209,0.0053621395519396755,0.23336330629195584
34,1,11,Robert Irwin,15.0,0.29211590988776304,0.24451840196158497,0.032314949588737624,0.7628096865930477
34,1,12,Scott Hoying,10.0,0.018232677144942266,0.01046878250873342,0.0002445997496200754,0.07953397410911335
34,1,13,Whitney Leavitt,15.0,0.18021287438697958,0.1257698454057961,0.016912943891021836,0.6249021673896983
34,2,0,Alix Earle,21.0,0.09809454898373621,0.06984196805794088,0.009135560776221442,0.3536647858147772
34,2,1,Andy Richter,16.0,0.02426977357384769,0.009562904259954375,0.00012233715284459303,0.11459837826849985
34,2,2,Baron Davis,18.0,0.00968026373504115,0.006533751202870872,0.00042681137621611835,0.037797343968489286
34,2,3,Corey Feldman,15.0,0.006854099268048077,0.002390756673821992,2.9305161995054915e-05,0.039184312839890094
34,2,4,Danielle Fishel,19.0,0.027811327342121023,0.019027815342275014,0.0017873769555806402,0.10667939234173403
34,2,5,Dylan Efron,20.0,0.07425955746185449,0.04559570879218845,0.004658708598266591,0.31423782711609477
34,2,6,Elaine Hendrix,21.0,0.1278706882728564,0.0991048941302403,0.011505485559459103,0.4083792636318499
34,2,7,Hilaria Baldwin,21.0,0.036159351810566356,0.02384297202821691,0.0037756075597351626,0.1475611517992275
34,2,8,Jen Affleck,22.0,0.10617784394786897,0.07534582002826162,0.011314550955578293,0.37657023970986264
34,2,9,Jordan Chiles,22.0,0.1557139463809328,0.11713013039172068,0.01749585072177661,0.5054195780165539
34,2,10,Lauren Jauregui,21.0,0.061276063091081044,0.04276148654281435,0.006069974903137348,0.2265418567262378
34,2,11,Robert Irwin,22.0,0.1574386576438242,0.11936720172181894,0.016004601682937585,0.503914395636373
34,2,12,Scott Hoying,18.0,0.019183054139058364,0.011676470945990784,0.0005067002899562683,0.08153208850544888
34,2,13,Whitney Leavitt,22.0,0.09521082434916328,0.06085494820181351,0.009374899977309333,0.3800684699117613
34,3,0,Alix Earle,23.0,0.13849566777757014,0.1025413392782792,0.013791947500467947,0.45845563730424155
34,3,1,Andy Richter,18.0,0.026719308216176713,0.010586704247650784,0.00012016513578370412,0.12683648495901834
34,3,4,Danielle Fishel,21.0,0.03564496740146324,0.024398745740502444,0.0023622903481244524,0.13575349565174366
34,3,5,Dylan Efron,23.0,0.16151781308029128,0.12229753258688375,0.014901864822609167,0.5378963086746649
34,3,6,Elaine Hendrix,21.0,0.06663883500198813,0.043735816283525984,0.0030013157065249354,0.2640851408689784
34,3,7,Hilaria Baldwin,22.0,0.028909481388062135,0.018678683098958454,0.0026615705610020034,0.11787354251969843
34,3,8,Jen Affleck,19.0,0.01069942698141737,0.00600676371906103,0.00027199195100593765,0.047712919120859475
34,3,9,Jordan Chiles,24.0,0.23436659892920703,0.18583902085386575,0.026748439627661904,0.6713418827567585
34,3,10,Lauren Jauregui,18.0,0.007102300429935123,0.003265439882677983,7.67329887363498e-05,0.03508791611179504
34,3,11,Robert Irwin,22.0,0.07816469551754839,0.05355991616928728,0.005524929153349897,0.2922840936081354
34,3,12,Scott Hoying,22.0,0.06445602922181996,0.04502572329099652,0.0038727647468339665,0.23933940207119936
34,3,13,Whitney Leavitt,24.0,0.14728487605452048,0.09879429737788875,0.013775770478378899,0.5605991660840269
34,4,0,Alix Earle,24.0,0.15778155192480675,0.12146595111379795,0.016448691832301642,0.502111074941888
34,4,1,Andy Richter,18.0,0.0174944116602766,0.0051558477732908305,2.973816698422728e-05,0.09289152939127733
34,4,4,Danielle Fishel,21.0,0.022333023004392983,0.013692230073656008,0.0009005970164409103,0.09535753122292899
34,4,5,Dylan Efron,23.0,0.10695343113714126,0.07084905385347554,0.007867831497101407,0.4036239303020537
34,4,6,Elaine Hendrix,24.0,0.20321090545493553,0.1681679232381234,0.021719295478290265,0.5671834766327197
34,4,7,Hilaria Baldwin,23.0,0.03206397584842526,0.02106183771256695,0.002933003406701076,0.12891898883346842
34,4,8,Jen Affleck,23.0,0.054676093654822254,0.03773299605300799,0.005498838918392523,0.2093739825917037
34,4,9,Jordan Chiles,24.0,0.1545973676949446,0.1167257203863411,0.015603627757170243,0.4976682389299995
34,4,11,Robert Irwin,22.0,0.04961731413483066,0.030462050688097812,0.0023996538150832854,0.2024106476325516
34,4,12,Scott Hoying,21.0,0.02359320296275495,0.014367877676976278,0.0006154821033540635,0.09837603223400483
34,4,13,Whitney Leavitt,25.0,0.17767872252266914,0.12278668452356642,0.01620546188446851,0.6422404509752259
34,5,0,Alix Earle,35.0,0.1995003056336766,0.1563488970209471,0.020247525791001718,0.608667641382353
34,5,1,Andy Richter,24.0,0.02112886111772841,0.006727146974263974,4.489989277442016e-05,0.10984624950498698
34,5,4,Danielle Fishel,29.0,0.024196300899767233,0.01486635616186536,0.0008906462901610828,0.10237294359011719
34,5,5,Dylan Efron,36.0,0.307976500731777,0.2687679863211879,0.035753110094032974,0.7781343043628757
34,5,6,Elaine Hendrix,30.0,0.06124882406576065,0.037794888176972435,0.001975992454984979,0.2606760428411258
34,5,8,Jen Affleck,29.0,0.019062970073224134,0.011570966552458605,0.0007676087094344214,0.08103683628264219
34,5,9,Jordan Chiles,32.0,0.07752599908201338,0.050293411859754104,0.005012118079779428,0.3133674109312077
34,5,11,Robert Irwin,35.0,0.1943460931191391,0.15132731467246208,0.018797718098109602,0.6000407808427749
34,5,12,Scott Hoying,30.0,0.03415675857879325,0.021524686607129653,0.0011243504984213557,0.1337835460904101
34,5,13,Whitney Leavitt,33.0,0.060857386698120214,0.03583056759157292,0.00479037907736607,0.26471902406060727
34,6,0,Alix Earle,35.0,0.09080189032325989,0.06350720637479892,0.00674542240013036,0.34000772386076583
34,6,1,Andy Richter,27.0,0.028775701228788347,0.011251513812302227,0.0001161805268937421,0.1347466267815304
34,6,4,Danielle Fishel,36.0,0.08928066552185902,0.06626100354894271,0.009979682682400627,0.3009608955639332
34,6,5,Dylan Efron,32.0,0.05469334962116198,0.027436494192091605,0.001759935622535245,0.27006807263934435
34,6,6,Elaine Hendrix,36.0,0.1537358955817211,0.12043312817185581,0.01256623556154685,0.4722796413241642
34,6,8,Jen Affleck,32.0,0.024175375093817033,0.015745114702221084,0.0013578008630737118,0.09885558397833712
34,6,9,Jordan Chiles,39.0,0.2641807968241602,0.21332072822592107,0.029828303095578275,0.722209021232518
34,6,11,Robert Irwin,36.0,0.11390935027819725,0.0823873585725644,0.00932577467166055,0.38529053576780536
34,6,12,Scott Hoying,28.0,0.01292422646256157,0.006592397184806377,0.00011556888238995403,0.06292148273431021
34,6,13,Whitney Leavitt,39.0,0.16752274906447362,0.11211928798981763,0.015599821840831434,0.6163404414560906
34,7,0,Alix Earle,43.0,0.3191898000066809,0.2783837082626732,0.038433464898799174,0.7838378624687217
34,7,1,Andy Richter,29.0,0.03203567199755694,0.012130200923441466,0.00012019417147851133,0.15402184312634346
34,7,4,Danielle Fishel,35.0,0.03581069662444844,0.023557075516137144,0.0018489200435277556,0.1416263684728992
34,7,5,Dylan Efron,38.0,0.11616435726961823,0.0761982871745682,0.007014018031330248,0.4536318999674492
34,7,6,Elaine Hendrix,32.0,0.03896417748941127,0.018563817703832232,0.0005075762479694462,0.19270161573606456
34,7,8,Jen Affleck,34.0,0.022913021650077733,0.014358423268765227,0.0009464431335240204,0.09475504866582923
34,7,9,Jordan Chiles,38.0,0.09512637578189766,0.06408479316128714,0.006153991382713806,0.3546079590403436
34,7,11,Robert Irwin,41.0,0.19103254255122368,0.15014757229840822,0.017912469194967123,0.5882106136185505
34,7,13,Whitney Leavitt,42.0,0.1487633566290851,0.10110972957286908,0.013871076500861912,0.5496073398788882
34,8,0,Alix Earle,38.5,0.15978840186075016,0.12210012898297179,0.015553975952805903,0.5143200208339327
34,8,1,Andy Richter,34.0,0.023885853260115775,0.007889740997423731,5.865584376193159e-05,0.12210526607251988
34,8,4,Danielle Fishel,37.0,0.04344638964092643,0.02969469073405298,0.0028758828971815306,0.16469919325954865
34,8,5,Dylan Efron,38.0,0.1353853276411725,0.09464147763860944,0.010429856436663793,0.48228674719109665
34,8,6,Elaine Hendrix,37.5,0.10877819006742624,0.07926863312114485,0.006618223440296707,0.3824374546745443
34,8,9,Jordan Chiles,39.0,0.22024297489041778,0.17365388648955776,0.024308557159901673,0.6434245093098853
34,8,11,Robert Irwin,38.0,0.10990927849506296,0.07817167724683768,0.008451249277969315,0.3810241868688409
34,8,13,Whitney Leavitt,39.5,0.19856358414412814,0.1393741806828694,0.01813432386396918,0.6773560114535453
34,9,0,Alix Earle,40.0,0.144239661598055,0.10614794831109584,0.012778741511927608,0.4900690601752844
34,9,1,Andy Richter,29.0,0.02953780595255637,0.010288895337495014,0.00010068617673095773,0.15004658407767962
34,9,5,Dylan Efron,42.0,0.2672780670418391,0.22533655798415578,0.029460303535307365,0.7252286188066516
34,9,6,Elaine Hendrix,36.0,0.07799794294107093,0.04939964998929919,0.0030103775733525684,0.319169094996153
34,9,9,Jordan Chiles,39.0,0.11062621316134817,0.07673376883520339,0.00870656682211203,0.3990216122743736
34,9,11,Robert Irwin,42.0,0.22955055902029897,0.18472505860646754,0.023385293048713535,0.6632215547839012
34,9,13,Whitney Leavitt,42.0,0.14076975028483144,0.09453686873030101,0.012685402718671315,0.530643714792751
34,10,0,Alix Earle,29.0,0.1985659237390464,0.15097763974513015,0.016836947523017117,0.6136355141711355
34,10,5,Dylan Efron,27.5,0.03223550249039215,0.00908743101954541,0.00013747082758231425,0.20538541778404534
34,10,6,Elaine Hendrix,28.5,0.1211115274768529,0.07900528695495565,0.004522732454743397,0.4645973582945416
34,10,9,Jordan Chiles,28.5,0.08874040725682676,0.05385684162248708,0.0037003515094549233,0.36973986351371624
34,10,11,Robert Irwin,29.5,0.4460203349357078,0.43096134902395866,0.0563259295656179,0.9085707680488677
34,10,13,Whitney Leavitt,29.0,0.11332630410117396,0.07349744727809265,0.009760546171665612,0.45023114792123337
34,11,0,Alix Earle,30.0,0.506153586802993,0.5034117349294869,0.07965607843338089,0.9341739543513335
34,11,5,Dylan Efron,29.3332,0.08946628917308226,0.04723058838719212,0.0023230772513295364,0.4221094334881149
34,11,6,Elaine Hendrix,28.9998,0.04474384801973455,0.018349464243010594,0.0002805025028430198,0.24125267079883142
34,11,9,Jordan Chiles,29.666600000000003,0.18042279992675006,0.13505257805437335,0.013453571281540205,0.584059080473648
34,11,11,Robert Irwin,29.666600000000003,0.17921347607744006,0.1294670896506374,0.011809729269361632,0.5903896951970088
